Word_id,n_channels,sample_width_bytes,bit_depth,sample_rate_hz,n_frames,n_samples,duration_seconds,compression_type,peak_abs_amplitude,rms_amplitude,low_energy_proportion,Swahili_word,English_translation
id_v8rz06e6rv31.wav,1,2,16,16000,57344,57344,3.584,NONE,14375.0,1472.171334294157,0.8379080636160714,mbili,two
id_vmbwicdpfn68.wav,1,2,16,16000,57600,57600,3.6,NONE,9737.0,293.9599553168103,0.9502256944444445,tatu,three
id_injlouhxg1hg.wav,1,2,16,16000,40960,40960,2.56,NONE,4086.0,644.863207507208,0.13994140625,ndio,yes
id_gdq23p6xgzya.wav,1,2,16,16000,48640,48640,3.04,NONE,3280.0,328.6488910143576,0.762047697368421,nne,four
id_lpstklz51zpz.wav,1,2,16,16000,49920,49920,3.12,NONE,7980.0,762.4947073297817,0.7271233974358975,nane,eight
id_xdmrc926jjzo.wav,1,2,16,16000,92160,92160,5.76,NONE,21798.0,1038.592017298548,0.8916449652777778,hapana,no
id_yi4rczw93cmy.wav,1,2,16,16000,83968,83968,5.248,NONE,16775.0,1248.2495468979685,0.9077982088414634,nne,four
id_vagr998f6v11.wav,1,2,16,16000,71680,71680,4.48,NONE,9427.0,498.9210916347528,0.8706752232142857,nane,eight
id_2crn2mrqxico.wav,1,2,16,16000,66560,66560,4.16,NONE,24660.0,2349.4356319778353,0.7953275240384615,mbili,two
id_rj977o1rxrue.wav,1,2,16,16000,102400,102400,6.4,NONE,26478.0,1512.367857256978,0.870439453125,nne,four
id_umbuepm9uafo.wav,1,2,16,16000,66560,66560,4.16,NONE,14046.0,707.1976231259888,0.9055138221153847,sita,six
id_9gkg1o4pjle1.wav,1,2,16,16000,49920,49920,3.12,NONE,21267.0,1496.2631725637416,0.8295072115384615,tatu,three
id_qoa7f8xeu9a6.wav,1,2,16,16000,49920,49920,3.12,NONE,5146.0,601.1683109253992,0.36698717948717946,mbili,two
id_i4h4403hmxza.wav,1,2,16,16000,106240,106240,6.64,NONE,11753.0,533.0922393057858,0.9419239457831325,nne,four
id_dsfplbpe1rki.wav,1,2,16,16000,55040,55040,3.44,NONE,5344.0,316.2373641077993,0.862172965116279,tisa,nine
id_jr15effb0pir.wav,1,2,16,16000,135168,135168,8.448,NONE,6355.0,246.26563776765784,0.9033425071022727,tisa,nine
id_3njxhyz4ieuh.wav,1,2,16,16000,61440,61440,3.84,NONE,10798.0,459.04027645393063,0.936962890625,tatu,three
id_l9bm3ad5oe0l.wav,1,2,16,16000,70400,70400,4.4,NONE,4881.0,358.18449020007324,0.5088068181818182,sita,six
id_twhce0u5wcg0.wav,1,2,16,16000,97280,97280,6.08,NONE,21334.0,1165.589748518914,0.7460217927631579,hapana,no
id_9fwf3aocioyf.wav,1,2,16,16000,98560,98560,6.16,NONE,17696.0,760.8154211054631,0.9445819805194805,sita,six
id_9cyou9zspfz0.wav,1,2,16,16000,61440,61440,3.84,NONE,14194.0,982.2242975196759,0.8899739583333334,tisa,nine
id_5cb9ftsyyili.wav,1,2,16,16000,64000,64000,4.0,NONE,28128.0,1859.0788394936683,0.8925,tatu,three
id_24cr50pvhf8o.wav,1,2,16,16000,71680,71680,4.48,NONE,15559.0,1302.7090960628332,0.8925223214285715,mbili,two
id_5oqh9t3kjd6p.wav,1,2,16,16000,55040,55040,3.44,NONE,20135.0,2154.2132193752896,0.8886264534883721,ndio,yes
id_3komqnffiaet.wav,1,2,16,16000,55040,55040,3.44,NONE,17014.0,1355.6259803504126,0.8425327034883721,moja,one
id_41cthw41sj0v.wav,1,2,16,16000,55040,55040,3.44,NONE,9835.0,705.6765126185528,0.8730922965116279,mbili,two
id_lbhxpmz7zdxl.wav,1,2,16,16000,66560,66560,4.16,NONE,16892.0,978.5178773753441,0.8673677884615385,nane,eight
id_onab1gn9vyfo.wav,1,2,16,16000,56320,56320,3.52,NONE,6247.0,320.6202291477854,0.9201171875,sita,six
id_giv6yxiwwxsw.wav,1,2,16,16000,43520,43520,2.72,NONE,1990.0,413.2355820843015,0.1690487132352941,nane,eight
id_w52t2zkrpgc5.wav,1,2,16,16000,62720,62720,3.92,NONE,29889.0,1394.8763692667903,0.7946906887755102,saba,seven
id_jko03l8gm73t.wav,1,2,16,16000,55040,55040,3.44,NONE,13303.0,1240.8399649742612,0.8504360465116279,nane,eight
id_m4ff7onw3fms.wav,1,2,16,16000,58880,58880,3.68,NONE,18938.0,2009.2274824983433,0.82734375,mbili,two
id_wg69s96v2760.wav,1,2,16,16000,56320,56320,3.52,NONE,2036.0,232.52999417047354,0.7070845170454545,mbili,two
id_may1gsj7sxac.wav,1,2,16,16000,78080,78080,4.88,NONE,6344.0,379.84473849009225,0.755686475409836,sita,six
id_dd31f3us2s09.wav,1,2,16,16000,115200,115200,7.2,NONE,6456.0,452.7964995927009,0.5405815972222222,ndio,yes
id_1ueypqi5r0rz.wav,1,2,16,16000,87040,87040,5.44,NONE,10548.0,1030.975024324668,0.6846852022058824,nne,four
id_q84q2q7bq4bw.wav,1,2,16,16000,43520,43520,2.72,NONE,3308.0,387.5854996993642,0.228515625,saba,seven
id_v5fdxzbzn6ub.wav,1,2,16,16000,60160,60160,3.76,NONE,5462.0,346.1261710416018,0.8688497340425532,saba,seven
id_6udcu00kwjsd.wav,1,2,16,16000,90880,90880,5.68,NONE,23586.0,1673.2719268768624,0.8241967429577465,moja,one
id_8jht0664lv0p.wav,1,2,16,16000,72960,72960,4.56,NONE,12007.0,863.1137627338035,0.22209429824561402,nane,eight
id_8a21f8glkb0e.wav,1,2,16,16000,49920,49920,3.12,NONE,8920.0,458.1415242586072,0.4016426282051282,tano,five
id_13i0bo3bohuf.wav,1,2,16,16000,72960,72960,4.56,NONE,11292.0,917.4944402348399,0.9084566885964912,tisa,nine
id_so1c9vym5lo2.wav,1,2,16,16000,72960,72960,4.56,NONE,6303.0,495.5577091163984,0.9137883771929824,tisa,nine
id_v5jidecrj9zb.wav,1,2,16,16000,63488,63488,3.968,NONE,10761.0,1033.1210408388465,0.8029233870967742,tano,five
id_6lnhwl1tseen.wav,1,2,16,16000,71680,71680,4.48,NONE,17610.0,897.59602111292,0.9215401785714286,tano,five
id_hmdodllrirqj.wav,1,2,16,16000,64000,64000,4.0,NONE,4903.0,505.1343721445562,0.382375,nane,eight
id_t8ey9zv3pa4f.wav,1,2,16,16000,69120,69120,4.32,NONE,2310.0,134.54860485663067,0.8061921296296296,tisa,nine
id_9fh4blwgddx8.wav,1,2,16,16000,69120,69120,4.32,NONE,5418.0,590.3615029020747,0.8299768518518519,moja,one
id_v0h1esms6sgt.wav,1,2,16,16000,53760,53760,3.36,NONE,3721.0,232.0528322293967,0.7664806547619047,tano,five
id_lfcurhbchbeb.wav,1,2,16,16000,76800,76800,4.8,NONE,14126.0,1392.0900886749316,0.526171875,ndio,yes
id_345mh52fjket.wav,1,2,16,16000,61440,61440,3.84,NONE,17059.0,647.2473345710857,0.9027180989583333,saba,seven
id_e4qje03mbvp8.wav,1,2,16,16000,55040,55040,3.44,NONE,12575.0,574.4972106617573,0.3972020348837209,hapana,no
id_on0ucruv0rqt.wav,1,2,16,16000,61440,61440,3.84,NONE,9824.0,558.6327514065125,0.8473470052083333,nane,eight
id_3ys2g1uk50gb.wav,1,2,16,16000,69632,69632,4.352,NONE,19314.0,1677.4237715849865,0.8625057444852942,kumi,ten
id_8gjngqln3d3i.wav,1,2,16,16000,79360,79360,4.96,NONE,4552.0,169.0167262954798,0.8980720766129032,moja,one
id_6wkd8x8kb6y5.wav,1,2,16,16000,66560,66560,4.16,NONE,28248.0,2279.3425456740442,0.9072265625,tisa,nine
id_hirkpckdk7b2.wav,1,2,16,16000,124160,124160,7.76,NONE,3521.0,146.88561175746923,0.8442815721649485,saba,seven
id_pjjo0i3k6os0.wav,1,2,16,16000,88064,88064,5.504,NONE,8259.0,479.41714960586256,0.8263422056686046,kumi,ten
id_7byz1le3s8tn.wav,1,2,16,16000,102400,102400,6.4,NONE,19674.0,1013.6124799024835,0.934384765625,saba,seven
id_45x8sv07uxhw.wav,1,2,16,16000,83968,83968,5.248,NONE,3276.0,371.7244669320677,0.7237757240853658,mbili,two
id_sc6zsndp9k36.wav,1,2,16,16000,71680,71680,4.48,NONE,28432.0,1198.521985765269,0.7153459821428572,saba,seven
id_ttax9f0kpx0d.wav,1,2,16,16000,58880,58880,3.68,NONE,10529.0,889.3050763477822,0.7758491847826087,ndio,yes
id_mj461jnd11rn.wav,1,2,16,16000,52480,52480,3.28,NONE,19233.0,2068.244261177779,0.5782774390243902,mbili,two
id_pp2axmpwh7e0.wav,1,2,16,16000,48640,48640,3.04,NONE,5167.0,479.8843447904922,0.3481907894736842,tisa,nine
id_1fn5d1sy5hoy.wav,1,2,16,16000,71680,71680,4.48,NONE,19149.0,1520.7431442731527,0.5343889508928571,sita,six
id_crt6lnkcg3wn.wav,1,2,16,16000,61440,61440,3.84,NONE,8466.0,940.9444975799803,0.852001953125,kumi,ten
id_eahwk1zr1pun.wav,1,2,16,16000,67840,67840,4.24,NONE,16657.0,1262.4188959973264,0.4548496462264151,nane,eight
id_db6irdplascn.wav,1,2,16,16000,52480,52480,3.28,NONE,21259.0,2054.219730951323,0.8737042682926829,ndio,yes
id_m8fqgasaalrx.wav,1,2,16,16000,70400,70400,4.4,NONE,10202.0,834.3028001108034,0.8252130681818182,tisa,nine
id_ir9slbq1gr16.wav,1,2,16,16000,80640,80640,5.04,NONE,13212.0,671.1538609159016,0.7915054563492063,saba,seven
id_95h02wke6ruj.wav,1,2,16,16000,81920,81920,5.12,NONE,23040.0,1985.0688440702106,0.84718017578125,ndio,yes
id_v89zt7l3kfme.wav,1,2,16,16000,71680,71680,4.48,NONE,13960.0,1414.0401645384807,0.88994140625,kumi,ten
id_hvh9coydoxx9.wav,1,2,16,16000,81920,81920,5.12,NONE,7826.0,707.0232910549964,0.87218017578125,ndio,yes
id_g2wbrwq80ro7.wav,1,2,16,16000,102400,102400,6.4,NONE,5153.0,331.44142509874104,0.9248828125,tisa,nine
id_1ju7bqqkby5n.wav,1,2,16,16000,59392,59392,3.712,NONE,9983.0,903.5322822187646,0.8001582704741379,sita,six
id_m1z78clx7dn5.wav,1,2,16,16000,72960,72960,4.56,NONE,7620.0,743.2805559048239,0.4724095394736842,ndio,yes
id_15k8lkc7x9vj.wav,1,2,16,16000,56320,56320,3.52,NONE,21025.0,1560.8932113620965,0.7412109375,hapana,no
id_piba0aw4b8e5.wav,1,2,16,16000,83200,83200,5.2,NONE,9817.0,553.1891839119013,0.7251802884615385,ndio,yes
id_sdmmoy0lo2r6.wav,1,2,16,16000,62720,62720,3.92,NONE,7440.0,803.3957819442363,0.4850924744897959,ndio,yes
id_byp380m199nh.wav,1,2,16,16000,67840,67840,4.24,NONE,32768.0,889.3943412603433,0.9221992924528302,moja,one
id_hst0uacjhv0z.wav,1,2,16,16000,57600,57600,3.6,NONE,20320.0,1890.7412211018227,0.6373263888888889,nne,four
id_9hem52dsvmdh.wav,1,2,16,16000,61440,61440,3.84,NONE,3581.0,208.41353412009278,0.4415201822916667,mbili,two
id_s4s3nzlnnblh.wav,1,2,16,16000,74240,74240,4.64,NONE,32767.0,2654.625548545463,0.884375,kumi,ten
id_8iotg6c3yrvz.wav,1,2,16,16000,62720,62720,3.92,NONE,7275.0,562.8525410973734,0.9168686224489796,tisa,nine
id_wcku35q7x7hx.wav,1,2,16,16000,58880,58880,3.68,NONE,31564.0,1875.680974183979,0.7377547554347826,tano,five
id_4lyffxy4mtxg.wav,1,2,16,16000,60160,60160,3.76,NONE,10123.0,1149.4666822807599,0.8814328457446808,nne,four
id_ikqrhb9zku8j.wav,1,2,16,16000,106240,106240,6.64,NONE,26518.0,745.5522069000124,0.7686370481927711,tano,five
id_wlqsrpjcgyo8.wav,1,2,16,16000,92160,92160,5.76,NONE,8121.0,574.1733738496129,0.7357964409722222,mbili,two
id_y0gczq07xd87.wav,1,2,16,16000,52480,52480,3.28,NONE,5199.0,501.40384229844744,0.8463795731707318,nne,four
id_75627mkeqas9.wav,1,2,16,16000,55040,55040,3.44,NONE,18031.0,1390.3991130623795,0.8229106104651163,sita,six
id_2uuqs2pwdcrg.wav,1,2,16,16000,52480,52480,3.28,NONE,12494.0,1125.5625303625284,0.4103467987804878,sita,six
id_6090xr24pzrl.wav,1,2,16,16000,87040,87040,5.44,NONE,13000.0,483.12153799364563,0.8927159926470588,nane,eight
id_54ryxrykpgmk.wav,1,2,16,16000,78080,78080,4.88,NONE,7387.0,500.63056532282445,0.799577356557377,sita,six
id_eqzok6yvg8rd.wav,1,2,16,16000,71680,71680,4.48,NONE,19982.0,860.6029820119609,0.8043526785714286,nane,eight
id_wlu4pd772elr.wav,1,2,16,16000,79360,79360,4.96,NONE,11137.0,809.4866331892058,0.8061743951612903,moja,one
id_ob68wxulbssc.wav,1,2,16,16000,139520,139520,8.72,NONE,5696.0,324.990730262122,0.5855862958715596,kumi,ten
id_zlfcanji96h7.wav,1,2,16,16000,53760,53760,3.36,NONE,12424.0,697.7411378593852,0.8887834821428572,tano,five
id_58488x5vhql6.wav,1,2,16,16000,110080,110080,6.88,NONE,10466.0,568.5269485872991,0.7951489825581395,kumi,ten
id_7kxef83vcn3c.wav,1,2,16,16000,72960,72960,4.56,NONE,2213.0,245.53238751106943,0.6823876096491228,ndio,yes
id_6uhocblb2f13.wav,1,2,16,16000,65280,65280,4.08,NONE,20115.0,1525.8017905997174,0.7809436274509803,kumi,ten
id_uh8wrfd6an09.wav,1,2,16,16000,80640,80640,5.04,NONE,12022.0,807.0373640094008,0.8001488095238095,kumi,ten
id_9an73fv3g83d.wav,1,2,16,16000,64000,64000,4.0,NONE,14990.0,1417.1800693741252,0.863359375,moja,one
id_sos1t3kcvvmf.wav,1,2,16,16000,70400,70400,4.4,NONE,28707.0,1560.5871010161384,0.8944318181818182,mbili,two
id_t7zrm8kgebn2.wav,1,2,16,16000,56320,56320,3.52,NONE,23330.0,1410.6119044119143,0.8698863636363636,hapana,no
id_bln3iqc57vrx.wav,1,2,16,16000,53760,53760,3.36,NONE,1753.0,28.913930929323918,0.5470610119047619,ndio,yes
id_3v9vnj4ey1ks.wav,1,2,16,16000,75520,75520,4.72,NONE,9374.0,648.131241389133,0.8684454449152542,tisa,nine
id_qyqj1jczxiji.wav,1,2,16,16000,79360,79360,4.96,NONE,23840.0,1618.53870227782,0.8971774193548387,saba,seven
id_q9rm5mg4jrbe.wav,1,2,16,16000,76800,76800,4.8,NONE,15617.0,622.5664779910891,0.9109895833333334,saba,seven
id_gjoxavdjb938.wav,1,2,16,16000,75520,75520,4.72,NONE,23081.0,1038.5840470700432,0.8985169491525423,tano,five
id_z2tnre574wjd.wav,1,2,16,16000,75520,75520,4.72,NONE,3970.0,178.46813704453885,0.8555879237288135,nne,four
id_1hqdop8jr077.wav,1,2,16,16000,67840,67840,4.24,NONE,8482.0,416.29216501976066,0.6505454009433962,tano,five
id_dekjzvqx2muu.wav,1,2,16,16000,89600,89600,5.6,NONE,9013.0,544.7857481263686,0.6904241071428572,sita,six
id_74hva2szczp1.wav,1,2,16,16000,70400,70400,4.4,NONE,18689.0,1927.528075623113,0.5967897727272727,mbili,two
id_kpqbnogotvbl.wav,1,2,16,16000,149760,149760,9.36,NONE,6065.0,648.6232828287239,0.14752270299145298,mbili,two
id_ok38mayxywam.wav,1,2,16,16000,83968,83968,5.248,NONE,2950.0,130.05468419770386,0.8935070503048781,ndio,yes
id_gcxevd7mkmyk.wav,1,2,16,16000,73728,73728,4.608,NONE,8345.0,347.2836302317335,0.8676893446180556,tatu,three
id_6x44g3xxfxqn.wav,1,2,16,16000,60160,60160,3.76,NONE,5643.0,517.5554741761835,0.7963264627659574,kumi,ten
id_o92a5wvy2dto.wav,1,2,16,16000,93440,93440,5.84,NONE,11934.0,676.3281140712203,0.9331228595890411,sita,six
id_frj8pren0uqv.wav,1,2,16,16000,61440,61440,3.84,NONE,11799.0,1396.9686327446282,0.8786783854166667,kumi,ten
id_jud80yru7ozc.wav,1,2,16,16000,60160,60160,3.76,NONE,21583.0,2028.5125517006088,0.6993184840425531,kumi,ten
id_01v7ycmw6imm.wav,1,2,16,16000,56320,56320,3.52,NONE,12596.0,892.2967224280407,0.903622159090909,tano,five
id_pwmqp1td6k8w.wav,1,2,16,16000,135168,135168,8.448,NONE,8150.0,436.383559297377,0.9379512902462122,nane,eight
id_90cs3gcrbvdm.wav,1,2,16,16000,88320,88320,5.52,NONE,32767.0,1988.2490486081501,0.9120584239130435,nane,eight
id_lgr966u3pebb.wav,1,2,16,16000,83200,83200,5.2,NONE,16119.0,629.100339962064,0.8173557692307692,tisa,nine
id_rr1qabm1x27p.wav,1,2,16,16000,71680,71680,4.48,NONE,6985.0,482.2587254126224,0.5991908482142857,tatu,three
id_ox5wkhuv0kzj.wav,1,2,16,16000,69632,69632,4.352,NONE,18650.0,1792.6789897220074,0.8577378216911765,tisa,nine
id_9rub0857b757.wav,1,2,16,16000,72960,72960,4.56,NONE,5034.0,207.1265511289313,0.8897203947368421,saba,seven
id_vcmfmh6bmz55.wav,1,2,16,16000,103680,103680,6.48,NONE,15293.0,1339.7947641055955,0.7004726080246914,mbili,two
id_qjau1yqiw50z.wav,1,2,16,16000,67840,67840,4.24,NONE,22980.0,1546.0023901485176,0.8627063679245283,moja,one
id_0q98zb6cicse.wav,1,2,16,16000,70400,70400,4.4,NONE,10850.0,808.3508094750554,0.8724289772727273,ndio,yes
id_tqioixaz6zap.wav,1,2,16,16000,73728,73728,4.608,NONE,10345.0,763.9585521166796,0.29833984375,saba,seven
id_3vnmo4woeq3o.wav,1,2,16,16000,80640,80640,5.04,NONE,32767.0,1591.4476912408568,0.9098214285714286,tano,five
id_vt5z9rq4oy5o.wav,1,2,16,16000,97280,97280,6.08,NONE,15307.0,603.9958373497064,0.9151315789473684,sita,six
id_ny3yaiw9k30b.wav,1,2,16,16000,71680,71680,4.48,NONE,11871.0,450.81004313527603,0.8696428571428572,saba,seven
id_ljdlz01pnbbh.wav,1,2,16,16000,67840,67840,4.24,NONE,31861.0,2555.4490455573277,0.6138266509433963,saba,seven
id_8vrsyogndaqu.wav,1,2,16,16000,67584,67584,4.224,NONE,8258.0,399.3357586080933,0.8984670928030303,moja,one
id_jdyxgqi86r7x.wav,1,2,16,16000,66560,66560,4.16,NONE,7631.0,513.8147151974975,0.8057992788461539,tano,five
id_1maaphk2zo6r.wav,1,2,16,16000,65280,65280,4.08,NONE,22805.0,830.8080395558809,0.9353860294117647,tatu,three
id_gkzjupd1gsr7.wav,1,2,16,16000,104960,104960,6.56,NONE,5359.0,442.9315962017972,0.20793635670731708,mbili,two
id_muq4ob47z6st.wav,1,2,16,16000,75776,75776,4.736,NONE,12349.0,964.3450376234088,0.4284733952702703,tisa,nine
id_dxeoia0bfpg7.wav,1,2,16,16000,88320,88320,5.52,NONE,12929.0,836.9687564443728,0.9101788949275362,tano,five
id_ycpc7jwr5lpo.wav,1,2,16,16000,80640,80640,5.04,NONE,17169.0,1583.3510047846871,0.6642485119047619,kumi,ten
id_gbthfnt4w0ty.wav,1,2,16,16000,70400,70400,4.4,NONE,13691.0,770.6937594020403,0.8677414772727273,saba,seven
id_pwkm53rvdcs8.wav,1,2,16,16000,67584,67584,4.224,NONE,7233.0,477.05795640336584,0.8931107954545454,tisa,nine
id_te7oyrse2zin.wav,1,2,16,16000,53760,53760,3.36,NONE,16061.0,1333.604464343798,0.8700520833333333,ndio,yes
id_lrf0h0g1mj25.wav,1,2,16,16000,56320,56320,3.52,NONE,11158.0,577.3241411050632,0.5550958806818181,mbili,two
id_015rhcvf0g0y.wav,1,2,16,16000,58880,58880,3.68,NONE,5518.0,397.83531706483285,0.905757472826087,mbili,two
id_mpkun7ncjpq5.wav,1,2,16,16000,71680,71680,4.48,NONE,8815.0,632.0628013491463,0.7960379464285714,ndio,yes
id_xhfms7h6fgbt.wav,1,2,16,16000,69120,69120,4.32,NONE,15108.0,1219.4451514646141,0.7344328703703704,ndio,yes
id_gjma0aokd92t.wav,1,2,16,16000,64000,64000,4.0,NONE,6240.0,449.10491262830226,0.813703125,sita,six
id_56m81volv0bp.wav,1,2,16,16000,66560,66560,4.16,NONE,10434.0,556.7857139555791,0.8953275240384615,tatu,three
id_s0l2eqc0e522.wav,1,2,16,16000,94720,94720,5.92,NONE,26139.0,3213.4630884153794,0.5783572635135135,nane,eight
id_y0l7vc5uhs8x.wav,1,2,16,16000,81920,81920,5.12,NONE,12384.0,925.776710768144,0.885546875,kumi,ten
id_q9q0wovsxcum.wav,1,2,16,16000,88064,88064,5.504,NONE,19024.0,966.3542875981085,0.9095544149709303,tano,five
id_syfemfprvnb6.wav,1,2,16,16000,75520,75520,4.72,NONE,7440.0,499.2859743039579,0.45798463983050847,tano,five
id_05okk5z91k29.wav,1,2,16,16000,58880,58880,3.68,NONE,17360.0,1339.4496099930739,0.6566745923913043,kumi,ten
id_jkb7ol8fhe2g.wav,1,2,16,16000,57600,57600,3.6,NONE,9495.0,690.1714663159197,0.8722916666666667,tano,five
id_5fz73bcfhvhi.wav,1,2,16,16000,64000,64000,4.0,NONE,12606.0,1073.236280041294,0.235703125,sita,six
id_i9k0a3o4w7db.wav,1,2,16,16000,60160,60160,3.76,NONE,7261.0,616.0547536877087,0.874251994680851,kumi,ten
id_0g5sc48b7r8w.wav,1,2,16,16000,73728,73728,4.608,NONE,12651.0,1086.165710445676,0.765869140625,saba,seven
id_e8ul9vf9y9p9.wav,1,2,16,16000,993280,993280,62.08,NONE,1755.0,57.61618696165167,0.6588102045747423,sita,six
id_clwgq3est1zy.wav,1,2,16,16000,122880,122880,7.68,NONE,14650.0,1836.0783016309658,0.4803955078125,mbili,two
id_1kssnhj05g5f.wav,1,2,16,16000,62720,62720,3.92,NONE,18068.0,1013.2122975237304,0.9028220663265306,saba,seven
id_f26rd0c7qh5l.wav,1,2,16,16000,49920,49920,3.12,NONE,6001.0,756.2073144739757,0.2866185897435897,nne,four
id_lfvm75i7hxjc.wav,1,2,16,16000,51200,51200,3.2,NONE,3804.0,253.4007888793709,0.3591796875,nane,eight
id_drcdgho36xw4.wav,1,2,16,16000,66560,66560,4.16,NONE,12339.0,1100.4353208287728,0.7265474759615385,saba,seven
id_9492e87ffbmc.wav,1,2,16,16000,61440,61440,3.84,NONE,8654.0,907.2187619753453,0.8158040364583333,ndio,yes
id_zm930btj4pw0.wav,1,2,16,16000,71680,71680,4.48,NONE,27074.0,2382.5923573805285,0.8795479910714286,kumi,ten
id_pccow9n7eze1.wav,1,2,16,16000,65280,65280,4.08,NONE,21918.0,864.7238643880235,0.917953431372549,tatu,three
id_s6cm9xfaxt1v.wav,1,2,16,16000,57600,57600,3.6,NONE,26885.0,1995.9062865624687,0.8802430555555556,mbili,two
id_1foec7rnfn3q.wav,1,2,16,16000,61440,61440,3.84,NONE,9324.0,839.8145020682332,0.7892415364583333,nne,four
id_ode62ax9rxm7.wav,1,2,16,16000,66560,66560,4.16,NONE,15176.0,1093.2428737726523,0.9106670673076923,kumi,ten
id_w4rcv3550arz.wav,1,2,16,16000,90880,90880,5.68,NONE,12051.0,501.77383019896047,0.7659110915492958,hapana,no
id_5hp81dg8be5s.wav,1,2,16,16000,65280,65280,4.08,NONE,7163.0,804.0340412706784,0.845343137254902,mbili,two
id_bhq93sbm8xah.wav,1,2,16,16000,55040,55040,3.44,NONE,20782.0,1216.7335342798494,0.9142623546511628,kumi,ten
id_ylru3nde99bu.wav,1,2,16,16000,62720,62720,3.92,NONE,11879.0,698.741250584118,0.7146205357142857,tisa,nine
id_hzelabwwanej.wav,1,2,16,16000,51200,51200,3.2,NONE,10187.0,942.6682747761968,0.324765625,nane,eight
id_dv7yhamgq0wo.wav,1,2,16,16000,62720,62720,3.92,NONE,24486.0,900.0043271048189,0.940561224489796,tatu,three
id_otyapezu5vzc.wav,1,2,16,16000,55040,55040,3.44,NONE,10832.0,1007.0394462180212,0.8315952034883721,moja,one
id_r7ue4qd24ylr.wav,1,2,16,16000,59392,59392,3.712,NONE,14125.0,1511.5419123603317,0.7214439655172413,mbili,two
id_akrt06xniwwt.wav,1,2,16,16000,61440,61440,3.84,NONE,12735.0,982.3880417799076,0.8433919270833333,nne,four
id_vo9nfsx311w2.wav,1,2,16,16000,60160,60160,3.76,NONE,16611.0,1197.8564398396936,0.8602726063829788,nne,four
id_fele9uv6zxj8.wav,1,2,16,16000,48640,48640,3.04,NONE,32767.0,1644.5875060730514,0.8828741776315789,nane,eight
id_b13a0tpphg4g.wav,1,2,16,16000,57600,57600,3.6,NONE,8888.0,358.63234711791625,0.8974131944444445,saba,seven
id_5gs9hjwf0nlc.wav,1,2,16,16000,70400,70400,4.4,NONE,12206.0,650.0817363818743,0.7468607954545454,tisa,nine
id_bb66y0viihas.wav,1,2,16,16000,71680,71680,4.48,NONE,16684.0,856.752745874896,0.8796595982142857,nane,eight
id_5azm8ertofsk.wav,1,2,16,16000,61440,61440,3.84,NONE,27785.0,2540.8573496632766,0.7461751302083334,hapana,no
id_bx475p64gffj.wav,1,2,16,16000,75520,75520,4.72,NONE,23849.0,1031.4788477203454,0.916604872881356,tatu,three
id_cb68wjhspcfw.wav,1,2,16,16000,72960,72960,4.56,NONE,5842.0,300.02761344955707,0.670984100877193,moja,one
id_yo837plt1gmv.wav,1,2,16,16000,61440,61440,3.84,NONE,6630.0,751.7053358075293,0.8494303385416667,ndio,yes
id_tgiav3vin4vn.wav,1,2,16,16000,207360,207360,12.96,NONE,17236.0,646.7658120074044,0.7094135802469136,sita,six
id_tt5gemihii8n.wav,1,2,16,16000,110080,110080,6.88,NONE,12570.0,806.4101956184481,0.889907340116279,mbili,two
id_uhr1078s9cro.wav,1,2,16,16000,69120,69120,4.32,NONE,5981.0,417.45559605988393,0.9097222222222222,sita,six
id_e7ztggp8fxo1.wav,1,2,16,16000,66560,66560,4.16,NONE,6906.0,896.815174406786,0.7652794471153846,mbili,two
id_9a1akumeinco.wav,1,2,16,16000,76800,76800,4.8,NONE,27962.0,1917.8309474935643,0.7867317708333333,nne,four
id_f44ovneaoaqi.wav,1,2,16,16000,42240,42240,2.64,NONE,2852.0,507.81196848457034,0.20113636363636364,moja,one
id_2m3doy7pq5l7.wav,1,2,16,16000,88320,88320,5.52,NONE,10484.0,825.8866534218068,0.9064198369565217,kumi,ten
id_j3uh8xdpwgm1.wav,1,2,16,16000,57600,57600,3.6,NONE,7166.0,510.605346265995,0.8979166666666667,tisa,nine
id_s0m1m50njt88.wav,1,2,16,16000,64000,64000,4.0,NONE,1971.0,213.02943293562748,0.366078125,ndio,yes
id_4aozzgfhs6og.wav,1,2,16,16000,84480,84480,5.28,NONE,32036.0,1186.7677614288152,0.9123697916666667,hapana,no
id_ytan54us1bg1.wav,1,2,16,16000,99840,99840,6.24,NONE,5173.0,274.16383730444244,0.895332532051282,tano,five
id_pk7poaz80pyu.wav,1,2,16,16000,103680,103680,6.48,NONE,23463.0,1423.9393507262457,0.910426311728395,nane,eight
id_bsnarmple4cd.wav,1,2,16,16000,55040,55040,3.44,NONE,10107.0,630.8772449112445,0.8605014534883721,saba,seven
id_8mg7qdm9qdox.wav,1,2,16,16000,48640,48640,3.04,NONE,15205.0,1516.7996720488395,0.7505756578947368,ndio,yes
id_8kcyhec4kfvb.wav,1,2,16,16000,89600,89600,5.6,NONE,7731.0,471.88051935040795,0.8958482142857143,moja,one
id_iqglqsjaogo0.wav,1,2,16,16000,61440,61440,3.84,NONE,8215.0,552.2921179309423,0.4952473958333333,tano,five
id_yqnrxkvuoirc.wav,1,2,16,16000,66560,66560,4.16,NONE,4260.0,305.5135250236162,0.8072566105769231,tisa,nine
id_h6dyvojfegv6.wav,1,2,16,16000,70400,70400,4.4,NONE,13664.0,446.9376029099435,0.860625,hapana,no
id_xxct1hhne0p0.wav,1,2,16,16000,64000,64000,4.0,NONE,5598.0,477.19213334358307,0.871109375,ndio,yes
id_uoxfh9q2v0fk.wav,1,2,16,16000,55040,55040,3.44,NONE,17563.0,1916.934896078386,0.5364825581395349,nne,four
id_dcp33feobjf6.wav,1,2,16,16000,56320,56320,3.52,NONE,28680.0,2348.425254651889,0.8617720170454546,nane,eight
id_2ei1g4i35afh.wav,1,2,16,16000,78080,78080,4.88,NONE,32767.0,2084.021591675497,0.8847848360655738,hapana,no
id_oi5ddptg1ckt.wav,1,2,16,16000,58880,58880,3.68,NONE,9263.0,666.620339145529,0.8730808423913043,moja,one
id_ohsr7rwo6b7x.wav,1,2,16,16000,53760,53760,3.36,NONE,4305.0,243.13624973972927,0.4836123511904762,ndio,yes
id_vk7rcglyfm35.wav,1,2,16,16000,76800,76800,4.8,NONE,28828.0,2228.589325193088,0.9084505208333333,mbili,two
id_9m9azhmysge8.wav,1,2,16,16000,60160,60160,3.76,NONE,16059.0,1127.5151366512378,0.7470412234042553,hapana,no
id_wez0d5p7o7nw.wav,1,2,16,16000,92160,92160,5.76,NONE,24714.0,1331.7616041713518,0.7707139756944444,saba,seven
id_d4aggzm19xp1.wav,1,2,16,16000,67840,67840,4.24,NONE,32768.0,4370.4336354104635,0.8545253537735849,nne,four
id_1tpz9rx2d27g.wav,1,2,16,16000,57600,57600,3.6,NONE,23767.0,2059.8955465570807,0.5781944444444445,moja,one
id_6owrqt6wtx5m.wav,1,2,16,16000,78080,78080,4.88,NONE,8233.0,434.18907540591607,0.83203125,sita,six
id_3nd4wdwtvdyd.wav,1,2,16,16000,79360,79360,4.96,NONE,15672.0,1409.9570394071552,0.6298135080645161,mbili,two
id_x9fn2dgmlhci.wav,1,2,16,16000,58880,58880,3.68,NONE,16050.0,960.9542428993857,0.9151664402173914,tatu,three
id_fxywi03j4a6i.wav,1,2,16,16000,60160,60160,3.76,NONE,18976.0,1467.175436981656,0.8559175531914893,moja,one
id_rcxfau5y6jc7.wav,1,2,16,16000,134400,134400,8.4,NONE,18091.0,649.1144492244525,0.8489657738095238,saba,seven
id_g5wlx0re0k3g.wav,1,2,16,16000,64000,64000,4.0,NONE,8927.0,636.2675010977105,0.3386875,saba,seven
id_xf02grhew135.wav,1,2,16,16000,76800,76800,4.8,NONE,8891.0,809.2127867048732,0.5219401041666667,kumi,ten
id_q8pawbfbipzz.wav,1,2,16,16000,53760,53760,3.36,NONE,23199.0,2379.0449215095264,0.8237909226190476,kumi,ten
id_403k3cg33626.wav,1,2,16,16000,55040,55040,3.44,NONE,16715.0,1378.1708354253497,0.6243822674418604,nne,four
id_16hjj117dhj3.wav,1,2,16,16000,59392,59392,3.712,NONE,8720.0,864.3903199961642,0.8469995959051724,nne,four
id_he5pdekacsqq.wav,1,2,16,16000,69120,69120,4.32,NONE,5498.0,329.87644962876016,0.684302662037037,kumi,ten
id_rqb3v3beovf7.wav,1,2,16,16000,55040,55040,3.44,NONE,22107.0,2308.552506989052,0.8449127906976744,ndio,yes
id_z9fuax5ks3go.wav,1,2,16,16000,69120,69120,4.32,NONE,3306.0,184.5088449761184,0.869140625,sita,six
id_2hc592b81qap.wav,1,2,16,16000,57600,57600,3.6,NONE,22718.0,1686.4218602603232,0.5321354166666666,saba,seven
id_p0xzrytwlh1k.wav,1,2,16,16000,83200,83200,5.2,NONE,25975.0,2770.645930433357,0.8657331730769231,tano,five
id_x8d7cnlq6vv7.wav,1,2,16,16000,58880,58880,3.68,NONE,13879.0,1555.4744943362364,0.8417459239130435,ndio,yes
id_e6zny2bnoclv.wav,1,2,16,16000,67840,67840,4.24,NONE,10829.0,553.3583521332172,0.8919516509433962,nane,eight
id_9h4yvld84c15.wav,1,2,16,16000,64000,64000,4.0,NONE,1561.0,143.35974210443462,0.306796875,moja,one
id_tuptx3hjv00w.wav,1,2,16,16000,78080,78080,4.88,NONE,8669.0,132.17164977832027,0.9130763319672132,moja,one
id_wbzqm829h2ir.wav,1,2,16,16000,120320,120320,7.52,NONE,14614.0,1173.5214472231653,0.8864777260638298,nane,eight
id_uvijab3h4pfp.wav,1,2,16,16000,52480,52480,3.28,NONE,3650.0,544.6296524842285,0.8194550304878049,mbili,two
id_e48h1k2imhcu.wav,1,2,16,16000,75520,75520,4.72,NONE,13210.0,760.6371192612763,0.9054157838983051,sita,six
id_b90xbcdf9dqj.wav,1,2,16,16000,70400,70400,4.4,NONE,15296.0,1403.6218512703613,0.8560227272727273,hapana,no
id_iwl8rzhslz8d.wav,1,2,16,16000,42240,42240,2.64,NONE,4654.0,606.0930838983661,0.24505208333333334,nne,four
id_ckiqpghhkvfc.wav,1,2,16,16000,74240,74240,4.64,NONE,15413.0,865.0533268440414,0.889129849137931,sita,six
id_6kjj6t5dz4s4.wav,1,2,16,16000,43520,43520,2.72,NONE,4054.0,451.31095466796376,0.20411305147058822,hapana,no
id_i2xuwmee0vqw.wav,1,2,16,16000,78080,78080,4.88,NONE,3759.0,386.84836475421776,0.5833376024590164,nne,four
id_ljz9n71f45ec.wav,1,2,16,16000,76800,76800,4.8,NONE,15744.0,979.3866654272288,0.7306901041666667,saba,seven
id_fqk0h15nlb40.wav,1,2,16,16000,93440,93440,5.84,NONE,8619.0,573.510986724983,0.9081656678082192,sita,six
id_ecd39gerr49y.wav,1,2,16,16000,75520,75520,4.72,NONE,5218.0,318.2413482046251,0.6357123940677966,kumi,ten
id_ymlcr4kf124h.wav,1,2,16,16000,178176,178176,11.136,NONE,18543.0,867.5772677419857,0.9338519216954023,tatu,three
id_pub7jdwi5as0.wav,1,2,16,16000,67840,67840,4.24,NONE,9779.0,1013.3011919325537,0.8030365566037736,mbili,two
id_ptfoyzzcqq6w.wav,1,2,16,16000,55040,55040,3.44,NONE,4051.0,554.7319279456226,0.8095385174418605,moja,one
id_hd3lumujpdpd.wav,1,2,16,16000,110080,110080,6.88,NONE,11022.0,606.8991811563923,0.6274890988372093,ndio,yes
id_mcmfpml75fxs.wav,1,2,16,16000,163840,163840,10.24,NONE,9152.0,340.7916216075597,0.96158447265625,sita,six
id_jv6j42bjy72h.wav,1,2,16,16000,90880,90880,5.68,NONE,32767.0,1214.1345736124597,0.9286861795774648,saba,seven
id_w45c80rkvi2h.wav,1,2,16,16000,61440,61440,3.84,NONE,32767.0,2583.376112198304,0.84599609375,mbili,two
id_lgt649tjg0gr.wav,1,2,16,16000,75520,75520,4.72,NONE,14256.0,1070.4952657081683,0.8914459745762712,moja,one
id_0gap2cnvxldz.wav,1,2,16,16000,84480,84480,5.28,NONE,11598.0,517.1056425653434,0.6206676136363637,hapana,no
id_bn2k6z1gdom4.wav,1,2,16,16000,65280,65280,4.08,NONE,12653.0,952.9178229028369,0.8448988970588235,moja,one
id_3c93skhlwx4r.wav,1,2,16,16000,75776,75776,4.736,NONE,8660.0,1102.4391092127257,0.8218301309121622,nane,eight
id_9la5u1m1chsr.wav,1,2,16,16000,81920,81920,5.12,NONE,14796.0,1014.8746381942944,0.89212646484375,saba,seven
id_83ejon715fgi.wav,1,2,16,16000,79360,79360,4.96,NONE,13780.0,863.4018520597006,0.8623613911290322,saba,seven
id_q1goc7ccwym3.wav,1,2,16,16000,69120,69120,4.32,NONE,8366.0,140.8746967322313,0.8907262731481481,saba,seven
id_u8zgolwmag70.wav,1,2,16,16000,106240,106240,6.64,NONE,12030.0,619.4282299731955,0.9556475903614458,kumi,ten
id_occvnmu342oh.wav,1,2,16,16000,88320,88320,5.52,NONE,2930.0,255.73057429731546,0.9101675724637681,nne,four
id_vp44gv1hygmh.wav,1,2,16,16000,64000,64000,4.0,NONE,9231.0,634.772531120893,0.67803125,saba,seven
id_rv49f04idek5.wav,1,2,16,16000,122880,122880,7.68,NONE,11670.0,841.77823614806,0.8244791666666667,tisa,nine
id_tsumlqgjrphf.wav,1,2,16,16000,142080,142080,8.88,NONE,5022.0,211.37776824762543,0.48835867117117115,moja,one
id_ifdbnlzhtzqo.wav,1,2,16,16000,60160,60160,3.76,NONE,9439.0,727.1491085834436,0.9022273936170213,tisa,nine
id_ibj5crkxsfwk.wav,1,2,16,16000,99840,99840,6.24,NONE,26780.0,1224.9360128459393,0.8745492788461539,moja,one
id_wf5ue13h9my7.wav,1,2,16,16000,88320,88320,5.52,NONE,2483.0,206.19205230091973,0.5662817028985507,ndio,yes
id_ef5nru3qmc8j.wav,1,2,16,16000,52480,52480,3.28,NONE,7274.0,516.9259743127707,0.3789824695121951,hapana,no
id_9t3i4nc9z2yw.wav,1,2,16,16000,92160,92160,5.76,NONE,16138.0,820.1700767367129,0.9022243923611111,saba,seven
id_nei5husv4unt.wav,1,2,16,16000,70400,70400,4.4,NONE,16500.0,1187.5252893599018,0.9008664772727273,mbili,two
id_91bmjlbx63wm.wav,1,2,16,16000,65280,65280,4.08,NONE,4831.0,412.1416066187082,0.8741268382352941,kumi,ten
id_mawvgiqkg5fu.wav,1,2,16,16000,73728,73728,4.608,NONE,9125.0,413.0715718952703,0.9214952256944444,tano,five
id_6421zw0t0aq6.wav,1,2,16,16000,67840,67840,4.24,NONE,17606.0,1463.8040089360463,0.8190448113207547,tatu,three
id_w5bdg02qe8b5.wav,1,2,16,16000,51200,51200,3.2,NONE,21012.0,1642.1613688513246,0.7155859375,tano,five
id_bd7i6m10vkbb.wav,1,2,16,16000,67584,67584,4.224,NONE,8745.0,843.5289763206937,0.8701763731060606,nne,four
id_hlk2jd7p534s.wav,1,2,16,16000,79360,79360,4.96,NONE,9745.0,877.0408013027088,0.9218245967741936,nne,four
id_fl1nx6m6hz0f.wav,1,2,16,16000,58880,58880,3.68,NONE,13028.0,873.9661951655336,0.8802309782608696,saba,seven
id_53r0qxsng1dt.wav,1,2,16,16000,65280,65280,4.08,NONE,18214.0,1204.7433163743437,0.7808976715686274,saba,seven
id_wvylssogi6hf.wav,1,2,16,16000,75520,75520,4.72,NONE,9790.0,914.5371062005,0.5140227754237288,nne,four
id_a2davyfjue9s.wav,1,2,16,16000,60160,60160,3.76,NONE,16024.0,1058.7869717099686,0.8872340425531915,tisa,nine
id_l9a53er9lgfc.wav,1,2,16,16000,64000,64000,4.0,NONE,12167.0,878.8165456400016,0.804046875,nane,eight
id_rd39hay6u7le.wav,1,2,16,16000,75776,75776,4.736,NONE,21478.0,1103.8738379884326,0.7648727829391891,saba,seven
id_79f6o7fw3qg6.wav,1,2,16,16000,76800,76800,4.8,NONE,25511.0,2220.652150965103,0.7868229166666667,mbili,two
id_36yv5tnmda47.wav,1,2,16,16000,53248,53248,3.328,NONE,9129.0,784.9146856678394,0.7404221754807693,hapana,no
id_w0mmdjwwj5fm.wav,1,2,16,16000,65280,65280,4.08,NONE,31662.0,2118.670510319138,0.9025428921568628,ndio,yes
id_6jzoj99e18kx.wav,1,2,16,16000,74240,74240,4.64,NONE,10885.0,1058.1747704168567,0.3155307112068966,tisa,nine
id_h9y09ew0ur5p.wav,1,2,16,16000,90880,90880,5.68,NONE,14325.0,971.5285713862493,0.8596390845070423,moja,one
id_7yasp4h37xt0.wav,1,2,16,16000,61440,61440,3.84,NONE,32767.0,2315.21180600678,0.8900716145833333,tatu,three
id_9veklpx04a0w.wav,1,2,16,16000,196608,196608,12.288,NONE,12405.0,491.14250306096324,0.9576822916666666,saba,seven
id_pmsvitbxfq4x.wav,1,2,16,16000,58880,58880,3.68,NONE,20715.0,1459.19508966337,0.7910665760869565,tano,five
id_edw0zopujz1g.wav,1,2,16,16000,75520,75520,4.72,NONE,11040.0,743.953927471105,0.8487288135593221,nane,eight
id_y3h9r1e5pz0p.wav,1,2,16,16000,69632,69632,4.352,NONE,12422.0,942.1534860351983,0.8740090762867647,tano,five
id_mfup5yifi6b5.wav,1,2,16,16000,64000,64000,4.0,NONE,17673.0,952.5497208151394,0.84503125,nane,eight
id_te0qxia3npv6.wav,1,2,16,16000,52480,52480,3.28,NONE,6708.0,612.8878212998799,0.3447408536585366,tisa,nine
id_2jn14xf83r98.wav,1,2,16,16000,58880,58880,3.68,NONE,4033.0,161.8678579820287,0.8764775815217392,hapana,no
id_fzjww5hpbusy.wav,1,2,16,16000,61440,61440,3.84,NONE,13263.0,1024.1378055431985,0.8435546875,sita,six
id_954vvpbvtn4s.wav,1,2,16,16000,71680,71680,4.48,NONE,23962.0,1482.295236391604,0.8356166294642857,moja,one
id_cw566zi9ut9x.wav,1,2,16,16000,90880,90880,5.68,NONE,14415.0,1034.8654307653405,0.6575484154929577,sita,six
id_kh4dx5b6vh1k.wav,1,2,16,16000,76800,76800,4.8,NONE,15192.0,714.5194454797924,0.8726692708333333,saba,seven
id_g9ehlqzxcb9p.wav,1,2,16,16000,101120,101120,6.32,NONE,7292.0,406.39064814574226,0.924337420886076,mbili,two
id_gu09mvqnzv18.wav,1,2,16,16000,65280,65280,4.08,NONE,16151.0,976.7578795298515,0.582797181372549,nane,eight
id_yhab5phwm4kv.wav,1,2,16,16000,139520,139520,8.72,NONE,5322.0,364.9664899354498,0.9120484518348624,sita,six
id_ydxyx1phm70t.wav,1,2,16,16000,66560,66560,4.16,NONE,28029.0,1390.5522118320944,0.8832632211538461,nane,eight
id_cp7zw1pep2zj.wav,1,2,16,16000,264192,264192,16.512,NONE,14056.0,1031.0648057684998,0.4076277858527132,kumi,ten
id_yo0fjz1tsib4.wav,1,2,16,16000,49920,49920,3.12,NONE,7392.0,362.7472545631586,0.5251802884615384,tano,five
id_ym1bdxr888nr.wav,1,2,16,16000,65280,65280,4.08,NONE,16442.0,728.5924024404833,0.8717677696078432,tatu,three
id_lu72023pt7tw.wav,1,2,16,16000,115200,115200,7.2,NONE,6712.0,376.3455974783277,0.5917447916666667,ndio,yes
id_0mnfgv0d5pdt.wav,1,2,16,16000,58880,58880,3.68,NONE,21293.0,1919.9291630290927,0.8640794836956521,moja,one
id_66heh9ihea4l.wav,1,2,16,16000,55040,55040,3.44,NONE,32767.0,4388.243757344565,0.6189861918604651,ndio,yes
id_43hskuczqt8f.wav,1,2,16,16000,85760,85760,5.36,NONE,9038.0,589.3859977646291,0.8314715485074626,kumi,ten
id_9hejg0blciu3.wav,1,2,16,16000,84480,84480,5.28,NONE,32767.0,3032.6821538563277,0.8526278409090909,nane,eight
id_c180vq2vofuy.wav,1,2,16,16000,57600,57600,3.6,NONE,7942.0,352.3201696531785,0.8729513888888889,tisa,nine
id_q78n1x8g08o3.wav,1,2,16,16000,85760,85760,5.36,NONE,32768.0,1211.5158324650292,0.936357276119403,nne,four
id_9a75rmdtjge4.wav,1,2,16,16000,70400,70400,4.4,NONE,3988.0,164.31926837783593,0.9027414772727272,sita,six
id_ixb9ds8r35uo.wav,1,2,16,16000,74240,74240,4.64,NONE,4319.0,396.67253483476946,0.8197467672413793,nane,eight
id_puh6xvv68eo3.wav,1,2,16,16000,56320,56320,3.52,NONE,20425.0,1295.3264299818472,0.7152698863636363,hapana,no
id_i26ny0vtfqmx.wav,1,2,16,16000,64000,64000,4.0,NONE,10832.0,580.3217344714913,0.61,sita,six
id_fl5q50ap00zu.wav,1,2,16,16000,70400,70400,4.4,NONE,8957.0,550.3032340090284,0.8644744318181818,sita,six
id_i7bhjngq0udn.wav,1,2,16,16000,70400,70400,4.4,NONE,3479.0,283.95019829828675,0.8354403409090909,moja,one
id_czwf1qyxy71g.wav,1,2,16,16000,55040,55040,3.44,NONE,11859.0,1113.698862233988,0.8567950581395349,moja,one
id_5pe0ig9camtz.wav,1,2,16,16000,55040,55040,3.44,NONE,13009.0,1568.3597647683348,0.8937318313953488,nne,four
id_3oz0vfuf7xw6.wav,1,2,16,16000,76800,76800,4.8,NONE,5574.0,370.05645054307814,0.6784114583333334,mbili,two
id_o6j7nuvbvl6a.wav,1,2,16,16000,61440,61440,3.84,NONE,10472.0,861.6151821167246,0.85205078125,tisa,nine
id_5fqeifq0m583.wav,1,2,16,16000,57600,57600,3.6,NONE,16435.0,1341.3308328132757,0.8910763888888888,tano,five
id_05g7is2vj1sh.wav,1,2,16,16000,76800,76800,4.8,NONE,7506.0,689.2192212648581,0.8374479166666666,hapana,no
id_qdtuf1xl3a2z.wav,1,2,16,16000,79360,79360,4.96,NONE,4339.0,325.0282798645274,0.8789314516129032,kumi,ten
id_p3ica0wyw7cs.wav,1,2,16,16000,80640,80640,5.04,NONE,13516.0,640.5824701426566,0.871155753968254,sita,six
id_arn2z1tgxeit.wav,1,2,16,16000,72960,72960,4.56,NONE,22695.0,1345.0956037995015,0.9062637061403509,moja,one
id_l73lul19wbev.wav,1,2,16,16000,78080,78080,4.88,NONE,3117.0,261.7026314647481,0.8346439549180328,hapana,no
id_dhl5kxzw5h4f.wav,1,2,16,16000,62720,62720,3.92,NONE,6412.0,275.96479375958523,0.9225765306122449,nane,eight
id_rph3s7ugehp9.wav,1,2,16,16000,66560,66560,4.16,NONE,5583.0,202.93738384244858,0.8305889423076923,sita,six
id_816lgrfg6870.wav,1,2,16,16000,72960,72960,4.56,NONE,9815.0,530.8984991819644,0.906359649122807,tatu,three
id_3wrw0hik9l07.wav,1,2,16,16000,64000,64000,4.0,NONE,28739.0,2609.9459807658136,0.868546875,ndio,yes
id_nwfq4z8zcz9r.wav,1,2,16,16000,66560,66560,4.16,NONE,7076.0,435.17794753253503,0.9285006009615384,ndio,yes
id_r7m2e44fptlo.wav,1,2,16,16000,56320,56320,3.52,NONE,6280.0,684.7927575881411,0.8397727272727272,kumi,ten
id_wjt2c3pk86tf.wav,1,2,16,16000,44800,44800,2.8,NONE,3808.0,702.7781620907177,0.17671875,hapana,no
id_j5uwtvg8j5ei.wav,1,2,16,16000,65280,65280,4.08,NONE,8659.0,797.1089516628692,0.8497855392156862,nane,eight
id_u7efdu3pf8m0.wav,1,2,16,16000,88320,88320,5.52,NONE,3015.0,320.5548313618441,0.8224524456521739,mbili,two
id_vfjmaux1unfj.wav,1,2,16,16000,72960,72960,4.56,NONE,9616.0,642.3169131566468,0.8294819078947369,tisa,nine
id_9ze5g8403wcs.wav,1,2,16,16000,59392,59392,3.712,NONE,14838.0,1178.5961820165585,0.8403488685344828,moja,one
id_tbg1vd2edtvr.wav,1,2,16,16000,60160,60160,3.76,NONE,11531.0,543.1097399185683,0.8844248670212767,tisa,nine
id_tjugwmr0744u.wav,1,2,16,16000,64000,64000,4.0,NONE,32721.0,1305.6201675712389,0.905625,tatu,three
id_wnr1cmhl6yv9.wav,1,2,16,16000,66560,66560,4.16,NONE,12779.0,1387.328851656384,0.8658804086538462,nne,four
id_y9kg3r1ph6vl.wav,1,2,16,16000,75776,75776,4.736,NONE,10478.0,1025.30897512435,0.43351456925675674,nane,eight
id_m76fnilzrycc.wav,1,2,16,16000,74240,74240,4.64,NONE,4691.0,358.32397741561795,0.5609644396551724,mbili,two
id_cze9fkz5avjz.wav,1,2,16,16000,52480,52480,3.28,NONE,3767.0,712.1960114646732,0.8270579268292683,nne,four
id_ilcnsba13as4.wav,1,2,16,16000,57600,57600,3.6,NONE,4475.0,474.60266199299105,0.8141666666666667,moja,one
id_vk8z1hxjrqpl.wav,1,2,16,16000,55040,55040,3.44,NONE,7172.0,821.4004357411528,0.5923510174418605,mbili,two
id_t6iq5dxildyj.wav,1,2,16,16000,83200,83200,5.2,NONE,11254.0,646.2963247419871,0.8938461538461538,moja,one
id_e861ybwel9u4.wav,1,2,16,16000,64000,64000,4.0,NONE,13558.0,745.9972042298483,0.681296875,tatu,three
id_pefhp826n70s.wav,1,2,16,16000,61440,61440,3.84,NONE,12792.0,564.6249812196745,0.8749186197916666,saba,seven
id_j1x6uhu3n2we.wav,1,2,16,16000,125440,125440,7.84,NONE,14737.0,641.0598573555291,0.9151068239795919,sita,six
id_s5mosdj9h487.wav,1,2,16,16000,88320,88320,5.52,NONE,15038.0,1184.3380877196978,0.8565670289855073,tisa,nine
id_0jyz56np458l.wav,1,2,16,16000,81920,81920,5.12,NONE,20357.0,1936.5959922206182,0.90455322265625,ndio,yes
id_3sln4kr5edsr.wav,1,2,16,16000,75520,75520,4.72,NONE,9332.0,821.2278659336987,0.8825476694915254,ndio,yes
id_5nyf2ux6j4t5.wav,1,2,16,16000,63488,63488,3.968,NONE,15661.0,709.6392710744194,0.8917905745967742,tatu,three
id_7oen5v0ao3ny.wav,1,2,16,16000,63488,63488,3.968,NONE,17382.0,1323.1404561767708,0.8568390877016129,sita,six
id_4z4n9sg2cmwl.wav,1,2,16,16000,69632,69632,4.352,NONE,5339.0,405.7029724862651,0.8521943933823529,tisa,nine
id_814fhho3sn0f.wav,1,2,16,16000,66560,66560,4.16,NONE,13701.0,797.2270270332107,0.7340294471153846,sita,six
id_m1yd88qmqlfu.wav,1,2,16,16000,56320,56320,3.52,NONE,17927.0,964.5921091796363,0.4376775568181818,saba,seven
id_56coxbl871c0.wav,1,2,16,16000,92160,92160,5.76,NONE,32768.0,2142.058127761827,0.9062174479166667,kumi,ten
id_f88l231shy8k.wav,1,2,16,16000,62720,62720,3.92,NONE,29870.0,2373.054246367362,0.9006377551020408,kumi,ten
id_l1ht58cf4nxm.wav,1,2,16,16000,60160,60160,3.76,NONE,15852.0,1622.5481529096874,0.8182679521276596,nne,four
id_9dco88ww4u9l.wav,1,2,16,16000,58880,58880,3.68,NONE,5290.0,489.1492864551047,0.8990658967391304,tisa,nine
id_d45stns0l9oj.wav,1,2,16,16000,71680,71680,4.48,NONE,15401.0,1290.624388398117,0.8804268973214285,sita,six
id_rni1z58czazz.wav,1,2,16,16000,79360,79360,4.96,NONE,6606.0,393.5067521330407,0.8374243951612903,ndio,yes
id_c0r9a35792to.wav,1,2,16,16000,76800,76800,4.8,NONE,18191.0,1010.8565371623998,0.8794791666666667,moja,one
id_jesalmts95r8.wav,1,2,16,16000,66560,66560,4.16,NONE,14140.0,944.2948369749886,0.4966346153846154,tisa,nine
id_4y7dncvvsbo3.wav,1,2,16,16000,60160,60160,3.76,NONE,22790.0,1115.2714736661223,0.7151595744680851,tatu,three
id_jendv356sait.wav,1,2,16,16000,87040,87040,5.44,NONE,13105.0,922.1950660731741,0.7935431985294118,mbili,two
id_8fr4njq9pm3n.wav,1,2,16,16000,98560,98560,6.16,NONE,8475.0,394.0033336248153,0.8580661525974026,sita,six
id_k5hzdycm1w8j.wav,1,2,16,16000,55040,55040,3.44,NONE,11118.0,671.5276689025883,0.8549781976744186,tisa,nine
id_ks828kefydox.wav,1,2,16,16000,67584,67584,4.224,NONE,11466.0,943.563279295773,0.8673206676136364,sita,six
id_91xb3mfvzw71.wav,1,2,16,16000,79360,79360,4.96,NONE,5746.0,283.0924718727935,0.6558089717741935,saba,seven
id_dycws2jxbnaw.wav,1,2,16,16000,56320,56320,3.52,NONE,18288.0,1447.2129267779633,0.6657492897727273,hapana,no
id_6bjhars22gjw.wav,1,2,16,16000,69632,69632,4.352,NONE,19062.0,1847.685950820696,0.8512034696691176,tatu,three
id_42lrgbcw4b6z.wav,1,2,16,16000,107520,107520,6.72,NONE,9425.0,653.341750595396,0.8039248511904762,nne,four
id_r5olf0tucpg0.wav,1,2,16,16000,79360,79360,4.96,NONE,20594.0,1399.3120530548563,0.6638104838709677,sita,six
id_oybx7sw06823.wav,1,2,16,16000,53760,53760,3.36,NONE,15236.0,1256.2974717546806,0.8426339285714286,mbili,two
id_06bwknarur5e.wav,1,2,16,16000,83200,83200,5.2,NONE,3437.0,274.6394286719407,0.8708052884615385,nane,eight
id_qz4hcu0umoyh.wav,1,2,16,16000,64000,64000,4.0,NONE,9461.0,732.6152904684184,0.6438125,moja,one
id_xdpytxi6ok5l.wav,1,2,16,16000,71680,71680,4.48,NONE,12422.0,1328.642847362757,0.8379464285714285,nane,eight
id_h6s4al80nd3y.wav,1,2,16,16000,72960,72960,4.56,NONE,12427.0,184.95484468477278,0.9165296052631579,mbili,two
id_issqtkgf50tl.wav,1,2,16,16000,42240,42240,2.64,NONE,2631.0,391.0323728836174,0.22665719696969697,nane,eight
id_zyrztnzd2qul.wav,1,2,16,16000,75520,75520,4.72,NONE,7994.0,465.5603566491274,0.6270656779661017,hapana,no
id_asix0cglk0y1.wav,1,2,16,16000,75520,75520,4.72,NONE,7781.0,648.2243348419203,0.8469412076271187,ndio,yes
id_dqpq10c6c6hm.wav,1,2,16,16000,72960,72960,4.56,NONE,7227.0,646.874640933454,0.8699972587719298,kumi,ten
id_1ee5v6u6c9lw.wav,1,2,16,16000,52480,52480,3.28,NONE,8112.0,553.926888332874,0.8732088414634146,tano,five
id_3lfht0x3r0j7.wav,1,2,16,16000,70400,70400,4.4,NONE,15636.0,1278.3815559080144,0.9046022727272728,nane,eight
id_b2x765r7ybf5.wav,1,2,16,16000,61440,61440,3.84,NONE,15486.0,947.8474962199851,0.9126790364583334,moja,one
id_0azqblnuutdw.wav,1,2,16,16000,53760,53760,3.36,NONE,29966.0,1668.6298926981392,0.8654203869047619,hapana,no
id_5rgtd8djrdjf.wav,1,2,16,16000,75520,75520,4.72,NONE,23166.0,1927.9642829791549,0.8838585805084745,kumi,ten
id_8ed8cx3maikq.wav,1,2,16,16000,75776,75776,4.736,NONE,24228.0,1239.9804412496567,0.8994272592905406,tatu,three
id_29iq973dnak1.wav,1,2,16,16000,55040,55040,3.44,NONE,31249.0,1635.3986646370088,0.8655704941860465,tatu,three
id_rbeojr4a0uf7.wav,1,2,16,16000,74240,74240,4.64,NONE,28154.0,1487.8622260085017,0.9123518318965518,tatu,three
id_1ij74vcnen10.wav,1,2,16,16000,66560,66560,4.16,NONE,22443.0,1253.929296631002,0.9072866586538462,kumi,ten
id_j09p922to3cn.wav,1,2,16,16000,75776,75776,4.736,NONE,4678.0,444.61140758029126,0.44265994510135137,tisa,nine
id_0hc8wdnn31eb.wav,1,2,16,16000,76800,76800,4.8,NONE,16260.0,1021.3651433329928,0.9289713541666667,tatu,three
id_foh6ysweha61.wav,1,2,16,16000,55040,55040,3.44,NONE,18274.0,1338.3940308561585,0.4923328488372093,ndio,yes
id_nirrcao72424.wav,1,2,16,16000,117760,117760,7.36,NONE,9239.0,608.8026545098562,0.882319972826087,mbili,two
id_rb4lbdt9p5u5.wav,1,2,16,16000,56320,56320,3.52,NONE,7666.0,305.9211090534431,0.9173650568181818,nane,eight
id_hroo1ri8bfv5.wav,1,2,16,16000,74240,74240,4.64,NONE,5373.0,363.9209074960046,0.9115705818965517,nane,eight
id_b6trhsu70slg.wav,1,2,16,16000,66560,66560,4.16,NONE,9457.0,564.525179926488,0.8719651442307692,saba,seven
id_kpwferr98xvm.wav,1,2,16,16000,44800,44800,2.8,NONE,3450.0,425.3008873716432,0.14229910714285715,tatu,three
id_nfcim4gb6j2i.wav,1,2,16,16000,61440,61440,3.84,NONE,8335.0,846.722903114238,0.8305013020833333,mbili,two
id_nayv0kax33pq.wav,1,2,16,16000,144640,144640,9.04,NONE,26984.0,4298.755689262641,0.8841468473451327,hapana,no
id_3r10qw08vbbr.wav,1,2,16,16000,69120,69120,4.32,NONE,13560.0,742.7787274572172,0.4701244212962963,hapana,no
id_frsxid5gjsb8.wav,1,2,16,16000,56320,56320,3.52,NONE,15885.0,1565.5064542762773,0.5799538352272727,moja,one
id_2x9ki31ohouo.wav,1,2,16,16000,61440,61440,3.84,NONE,12209.0,1419.7148059754782,0.8217447916666667,kumi,ten
id_3mnqaj2ux725.wav,1,2,16,16000,94720,94720,5.92,NONE,16831.0,786.71793120747,0.7563450168918919,nane,eight
id_giz3tlgpqr4k.wav,1,2,16,16000,148480,148480,9.28,NONE,23998.0,847.7392302225039,0.8950633081896552,tisa,nine
id_i4ct5vw7d8i3.wav,1,2,16,16000,86016,86016,5.376,NONE,11020.0,1385.2875937849221,0.8336704799107143,kumi,ten
id_8lde9l9y724b.wav,1,2,16,16000,80640,80640,5.04,NONE,9343.0,766.6480345335574,0.8285218253968254,saba,seven
id_wc10x6oi4r6l.wav,1,2,16,16000,66560,66560,4.16,NONE,24010.0,3083.7292109772893,0.3971153846153846,mbili,two
id_bfk9fp7ufjzw.wav,1,2,16,16000,52480,52480,3.28,NONE,7073.0,611.1513754666319,0.3583079268292683,tisa,nine
id_dzqiug5bh3ga.wav,1,2,16,16000,67584,67584,4.224,NONE,13174.0,738.1054415090534,0.8829900568181818,tatu,three
id_ysplfm575v5a.wav,1,2,16,16000,186880,186880,11.68,NONE,25821.0,972.3718189049683,0.9587703339041096,hapana,no
id_qadk0hle9idg.wav,1,2,16,16000,71680,71680,4.48,NONE,3473.0,137.52726982019394,0.8899135044642857,sita,six
id_a2zkgtgmao8f.wav,1,2,16,16000,90880,90880,5.68,NONE,12538.0,1253.6617424754793,0.8661091549295775,ndio,yes
id_l00e9q3r0tlm.wav,1,2,16,16000,62720,62720,3.92,NONE,15552.0,899.2751493620871,0.8520886479591837,saba,seven
id_43mlsv2niicw.wav,1,2,16,16000,64000,64000,4.0,NONE,24048.0,1560.8354811956879,0.50634375,hapana,no
id_23ee9p738uak.wav,1,2,16,16000,71680,71680,4.48,NONE,5291.0,307.0710988317253,0.9181222098214286,tisa,nine
id_dkx6g782c0tp.wav,1,2,16,16000,84480,84480,5.28,NONE,8374.0,542.0097453793375,0.8650568181818182,nne,four
id_9276znj8ldma.wav,1,2,16,16000,97280,97280,6.08,NONE,2599.0,205.76526770749442,0.3314453125,sita,six
id_ei6057zwyga5.wav,1,2,16,16000,55040,55040,3.44,NONE,11430.0,885.8072635703778,0.8421875,saba,seven
id_s5sfzeb06yrv.wav,1,2,16,16000,63488,63488,3.968,NONE,9515.0,529.2020616410247,0.8724168346774194,tano,five
id_rzeuxvglk56n.wav,1,2,16,16000,60160,60160,3.76,NONE,10968.0,591.4028800565894,0.9098902925531915,kumi,ten
id_znj997p5gj97.wav,1,2,16,16000,73728,73728,4.608,NONE,17755.0,1952.047918172775,0.6942545572916666,mbili,two
id_p5vb0zpateyu.wav,1,2,16,16000,135680,135680,8.48,NONE,28270.0,771.9267131815624,0.623938679245283,nane,eight
id_rjweuxpntwsk.wav,1,2,16,16000,83200,83200,5.2,NONE,16886.0,1564.223238082625,0.6932451923076923,hapana,no
id_h5974rcsqjoh.wav,1,2,16,16000,90880,90880,5.68,NONE,14326.0,616.3362860448821,0.8517275528169014,sita,six
id_awb61cpzu597.wav,1,2,16,16000,66560,66560,4.16,NONE,11622.0,1078.2083225396984,0.8817758413461538,kumi,ten
id_jta143ep5khy.wav,1,2,16,16000,74240,74240,4.64,NONE,9465.0,574.0515723154164,0.8821524784482758,tano,five
id_ga0d2b6a06an.wav,1,2,16,16000,55040,55040,3.44,NONE,18392.0,1754.6972903907947,0.6765261627906977,hapana,no
id_zzcv29ytz8rq.wav,1,2,16,16000,84480,84480,5.28,NONE,11634.0,555.0538098509179,0.851077178030303,saba,seven
id_cqmqhjphla61.wav,1,2,16,16000,55040,55040,3.44,NONE,8356.0,573.3280607500903,0.8475290697674419,kumi,ten
id_3esgnjkbzg35.wav,1,2,16,16000,106240,106240,6.64,NONE,13302.0,528.2523820500635,0.9405308734939759,hapana,no
id_fjrk0qgzz3z1.wav,1,2,16,16000,78080,78080,4.88,NONE,7370.0,499.7010619167601,0.907172131147541,mbili,two
id_ryed7929rxjd.wav,1,2,16,16000,65280,65280,4.08,NONE,16569.0,1623.2980474036974,0.8818014705882353,ndio,yes
id_61k1lxirgcov.wav,1,2,16,16000,67840,67840,4.24,NONE,12704.0,904.2439321154932,0.8110406839622641,hapana,no
id_57izdga8m2xx.wav,1,2,16,16000,55040,55040,3.44,NONE,8862.0,928.8513694816496,0.8459302325581395,mbili,two
id_niumeh5x3fcz.wav,1,2,16,16000,48640,48640,3.04,NONE,12054.0,1025.127465046629,0.3966077302631579,saba,seven
id_wtooo8h1x7sb.wav,1,2,16,16000,80640,80640,5.04,NONE,1770.0,83.71703694174535,0.4466517857142857,sita,six
id_t9wazifl58jw.wav,1,2,16,16000,58880,58880,3.68,NONE,18237.0,1716.9631714452073,0.6808763586956522,ndio,yes
id_m8en5npqnjpa.wav,1,2,16,16000,47360,47360,2.96,NONE,4628.0,409.97990325458045,0.36342905405405407,nne,four
id_1otefnp108jd.wav,1,2,16,16000,65280,65280,4.08,NONE,20573.0,1130.641249199019,0.8589613970588236,saba,seven
id_379vcigcz4s9.wav,1,2,16,16000,72960,72960,4.56,NONE,10040.0,595.8536109526459,0.5728892543859649,mbili,two
id_gd5h7t7bvsmp.wav,1,2,16,16000,81920,81920,5.12,NONE,14896.0,585.4265864083476,0.8601318359375,nne,four
id_zptrczm3f962.wav,1,2,16,16000,67840,67840,4.24,NONE,16171.0,1214.8192106861509,0.8224646226415094,hapana,no
id_942ai7i5ggmg.wav,1,2,16,16000,58880,58880,3.68,NONE,13200.0,905.9717372461786,0.9034816576086957,mbili,two
id_9boy3279md48.wav,1,2,16,16000,75520,75520,4.72,NONE,29358.0,2258.801994163,0.9054290254237288,sita,six
id_bw0sf4ipjtte.wav,1,2,16,16000,80640,80640,5.04,NONE,17956.0,918.7609503450657,0.8984126984126984,tatu,three
id_u4mhsn66okrk.wav,1,2,16,16000,69632,69632,4.352,NONE,18558.0,2327.610146032758,0.8069565716911765,kumi,ten
id_gdsq75tugviw.wav,1,2,16,16000,110080,110080,6.88,NONE,15618.0,980.7969761850934,0.8302416424418605,ndio,yes
id_gdwvn4v9f7cg.wav,1,2,16,16000,84480,84480,5.28,NONE,15202.0,1417.718568723767,0.8258877840909091,nne,four
id_kz9yow4d11lh.wav,1,2,16,16000,87040,87040,5.44,NONE,14487.0,428.9169616148765,0.8617302389705882,tisa,nine
id_fi1pmqpe24na.wav,1,2,16,16000,63488,63488,3.968,NONE,8583.0,1033.5437589631406,0.8151304183467742,ndio,yes
id_2eggz0p188zu.wav,1,2,16,16000,71680,71680,4.48,NONE,7384.0,435.97336131619755,0.8951729910714286,moja,one
id_0iqsfj46c9zd.wav,1,2,16,16000,85760,85760,5.36,NONE,5151.0,704.6797556330586,0.8924556902985075,nne,four
id_2c8zo2ytl8dc.wav,1,2,16,16000,69120,69120,4.32,NONE,11837.0,515.1130324060089,0.9113425925925925,tatu,three
id_9z9xnaozdw28.wav,1,2,16,16000,57600,57600,3.6,NONE,5912.0,342.8053799523945,0.9200520833333333,tisa,nine
id_h33jm6xcym59.wav,1,2,16,16000,75520,75520,4.72,NONE,14251.0,1067.3338470143824,0.8814883474576272,sita,six
id_9pza28p8eet3.wav,1,2,16,16000,62720,62720,3.92,NONE,17123.0,1309.0037078293435,0.5830516581632653,sita,six
id_5kiyfcxneb3t.wav,1,2,16,16000,57600,57600,3.6,NONE,21353.0,1869.489147625703,0.8527256944444445,sita,six
id_zf5ku6kbcgbu.wav,1,2,16,16000,81920,81920,5.12,NONE,10170.0,542.619853045789,0.895556640625,sita,six
id_5qj69902gext.wav,1,2,16,16000,55040,55040,3.44,NONE,16170.0,815.6580616684176,0.9093386627906976,tatu,three
id_fsfd0db509v3.wav,1,2,16,16000,52480,52480,3.28,NONE,23566.0,2375.2122075285574,0.4364138719512195,kumi,ten
id_s02sfvx1qo1d.wav,1,2,16,16000,52480,52480,3.28,NONE,8034.0,372.3427376640486,0.7875,saba,seven
id_ewy8yecuel5m.wav,1,2,16,16000,93440,93440,5.84,NONE,9426.0,674.8647854566133,0.8853702910958904,hapana,no
id_kjsatd6p7394.wav,1,2,16,16000,60160,60160,3.76,NONE,10453.0,896.1337403637647,0.8754321808510638,nne,four
id_09salta40fqu.wav,1,2,16,16000,76800,76800,4.8,NONE,2907.0,149.5730981148933,0.79296875,sita,six
id_lm7y433y5fro.wav,1,2,16,16000,74240,74240,4.64,NONE,3409.0,268.5799062273551,0.6310748922413794,sita,six
id_32ljffjeq9hv.wav,1,2,16,16000,66560,66560,4.16,NONE,24064.0,1027.7516791532885,0.9108623798076924,saba,seven
id_5wt0vrzlrwgh.wav,1,2,16,16000,51200,51200,3.2,NONE,7027.0,698.3447642433455,0.4698046875,mbili,two
id_s21qmi27sjyr.wav,1,2,16,16000,88064,88064,5.504,NONE,13426.0,1094.9486255096404,0.3519031613372093,hapana,no
id_xkfpbo2wo4ma.wav,1,2,16,16000,108544,108544,6.784,NONE,13674.0,466.1542317821928,0.9503979952830188,saba,seven
id_dto4107nn7uo.wav,1,2,16,16000,458752,458752,28.672,NONE,9119.0,262.9984933663913,0.9735063825334821,moja,one
id_1p2hi8wt0qpo.wav,1,2,16,16000,58880,58880,3.68,NONE,5387.0,370.4576965852365,0.9186820652173913,ndio,yes
id_u6qe47vvnf0n.wav,1,2,16,16000,104960,104960,6.56,NONE,4896.0,398.2722690872827,0.8715605945121951,moja,one
id_amenj9l3ayyu.wav,1,2,16,16000,67840,67840,4.24,NONE,27718.0,1436.821702546495,0.6840801886792452,tatu,three
id_5t6wkc7o4hi5.wav,1,2,16,16000,125440,125440,7.84,NONE,7756.0,644.0303494460902,0.783545918367347,nne,four
id_gc1gsrlo0m5w.wav,1,2,16,16000,61440,61440,3.84,NONE,19620.0,1543.6560386859128,0.6514485677083334,mbili,two
id_0rpsvdfvbc18.wav,1,2,16,16000,81920,81920,5.12,NONE,12818.0,536.6348539779225,0.85823974609375,tatu,three
id_f9u0m1q7uh1t.wav,1,2,16,16000,65280,65280,4.08,NONE,23751.0,967.9664200683317,0.8673100490196078,hapana,no
id_a4bweeb779z3.wav,1,2,16,16000,78080,78080,4.88,NONE,27436.0,1633.1456595556035,0.8894467213114754,sita,six
id_wo1vquxc2gmu.wav,1,2,16,16000,60160,60160,3.76,NONE,21372.0,1562.9737820846651,0.8531914893617021,hapana,no
id_qgkm1kzcigz7.wav,1,2,16,16000,84480,84480,5.28,NONE,13354.0,365.8789248561368,0.765044981060606,tatu,three
id_nr2agzca6wvr.wav,1,2,16,16000,72960,72960,4.56,NONE,21211.0,703.063464578256,0.9108004385964912,tano,five
id_hmz7xmwoikdc.wav,1,2,16,16000,64000,64000,4.0,NONE,24304.0,2164.040810219825,0.873859375,nne,four
id_b0090s60q5mo.wav,1,2,16,16000,83200,83200,5.2,NONE,7351.0,371.7558836700089,0.8186899038461538,nane,eight
id_4bw97g4jnt2r.wav,1,2,16,16000,66560,66560,4.16,NONE,13056.0,552.0739253083854,0.8818810096153846,hapana,no
id_p4l05fylbeht.wav,1,2,16,16000,69120,69120,4.32,NONE,10703.0,989.3987199652453,0.5114583333333333,kumi,ten
id_gwiokuy33zhv.wav,1,2,16,16000,106240,106240,6.64,NONE,22798.0,1927.3349736487098,0.8145707831325302,nne,four
id_98900curmmwt.wav,1,2,16,16000,81920,81920,5.12,NONE,9344.0,611.8760189259104,0.6207763671875,saba,seven
id_fxrbiyarlwfr.wav,1,2,16,16000,67840,67840,4.24,NONE,5565.0,309.95816223783135,0.8795253537735849,tano,five
id_9vqxiiue9my0.wav,1,2,16,16000,66560,66560,4.16,NONE,3556.0,313.65092671811095,0.8609375,tano,five
id_4birzk2y5nqm.wav,1,2,16,16000,57600,57600,3.6,NONE,4159.0,380.36454523825637,0.4090972222222222,kumi,ten
id_co4hs9s4bw0c.wav,1,2,16,16000,60160,60160,3.76,NONE,30442.0,1556.9921477819514,0.7954953457446808,tisa,nine
id_a1x8mlwzetfo.wav,1,2,16,16000,61440,61440,3.84,NONE,17895.0,1425.8773081796942,0.7004231770833333,nane,eight
id_dbfyn4wlu3qv.wav,1,2,16,16000,42240,42240,2.64,NONE,3902.0,625.0565317804475,0.17784090909090908,nne,four
id_zi44b1tsl0mv.wav,1,2,16,16000,69120,69120,4.32,NONE,8681.0,514.5996270334247,0.7461950231481481,moja,one
id_otnyptopsdiw.wav,1,2,16,16000,107520,107520,6.72,NONE,11355.0,503.505688247013,0.9292317708333333,moja,one
id_hjxmk8dldnik.wav,1,2,16,16000,64000,64000,4.0,NONE,13681.0,783.4586280058921,0.764078125,tano,five
id_m0e18colnz1i.wav,1,2,16,16000,52480,52480,3.28,NONE,169.0,19.284555815154388,0.06964557926829268,mbili,two
id_wgpj1590jty7.wav,1,2,16,16000,53760,53760,3.36,NONE,3964.0,496.92066026351347,0.6805431547619047,nne,four
id_evd7xby7fw8z.wav,1,2,16,16000,42240,42240,2.64,NONE,2436.0,401.0353398359657,0.19713541666666667,nane,eight
id_046k2bj5x87z.wav,1,2,16,16000,58880,58880,3.68,NONE,23266.0,1896.5661839444258,0.8922214673913044,mbili,two
id_d25u6o1j60pv.wav,1,2,16,16000,85760,85760,5.36,NONE,22909.0,1541.3936165323748,0.7677122201492538,saba,seven
id_nlenwbk65y7r.wav,1,2,16,16000,58880,58880,3.68,NONE,20217.0,1244.4479971574046,0.7433084239130435,tano,five
id_3wzazhlrpq5n.wav,1,2,16,16000,61440,61440,3.84,NONE,22849.0,1108.1011239628513,0.910302734375,tatu,three
id_vsl52wjsq41j.wav,1,2,16,16000,51200,51200,3.2,NONE,9966.0,610.9452707466163,0.2911328125,sita,six
id_tb68okcyj5se.wav,1,2,16,16000,72960,72960,4.56,NONE,29616.0,2034.5124462354763,0.8781935307017544,saba,seven
id_0kqntv93ikec.wav,1,2,16,16000,53760,53760,3.36,NONE,7626.0,586.8969705463288,0.9116815476190476,kumi,ten
id_9kysooszd258.wav,1,2,16,16000,64000,64000,4.0,NONE,3321.0,444.77756073260934,0.352,ndio,yes
id_xjggoacrog77.wav,1,2,16,16000,58880,58880,3.68,NONE,5031.0,324.1261918825233,0.9168138586956521,tisa,nine
id_oox89jn1a9zr.wav,1,2,16,16000,110080,110080,6.88,NONE,9424.0,634.7877009103969,0.5091115552325581,ndio,yes
id_rov4dfpgzdxq.wav,1,2,16,16000,65280,65280,4.08,NONE,7891.0,459.33594565213076,0.8897671568627451,saba,seven
id_g6hsce7h537v.wav,1,2,16,16000,49920,49920,3.12,NONE,6340.0,564.5729111773398,0.5038862179487179,ndio,yes
id_vp197e2iq48j.wav,1,2,16,16000,53760,53760,3.36,NONE,3351.0,260.00552005930473,0.9080915178571428,tisa,nine
id_ojxa8071i1n5.wav,1,2,16,16000,80640,80640,5.04,NONE,12523.0,1161.3832132817995,0.8824652777777777,ndio,yes
id_pc6mnkqq5mxs.wav,1,2,16,16000,57600,57600,3.6,NONE,7752.0,997.1954323215964,0.8709201388888889,nne,four
id_yk3xctzpsbkt.wav,1,2,16,16000,66560,66560,4.16,NONE,9265.0,321.5967771360635,0.8501953125,ndio,yes
id_5wo3gxs4lve4.wav,1,2,16,16000,75520,75520,4.72,NONE,30769.0,1703.313034348646,0.776125529661017,hapana,no
id_84dub5txii70.wav,1,2,16,16000,60160,60160,3.76,NONE,14066.0,744.7929505766843,0.8747007978723405,tano,five
id_7mnr01di9okg.wav,1,2,16,16000,89600,89600,5.6,NONE,29468.0,1806.6646145492211,0.8489174107142857,sita,six
id_0sorl8u4tk8o.wav,1,2,16,16000,71680,71680,4.48,NONE,16842.0,1340.5813662770995,0.8255161830357143,hapana,no
id_d2mpp2vbv7nk.wav,1,2,16,16000,69120,69120,4.32,NONE,24721.0,1666.6018274497003,0.8865451388888889,tisa,nine
id_s7n6b45986zb.wav,1,2,16,16000,81920,81920,5.12,NONE,6989.0,355.13826788850514,0.897900390625,nne,four
id_71i5cqkkhqlj.wav,1,2,16,16000,85760,85760,5.36,NONE,14273.0,812.3252222536375,0.919111473880597,tatu,three
id_7rwtj7s4zl7v.wav,1,2,16,16000,60160,60160,3.76,NONE,21024.0,1648.5255941722462,0.8912067819148937,sita,six
id_y4vdh5mfrwey.wav,1,2,16,16000,108800,108800,6.8,NONE,11221.0,679.6848917867469,0.6634466911764706,nne,four
id_hojx06ejprq1.wav,1,2,16,16000,78080,78080,4.88,NONE,28412.0,1427.9016823191564,0.906173155737705,saba,seven
id_heskmq5sn9f6.wav,1,2,16,16000,104448,104448,6.528,NONE,14104.0,824.8476750994903,0.9300704656862745,tano,five
id_zye4lne5dsoa.wav,1,2,16,16000,77824,77824,4.864,NONE,14093.0,1149.8802075095134,0.7626696134868421,ndio,yes
id_0yn2o7jrnw1r.wav,1,2,16,16000,87040,87040,5.44,NONE,6006.0,647.5788331471045,0.8779641544117647,nne,four
id_pltowd7g4tvm.wav,1,2,16,16000,78080,78080,4.88,NONE,13932.0,956.7654253389256,0.8893826844262295,sita,six
id_ctamqssqlgnz.wav,1,2,16,16000,58880,58880,3.68,NONE,27929.0,2324.3508017529057,0.846773097826087,sita,six
id_uz5fxtizfclq.wav,1,2,16,16000,76800,76800,4.8,NONE,12391.0,802.2473961537156,0.876953125,kumi,ten
id_f5yzh0otn33t.wav,1,2,16,16000,116480,116480,7.28,NONE,18834.0,1004.5457704280869,0.7365813873626373,tatu,three
id_wga77chh1o10.wav,1,2,16,16000,52480,52480,3.28,NONE,9744.0,700.0397488714481,0.5732278963414634,saba,seven
id_pl4olos7kpgj.wav,1,2,16,16000,61440,61440,3.84,NONE,7719.0,509.1940374488271,0.89013671875,ndio,yes
id_u7yodv7rxvbo.wav,1,2,16,16000,61440,61440,3.84,NONE,4766.0,288.7132335900106,0.9236165364583333,mbili,two
id_z5eqiru0by7a.wav,1,2,16,16000,48640,48640,3.04,NONE,22562.0,2339.1383936594284,0.5119037828947368,kumi,ten
id_0sf6b4b7vsrg.wav,1,2,16,16000,79360,79360,4.96,NONE,9102.0,355.07040948313926,0.9088457661290322,tatu,three
id_00cn4kcmk98r.wav,1,2,16,16000,64000,64000,4.0,NONE,17222.0,903.5881980073251,0.90640625,moja,one
id_n6vrd3lm3noi.wav,1,2,16,16000,100352,100352,6.272,NONE,4237.0,318.06531875477884,0.7312460140306123,nne,four
id_nspigpdvm6ts.wav,1,2,16,16000,61440,61440,3.84,NONE,15737.0,1250.9670789241752,0.7971354166666667,nane,eight
id_sw6fkw0sgymm.wav,1,2,16,16000,55040,55040,3.44,NONE,9010.0,618.1076720006365,0.8617369186046512,moja,one
id_bhug3onllgti.wav,1,2,16,16000,80640,80640,5.04,NONE,21794.0,1857.5277328077236,0.8835813492063492,moja,one
id_w01nihjvhlbp.wav,1,2,16,16000,85760,85760,5.36,NONE,10433.0,491.93642372364286,0.9095265858208955,moja,one
id_gc9tjh27qmkh.wav,1,2,16,16000,60160,60160,3.76,NONE,12868.0,760.8817377117449,0.8658244680851064,nane,eight
id_pwhgk2wlgz7o.wav,1,2,16,16000,72960,72960,4.56,NONE,9229.0,503.48701554441317,0.7991502192982456,hapana,no
id_vau0wkebslsc.wav,1,2,16,16000,75776,75776,4.736,NONE,2098.0,119.51611092523287,0.8012563344594594,tatu,three
id_u8adh4pf3n1m.wav,1,2,16,16000,65280,65280,4.08,NONE,12031.0,686.6229505748606,0.7440104166666667,mbili,two
id_1cs2y9oxnt2h.wav,1,2,16,16000,62720,62720,3.92,NONE,11290.0,520.1130123956382,0.9185905612244898,tisa,nine
id_xzr6m3xtfs61.wav,1,2,16,16000,71680,71680,4.48,NONE,2793.0,170.43684423003657,0.8517717633928571,tatu,three
id_y9yx6hxz4jfn.wav,1,2,16,16000,79872,79872,4.992,NONE,9716.0,1110.0718600523878,0.8746494391025641,ndio,yes
id_q4jqug1outk0.wav,1,2,16,16000,70400,70400,4.4,NONE,28870.0,1162.189440286581,0.7633948863636364,tisa,nine
id_wlqjfqzlc7jk.wav,1,2,16,16000,88320,88320,5.52,NONE,11116.0,376.6833192730584,0.6617640398550725,saba,seven
id_nls0quhv7yg1.wav,1,2,16,16000,61440,61440,3.84,NONE,16609.0,1620.9482391069532,0.867919921875,nne,four
id_fgtxguvptih7.wav,1,2,16,16000,65280,65280,4.08,NONE,3418.0,229.62808481895797,0.8253063725490196,saba,seven
id_ln9340r4eec8.wav,1,2,16,16000,66560,66560,4.16,NONE,19766.0,2205.729992525123,0.8111478365384616,mbili,two
id_or9fsoes3222.wav,1,2,16,16000,66560,66560,4.16,NONE,32767.0,2391.478107428813,0.9092548076923077,kumi,ten
id_zabkht2n4a2w.wav,1,2,16,16000,135680,135680,8.48,NONE,26530.0,3710.2558581899184,0.9114902712264151,sita,six
id_wl1a6217cpmz.wav,1,2,16,16000,81920,81920,5.12,NONE,11093.0,622.376648003426,0.91690673828125,tano,five
id_loj3cao4ouob.wav,1,2,16,16000,67840,67840,4.24,NONE,14995.0,2376.283044357003,0.5533166273584905,mbili,two
id_n29pv8mz429g.wav,1,2,16,16000,78080,78080,4.88,NONE,29440.0,1415.190040495344,0.910796618852459,mbili,two
id_auvi9ux6aats.wav,1,2,16,16000,67840,67840,4.24,NONE,9148.0,835.3405802478677,0.8162588443396226,nne,four
id_4pu66fizcyax.wav,1,2,16,16000,101120,101120,6.32,NONE,15871.0,1257.0817187111586,0.8848892405063291,tatu,three
id_ht7nqabyx1fo.wav,1,2,16,16000,66560,66560,4.16,NONE,3423.0,379.2722136728486,0.8664963942307692,ndio,yes
id_ko76wwl6qw5b.wav,1,2,16,16000,43520,43520,2.72,NONE,2288.0,373.5212035160828,0.22849264705882352,moja,one
id_91vze8m49hcs.wav,1,2,16,16000,58880,58880,3.68,NONE,15303.0,1006.3591227034739,0.8841881793478261,tano,five
id_v23kn9by3fb7.wav,1,2,16,16000,57600,57600,3.6,NONE,12503.0,1334.6365235588905,0.7538020833333333,ndio,yes
id_vblalo9yt6kg.wav,1,2,16,16000,66560,66560,4.16,NONE,22639.0,1157.2112003560835,0.6794921875,tano,five
id_ar60qo60bco2.wav,1,2,16,16000,64000,64000,4.0,NONE,8321.0,855.5244114448898,0.681921875,nne,four
id_s6tzfyrrdji4.wav,1,2,16,16000,71680,71680,4.48,NONE,15162.0,982.9653397438971,0.5816685267857142,nne,four
id_vjza0y38lsuk.wav,1,2,16,16000,72960,72960,4.56,NONE,9865.0,1094.7607539683163,0.3770833333333333,kumi,ten
id_sp9ejkpo6jsu.wav,1,2,16,16000,65280,65280,4.08,NONE,32768.0,1761.8662951333972,0.8949601715686275,ndio,yes
id_nj39pwaasl9u.wav,1,2,16,16000,70400,70400,4.4,NONE,16133.0,1008.8605428828087,0.9113778409090909,tatu,three
id_xff2oqsjji90.wav,1,2,16,16000,56320,56320,3.52,NONE,8426.0,317.0168329756557,0.6135653409090909,sita,six
id_6khyytl5tcja.wav,1,2,16,16000,49920,49920,3.12,NONE,11260.0,785.2953849645588,0.6596153846153846,saba,seven
id_r0z95xxbfbku.wav,1,2,16,16000,56320,56320,3.52,NONE,21282.0,1464.229779791792,0.5909978693181818,saba,seven
id_uaiuoie3u6sq.wav,1,2,16,16000,81920,81920,5.12,NONE,22102.0,846.2481159679452,0.87037353515625,mbili,two
id_rsyd6inzcj33.wav,1,2,16,16000,66560,66560,4.16,NONE,5223.0,269.3236951689307,0.923016826923077,moja,one
id_d29nll886520.wav,1,2,16,16000,92160,92160,5.76,NONE,16298.0,1130.844648236963,0.9366861979166666,tano,five
id_oxr2xgxjwdof.wav,1,2,16,16000,56320,56320,3.52,NONE,32768.0,2736.591686761055,0.872745028409091,ndio,yes
id_ahmrg3hf8ulz.wav,1,2,16,16000,66560,66560,4.16,NONE,20272.0,1073.5241534347574,0.7527944711538461,tatu,three
id_gt45539c55n6.wav,1,2,16,16000,48640,48640,3.04,NONE,6867.0,765.9722361752304,0.3708264802631579,kumi,ten
id_e2sehuac48lq.wav,1,2,16,16000,64000,64000,4.0,NONE,12962.0,1062.2363676093353,0.90771875,tisa,nine
id_itgbd4u4jq1d.wav,1,2,16,16000,122880,122880,7.68,NONE,15514.0,869.9253618914926,0.7812825520833333,tisa,nine
id_eir4zy1xw023.wav,1,2,16,16000,55040,55040,3.44,NONE,11274.0,983.1798427077476,0.9176053779069767,nne,four
id_1ql8dauqjt9h.wav,1,2,16,16000,84480,84480,5.28,NONE,5782.0,455.72273328792437,0.799408143939394,mbili,two
id_rkwu6ocdbsfw.wav,1,2,16,16000,87040,87040,5.44,NONE,2325.0,169.2503132396202,0.8300321691176471,tisa,nine
id_mrb5as033w4j.wav,1,2,16,16000,61440,61440,3.84,NONE,20225.0,1350.7250556377987,0.5396647135416667,tano,five
id_if8t1w94pan7.wav,1,2,16,16000,64000,64000,4.0,NONE,5717.0,514.762023551296,0.900890625,nne,four
id_b7ogapuzjlz7.wav,1,2,16,16000,76800,76800,4.8,NONE,8551.0,609.017895504123,0.42993489583333333,sita,six
id_d6k42wlqexub.wav,1,2,16,16000,71680,71680,4.48,NONE,26681.0,1424.0079813187056,0.89765625,hapana,no
id_jjoerv7cg916.wav,1,2,16,16000,67840,67840,4.24,NONE,28754.0,2059.624027635921,0.8810141509433962,tisa,nine
id_r2xle0g56kgy.wav,1,2,16,16000,67840,67840,4.24,NONE,5155.0,189.91440878747022,0.8988944575471698,tatu,three
id_vrsc6hlkfik6.wav,1,2,16,16000,66560,66560,4.16,NONE,5748.0,561.4659914904557,0.8379807692307693,kumi,ten
id_c38093r5atk7.wav,1,2,16,16000,57600,57600,3.6,NONE,27160.0,1588.4988283950668,0.8494965277777777,sita,six
id_9pckacd0g3zj.wav,1,2,16,16000,48640,48640,3.04,NONE,6581.0,847.8488656550758,0.23951480263157895,nne,four
id_x82dye5nonxa.wav,1,2,16,16000,96000,96000,6.0,NONE,28861.0,1484.8062325217445,0.9067708333333333,sita,six
id_j4ep3uymicbg.wav,1,2,16,16000,57600,57600,3.6,NONE,8811.0,1303.393118313909,0.8586979166666666,ndio,yes
id_xr5iyzzzanrh.wav,1,2,16,16000,79872,79872,4.992,NONE,13293.0,1126.397936431844,0.8495718149038461,tisa,nine
id_cbhrhkedajb0.wav,1,2,16,16000,67584,67584,4.224,NONE,10193.0,895.4344528222141,0.8673058712121212,ndio,yes
id_nnrg7lf4fygf.wav,1,2,16,16000,53760,53760,3.36,NONE,14298.0,1434.2471810657635,0.3053199404761905,moja,one
id_d6h63oa4csuu.wav,1,2,16,16000,67840,67840,4.24,NONE,2854.0,203.5582523916564,0.44609375,moja,one
id_3opl9t97kb8b.wav,1,2,16,16000,79360,79360,4.96,NONE,11050.0,589.8905802975585,0.8143019153225807,nne,four
id_rud6460r35x5.wav,1,2,16,16000,66560,66560,4.16,NONE,28723.0,1603.7546004640533,0.9045522836538461,nne,four
id_wdmv71x28qgb.wav,1,2,16,16000,71680,71680,4.48,NONE,26980.0,1102.3174674906702,0.8277622767857142,tatu,three
id_mrd9ilyh9bq9.wav,1,2,16,16000,75776,75776,4.736,NONE,9929.0,899.5369438068299,0.8494774070945946,ndio,yes
id_e5ze0nyd4xx2.wav,1,2,16,16000,57344,57344,3.584,NONE,8519.0,693.8709844886399,0.8568115234375,tatu,three
id_o5ps9a0gbeaa.wav,1,2,16,16000,58880,58880,3.68,NONE,5638.0,488.94546880750545,0.6439707880434783,moja,one
id_idsj0gubpvyr.wav,1,2,16,16000,56320,56320,3.52,NONE,24793.0,1386.715708997946,0.8988458806818181,tisa,nine
id_ifj709a7zw00.wav,1,2,16,16000,53760,53760,3.36,NONE,3822.0,266.89636028184503,0.9113467261904762,nne,four
id_s414mt0fagfz.wav,1,2,16,16000,61440,61440,3.84,NONE,5945.0,505.1574442099762,0.89755859375,nne,four
id_x1lqwlty7xe4.wav,1,2,16,16000,49920,49920,3.12,NONE,5257.0,543.7451683398655,0.3508213141025641,ndio,yes
id_g7dbo1ck5lur.wav,1,2,16,16000,80640,80640,5.04,NONE,11766.0,806.7229481469858,0.8172247023809524,tisa,nine
id_ry77kts8apn8.wav,1,2,16,16000,67840,67840,4.24,NONE,11475.0,1061.2789547992386,0.7030660377358491,mbili,two
id_2k4wo9up6r9n.wav,1,2,16,16000,104960,104960,6.56,NONE,21296.0,1793.6783748341174,0.8644150152439024,tano,five
id_zm9escyq1mx4.wav,1,2,16,16000,49920,49920,3.12,NONE,5738.0,730.0630261528444,0.3313701923076923,nne,four
id_kbja27bq84kq.wav,1,2,16,16000,65280,65280,4.08,NONE,23397.0,2154.0968092493567,0.4221047794117647,tatu,three
id_f122ze0ts1cd.wav,1,2,16,16000,51200,51200,3.2,NONE,10395.0,1147.6853659002377,0.36857421875,nane,eight
id_hnsywr8cukwq.wav,1,2,16,16000,70400,70400,4.4,NONE,13511.0,1325.408273795029,0.8970880681818182,kumi,ten
id_loyt0onxf6dv.wav,1,2,16,16000,85760,85760,5.36,NONE,7875.0,666.70781196102,0.903544776119403,kumi,ten
id_ghykygteyi33.wav,1,2,16,16000,83200,83200,5.2,NONE,4783.0,268.87119190522895,0.8511418269230769,hapana,no
id_1q835ieht39j.wav,1,2,16,16000,97280,97280,6.08,NONE,28791.0,774.419751213177,0.7270250822368421,sita,six
id_yzhsrfdkl3kl.wav,1,2,16,16000,87040,87040,5.44,NONE,32768.0,2808.7193159323765,0.9174402573529412,saba,seven
id_t18f74l6vmbp.wav,1,2,16,16000,61440,61440,3.84,NONE,8987.0,947.2360274070231,0.87138671875,kumi,ten
id_5csagw7engwe.wav,1,2,16,16000,63488,63488,3.968,NONE,5614.0,303.2591836984988,0.8412613407258065,tano,five
id_5ym7luykk2xy.wav,1,2,16,16000,51200,51200,3.2,NONE,9450.0,656.5381819181625,0.8471484375,kumi,ten
id_7iszpismmext.wav,1,2,16,16000,61440,61440,3.84,NONE,26109.0,3071.0697096092263,0.7318033854166667,nne,four
id_isfckkm13lko.wav,1,2,16,16000,56320,56320,3.52,NONE,18654.0,1685.4455141584176,0.5413529829545455,kumi,ten
id_wci1tzeka1tu.wav,1,2,16,16000,64000,64000,4.0,NONE,3830.0,158.660378885609,0.702515625,sita,six
id_fs3xtdik8wjd.wav,1,2,16,16000,74240,74240,4.64,NONE,23763.0,1407.0827922671008,0.8521012931034483,saba,seven
id_xec3x2oeoefw.wav,1,2,16,16000,53760,53760,3.36,NONE,6706.0,520.7976499264362,0.8390066964285714,saba,seven
id_u889nzpu8857.wav,1,2,16,16000,58880,58880,3.68,NONE,5598.0,257.41654930741527,0.9038552989130435,hapana,no
id_7t9x52klwwnk.wav,1,2,16,16000,97280,97280,6.08,NONE,3633.0,313.7567556347026,0.6058079769736842,mbili,two
id_qcht2vd1mc75.wav,1,2,16,16000,51200,51200,3.2,NONE,5040.0,313.64642734569566,0.3940234375,kumi,ten
id_2026cz7qe8rt.wav,1,2,16,16000,76800,76800,4.8,NONE,2289.0,229.78331408588323,0.4285026041666667,kumi,ten
id_dkjcji4ofxp6.wav,1,2,16,16000,57600,57600,3.6,NONE,10640.0,546.7179174876961,0.8674479166666667,saba,seven
id_h4v4dpiy7l4y.wav,1,2,16,16000,72960,72960,4.56,NONE,12244.0,564.0994355769218,0.8944627192982456,tano,five
id_xxqyzf12fhip.wav,1,2,16,16000,92160,92160,5.76,NONE,32768.0,1985.3422242378213,0.8653971354166666,nane,eight
id_hzzzpsqwoq3o.wav,1,2,16,16000,62720,62720,3.92,NONE,4284.0,519.559632019742,0.8955516581632653,kumi,ten
id_jjb1v315me3z.wav,1,2,16,16000,53760,53760,3.36,NONE,4301.0,317.22364786399027,0.8768229166666667,nne,four
id_2ia11palltqy.wav,1,2,16,16000,62720,62720,3.92,NONE,10673.0,713.411949246134,0.703954081632653,moja,one
id_o9o5lt1x1ak5.wav,1,2,16,16000,93440,93440,5.84,NONE,28023.0,2188.2583345458397,0.9167487157534246,kumi,ten
id_solcjuh0w6sn.wav,1,2,16,16000,69632,69632,4.352,NONE,9168.0,753.9573533617066,0.8372730928308824,nane,eight
id_ghrgzuhl8mbj.wav,1,2,16,16000,77824,77824,4.864,NONE,11944.0,747.8124825251004,0.8285875822368421,saba,seven
id_nwe4kmfdp6iv.wav,1,2,16,16000,87040,87040,5.44,NONE,13674.0,1369.2925429782981,0.8945657169117647,kumi,ten
id_zqoy2o0zve6t.wav,1,2,16,16000,53760,53760,3.36,NONE,22722.0,2378.789136285668,0.8506324404761905,nne,four
id_hqxf01pc53ur.wav,1,2,16,16000,76800,76800,4.8,NONE,16406.0,809.703674634212,0.8892057291666666,saba,seven
id_39eqo7zuhrw5.wav,1,2,16,16000,66560,66560,4.16,NONE,5384.0,486.8281975505203,0.5534705528846153,hapana,no
id_36t5xwy2dgg2.wav,1,2,16,16000,71680,71680,4.48,NONE,22651.0,606.2232682227809,0.83125,hapana,no
id_172scgpa6j7j.wav,1,2,16,16000,76800,76800,4.8,NONE,17272.0,1157.5549490140756,0.9192708333333334,moja,one
id_3o4tslbwf02d.wav,1,2,16,16000,73728,73728,4.608,NONE,9713.0,552.7991216985948,0.8439805772569444,hapana,no
id_lrduy4kd0l9m.wav,1,2,16,16000,81920,81920,5.12,NONE,13696.0,611.6178544965516,0.80980224609375,tisa,nine
id_pp4ttrnkdkgf.wav,1,2,16,16000,112640,112640,7.04,NONE,11144.0,457.15880122789696,0.44120205965909093,tano,five
id_84ldvfqkl16q.wav,1,2,16,16000,71680,71680,4.48,NONE,10826.0,986.4565315249171,0.4650390625,ndio,yes
id_qbe85f3t4cav.wav,1,2,16,16000,55040,55040,3.44,NONE,10225.0,734.5685383147248,0.289171511627907,nane,eight
id_nflxbdqlkxqb.wav,1,2,16,16000,63488,63488,3.968,NONE,15448.0,929.188379691318,0.8466954385080645,saba,seven
id_gasvodh0egsu.wav,1,2,16,16000,52480,52480,3.28,NONE,3991.0,370.82122756457727,0.8346417682926829,tisa,nine
id_3bjfm0pzhivx.wav,1,2,16,16000,61440,61440,3.84,NONE,9529.0,1181.4702181051925,0.798193359375,mbili,two
id_ju5cqfzl8586.wav,1,2,16,16000,90880,90880,5.68,NONE,22310.0,821.5559930685912,0.9171104753521127,tano,five
id_hh0ubh21vg5d.wav,1,2,16,16000,70400,70400,4.4,NONE,4943.0,284.1051166401907,0.4877556818181818,sita,six
id_khr4zl9x8pek.wav,1,2,16,16000,125440,125440,7.84,NONE,9331.0,801.4143044769544,0.8846221301020408,kumi,ten
id_ajss1tkmdd7z.wav,1,2,16,16000,79360,79360,4.96,NONE,12448.0,1161.3755077590888,0.5841481854838709,sita,six
id_2f202evzhjwk.wav,1,2,16,16000,94720,94720,5.92,NONE,7589.0,736.7890350418763,0.6642314189189189,tisa,nine
id_7kalzf8g2hq5.wav,1,2,16,16000,52480,52480,3.28,NONE,11808.0,1365.2001730515565,0.7983422256097561,ndio,yes
id_epor36n7bdh3.wav,1,2,16,16000,69120,69120,4.32,NONE,15347.0,1339.4211102039826,0.5625578703703704,mbili,two
id_klfy3aux9myg.wav,1,2,16,16000,71680,71680,4.48,NONE,16976.0,1107.155164232612,0.8653738839285714,hapana,no
id_mc9o31oe6q7u.wav,1,2,16,16000,65536,65536,4.096,NONE,9543.0,598.4205576884335,0.8877105712890625,tatu,three
id_6lcykyju2a1f.wav,1,2,16,16000,59392,59392,3.712,NONE,7980.0,743.9514211962675,0.8415948275862069,nane,eight
id_0jakfzax43oe.wav,1,2,16,16000,63488,63488,3.968,NONE,14083.0,840.1647982386222,0.8498456401209677,saba,seven
id_9ak07reekdi3.wav,1,2,16,16000,75520,75520,4.72,NONE,22534.0,1930.256675483722,0.8735037076271186,nne,four
id_nxnhmkp8903z.wav,1,2,16,16000,57600,57600,3.6,NONE,9744.0,395.87018374521745,0.9227430555555556,tano,five
id_yjvonez9ka7g.wav,1,2,16,16000,100352,100352,6.272,NONE,10364.0,838.8520401873329,0.7722417091836735,mbili,two
id_ra35013g0wt7.wav,1,2,16,16000,64000,64000,4.0,NONE,22549.0,1457.856002791428,0.87071875,nane,eight
id_596447eup9oy.wav,1,2,16,16000,81920,81920,5.12,NONE,11661.0,486.2792675759668,0.52174072265625,nane,eight
id_7pof02w7dlbl.wav,1,2,16,16000,61440,61440,3.84,NONE,14376.0,1352.0245423386136,0.8681315104166667,nane,eight
id_ajws25c9xwdk.wav,1,2,16,16000,56320,56320,3.52,NONE,9172.0,813.1572247911923,0.84921875,tano,five
id_cjz8yq10supd.wav,1,2,16,16000,78080,78080,4.88,NONE,12036.0,1244.5898986893512,0.8136654713114754,mbili,two
id_o2569sbuxrlu.wav,1,2,16,16000,240640,240640,15.04,NONE,32768.0,1872.7469833600965,0.8168633643617021,hapana,no
id_p8w11anz1gir.wav,1,2,16,16000,69120,69120,4.32,NONE,32274.0,1618.4355184833364,0.9116174768518519,tisa,nine
id_v235vddtg1sm.wav,1,2,16,16000,63488,63488,3.968,NONE,18324.0,1288.369285093096,0.8550434727822581,nane,eight
id_ca1e1rlyiwa5.wav,1,2,16,16000,137216,137216,8.576,NONE,15491.0,529.8182724266562,0.8565983558768657,saba,seven
id_4nhaqhmpro2d.wav,1,2,16,16000,80640,80640,5.04,NONE,19762.0,1055.7619598649203,0.8916170634920635,tisa,nine
id_hgxk47sqmr8w.wav,1,2,16,16000,89600,89600,5.6,NONE,20906.0,1767.8433391524586,0.541171875,saba,seven
id_rgtqo0juem25.wav,1,2,16,16000,60160,60160,3.76,NONE,14591.0,906.7147123256974,0.7776429521276595,tano,five
id_uaf1xkdkgdjo.wav,1,2,16,16000,69120,69120,4.32,NONE,4291.0,462.6351129751428,0.7538773148148148,tano,five
id_f9j91igsst7f.wav,1,2,16,16000,74240,74240,4.64,NONE,2981.0,141.54351465520514,0.8896955818965517,tatu,three
id_cjr4iqlhz49g.wav,1,2,16,16000,71680,71680,4.48,NONE,7954.0,572.6843579512853,0.6057338169642857,moja,one
id_jfsvn2kv57dy.wav,1,2,16,16000,80640,80640,5.04,NONE,16493.0,987.7959368323098,0.9133804563492064,nne,four
id_02yh4h2au53z.wav,1,2,16,16000,118784,118784,7.424,NONE,14738.0,937.0979776441063,0.946954135237069,tatu,three
id_w01qk78vteti.wav,1,2,16,16000,96000,96000,6.0,NONE,17549.0,1598.197047365666,0.8542083333333333,saba,seven
id_3rk92s4rcgd4.wav,1,2,16,16000,81920,81920,5.12,NONE,16081.0,959.8178191762752,0.834716796875,kumi,ten
id_1y15yyn3ymhp.wav,1,2,16,16000,84480,84480,5.28,NONE,6523.0,360.5768828844189,0.5744436553030303,moja,one
id_maih0d0aw7s2.wav,1,2,16,16000,69120,69120,4.32,NONE,15828.0,1457.6423648438652,0.7798611111111111,tisa,nine
id_kdigr9fmz5pi.wav,1,2,16,16000,71680,71680,4.48,NONE,13059.0,657.1489589014562,0.8766462053571429,hapana,no
id_j48unplyz5xk.wav,1,2,16,16000,76800,76800,4.8,NONE,27714.0,2168.4829935180683,0.84234375,nane,eight
id_lk9l4v4n8oto.wav,1,2,16,16000,67584,67584,4.224,NONE,18653.0,1411.9738203908405,0.8233457623106061,saba,seven
id_ungdog8wgeaa.wav,1,2,16,16000,112640,112640,7.04,NONE,9968.0,799.3136339415396,0.8213512073863637,tano,five
id_634gu2bx6dx7.wav,1,2,16,16000,85760,85760,5.36,NONE,8935.0,864.260279272873,0.564179104477612,nne,four
id_92pd0g53n3c9.wav,1,2,16,16000,81920,81920,5.12,NONE,2466.0,141.01325699189044,0.52093505859375,sita,six
id_3oj2j7dal77u.wav,1,2,16,16000,96000,96000,6.0,NONE,9432.0,636.0873708740149,0.8978333333333334,tatu,three
id_zbfnf75160ry.wav,1,2,16,16000,66560,66560,4.16,NONE,11361.0,1035.412444269237,0.466796875,tisa,nine
id_qux9rzi96eeu.wav,1,2,16,16000,134400,134400,8.4,NONE,26382.0,5049.691365753709,0.8965252976190476,kumi,ten
id_0wvftak173os.wav,1,2,16,16000,78080,78080,4.88,NONE,1972.0,148.76301047764846,0.8650742827868853,hapana,no
id_597j4jnuuqjy.wav,1,2,16,16000,53760,53760,3.36,NONE,19653.0,1293.5917424485024,0.806063988095238,mbili,two
id_st6776aatgol.wav,1,2,16,16000,74240,74240,4.64,NONE,14915.0,1488.0511370682705,0.46205549568965515,tatu,three
id_p2oau0luxhww.wav,1,2,16,16000,71680,71680,4.48,NONE,10793.0,1129.284493054248,0.7136579241071429,ndio,yes
id_z5idkrwyr29q.wav,1,2,16,16000,72960,72960,4.56,NONE,13726.0,875.7335961748289,0.9009046052631579,tisa,nine
id_wztyx3ykba9f.wav,1,2,16,16000,63488,63488,3.968,NONE,4357.0,349.4809720389485,0.8824344758064516,kumi,ten
id_u89ydp3i4jw4.wav,1,2,16,16000,67584,67584,4.224,NONE,14452.0,1117.928995439117,0.8652195785984849,tisa,nine
id_xmicfkcwsx3y.wav,1,2,16,16000,78080,78080,4.88,NONE,8544.0,387.8088805130893,0.7773181352459017,saba,seven
id_s56xvoran4l2.wav,1,2,16,16000,64000,64000,4.0,NONE,32075.0,2225.043131081255,0.81753125,saba,seven
id_6m0z2hx369mx.wav,1,2,16,16000,103680,103680,6.48,NONE,5676.0,401.2978241686398,0.8863618827160494,kumi,ten
id_ieo1nynohd9s.wav,1,2,16,16000,87040,87040,5.44,NONE,23954.0,1675.3181957560332,0.7004710477941176,moja,one
id_6k2m2e85zkr7.wav,1,2,16,16000,61440,61440,3.84,NONE,12509.0,1256.2639242659598,0.6311197916666667,mbili,two
id_h6bon83fm46q.wav,1,2,16,16000,134400,134400,8.4,NONE,7776.0,468.57883052552285,0.7289880952380953,moja,one
id_k18jsiu2wqz4.wav,1,2,16,16000,66560,66560,4.16,NONE,16148.0,978.810554841247,0.6350360576923076,sita,six
id_14lz38onupm6.wav,1,2,16,16000,75520,75520,4.72,NONE,27041.0,1738.557254624817,0.8943988347457628,sita,six
id_iozm8o4cy8l6.wav,1,2,16,16000,81920,81920,5.12,NONE,27479.0,1351.4002662386315,0.816650390625,sita,six
id_jyxzwy6hqpz1.wav,1,2,16,16000,88320,88320,5.52,NONE,4036.0,310.9333338516322,0.40016983695652175,hapana,no
id_v4hhr7mgflj9.wav,1,2,16,16000,67840,67840,4.24,NONE,19112.0,1446.9668588041657,0.8168042452830189,mbili,two
id_rx7vw6cjk520.wav,1,2,16,16000,66560,66560,4.16,NONE,8100.0,527.6260472466964,0.8713341346153847,ndio,yes
id_8ii3xrw5x671.wav,1,2,16,16000,67840,67840,4.24,NONE,17692.0,739.4099187714446,0.9230247641509434,tisa,nine
id_ismvn86we6rj.wav,1,2,16,16000,88064,88064,5.504,NONE,7749.0,818.4531815546837,0.8651548873546512,nane,eight
id_iws4cs9wbc4r.wav,1,2,16,16000,110080,110080,6.88,NONE,10166.0,471.3516361853357,0.5367641715116279,tisa,nine
id_lmh1r56kmqm1.wav,1,2,16,16000,57600,57600,3.6,NONE,13740.0,494.7028639082533,0.7606076388888889,sita,six
id_qf6siymb8v1s.wav,1,2,16,16000,58880,58880,3.68,NONE,12514.0,1134.762401015962,0.85859375,ndio,yes
id_r8pi5tvnjr7y.wav,1,2,16,16000,43520,43520,2.72,NONE,12060.0,576.3550663835235,0.48246783088235295,tano,five
id_sgaub2w8qc7m.wav,1,2,16,16000,67840,67840,4.24,NONE,8009.0,652.4845108134101,0.47920106132075474,mbili,two
id_ty32bi0251ku.wav,1,2,16,16000,67840,67840,4.24,NONE,8366.0,531.7610510129624,0.4991303066037736,tisa,nine
id_flehbkhti0eg.wav,1,2,16,16000,79360,79360,4.96,NONE,24488.0,1366.8016534796252,0.6388230846774193,saba,seven
id_kmsqrdwia7t5.wav,1,2,16,16000,66560,66560,4.16,NONE,6422.0,600.5908395117334,0.8548978365384615,kumi,ten
id_h53tg8ngcvn1.wav,1,2,16,16000,52480,52480,3.28,NONE,3649.0,311.6905924457896,0.8580411585365854,tatu,three
id_dhizjualnvo8.wav,1,2,16,16000,70400,70400,4.4,NONE,15456.0,822.0546210130914,0.86,saba,seven
id_o5lzo8ncu7rh.wav,1,2,16,16000,67840,67840,4.24,NONE,13766.0,740.7646566440781,0.8651680424528302,moja,one
id_slpwkzjay0w9.wav,1,2,16,16000,92160,92160,5.76,NONE,10902.0,673.1209141701927,0.9060980902777778,moja,one
id_ejg9julgwcxl.wav,1,2,16,16000,44800,44800,2.8,NONE,2195.0,300.5715051528029,0.16770089285714285,sita,six
id_6onfy14u6ztv.wav,1,2,16,16000,64000,64000,4.0,NONE,15232.0,728.9962419206117,0.908046875,nane,eight
id_xbhxfpu2auxo.wav,1,2,16,16000,63488,63488,3.968,NONE,10884.0,1167.9042847607527,0.8578471522177419,ndio,yes
id_pbmx3ng14f12.wav,1,2,16,16000,70400,70400,4.4,NONE,13170.0,774.883211902328,0.7067613636363637,nane,eight
id_glmx3wv0suxm.wav,1,2,16,16000,83200,83200,5.2,NONE,21894.0,2313.2307752559723,0.5609254807692308,ndio,yes
id_pmg89uvhzz7q.wav,1,2,16,16000,64000,64000,4.0,NONE,3717.0,238.04086738809158,0.8735625,moja,one
id_xlzbiirsq295.wav,1,2,16,16000,69120,69120,4.32,NONE,12359.0,446.01909968406744,0.8079282407407408,saba,seven
id_pk54wchc7mk7.wav,1,2,16,16000,64000,64000,4.0,NONE,25157.0,1389.7202364088878,0.715625,ndio,yes
id_sf2g4k6d2k7c.wav,1,2,16,16000,70400,70400,4.4,NONE,12116.0,784.0503774471383,0.8837926136363636,tatu,three
id_9i9azhs6u6dj.wav,1,2,16,16000,73728,73728,4.608,NONE,32767.0,848.6038965673645,0.8950873480902778,hapana,no
id_ypyewm9khlq6.wav,1,2,16,16000,70400,70400,4.4,NONE,7401.0,545.2551987997747,0.3567613636363636,moja,one
id_340o949reb8z.wav,1,2,16,16000,64000,64000,4.0,NONE,6030.0,426.28285514872636,0.720234375,tatu,three
id_ilkmfbcv2rq6.wav,1,2,16,16000,74240,74240,4.64,NONE,9075.0,739.3989843298523,0.8952316810344828,kumi,ten
id_5prc3lwxgzl1.wav,1,2,16,16000,64000,64000,4.0,NONE,11662.0,707.5264617622086,0.873,nane,eight
id_rh60wbu37m4e.wav,1,2,16,16000,72960,72960,4.56,NONE,11994.0,662.7091252091046,0.9202850877192983,nne,four
id_13wgoppzfqb3.wav,1,2,16,16000,51200,51200,3.2,NONE,12033.0,418.92129856875414,0.756953125,mbili,two
id_erhi4t6tp394.wav,1,2,16,16000,61440,61440,3.84,NONE,3268.0,413.40379200897013,0.8594889322916667,kumi,ten
id_w36i555nl4ww.wav,1,2,16,16000,69120,69120,4.32,NONE,9136.0,405.99799607312536,0.7906394675925926,sita,six
id_m7mth6eiulae.wav,1,2,16,16000,98560,98560,6.16,NONE,32768.0,2450.0432233320316,0.9205864448051948,nne,four
id_uqsbtcg0wpt1.wav,1,2,16,16000,65280,65280,4.08,NONE,25445.0,2161.8513843950477,0.8194240196078432,moja,one
id_4xvr6mnh173e.wav,1,2,16,16000,55040,55040,3.44,NONE,3472.0,386.7014422424783,0.8176235465116279,saba,seven
id_jhr81qgdnztn.wav,1,2,16,16000,60160,60160,3.76,NONE,20946.0,1701.3843354744997,0.8267952127659575,mbili,two
id_bh7qgquar3i1.wav,1,2,16,16000,48640,48640,3.04,NONE,13453.0,1009.4198141835969,0.8846217105263158,tano,five
id_7c1rifwlr08j.wav,1,2,16,16000,65280,65280,4.08,NONE,14388.0,915.251862301344,0.741390931372549,saba,seven
id_ggnk24fsgmcm.wav,1,2,16,16000,52480,52480,3.28,NONE,8674.0,804.0435088711147,0.8670922256097561,nane,eight
id_261p2v0a2s2e.wav,1,2,16,16000,52480,52480,3.28,NONE,28795.0,1612.907680466815,0.6571455792682926,nane,eight
id_x8zq6vko7xab.wav,1,2,16,16000,152320,152320,9.52,NONE,2593.0,218.82828321643362,0.3093421743697479,ndio,yes
id_385q2v9dcn68.wav,1,2,16,16000,47360,47360,2.96,NONE,8255.0,467.0644356128586,0.5073690878378379,tisa,nine
id_je1lzuhwo7ug.wav,1,2,16,16000,83200,83200,5.2,NONE,5803.0,258.49172429004824,0.8477764423076923,hapana,no
id_rlk2q99qj786.wav,1,2,16,16000,56320,56320,3.52,NONE,6365.0,299.0244651409662,0.8984375,hapana,no
id_wgwri94sgyy1.wav,1,2,16,16000,62720,62720,3.92,NONE,11588.0,1018.9224525221861,0.6723533163265306,ndio,yes
id_fea72rvrhn38.wav,1,2,16,16000,80640,80640,5.04,NONE,32768.0,1944.0473225653516,0.9155629960317461,tatu,three
id_y0yr1wzqrnc1.wav,1,2,16,16000,66560,66560,4.16,NONE,12230.0,791.1010263988734,0.8765925480769231,moja,one
id_tdzhalnp8pbv.wav,1,2,16,16000,71680,71680,4.48,NONE,28257.0,950.8617486464909,0.9285016741071429,nane,eight
id_poszu5k0wknu.wav,1,2,16,16000,195840,195840,12.24,NONE,29090.0,1492.1358502233818,0.5810661764705882,nne,four
id_6ar5dj3ebsum.wav,1,2,16,16000,149760,149760,9.36,NONE,3424.0,148.41662756985622,0.9547876602564103,saba,seven
id_j0uu2dx8i4qr.wav,1,2,16,16000,69120,69120,4.32,NONE,5868.0,600.8922899901114,0.7603877314814815,kumi,ten
id_5ux5nzox3dhj.wav,1,2,16,16000,100352,100352,6.272,NONE,3497.0,303.5089089376588,0.8467195471938775,mbili,two
id_4izq1cxeamkh.wav,1,2,16,16000,67584,67584,4.224,NONE,9470.0,1052.3910541225778,0.8802231297348485,kumi,ten
id_9n5hetpohwsp.wav,1,2,16,16000,70400,70400,4.4,NONE,11415.0,626.2234703712006,0.9154971590909091,tatu,three
id_arpzxwhl3714.wav,1,2,16,16000,81920,81920,5.12,NONE,4815.0,346.6353473052984,0.89007568359375,tisa,nine
id_q65izqe31eoq.wav,1,2,16,16000,97280,97280,6.08,NONE,28309.0,1930.0409221154603,0.8107216282894737,saba,seven
id_0knj7xl1b47j.wav,1,2,16,16000,57600,57600,3.6,NONE,17872.0,1487.0137451671294,0.85484375,sita,six
id_7e5vu6pd6lkm.wav,1,2,16,16000,76800,76800,4.8,NONE,4782.0,342.60699594706904,0.26209635416666666,kumi,ten
id_0ob70n4arevf.wav,1,2,16,16000,74240,74240,4.64,NONE,10384.0,631.1479673321975,0.12629310344827585,kumi,ten
id_mpllng5tdj7q.wav,1,2,16,16000,64000,64000,4.0,NONE,11022.0,706.054848358557,0.71775,tano,five
id_660is7g565c3.wav,1,2,16,16000,63488,63488,3.968,NONE,7553.0,633.8275042255402,0.8609973538306451,sita,six
id_ao6sqm031m70.wav,1,2,16,16000,62720,62720,3.92,NONE,5173.0,304.93782490330744,0.6473692602040816,mbili,two
id_gfhus61l6300.wav,1,2,16,16000,76800,76800,4.8,NONE,32767.0,1300.7857931552294,0.9172786458333333,tano,five
id_m9tmesm3zx7a.wav,1,2,16,16000,74240,74240,4.64,NONE,30439.0,1155.6607746439465,0.7731007543103449,tano,five
id_dietxzcwpeut.wav,1,2,16,16000,83200,83200,5.2,NONE,27497.0,1688.9909117007387,0.7426442307692308,moja,one
id_qibuogfz57oe.wav,1,2,16,16000,75520,75520,4.72,NONE,5248.0,420.85078432485216,0.8007018008474577,ndio,yes
id_k8jsyqs9zjh8.wav,1,2,16,16000,67584,67584,4.224,NONE,4614.0,293.50261252370245,0.7831735321969697,moja,one
id_sevjnb1kbt3d.wav,1,2,16,16000,122880,122880,7.68,NONE,8451.0,437.56043414441143,0.7933268229166667,hapana,no
id_j4u9jxt3qows.wav,1,2,16,16000,83200,83200,5.2,NONE,2402.0,195.36628096470685,0.530733173076923,hapana,no
id_upptook8ny0m.wav,1,2,16,16000,75520,75520,4.72,NONE,14697.0,1229.925388448163,0.7067929025423729,kumi,ten
id_xi8w5woehel0.wav,1,2,16,16000,60160,60160,3.76,NONE,4706.0,205.78415843717613,0.8840757978723405,hapana,no
id_tgngyxhsdqb0.wav,1,2,16,16000,98560,98560,6.16,NONE,25213.0,1110.1054518809735,0.9043019480519481,tatu,three
id_m1v6l6xxu4qr.wav,1,2,16,16000,70400,70400,4.4,NONE,15393.0,1482.788151806995,0.8337926136363636,tisa,nine
id_lpckfn0jmlp3.wav,1,2,16,16000,62720,62720,3.92,NONE,5198.0,449.2737767051945,0.9018494897959184,kumi,ten
id_8tusxl6mau8m.wav,1,2,16,16000,60160,60160,3.76,NONE,9072.0,861.496331104964,0.8729720744680851,nne,four
id_4x7u0i132hsy.wav,1,2,16,16000,74240,74240,4.64,NONE,2267.0,178.56270586146752,0.4445447198275862,hapana,no
id_jr5jb638ithv.wav,1,2,16,16000,62720,62720,3.92,NONE,28722.0,2009.8215643721792,0.8402104591836734,nane,eight
id_ytf30g86rzs0.wav,1,2,16,16000,90880,90880,5.68,NONE,17857.0,1049.0214859748926,0.9140294894366198,moja,one
id_ug62m8m2bhwz.wav,1,2,16,16000,56320,56320,3.52,NONE,24266.0,1727.6518155554097,0.6768821022727273,moja,one
id_zcn6n6b4j6t7.wav,1,2,16,16000,69120,69120,4.32,NONE,8517.0,847.6138583144526,0.7659288194444445,ndio,yes
id_ngfknlut9qlh.wav,1,2,16,16000,67584,67584,4.224,NONE,13941.0,1570.3921509650065,0.863473603219697,mbili,two
id_t0i0gqcro6fd.wav,1,2,16,16000,55040,55040,3.44,NONE,3191.0,462.9150689932414,0.8054869186046512,nane,eight
id_imvf7j5djhfy.wav,1,2,16,16000,65280,65280,4.08,NONE,15377.0,825.1674452213844,0.7048253676470588,tatu,three
id_756zyn35i0aq.wav,1,2,16,16000,72960,72960,4.56,NONE,7496.0,560.1112522268788,0.8768914473684211,moja,one
id_kpyuqxodvomt.wav,1,2,16,16000,60160,60160,3.76,NONE,6386.0,464.3470430038395,0.8522273936170213,nne,four
id_h7fz8fuxx0jb.wav,1,2,16,16000,71680,71680,4.48,NONE,11054.0,1041.0274458220586,0.8571986607142857,kumi,ten
id_5x0ht0zjmu3l.wav,1,2,16,16000,51200,51200,3.2,NONE,15584.0,1148.3561555290266,0.70939453125,tisa,nine
id_9algfkobymge.wav,1,2,16,16000,99840,99840,6.24,NONE,12204.0,492.3568117922094,0.9288060897435897,tisa,nine
id_n18aro100dmq.wav,1,2,16,16000,66560,66560,4.16,NONE,2761.0,275.40331368067825,0.8258563701923077,nane,eight
id_tbbzxy9n6e72.wav,1,2,16,16000,65536,65536,4.096,NONE,9264.0,1076.5058318111714,0.846343994140625,kumi,ten
id_n7szgr5esy13.wav,1,2,16,16000,65280,65280,4.08,NONE,4267.0,367.7584581177663,0.2760110294117647,mbili,two
id_qg6p4zhexyrs.wav,1,2,16,16000,129280,129280,8.08,NONE,4564.0,351.0349987884131,0.343541150990099,tisa,nine
id_a8htpzcodyha.wav,1,2,16,16000,61440,61440,3.84,NONE,20758.0,2439.299416507873,0.58935546875,nane,eight
id_3k3kl3r96mou.wav,1,2,16,16000,67840,67840,4.24,NONE,24264.0,932.2639104288494,0.69375,hapana,no
id_cpl3c1bxg2u0.wav,1,2,16,16000,70400,70400,4.4,NONE,12919.0,157.00883163130433,0.9313920454545455,tisa,nine
id_61a4qi5zhlnw.wav,1,2,16,16000,66560,66560,4.16,NONE,21433.0,1371.5320614217565,0.9096153846153846,tatu,three
id_tzm32rr48n5w.wav,1,2,16,16000,102400,102400,6.4,NONE,16462.0,1651.122379510114,0.80544921875,moja,one
id_jsdrswtj3udn.wav,1,2,16,16000,57344,57344,3.584,NONE,16376.0,1504.049955338452,0.7440359933035714,moja,one
id_fdsizrw8s6aw.wav,1,2,16,16000,184320,184320,11.52,NONE,12843.0,529.466954838804,0.9375705295138889,hapana,no
id_0itjjnswiixc.wav,1,2,16,16000,75520,75520,4.72,NONE,25931.0,2698.0340254972684,0.8759798728813559,tisa,nine
id_fu4oeu8yxagw.wav,1,2,16,16000,72960,72960,4.56,NONE,10474.0,417.2711448442453,0.6967927631578947,tano,five
id_5aept469ixxv.wav,1,2,16,16000,65280,65280,4.08,NONE,16554.0,1492.4683020310354,0.851623774509804,kumi,ten
id_daou7rpax24t.wav,1,2,16,16000,60160,60160,3.76,NONE,11083.0,951.7873093278106,0.8109707446808511,ndio,yes
id_meaomzzggp3b.wav,1,2,16,16000,70400,70400,4.4,NONE,7590.0,428.72116030755296,0.8895738636363636,mbili,two
id_0zmmsigc8qay.wav,1,2,16,16000,69120,69120,4.32,NONE,18235.0,1141.8571238198635,0.8453125,sita,six
id_3muewbqjgx97.wav,1,2,16,16000,69120,69120,4.32,NONE,19505.0,969.0370160246335,0.8822482638888889,hapana,no
id_cjhhxujadkd1.wav,1,2,16,16000,83968,83968,5.248,NONE,8487.0,674.7228712898615,0.9142173208841463,mbili,two
id_snlc878z8yxm.wav,1,2,16,16000,79360,79360,4.96,NONE,19968.0,1195.6256571809486,0.8928931451612904,saba,seven
id_hdmkykank22v.wav,1,2,16,16000,69120,69120,4.32,NONE,18968.0,901.8902233562201,0.8510127314814815,hapana,no
id_oec7fzpa444h.wav,1,2,16,16000,55040,55040,3.44,NONE,7306.0,348.4226660467374,0.3793604651162791,tatu,three
id_8wx1jiwdu9cb.wav,1,2,16,16000,66560,66560,4.16,NONE,27870.0,2776.9872099557483,0.8326171875,mbili,two
id_4qz9309xnmut.wav,1,2,16,16000,67840,67840,4.24,NONE,7634.0,598.6540258562859,0.8233490566037736,sita,six
id_0hbpuk3vsbh7.wav,1,2,16,16000,67584,67584,4.224,NONE,6088.0,481.97571672828434,0.8263346354166666,mbili,two
id_3ueye0th313i.wav,1,2,16,16000,74240,74240,4.64,NONE,16335.0,791.7868704701552,0.8702586206896552,ndio,yes
id_hr94bh5q9wez.wav,1,2,16,16000,74240,74240,4.64,NONE,14987.0,1003.2848323426047,0.6110048491379311,moja,one
id_k8u4moha573y.wav,1,2,16,16000,81920,81920,5.12,NONE,12263.0,714.3188471324639,0.90975341796875,kumi,ten
id_4u9ga349wjbo.wav,1,2,16,16000,102400,102400,6.4,NONE,10326.0,698.371045419323,0.71025390625,ndio,yes
id_hslf9h2g3c31.wav,1,2,16,16000,57600,57600,3.6,NONE,9339.0,794.4166597936116,0.8446527777777778,moja,one
id_swh7ynisx48d.wav,1,2,16,16000,71680,71680,4.48,NONE,10474.0,1071.8969705226975,0.6766322544642858,tano,five
id_de8vpt1smqkr.wav,1,2,16,16000,88064,88064,5.504,NONE,8654.0,417.6126827986697,0.8880700399709303,hapana,no
id_w4v4hsy9dg45.wav,1,2,16,16000,102400,102400,6.4,NONE,22999.0,637.5421919784874,0.88083984375,mbili,two
id_a6f5bkswq8hs.wav,1,2,16,16000,89600,89600,5.6,NONE,19471.0,1183.26476582291,0.9143638392857143,nne,four
id_v52asgqtlu7q.wav,1,2,16,16000,71680,71680,4.48,NONE,7581.0,548.7693971184323,0.8950474330357143,nne,four
id_yqn812fljnu9.wav,1,2,16,16000,58880,58880,3.68,NONE,10072.0,430.38683716231554,0.47328464673913045,tatu,three
id_qgi3xste6ghf.wav,1,2,16,16000,152320,152320,9.52,NONE,16229.0,1197.9651080636145,0.6797597163865546,nane,eight
id_6gmf4f3o7aig.wav,1,2,16,16000,53760,53760,3.36,NONE,7838.0,453.7483726645028,0.8296875,sita,six
id_nt2tl73rh373.wav,1,2,16,16000,46080,46080,2.88,NONE,313.0,26.465064760506024,0.11653645833333333,kumi,ten
id_wbha58xz7c3c.wav,1,2,16,16000,70400,70400,4.4,NONE,12474.0,962.285929536881,0.8314772727272727,mbili,two
id_dgjhqldd2su6.wav,1,2,16,16000,75520,75520,4.72,NONE,15917.0,1033.6621550941782,0.885593220338983,saba,seven
id_flddeq4k3v5m.wav,1,2,16,16000,103680,103680,6.48,NONE,14591.0,885.9293856836582,0.8983506944444445,sita,six
id_86fusq09iz8g.wav,1,2,16,16000,65280,65280,4.08,NONE,17728.0,889.6426762247269,0.8386642156862745,saba,seven
id_0tuabdgr711r.wav,1,2,16,16000,65280,65280,4.08,NONE,10041.0,1002.2789475999599,0.8244638480392157,mbili,two
id_w5y5kqevftf0.wav,1,2,16,16000,83200,83200,5.2,NONE,9942.0,1014.0334683647983,0.41051682692307695,nne,four
id_xkxu2i1s1o02.wav,1,2,16,16000,85760,85760,5.36,NONE,16348.0,1031.8873520735697,0.7038712686567165,tano,five
id_1sp9nxhiq692.wav,1,2,16,16000,74240,74240,4.64,NONE,4591.0,307.57267641914103,0.8219288793103449,nne,four
id_41xea6fn8t1c.wav,1,2,16,16000,186880,186880,11.68,NONE,17611.0,694.2563237949518,0.9087703339041096,nane,eight
id_z6hnmu664s27.wav,1,2,16,16000,111360,111360,6.96,NONE,12988.0,514.7314143465793,0.9308369252873563,saba,seven
id_t1gxyt89ob1o.wav,1,2,16,16000,64000,64000,4.0,NONE,11979.0,826.1610626112804,0.906640625,kumi,ten
id_et9ywncc14ze.wav,1,2,16,16000,71680,71680,4.48,NONE,6709.0,451.0711438803394,0.8466238839285715,tisa,nine
id_fbe9wuv0fxz5.wav,1,2,16,16000,78080,78080,4.88,NONE,3766.0,367.2558434827601,0.810796618852459,ndio,yes
id_i1dlon0nyll9.wav,1,2,16,16000,52480,52480,3.28,NONE,7467.0,328.9691387142143,0.8045541158536585,tatu,three
id_hdw2qouh6s5o.wav,1,2,16,16000,120320,120320,7.52,NONE,10505.0,527.7843029075531,0.8458444148936171,hapana,no
id_qbqgmrgv66h7.wav,1,2,16,16000,52480,52480,3.28,NONE,11848.0,952.5245881272791,0.4644245426829268,tisa,nine
id_k4sevc6lbx15.wav,1,2,16,16000,69120,69120,4.32,NONE,20851.0,1503.6152175807842,0.8917100694444444,tisa,nine
id_n96zp5kqmiso.wav,1,2,16,16000,64000,64000,4.0,NONE,14212.0,1368.9076898890955,0.832828125,ndio,yes
id_1lrlnjt5yat0.wav,1,2,16,16000,43520,43520,2.72,NONE,2376.0,378.51110741021114,0.12290900735294118,mbili,two
id_e12cioljm5fg.wav,1,2,16,16000,92160,92160,5.76,NONE,21172.0,1015.6370173167235,0.9108506944444444,hapana,no
id_pwovq4goavqf.wav,1,2,16,16000,60160,60160,3.76,NONE,20448.0,2177.858274314164,0.784341755319149,tisa,nine
id_p97ok5mxzcps.wav,1,2,16,16000,90880,90880,5.68,NONE,17619.0,1454.8583915294332,0.894025088028169,tano,five
id_t4xbvwqx3qdu.wav,1,2,16,16000,77824,77824,4.864,NONE,11557.0,964.2666575606686,0.8543251439144737,sita,six
id_iibctj967t32.wav,1,2,16,16000,78080,78080,4.88,NONE,11721.0,869.3610253470177,0.9047259221311476,hapana,no
id_wj17bv5a18i2.wav,1,2,16,16000,156160,156160,9.76,NONE,21306.0,563.3655768459312,0.9451331967213115,tatu,three
id_5xep74er3b29.wav,1,2,16,16000,90880,90880,5.68,NONE,13617.0,1449.1208223006943,0.6816571302816902,nne,four
id_zj21n1bb8z2a.wav,1,2,16,16000,65280,65280,4.08,NONE,28763.0,1736.1802152684802,0.878109681372549,tano,five
id_6fdpysbf72mw.wav,1,2,16,16000,102400,102400,6.4,NONE,20323.0,1083.211621820263,0.698505859375,hapana,no
id_cphbes68fzfj.wav,1,2,16,16000,69120,69120,4.32,NONE,15367.0,1679.9242781045016,0.6208912037037037,tatu,three
id_e8eowdx49hg4.wav,1,2,16,16000,69120,69120,4.32,NONE,16129.0,1070.9426303184728,0.8327980324074075,hapana,no
id_8kriy4cqm8kf.wav,1,2,16,16000,60160,60160,3.76,NONE,17840.0,1195.5860940675884,0.6993184840425531,moja,one
id_dkx40zcxwf33.wav,1,2,16,16000,57600,57600,3.6,NONE,14008.0,792.9336003950247,0.8810416666666666,saba,seven
id_pxty0t2fqbyp.wav,1,2,16,16000,70400,70400,4.4,NONE,13142.0,804.9952367695047,0.8107102272727272,tano,five
id_h0afn7o8hno7.wav,1,2,16,16000,92160,92160,5.76,NONE,12884.0,644.1164163254558,0.8853298611111111,tano,five
id_1w5ir5qoyi3i.wav,1,2,16,16000,71680,71680,4.48,NONE,25473.0,2085.096232975183,0.9114815848214286,tano,five
id_mrwa9fv0qu0s.wav,1,2,16,16000,87040,87040,5.44,NONE,29465.0,2456.0501031563167,0.9044692095588235,mbili,two
id_pn3841u3rbpo.wav,1,2,16,16000,69632,69632,4.352,NONE,11623.0,1156.2861429044058,0.8262867647058824,hapana,no
id_g419eeqs1bb0.wav,1,2,16,16000,110080,110080,6.88,NONE,10178.0,743.6056581158973,0.9029069767441861,tano,five
id_krnj764xu7yx.wav,1,2,16,16000,53760,53760,3.36,NONE,18798.0,1498.256197625746,0.4256138392857143,hapana,no
id_u9d8r4b9igf8.wav,1,2,16,16000,70400,70400,4.4,NONE,32768.0,2577.556546922924,0.9264488636363636,tano,five
id_vb2o1oewmngb.wav,1,2,16,16000,60160,60160,3.76,NONE,17873.0,841.1038338053282,0.9316655585106383,tatu,three
id_bd8xqn7cfod4.wav,1,2,16,16000,62720,62720,3.92,NONE,16586.0,995.2832166662669,0.8318718112244898,hapana,no
id_5m2yibfhn7ss.wav,1,2,16,16000,53760,53760,3.36,NONE,12213.0,863.2064069959566,0.5063058035714286,nane,eight
id_996icxksn4h2.wav,1,2,16,16000,67840,67840,4.24,NONE,11641.0,400.31658311366755,0.922096108490566,tatu,three
id_rlau1qiqnvm2.wav,1,2,16,16000,74240,74240,4.64,NONE,12404.0,463.7451043199391,0.9402209051724137,tatu,three
id_yrcl5gq18chk.wav,1,2,16,16000,71680,71680,4.48,NONE,9195.0,148.53251263702455,0.8894810267857143,mbili,two
id_8z60pkg3baky.wav,1,2,16,16000,66560,66560,4.16,NONE,31869.0,2497.613379687904,0.8534705528846154,hapana,no
id_hb6qwucth9b2.wav,1,2,16,16000,90880,90880,5.68,NONE,2210.0,107.13965645789375,0.41123459507042254,sita,six
id_zrcaxt5exauo.wav,1,2,16,16000,58880,58880,3.68,NONE,7155.0,418.83903427669145,0.8808763586956522,sita,six
id_um8apj5nb2dd.wav,1,2,16,16000,52480,52480,3.28,NONE,11459.0,1460.0960282525084,0.7526105182926829,nne,four
id_70bh729tyncq.wav,1,2,16,16000,112640,112640,7.04,NONE,14818.0,913.4026618156205,0.9058061079545454,hapana,no
id_xip0cthgyhk6.wav,1,2,16,16000,56320,56320,3.52,NONE,19371.0,1838.9829593471432,0.6525390625,ndio,yes
id_z4ju3oaexhpl.wav,1,2,16,16000,48640,48640,3.04,NONE,8125.0,192.7712802480879,0.680859375,mbili,two
id_n9hutmr62qsa.wav,1,2,16,16000,70400,70400,4.4,NONE,11941.0,638.4765437267093,0.8975568181818182,nne,four
id_beqpnbstt014.wav,1,2,16,16000,63488,63488,3.968,NONE,6641.0,586.4038748388633,0.8084834929435484,nane,eight
id_b2u2cogk1h6v.wav,1,2,16,16000,183040,183040,11.44,NONE,22897.0,1064.2195395602237,0.9219187062937063,tatu,three
id_37rxy8ilejyd.wav,1,2,16,16000,64000,64000,4.0,NONE,29675.0,2290.6471623143425,0.91471875,tatu,three
id_chc9ydmytq5i.wav,1,2,16,16000,58880,58880,3.68,NONE,4475.0,625.1247295648981,0.8651834239130435,nne,four
id_0plej5f4lbcg.wav,1,2,16,16000,70400,70400,4.4,NONE,15344.0,572.654573639491,0.7932954545454546,tisa,nine
id_o9qs0yr20nqp.wav,1,2,16,16000,48640,48640,3.04,NONE,19527.0,1428.8914099507076,0.8976356907894737,sita,six
id_2lpkjo7vgfxc.wav,1,2,16,16000,94720,94720,5.92,NONE,14268.0,886.0730215832681,0.9337943412162162,nane,eight
id_hz5i2qubwtii.wav,1,2,16,16000,80640,80640,5.04,NONE,3989.0,368.0450947955636,0.6684399801587302,mbili,two
id_2r4129830v9p.wav,1,2,16,16000,78080,78080,4.88,NONE,17003.0,861.7925012525718,0.620952868852459,nane,eight
id_u4fwyx3l8010.wav,1,2,16,16000,80640,80640,5.04,NONE,15118.0,1088.3704121780702,0.4347842261904762,tatu,three
id_ynr0q6778lyb.wav,1,2,16,16000,56320,56320,3.52,NONE,4199.0,536.2475959994589,0.7504261363636363,mbili,two
id_jiz09p5ucmlu.wav,1,2,16,16000,56320,56320,3.52,NONE,3872.0,323.04022788451,0.5441938920454545,ndio,yes
id_5f8yctjj7al9.wav,1,2,16,16000,55040,55040,3.44,NONE,11548.0,577.1377347881738,0.849327761627907,tano,five
id_4w2kcae9ppr2.wav,1,2,16,16000,88320,88320,5.52,NONE,17172.0,1096.3119644894832,0.8608016304347826,nane,eight
id_bo3q87mwjvo5.wav,1,2,16,16000,75520,75520,4.72,NONE,32767.0,2783.24152876255,0.889896716101695,ndio,yes
id_w33nxjq309ps.wav,1,2,16,16000,55040,55040,3.44,NONE,22037.0,1267.019974129749,0.8481104651162791,hapana,no
id_rmmdv487kr37.wav,1,2,16,16000,71680,71680,4.48,NONE,19237.0,2511.887786908057,0.8508649553571429,nne,four
id_tj4g0fqiu2c8.wav,1,2,16,16000,128000,128000,8.0,NONE,15897.0,856.8248097080581,0.3588203125,ndio,yes
id_ywaknrt9lzm3.wav,1,2,16,16000,89600,89600,5.6,NONE,32767.0,2392.6432501011227,0.9071875,nane,eight
id_ebwouc9dh9ai.wav,1,2,16,16000,53760,53760,3.36,NONE,32768.0,2545.9053881781065,0.8904947916666667,kumi,ten
id_g3g18bt9ut49.wav,1,2,16,16000,104960,104960,6.56,NONE,5127.0,400.60968938344007,0.49197789634146344,nane,eight
id_03gbgoj40xmf.wav,1,2,16,16000,58880,58880,3.68,NONE,32768.0,3346.2609838055264,0.8253566576086957,mbili,two
id_sziahp5dpvtl.wav,1,2,16,16000,64000,64000,4.0,NONE,4982.0,374.3048038739618,0.755078125,sita,six
id_n1si61ujqiis.wav,1,2,16,16000,69632,69632,4.352,NONE,16187.0,1110.1333108891797,0.8802992876838235,nne,four
id_p21c4arem1k4.wav,1,2,16,16000,55040,55040,3.44,NONE,4562.0,388.06576255150395,0.8180414244186046,sita,six
id_yd1av5i3tv3l.wav,1,2,16,16000,67840,67840,4.24,NONE,4497.0,407.6185233750632,0.8574587264150944,ndio,yes
id_44jsl0vpt5b2.wav,1,2,16,16000,92160,92160,5.76,NONE,4373.0,243.27820570956186,0.5990885416666667,hapana,no
id_e7wjk4tjr06l.wav,1,2,16,16000,66560,66560,4.16,NONE,6719.0,421.1898649584888,0.8862680288461539,moja,one
id_vdabkaxbjinv.wav,1,2,16,16000,65280,65280,4.08,NONE,32768.0,2390.700989971941,0.9279871323529412,tatu,three
id_e5a5b7wxosay.wav,1,2,16,16000,85760,85760,5.36,NONE,8097.0,652.0692782111067,0.5180387126865672,nane,eight
id_ckbanly9aqvj.wav,1,2,16,16000,52480,52480,3.28,NONE,32767.0,1640.7074631714681,0.8962842987804878,tano,five
id_8mn0mera5yjd.wav,1,2,16,16000,74240,74240,4.64,NONE,32418.0,2712.694843932596,0.8780711206896552,moja,one
id_nx1rxa4vf5th.wav,1,2,16,16000,85760,85760,5.36,NONE,24448.0,1844.419303495243,0.8597481343283582,nne,four
id_ngup57bbw6q2.wav,1,2,16,16000,111360,111360,6.96,NONE,2508.0,246.8542156426169,0.5003951149425288,nne,four
id_gz425viwawqa.wav,1,2,16,16000,60160,60160,3.76,NONE,3297.0,351.0688467469736,0.7389128989361702,mbili,two
id_ylehl0vdhpcd.wav,1,2,16,16000,52480,52480,3.28,NONE,21230.0,1701.6987730152346,0.7650342987804878,tatu,three
id_tzmivhyc0xyv.wav,1,2,16,16000,63488,63488,3.968,NONE,13107.0,1062.5654804893773,0.8563035534274194,sita,six
id_8me3g3wgerd3.wav,1,2,16,16000,63488,63488,3.968,NONE,13404.0,949.3548617399738,0.8772208921370968,tisa,nine
id_nzl6ftey14wp.wav,1,2,16,16000,92160,92160,5.76,NONE,32768.0,1502.9488548002555,0.8846245659722223,moja,one
id_vlncix0q7p3z.wav,1,2,16,16000,78080,78080,4.88,NONE,5132.0,392.11087044457105,0.8497438524590164,ndio,yes
id_mwbzcltd42po.wav,1,2,16,16000,83200,83200,5.2,NONE,17219.0,1363.4256988946079,0.9146995192307692,nne,four
id_sp7tx5oxcxql.wav,1,2,16,16000,97280,97280,6.08,NONE,8142.0,421.14804355335167,0.6497018914473685,tano,five
id_t80o7sz4xdp8.wav,1,2,16,16000,75520,75520,4.72,NONE,17981.0,2327.0085376186084,0.7834348516949152,kumi,ten
id_smtkiilr4v28.wav,1,2,16,16000,69120,69120,4.32,NONE,23142.0,1896.0944338936488,0.8957899305555556,tisa,nine
id_e1g9u2cb1kdk.wav,1,2,16,16000,79360,79360,4.96,NONE,15332.0,1351.4635795890488,0.9031628024193549,kumi,ten
id_cr5s0vt9yfyp.wav,1,2,16,16000,65536,65536,4.096,NONE,7313.0,808.2920062556037,0.5749664306640625,nane,eight
id_jnfwif96wx9p.wav,1,2,16,16000,71680,71680,4.48,NONE,27907.0,2186.852402785993,0.8492885044642857,tisa,nine
id_g09dylquxayk.wav,1,2,16,16000,126720,126720,7.92,NONE,10680.0,877.024325257175,0.9303977272727273,kumi,ten
id_qxytmbyg50t0.wav,1,2,16,16000,55040,55040,3.44,NONE,22359.0,2056.311429672814,0.6665334302325582,ndio,yes
id_hdkh86n6y47o.wav,1,2,16,16000,71680,71680,4.48,NONE,4128.0,421.9553570295,0.5505022321428571,ndio,yes
id_6uzw3xtmxl51.wav,1,2,16,16000,81920,81920,5.12,NONE,8010.0,500.6706860201062,0.898583984375,tatu,three
id_l82f23dfdno2.wav,1,2,16,16000,65280,65280,4.08,NONE,14555.0,1021.8455973913516,0.8668045343137255,kumi,ten
id_06poxcfxishj.wav,1,2,16,16000,65280,65280,4.08,NONE,12638.0,895.1584164197599,0.329702818627451,mbili,two
id_8mjw8pfqfpz7.wav,1,2,16,16000,67840,67840,4.24,NONE,18101.0,1248.7312216171226,0.8705188679245283,sita,six
id_gxac79scauyh.wav,1,2,16,16000,57600,57600,3.6,NONE,3681.0,209.26106365116436,0.91,sita,six
id_g8niq1662n07.wav,1,2,16,16000,43520,43520,2.72,NONE,2032.0,364.4153974743113,0.21856617647058824,nne,four
id_m4voy66nxi6l.wav,1,2,16,16000,69120,69120,4.32,NONE,12548.0,1273.1985861829323,0.36171875,mbili,two
id_dbhyt6c8sg9z.wav,1,2,16,16000,96000,96000,6.0,NONE,24213.0,1524.3194055428748,0.6192604166666666,hapana,no
id_hse1p0a4v6h7.wav,1,2,16,16000,89600,89600,5.6,NONE,15111.0,689.0504808475574,0.7831919642857142,tatu,three
id_b7354yonq4qg.wav,1,2,16,16000,74240,74240,4.64,NONE,29135.0,1807.7904551005909,0.9273706896551724,moja,one
id_xt313vl14byj.wav,1,2,16,16000,99840,99840,6.24,NONE,21227.0,2446.1354680157465,0.3745392628205128,ndio,yes
id_nfh0tlk17jna.wav,1,2,16,16000,78080,78080,4.88,NONE,7412.0,554.6091575245972,0.8288037909836066,nane,eight
id_tdq5nsp5nqkd.wav,1,2,16,16000,96000,96000,6.0,NONE,11074.0,490.2265263163211,0.91953125,hapana,no
id_9w9iuirwru6o.wav,1,2,16,16000,88064,88064,5.504,NONE,12071.0,896.1021860790327,0.3722633539244186,tatu,three
id_d70n2ic961re.wav,1,2,16,16000,75776,75776,4.736,NONE,22862.0,1821.119309658944,0.8773622255067568,tano,five
id_7so7re7zmheg.wav,1,2,16,16000,78080,78080,4.88,NONE,26561.0,1180.1353497261048,0.9234118852459017,tano,five
id_7jka4xxh9dej.wav,1,2,16,16000,72960,72960,4.56,NONE,32159.0,2780.7451324219714,0.4893503289473684,nane,eight
id_ez958orqds5u.wav,1,2,16,16000,61440,61440,3.84,NONE,16403.0,1561.2704683447773,0.8644205729166666,mbili,two
id_a7j8s6x5y9o1.wav,1,2,16,16000,64000,64000,4.0,NONE,6282.0,526.65307755082,0.4238125,sita,six
id_c84hg0o9hvmr.wav,1,2,16,16000,53760,53760,3.36,NONE,19380.0,1616.94412305423,0.7291666666666666,moja,one
id_18p1yuzdif7j.wav,1,2,16,16000,61440,61440,3.84,NONE,10092.0,998.280020746165,0.809228515625,mbili,two
id_975397ruthla.wav,1,2,16,16000,74240,74240,4.64,NONE,27036.0,2203.754784929869,0.8372844827586207,moja,one
id_5enu5fefig4g.wav,1,2,16,16000,51200,51200,3.2,NONE,21860.0,1496.6421513831806,0.770390625,nane,eight
id_cnhza1dbtb7j.wav,1,2,16,16000,80640,80640,5.04,NONE,8086.0,669.4366558331827,0.8544642857142857,sita,six
id_dwpscsrrv9t3.wav,1,2,16,16000,58880,58880,3.68,NONE,15466.0,1124.5747551142847,0.8483186141304347,moja,one
id_xkz8z5pvctcd.wav,1,2,16,16000,57600,57600,3.6,NONE,11383.0,494.1019045885733,0.876875,tatu,three
id_h57ucmv86cmm.wav,1,2,16,16000,60160,60160,3.76,NONE,10155.0,635.0953380380039,0.8352393617021276,sita,six
id_igdyf7ms42ul.wav,1,2,16,16000,79360,79360,4.96,NONE,4599.0,257.84233888907835,0.8899571572580646,kumi,ten
id_w187d8zbuq4k.wav,1,2,16,16000,79360,79360,4.96,NONE,13931.0,1469.9559809094599,0.8663180443548387,ndio,yes
id_qig21eszzha3.wav,1,2,16,16000,96000,96000,6.0,NONE,15933.0,977.4764423898324,0.9252916666666666,mbili,two
id_7tteeikfcebl.wav,1,2,16,16000,73728,73728,4.608,NONE,18346.0,1283.8779677581647,0.8524848090277778,nne,four
id_xxn9im3phodn.wav,1,2,16,16000,99840,99840,6.24,NONE,31868.0,1235.5957048133525,0.9355168269230769,tano,five
id_zj9j089zbeu9.wav,1,2,16,16000,75520,75520,4.72,NONE,8533.0,507.8157354003842,0.9009931144067796,tisa,nine
id_kr078ru2ybae.wav,1,2,16,16000,85760,85760,5.36,NONE,20576.0,1144.9334022163594,0.6610657649253732,hapana,no
id_vzlk6benugxk.wav,1,2,16,16000,84480,84480,5.28,NONE,5722.0,308.19032816358714,0.9149147727272727,tatu,three
id_lvxwr3nxmd66.wav,1,2,16,16000,57600,57600,3.6,NONE,23097.0,1544.9935112739058,0.6838715277777778,tano,five
id_e0dnfv6ggbzh.wav,1,2,16,16000,66560,66560,4.16,NONE,12072.0,1376.1104804710046,0.8675030048076923,kumi,ten
id_mk4t16i1t7mm.wav,1,2,16,16000,168960,168960,10.56,NONE,19386.0,1143.917586822892,0.6770478219696969,kumi,ten
id_qms4q15m1iz9.wav,1,2,16,16000,76800,76800,4.8,NONE,11527.0,816.4766834529911,0.8542317708333333,moja,one
id_d0se9m96zne7.wav,1,2,16,16000,63488,63488,3.968,NONE,12402.0,958.944533306958,0.8199974798387096,nne,four
id_dbwqpm0viykb.wav,1,2,16,16000,65536,65536,4.096,NONE,13861.0,703.5803804547596,0.906280517578125,tatu,three
id_999i01g5vky9.wav,1,2,16,16000,79872,79872,4.992,NONE,12656.0,729.7255852460021,0.8822616185897436,nne,four
id_p0oigtbidzfe.wav,1,2,16,16000,98560,98560,6.16,NONE,7511.0,378.0846866859492,0.6589590097402598,sita,six
id_nz096zt4us7t.wav,1,2,16,16000,83200,83200,5.2,NONE,7147.0,558.1140427578916,0.8668629807692307,moja,one
id_8h2qqnmzu34w.wav,1,2,16,16000,102400,102400,6.4,NONE,22998.0,1595.2687246167131,0.83091796875,hapana,no
id_37wc2c4doc5l.wav,1,2,16,16000,58880,58880,3.68,NONE,7512.0,303.9904098988354,0.8778532608695652,tatu,three
id_mljjb5fvar0t.wav,1,2,16,16000,134400,134400,8.4,NONE,9012.0,510.0253309389689,0.8467931547619048,moja,one
id_j5bzocizvzla.wav,1,2,16,16000,81920,81920,5.12,NONE,19229.0,2436.049516349361,0.78565673828125,ndio,yes
id_dotrv4vdeqqt.wav,1,2,16,16000,76800,76800,4.8,NONE,16039.0,1186.358295120425,0.8181640625,saba,seven
id_f6jh8j9k0fhl.wav,1,2,16,16000,69120,69120,4.32,NONE,28628.0,1391.8682994577111,0.8873119212962963,nane,eight
id_9mvo2k0n97bv.wav,1,2,16,16000,69120,69120,4.32,NONE,14408.0,844.0259398149087,0.871875,moja,one
id_m3q0uzr8ge1w.wav,1,2,16,16000,56320,56320,3.52,NONE,16771.0,935.4640484093856,0.8416015625,saba,seven
id_1pt4ceg6frfw.wav,1,2,16,16000,66560,66560,4.16,NONE,32768.0,2194.141139857823,0.923046875,tisa,nine
id_3ly3rgl0hkel.wav,1,2,16,16000,69120,69120,4.32,NONE,7140.0,813.811663610276,0.4643084490740741,ndio,yes
id_ki0p49d51f3j.wav,1,2,16,16000,67840,67840,4.24,NONE,18420.0,1022.0960425851762,0.8868219339622642,hapana,no
id_wascz07tt9id.wav,1,2,16,16000,85760,85760,5.36,NONE,6257.0,393.2863318766004,0.8359258395522388,tatu,three
id_t3u7yaflc1ko.wav,1,2,16,16000,57600,57600,3.6,NONE,17010.0,1565.863331427214,0.5394444444444444,kumi,ten
id_tbouclvrl4cd.wav,1,2,16,16000,62720,62720,3.92,NONE,32767.0,1401.806650349799,0.8740274234693878,hapana,no
id_vdiuxb9j3ucx.wav,1,2,16,16000,58880,58880,3.68,NONE,9881.0,713.9997639884368,0.6065896739130435,tisa,nine
id_inb2lg66ekbf.wav,1,2,16,16000,57600,57600,3.6,NONE,2650.0,218.42558491585487,0.8121875,mbili,two
id_e7cz4t8zp3bi.wav,1,2,16,16000,69120,69120,4.32,NONE,10446.0,659.6701575983335,0.8733217592592593,mbili,two
id_eocs2nc026xo.wav,1,2,16,16000,63488,63488,3.968,NONE,12410.0,792.5179032680447,0.8470892137096774,hapana,no
id_sw9a948kzikb.wav,1,2,16,16000,135680,135680,8.48,NONE,6175.0,276.0415866663584,0.8770931603773585,moja,one
id_yvpt6g2adoh1.wav,1,2,16,16000,77824,77824,4.864,NONE,3157.0,180.3394559915703,0.617200349506579,sita,six
id_uly4rk9xqb1b.wav,1,2,16,16000,72960,72960,4.56,NONE,14988.0,1208.4885375067022,0.9201891447368421,nne,four
id_nc83ldehvx6k.wav,1,2,16,16000,64000,64000,4.0,NONE,25352.0,1244.9276066490272,0.71990625,tatu,three
id_o9vh7mjxkjhw.wav,1,2,16,16000,57600,57600,3.6,NONE,21981.0,1313.595213381221,0.7252604166666666,tatu,three
id_51uefqfmx9rz.wav,1,2,16,16000,60160,60160,3.76,NONE,7129.0,494.0736605654006,0.9065658244680851,mbili,two
id_faok7enuu1ne.wav,1,2,16,16000,70400,70400,4.4,NONE,19316.0,1988.6668728484349,0.8154119318181818,moja,one
id_kvcjraomtgxe.wav,1,2,16,16000,60160,60160,3.76,NONE,26579.0,1447.504188726117,0.8759308510638298,tatu,three
id_mxd8e0qaffwf.wav,1,2,16,16000,62720,62720,3.92,NONE,8514.0,492.1826936921142,0.554703443877551,tisa,nine
id_hax9jbsyx4kx.wav,1,2,16,16000,75520,75520,4.72,NONE,7580.0,547.7833711569764,0.7314751059322034,tano,five
id_tf3fx45dvhf3.wav,1,2,16,16000,89600,89600,5.6,NONE,9654.0,795.8214132630736,0.7687053571428571,moja,one
id_hgsoabjwcfiq.wav,1,2,16,16000,67840,67840,4.24,NONE,12588.0,1465.2208660240651,0.2769310141509434,ndio,yes
id_xctcd7rijtix.wav,1,2,16,16000,67584,67584,4.224,NONE,8558.0,781.9011576132808,0.7611860795454546,hapana,no
id_ry7sq4bw46a1.wav,1,2,16,16000,63488,63488,3.968,NONE,9099.0,641.2852317712479,0.8633757560483871,nane,eight
id_tiiqh6uq6s2f.wav,1,2,16,16000,65280,65280,4.08,NONE,21865.0,1660.5616380376932,0.85078125,hapana,no
id_wug5kndcavtv.wav,1,2,16,16000,67840,67840,4.24,NONE,9227.0,651.2748353035347,0.8452240566037735,hapana,no
id_50detx17vfnl.wav,1,2,16,16000,85760,85760,5.36,NONE,32767.0,2631.8054151124834,0.8921408582089553,ndio,yes
id_xuqymciajqqz.wav,1,2,16,16000,51200,51200,3.2,NONE,4280.0,474.20807605367844,0.817421875,tano,five
id_09yb6k6xebk5.wav,1,2,16,16000,77824,77824,4.864,NONE,13460.0,1229.131592739673,0.875475431743421,nane,eight
id_ir2a4c48dytv.wav,1,2,16,16000,113920,113920,7.12,NONE,20390.0,1448.743456483463,0.23994030898876403,nane,eight
id_85e06krywulo.wav,1,2,16,16000,327680,327680,20.48,NONE,32768.0,1325.7470203530904,0.556646728515625,tatu,three
id_pcitc6soxgo7.wav,1,2,16,16000,131840,131840,8.24,NONE,28805.0,1821.748673443864,0.8344129247572816,tisa,nine
id_1izzii125db0.wav,1,2,16,16000,116480,116480,7.28,NONE,14260.0,817.4323272705182,0.9360061813186813,hapana,no
id_cdxl1wbdn9pn.wav,1,2,16,16000,83200,83200,5.2,NONE,9205.0,152.5804950311222,0.8899278846153846,hapana,no
id_15el2oang2ug.wav,1,2,16,16000,83200,83200,5.2,NONE,7087.0,377.0799090863082,0.880048076923077,saba,seven
id_f4mlh4tc7xiw.wav,1,2,16,16000,80640,80640,5.04,NONE,14540.0,830.5285504739026,0.9161086309523809,nane,eight
id_8d48a00flo5q.wav,1,2,16,16000,56320,56320,3.52,NONE,11969.0,623.0987056063165,0.9041903409090909,tatu,three
id_we6bkbqc8v11.wav,1,2,16,16000,61440,61440,3.84,NONE,12360.0,1405.8348694319247,0.7814127604166666,mbili,two
id_y9gsfsua1ca1.wav,1,2,16,16000,52480,52480,3.28,NONE,18143.0,1518.1729214100058,0.6202172256097561,nne,four
id_50i17ma6pfuw.wav,1,2,16,16000,93440,93440,5.84,NONE,20281.0,1970.8310373528311,0.7029644691780822,ndio,yes
id_i6ps7d05do3h.wav,1,2,16,16000,69120,69120,4.32,NONE,28026.0,1706.3253766758446,0.9142505787037037,tatu,three
id_0103ld0glclv.wav,1,2,16,16000,108800,108800,6.8,NONE,11392.0,589.516134534788,0.8410202205882353,tano,five
id_q7uoc9lbv49g.wav,1,2,16,16000,70400,70400,4.4,NONE,14208.0,955.8331421387288,0.8775568181818182,tano,five
id_t4bve9r0rq8b.wav,1,2,16,16000,53760,53760,3.36,NONE,4941.0,348.7563129868968,0.901078869047619,sita,six
id_xhayxumxyll9.wav,1,2,16,16000,70400,70400,4.4,NONE,9407.0,696.5706929959866,0.9213068181818181,tisa,nine
id_s7fu0t33l3d1.wav,1,2,16,16000,53760,53760,3.36,NONE,17207.0,1386.9695951894225,0.7728794642857143,hapana,no
id_euagjw23rgmv.wav,1,2,16,16000,65280,65280,4.08,NONE,32768.0,2751.8867059866006,0.8581341911764706,tatu,three
id_224grqydiy3t.wav,1,2,16,16000,71680,71680,4.48,NONE,4104.0,336.70495760201146,0.4464146205357143,nane,eight
id_zy9s7sdnhb8n.wav,1,2,16,16000,69120,69120,4.32,NONE,13335.0,1872.339653217598,0.6683883101851852,kumi,ten
id_i62hbq2pw2ya.wav,1,2,16,16000,67840,67840,4.24,NONE,14162.0,1135.2554734144437,0.8474204009433962,moja,one
id_qlil9t1q7x9r.wav,1,2,16,16000,67584,67584,4.224,NONE,13227.0,883.2339416834001,0.8777965198863636,tano,five
id_4byd70k92kjl.wav,1,2,16,16000,51200,51200,3.2,NONE,24604.0,1938.1819958011313,0.77240234375,tano,five
id_a03er93r6nbq.wav,1,2,16,16000,57600,57600,3.6,NONE,13138.0,665.5179101125345,0.8322222222222222,tatu,three
id_y292nl3x6duc.wav,1,2,16,16000,110080,110080,6.88,NONE,16991.0,1265.8919734606188,0.43757267441860465,mbili,two
id_tirelk3pxtsq.wav,1,2,16,16000,61440,61440,3.84,NONE,5041.0,438.20465473747964,0.8628255208333333,kumi,ten
id_rbach60n862o.wav,1,2,16,16000,57600,57600,3.6,NONE,8876.0,975.0427509235029,0.8652951388888889,ndio,yes
id_rf0pt8feghep.wav,1,2,16,16000,64000,64000,4.0,NONE,20093.0,1608.2806109272021,0.830890625,nane,eight
id_shqk4g5vqti4.wav,1,2,16,16000,52480,52480,3.28,NONE,9205.0,764.4765531426572,0.42915396341463413,tisa,nine
id_ta8zpg2e2ctb.wav,1,2,16,16000,42240,42240,2.64,NONE,3800.0,412.34112132000536,0.17128314393939395,moja,one
id_svwbs6og58bd.wav,1,2,16,16000,61440,61440,3.84,NONE,8512.0,647.3790873823065,0.8703287760416667,nne,four
id_4gbdthllm11n.wav,1,2,16,16000,128000,128000,8.0,NONE,8528.0,356.4505290775811,0.878546875,hapana,no
id_7g2w06r26ue9.wav,1,2,16,16000,71680,71680,4.48,NONE,32767.0,2271.475020744466,0.8738141741071429,tisa,nine
id_0pl250m9dm5j.wav,1,2,16,16000,468480,468480,29.28,NONE,31837.0,892.6263234650463,0.9697617827868853,tano,five
id_f34ewbljuj9s.wav,1,2,16,16000,80640,80640,5.04,NONE,15061.0,1185.433800079127,0.5698164682539683,moja,one
id_77g57wkqgp9o.wav,1,2,16,16000,58880,58880,3.68,NONE,5127.0,343.9157682072796,0.745991847826087,nane,eight
id_cisussicd4d4.wav,1,2,16,16000,57600,57600,3.6,NONE,11574.0,464.6640649586418,0.9034375,saba,seven
id_v52azydqljby.wav,1,2,16,16000,57600,57600,3.6,NONE,16132.0,1318.6933598421078,0.8524826388888889,tisa,nine
id_h6rd3p7tzhsg.wav,1,2,16,16000,90880,90880,5.68,NONE,12934.0,742.839846393531,0.9476012323943662,tatu,three
id_bzxj7tl9uqdk.wav,1,2,16,16000,72960,72960,4.56,NONE,28252.0,1973.1860488669035,0.8726699561403509,mbili,two
id_xyaoq32mwjnt.wav,1,2,16,16000,83200,83200,5.2,NONE,13395.0,841.5699113830011,0.9120793269230769,moja,one
id_4opne2cxrzu6.wav,1,2,16,16000,51200,51200,3.2,NONE,17081.0,1131.0828919478145,0.80234375,nane,eight
id_5ko1fllrs0fr.wav,1,2,16,16000,70400,70400,4.4,NONE,32768.0,3346.6711049576597,0.8377840909090909,tano,five
id_fbsm9iga61nc.wav,1,2,16,16000,71680,71680,4.48,NONE,11451.0,459.89429666430163,0.8286830357142857,nane,eight
id_5h7jzc0zij00.wav,1,2,16,16000,87040,87040,5.44,NONE,15709.0,965.8559096355156,0.8481043198529412,tisa,nine
id_zlqxorfrvppw.wav,1,2,16,16000,67584,67584,4.224,NONE,24764.0,2997.618074348115,0.7010830965909091,nne,four
id_ffwdefh486ns.wav,1,2,16,16000,65280,65280,4.08,NONE,9600.0,652.9291309990928,0.8839920343137255,moja,one
id_gkzgdiaubypq.wav,1,2,16,16000,97280,97280,6.08,NONE,4706.0,323.8889792949385,0.6984477796052632,moja,one
id_vorulw490ux9.wav,1,2,16,16000,106240,106240,6.64,NONE,20359.0,787.491153050803,0.9190417921686747,tano,five
id_4e8pojot18z8.wav,1,2,16,16000,71680,71680,4.48,NONE,14383.0,1067.3686238854045,0.7599051339285714,sita,six
id_rnwc1i7zfsch.wav,1,2,16,16000,67840,67840,4.24,NONE,32767.0,2618.4063758516986,0.8845371462264151,nane,eight
id_ixvuyrjedz0p.wav,1,2,16,16000,57600,57600,3.6,NONE,25064.0,2618.0650065074037,0.5916840277777777,nne,four
id_3yym80t1sb53.wav,1,2,16,16000,67840,67840,4.24,NONE,13527.0,972.2487365935648,0.8292747641509434,nane,eight
id_qbey3wog334x.wav,1,2,16,16000,81920,81920,5.12,NONE,26902.0,1752.1653264952113,0.89608154296875,nane,eight
id_9ul25izv4e3j.wav,1,2,16,16000,405760,405760,25.36,NONE,32763.0,1232.2628393166315,0.9038076695583597,tisa,nine
id_d2i3waa34xwr.wav,1,2,16,16000,84480,84480,5.28,NONE,6907.0,592.839575906009,0.8730587121212121,kumi,ten
id_egv3mx0ygdlc.wav,1,2,16,16000,78080,78080,4.88,NONE,11718.0,776.1297438594133,0.8778048155737705,tisa,nine
id_5yfzsgchpxf3.wav,1,2,16,16000,79360,79360,4.96,NONE,7301.0,254.2420216934212,0.6761466733870968,tatu,three
id_tj1zs66a1rmp.wav,1,2,16,16000,56320,56320,3.52,NONE,7472.0,342.3631209770025,0.8950461647727272,saba,seven
id_2wyqdsq0oajx.wav,1,2,16,16000,102400,102400,6.4,NONE,7566.0,670.3603056015264,0.337646484375,moja,one
id_5dyvyhupwyil.wav,1,2,16,16000,62720,62720,3.92,NONE,2868.0,270.09772649148186,0.8150988520408163,nne,four
id_ab7djeuvgxii.wav,1,2,16,16000,49920,49920,3.12,NONE,19083.0,1723.9194729972182,0.7236778846153846,sita,six
id_drc8ugieob3g.wav,1,2,16,16000,92160,92160,5.76,NONE,28894.0,1485.4330834033208,0.9254231770833333,tano,five
id_6afmf1lnuks3.wav,1,2,16,16000,65280,65280,4.08,NONE,13994.0,946.4746126800849,0.6472426470588235,kumi,ten
id_f73ny8khxphc.wav,1,2,16,16000,78080,78080,4.88,NONE,15926.0,1270.2171309350222,0.7358990778688524,moja,one
id_edmgvsrdtu3r.wav,1,2,16,16000,64000,64000,4.0,NONE,15020.0,1270.0074816401182,0.55021875,mbili,two
id_ena9f14dzgws.wav,1,2,16,16000,65280,65280,4.08,NONE,3148.0,412.870231413131,0.868688725490196,nane,eight
id_6cp1m2j1hygz.wav,1,2,16,16000,63488,63488,3.968,NONE,12396.0,873.9887791098663,0.8664944556451613,tano,five
id_ypicpq5bl8yq.wav,1,2,16,16000,61440,61440,3.84,NONE,4173.0,160.65598892460795,0.888818359375,tano,five
id_ie3qlq09l27v.wav,1,2,16,16000,71680,71680,4.48,NONE,29048.0,1044.471618462921,0.8957449776785714,nane,eight
id_x94g6dvzz2y8.wav,1,2,16,16000,49920,49920,3.12,NONE,7643.0,1052.181459958066,0.6046274038461539,ndio,yes
id_qt4n88i1um33.wav,1,2,16,16000,61440,61440,3.84,NONE,8420.0,138.1412153472097,0.9040201822916667,nne,four
id_5y7zx54bzvd7.wav,1,2,16,16000,197120,197120,12.32,NONE,12545.0,533.296953021931,0.501268262987013,tisa,nine
id_gqybbcl52nc3.wav,1,2,16,16000,53760,53760,3.36,NONE,29300.0,1738.7744333518724,0.8547061011904762,sita,six
id_720ll1ijy7er.wav,1,2,16,16000,73728,73728,4.608,NONE,14422.0,1513.3564557475472,0.5750189887152778,ndio,yes
id_fem35o39b8qv.wav,1,2,16,16000,62720,62720,3.92,NONE,15322.0,1706.4339601997376,0.8561702806122449,kumi,ten
id_4vmcphj7wzsx.wav,1,2,16,16000,64000,64000,4.0,NONE,7644.0,426.9416679272474,0.861921875,hapana,no
id_v5tmm90dgjgx.wav,1,2,16,16000,70400,70400,4.4,NONE,9145.0,514.6127601526529,0.8686789772727272,nane,eight
id_4egl7kxvhe2m.wav,1,2,16,16000,64000,64000,4.0,NONE,6597.0,340.13587464239936,0.68096875,hapana,no
id_87e0gnt2af7y.wav,1,2,16,16000,72960,72960,4.56,NONE,13060.0,844.8372259168958,0.8429550438596491,ndio,yes
id_n5n7rv0y1ar0.wav,1,2,16,16000,79360,79360,4.96,NONE,12094.0,571.6551547833916,0.8332409274193548,tano,five
id_lj5jy851eqik.wav,1,2,16,16000,71680,71680,4.48,NONE,14122.0,560.6525057330163,0.8924246651785714,saba,seven
id_z2hbv4h38cb1.wav,1,2,16,16000,63488,63488,3.968,NONE,12514.0,1448.0182127336632,0.8352759576612904,ndio,yes
id_0fh08ayr6x92.wav,1,2,16,16000,67840,67840,4.24,NONE,3910.0,266.36281135510507,0.8846255896226415,mbili,two
id_bm799pnqq0t9.wav,1,2,16,16000,84480,84480,5.28,NONE,10022.0,647.0617021686203,0.9032433712121212,moja,one
id_ycj5r0yz4nzl.wav,1,2,16,16000,49920,49920,3.12,NONE,6970.0,766.4999240794366,0.36310096153846155,nne,four
id_3sq66j3fuo4l.wav,1,2,16,16000,69120,69120,4.32,NONE,12732.0,609.9660631829887,0.7649739583333334,hapana,no
id_5qkh1q6nvexh.wav,1,2,16,16000,64000,64000,4.0,NONE,24045.0,1472.6346173344816,0.90209375,nne,four
id_0g8u1xbirlkn.wav,1,2,16,16000,90880,90880,5.68,NONE,4595.0,374.86762650430126,0.8926716549295775,moja,one
id_sge0guasg3q3.wav,1,2,16,16000,76800,76800,4.8,NONE,8595.0,416.5898984488022,0.5703645833333333,saba,seven
id_5ir89fokml4w.wav,1,2,16,16000,64000,64000,4.0,NONE,11498.0,440.5718910546836,0.95553125,tatu,three
id_po7cgm93ozwk.wav,1,2,16,16000,71680,71680,4.48,NONE,6100.0,678.8333881869768,0.7638392857142857,mbili,two
id_6ib5ta59zs46.wav,1,2,16,16000,65280,65280,4.08,NONE,21530.0,1543.768535636321,0.8721354166666667,moja,one
id_1o9ol53exqhv.wav,1,2,16,16000,70400,70400,4.4,NONE,16981.0,966.9281059635575,0.8406818181818182,tano,five
id_2mgapraafo2t.wav,1,2,16,16000,78080,78080,4.88,NONE,17228.0,1676.5394817030156,0.836078381147541,hapana,no
id_mtpqg4tjsitl.wav,1,2,16,16000,74240,74240,4.64,NONE,12834.0,699.7827460064284,0.8775727370689655,nane,eight
id_kb1536xxb8rn.wav,1,2,16,16000,67840,67840,4.24,NONE,13945.0,858.2590098950536,0.3963443396226415,saba,seven
id_2hb172lvpp6t.wav,1,2,16,16000,65536,65536,4.096,NONE,13956.0,1113.4000631089464,0.9020538330078125,tisa,nine
id_pi5c6xbrm8gf.wav,1,2,16,16000,70400,70400,4.4,NONE,6465.0,156.52824257759946,0.8949431818181818,tatu,three
id_6xgbwz7xb29x.wav,1,2,16,16000,73728,73728,4.608,NONE,11993.0,737.607144553373,0.8583984375,saba,seven
id_nixkamn8js4o.wav,1,2,16,16000,106240,106240,6.64,NONE,21880.0,1198.7221813156552,0.8598926957831325,moja,one
id_0k74npsz0bjr.wav,1,2,16,16000,61440,61440,3.84,NONE,19346.0,1436.0848242852223,0.68916015625,kumi,ten
id_hliy67bxu5kh.wav,1,2,16,16000,60160,60160,3.76,NONE,6644.0,839.390680282794,0.745345744680851,ndio,yes
id_hv2gcfou5guf.wav,1,2,16,16000,71680,71680,4.48,NONE,32767.0,1570.7939659110718,0.8858816964285714,nane,eight
id_x02w4cpx9z0v.wav,1,2,16,16000,70400,70400,4.4,NONE,6769.0,273.5879680026069,0.9306818181818182,tatu,three
id_ngxzr6iphsxm.wav,1,2,16,16000,70400,70400,4.4,NONE,12830.0,776.7421169996015,0.8346022727272727,tano,five
id_q9fzvn0ie4qr.wav,1,2,16,16000,65536,65536,4.096,NONE,4921.0,475.29638864472327,0.8853759765625,nne,four
id_gnyibp2q6ifk.wav,1,2,16,16000,80640,80640,5.04,NONE,18606.0,970.1947938728778,0.5420014880952381,saba,seven
id_cc8vxfipo0xl.wav,1,2,16,16000,66560,66560,4.16,NONE,27990.0,2048.425198402304,0.8844050480769231,tisa,nine
id_ny179ruihwtb.wav,1,2,16,16000,77824,77824,4.864,NONE,22210.0,1557.4458592449812,0.8544921875,nane,eight
id_m5nue756elr8.wav,1,2,16,16000,89600,89600,5.6,NONE,20641.0,1228.3743628521802,0.8837611607142857,saba,seven
id_bru5qqvk4pk6.wav,1,2,16,16000,52480,52480,3.28,NONE,5035.0,372.7005030290129,0.8697217987804878,kumi,ten
id_owym10jkb4rc.wav,1,2,16,16000,67840,67840,4.24,NONE,10759.0,794.3554571230709,0.9119251179245284,nne,four
id_az4y55khhnz3.wav,1,2,16,16000,56320,56320,3.52,NONE,11056.0,786.4052542079565,0.6955255681818182,sita,six
id_l0jb1w58rrf4.wav,1,2,16,16000,71680,71680,4.48,NONE,24264.0,1353.3642544377076,0.81669921875,sita,six
id_pwe22n5gqj0i.wav,1,2,16,16000,55040,55040,3.44,NONE,10178.0,785.1812150115263,0.6955668604651163,tisa,nine
id_aj6vlplkwue4.wav,1,2,16,16000,102400,102400,6.4,NONE,28187.0,1194.4976928249223,0.882021484375,nane,eight
id_mg90v0mjpp8o.wav,1,2,16,16000,99840,99840,6.24,NONE,4294.0,265.12138283476486,0.6830929487179487,tisa,nine
id_jg94jhjj77v8.wav,1,2,16,16000,70400,70400,4.4,NONE,7314.0,581.7015908361004,0.7960227272727273,nne,four
id_sucl0pu3d8fb.wav,1,2,16,16000,53760,53760,3.36,NONE,6430.0,693.1476814878158,0.21004464285714286,moja,one
id_uu29npp28lkg.wav,1,2,16,16000,113920,113920,7.12,NONE,19928.0,879.68372623275,0.949315308988764,saba,seven
id_nb4bvwqu32f6.wav,1,2,16,16000,56320,56320,3.52,NONE,10314.0,910.7568076969478,0.8788884943181818,mbili,two
id_dyck5493haas.wav,1,2,16,16000,58880,58880,3.68,NONE,15032.0,844.8507127500332,0.7806725543478261,saba,seven
id_4qztrf2u64i4.wav,1,2,16,16000,72960,72960,4.56,NONE,20459.0,828.1883009239389,0.569421600877193,tisa,nine
id_a0j6pmpx9oa9.wav,1,2,16,16000,62720,62720,3.92,NONE,6414.0,433.4683305140913,0.8594706632653061,saba,seven
id_037hi7s3a8la.wav,1,2,16,16000,62720,62720,3.92,NONE,13179.0,948.7227254270392,0.8183832908163265,ndio,yes
id_95op2xns4x7h.wav,1,2,16,16000,83200,83200,5.2,NONE,12186.0,1452.8566749699737,0.4284375,saba,seven
id_briuen99dlq7.wav,1,2,16,16000,51200,51200,3.2,NONE,5090.0,420.84068390599873,0.7942578125,sita,six
id_17jlu6m2k0la.wav,1,2,16,16000,84480,84480,5.28,NONE,19270.0,805.9522511046209,0.8448982007575757,hapana,no
id_qcakejjknfsw.wav,1,2,16,16000,108800,108800,6.8,NONE,28516.0,1190.0916815816556,0.5861580882352941,saba,seven
id_4jnpmmh4imwl.wav,1,2,16,16000,66560,66560,4.16,NONE,4360.0,219.48966807808708,0.881640625,sita,six
id_x9gq7biop84i.wav,1,2,16,16000,53760,53760,3.36,NONE,1355.0,163.10833966646217,0.7991815476190476,ndio,yes
id_prbj5dx74jru.wav,1,2,16,16000,71680,71680,4.48,NONE,4918.0,346.4789790508324,0.5532645089285714,nne,four
id_i3jn0w8fr1d2.wav,1,2,16,16000,59392,59392,3.712,NONE,1641.0,139.35359214212912,0.8885203394396551,ndio,yes
id_nf8xmqfq4rwk.wav,1,2,16,16000,103680,103680,6.48,NONE,20809.0,1118.4414825480408,0.9424768518518518,nne,four
id_o55alyxhdzou.wav,1,2,16,16000,74240,74240,4.64,NONE,14172.0,908.4758440747015,0.5022494612068965,tatu,three
id_xmvgyc0cguis.wav,1,2,16,16000,94208,94208,5.888,NONE,7820.0,556.575309249569,0.8808912194293478,tisa,nine
id_egaw9u9cr1qa.wav,1,2,16,16000,56320,56320,3.52,NONE,24898.0,1704.7394505978666,0.6679332386363637,tano,five
id_0rwk70xuzujr.wav,1,2,16,16000,71680,71680,4.48,NONE,29218.0,2246.9681904911877,0.87705078125,mbili,two
id_2lw9vv1o5f1q.wav,1,2,16,16000,60160,60160,3.76,NONE,10213.0,645.6967016090063,0.6558011968085107,tatu,three
id_pewfkx63ta4i.wav,1,2,16,16000,57600,57600,3.6,NONE,13073.0,1335.2739102193602,0.8884722222222222,kumi,ten
id_1w5i2g7yiqim.wav,1,2,16,16000,90880,90880,5.68,NONE,3134.0,169.94366707233593,0.6758912852112676,tatu,three
id_jlmxp80dttyz.wav,1,2,16,16000,92160,92160,5.76,NONE,29492.0,441.8243078045999,0.9490017361111112,tano,five
id_o3dzudeeq28b.wav,1,2,16,16000,65280,65280,4.08,NONE,8276.0,307.2726142731083,0.7722732843137254,tisa,nine
id_9fcqw2gfolqw.wav,1,2,16,16000,60160,60160,3.76,NONE,9083.0,525.6876735948332,0.8860704787234043,nne,four
id_2vqv9u33zan3.wav,1,2,16,16000,49920,49920,3.12,NONE,8882.0,522.7659290797083,0.8796274038461539,hapana,no
id_1j02n5ymm8lz.wav,1,2,16,16000,135680,135680,8.48,NONE,12585.0,539.0183290626101,0.9400722287735849,tano,five
id_hk16q6vbxr6p.wav,1,2,16,16000,88320,88320,5.52,NONE,16204.0,1385.3992708712262,0.8715919384057971,ndio,yes
id_vflzr58se3n7.wav,1,2,16,16000,67584,67584,4.224,NONE,10528.0,1145.220700999588,0.8605883049242424,nne,four
id_egxt8u8bv38p.wav,1,2,16,16000,52480,52480,3.28,NONE,4433.0,462.10236629145777,0.7807545731707317,hapana,no
id_33xt09xh6sn5.wav,1,2,16,16000,62720,62720,3.92,NONE,18524.0,978.4416444583354,0.8072066326530613,hapana,no
id_wvc1mduv18y7.wav,1,2,16,16000,71680,71680,4.48,NONE,19467.0,1401.2372843842109,0.8638811383928572,hapana,no
id_qh6u2ldf50mm.wav,1,2,16,16000,49920,49920,3.12,NONE,23624.0,1501.3083403193161,0.8815504807692308,sita,six
id_gvdolfou4xhp.wav,1,2,16,16000,76800,76800,4.8,NONE,29015.0,1417.468253736768,0.7652213541666667,tatu,three
id_mjbzh9sc3wse.wav,1,2,16,16000,76800,76800,4.8,NONE,32767.0,1666.8450682500395,0.8522395833333334,hapana,no
id_fxyt250m8rc2.wav,1,2,16,16000,49920,49920,3.12,NONE,12130.0,1169.9382670799537,0.45032051282051283,kumi,ten
id_wary07bbrsnl.wav,1,2,16,16000,74240,74240,4.64,NONE,27468.0,1710.3269365778685,0.9162580818965518,kumi,ten
id_c8pphgfn613h.wav,1,2,16,16000,189440,189440,11.84,NONE,22094.0,824.74783857489,0.9713788006756757,kumi,ten
id_hg4v37kwsa9g.wav,1,2,16,16000,67840,67840,4.24,NONE,14801.0,1057.5449462018285,0.48197228773584905,moja,one
id_0j43xndx0wqg.wav,1,2,16,16000,64000,64000,4.0,NONE,13502.0,738.781426118798,0.813703125,tano,five
id_90pph43r621b.wav,1,2,16,16000,90880,90880,5.68,NONE,9650.0,470.85307284564533,0.8632482394366198,tisa,nine
id_he49180905f1.wav,1,2,16,16000,72960,72960,4.56,NONE,13764.0,1135.4831729596706,0.8794133771929824,moja,one
id_fnftlfofe015.wav,1,2,16,16000,112640,112640,7.04,NONE,7724.0,529.6466789546583,0.7413263494318182,tisa,nine
id_m1iypein5x8n.wav,1,2,16,16000,65280,65280,4.08,NONE,21076.0,764.3387908471135,0.9014246323529411,tano,five
id_zlisv15so550.wav,1,2,16,16000,61440,61440,3.84,NONE,27135.0,1612.6504773285485,0.8577311197916667,tisa,nine
id_a565oea8zt35.wav,1,2,16,16000,61440,61440,3.84,NONE,13244.0,977.7928586933526,0.5817708333333333,kumi,ten
id_iunhxpn24h7f.wav,1,2,16,16000,60160,60160,3.76,NONE,8143.0,473.8166470376209,0.7557347074468085,tatu,three
id_adx0ht2hzyk5.wav,1,2,16,16000,75520,75520,4.72,NONE,16277.0,1210.9335945481034,0.8854872881355932,moja,one
id_7jnq4b1eqquq.wav,1,2,16,16000,79360,79360,4.96,NONE,2341.0,263.01937594879956,0.34188508064516127,kumi,ten
id_89vhyz1kzepp.wav,1,2,16,16000,106496,106496,6.656,NONE,14719.0,972.5270648396903,0.9130108173076923,sita,six
id_y5x3le7iyggo.wav,1,2,16,16000,61440,61440,3.84,NONE,12298.0,1292.2087783478305,0.833935546875,ndio,yes
id_nlwhtp8hfxeq.wav,1,2,16,16000,58880,58880,3.68,NONE,6028.0,635.157722075678,0.8229619565217391,kumi,ten
id_lz1n81k5lao8.wav,1,2,16,16000,56320,56320,3.52,NONE,32768.0,1647.496000763571,0.7596946022727272,sita,six
id_smn1yoglyvhz.wav,1,2,16,16000,65280,65280,4.08,NONE,28863.0,1910.1346064403945,0.8783241421568627,kumi,ten
id_izklnf5y526t.wav,1,2,16,16000,69120,69120,4.32,NONE,8159.0,441.8808874974481,0.8597077546296297,hapana,no
id_yvke2nbdqnk0.wav,1,2,16,16000,57600,57600,3.6,NONE,32767.0,2436.811293409381,0.8849652777777778,sita,six
id_1ojj7pyd271b.wav,1,2,16,16000,72960,72960,4.56,NONE,13124.0,1024.5554151492358,0.3377604166666667,ndio,yes
id_rc3m9tpazj6g.wav,1,2,16,16000,67840,67840,4.24,NONE,17167.0,1507.3865047606967,0.8782724056603773,kumi,ten
id_mdn6aobr92pf.wav,1,2,16,16000,72960,72960,4.56,NONE,12896.0,696.0618934885647,0.9186266447368421,sita,six
id_oxmhzjvk662c.wav,1,2,16,16000,69632,69632,4.352,NONE,6342.0,545.4513683553226,0.8343003216911765,ndio,yes
id_k90fespenih0.wav,1,2,16,16000,70400,70400,4.4,NONE,15812.0,1092.0051194648768,0.9016335227272727,moja,one
id_yov0g91b2cto.wav,1,2,16,16000,92160,92160,5.76,NONE,12780.0,838.3853581283241,0.6910590277777777,sita,six
id_dd532clfsj8s.wav,1,2,16,16000,87040,87040,5.44,NONE,15356.0,686.9709961420796,0.7486328125,moja,one
id_a7r1w5zoa4on.wav,1,2,16,16000,80640,80640,5.04,NONE,3780.0,293.29641248722595,0.7021949404761905,moja,one
id_t1da9qa75ij7.wav,1,2,16,16000,71680,71680,4.48,NONE,10241.0,540.8760616983373,0.8444475446428571,saba,seven
id_1e1d7ahr4xly.wav,1,2,16,16000,58880,58880,3.68,NONE,29033.0,1956.2292052999512,0.8741338315217392,moja,one
id_88u02hzlncwd.wav,1,2,16,16000,65536,65536,4.096,NONE,6415.0,478.43428321718744,0.834075927734375,sita,six
id_vufwpwiy82la.wav,1,2,16,16000,66560,66560,4.16,NONE,18043.0,1087.2714041420495,0.8856670673076923,nane,eight
id_9nulh7pemzeg.wav,1,2,16,16000,60160,60160,3.76,NONE,14434.0,1566.8820456817377,0.8365026595744681,nne,four
id_f8sy4jq7q7i9.wav,1,2,16,16000,69120,69120,4.32,NONE,13061.0,867.5692528676959,0.3087094907407407,tatu,three
id_4ghvrnt32pz4.wav,1,2,16,16000,103680,103680,6.48,NONE,26345.0,1270.3192779077526,0.7473283179012346,nane,eight
id_i4wm36h5jthm.wav,1,2,16,16000,85760,85760,5.36,NONE,32768.0,3098.3875962385964,0.4873017723880597,hapana,no
id_hvzokke0mks8.wav,1,2,16,16000,71680,71680,4.48,NONE,25635.0,3083.4798303430257,0.4957728794642857,nne,four
id_nde94v94qk45.wav,1,2,16,16000,56320,56320,3.52,NONE,18025.0,1260.9815924123154,0.7365411931818182,hapana,no
id_soblinbb75gz.wav,1,2,16,16000,66560,66560,4.16,NONE,12315.0,404.8506258508228,0.9488431490384616,tatu,three
id_d9vu7rxa8x63.wav,1,2,16,16000,62720,62720,3.92,NONE,7936.0,754.942902899968,0.875749362244898,ndio,yes
id_l6mo4vmkntse.wav,1,2,16,16000,48640,48640,3.04,NONE,10750.0,651.9185762482657,0.4684827302631579,tatu,three
id_n8nhb6tfsu1x.wav,1,2,16,16000,43520,43520,2.72,NONE,5503.0,432.1708444963873,0.21661305147058824,tano,five
id_q7fxbd8dgh5o.wav,1,2,16,16000,58880,58880,3.68,NONE,17672.0,1949.0893033278765,0.7130434782608696,mbili,two
id_0as8zaj3f7e0.wav,1,2,16,16000,62720,62720,3.92,NONE,1786.0,252.12739768850702,0.4626434948979592,mbili,two
id_7h6ajat6m4yo.wav,1,2,16,16000,76800,76800,4.8,NONE,14381.0,789.7428909309925,0.3702734375,sita,six
id_n6n3ejhrfrnu.wav,1,2,16,16000,92160,92160,5.76,NONE,26873.0,1109.0793998538254,0.8268771701388888,tano,five
id_byhwq1ziwftc.wav,1,2,16,16000,66560,66560,4.16,NONE,6223.0,774.7631644461243,0.8127704326923076,ndio,yes
id_c6kwfo9ll39r.wav,1,2,16,16000,111360,111360,6.96,NONE,13823.0,905.0631475982466,0.9109195402298851,mbili,two
id_91w9gz70pekg.wav,1,2,16,16000,65280,65280,4.08,NONE,16283.0,684.1316267843083,0.8337316176470588,hapana,no
id_fwtshp5pwegd.wav,1,2,16,16000,94720,94720,5.92,NONE,16430.0,1126.6268042149125,0.8197635135135135,moja,one
id_vhgy8w3uceeq.wav,1,2,16,16000,67840,67840,4.24,NONE,15163.0,1814.8268997635953,0.5169958726415095,moja,one
id_rf6o0w1uinfy.wav,1,2,16,16000,96256,96256,6.016,NONE,4804.0,383.2504642027009,0.40079579454787234,sita,six
id_98nea0yc6hj7.wav,1,2,16,16000,65280,65280,4.08,NONE,13882.0,1195.2930042431635,0.9044883578431373,ndio,yes
id_9q1oxshrodwx.wav,1,2,16,16000,61440,61440,3.84,NONE,24369.0,2640.152913563663,0.7968912760416667,moja,one
id_57qq31tiel2m.wav,1,2,16,16000,58880,58880,3.68,NONE,28378.0,1097.0174400267417,0.8894361413043478,sita,six
id_n3dz8s6yhizc.wav,1,2,16,16000,58880,58880,3.68,NONE,12398.0,555.5906909890795,0.8915930706521739,tano,five
id_vixyzzbfnfnq.wav,1,2,16,16000,67584,67584,4.224,NONE,8692.0,686.760100217643,0.9016483191287878,kumi,ten
id_o0zfl0p4z3zi.wav,1,2,16,16000,57600,57600,3.6,NONE,4834.0,722.8567927534895,0.8313368055555556,ndio,yes
id_bo3voxkx4890.wav,1,2,16,16000,70400,70400,4.4,NONE,2777.0,224.42461350058366,0.22205965909090908,tisa,nine
id_vcc1uosd2ifq.wav,1,2,16,16000,84480,84480,5.28,NONE,18449.0,955.3404506795184,0.9130681818181818,saba,seven
id_mldsa0piqngd.wav,1,2,16,16000,138240,138240,8.64,NONE,18501.0,385.08134000324156,0.923097511574074,hapana,no
id_wesg73e90shx.wav,1,2,16,16000,70400,70400,4.4,NONE,8232.0,432.2223189977268,0.7147301136363636,saba,seven
id_1v9r4aaiby42.wav,1,2,16,16000,64000,64000,4.0,NONE,30250.0,1868.2966784154291,0.87878125,nne,four
id_r51k50vi8lug.wav,1,2,16,16000,67840,67840,4.24,NONE,13483.0,1122.6683651494377,0.7094929245283019,saba,seven
id_prc1roplyctc.wav,1,2,16,16000,62720,62720,3.92,NONE,14618.0,799.6425410039731,0.6495535714285714,tatu,three
id_cpumxfmailyh.wav,1,2,16,16000,67840,67840,4.24,NONE,9040.0,1016.1941127383838,0.8767246462264151,nne,four
id_kw9tj53fucj2.wav,1,2,16,16000,60160,60160,3.76,NONE,20416.0,1318.1415572225142,0.7282413563829787,saba,seven
id_4d41hpl43uqz.wav,1,2,16,16000,53760,53760,3.36,NONE,13373.0,1341.69299482218,0.8108630952380952,kumi,ten
id_f0sv0jhwp84l.wav,1,2,16,16000,66560,66560,4.16,NONE,4433.0,306.63427879885705,0.35650540865384617,tisa,nine
id_rjl6li44m21s.wav,1,2,16,16000,64000,64000,4.0,NONE,27566.0,1335.899488546949,0.894203125,nane,eight
id_1agr9423s1zz.wav,1,2,16,16000,119040,119040,7.44,NONE,28682.0,1715.882840903282,0.9218834005376344,tatu,three
id_ea88by7h1ri9.wav,1,2,16,16000,151040,151040,9.44,NONE,15813.0,695.7429054323737,0.9307733050847458,tano,five
id_53w7q7thuvt3.wav,1,2,16,16000,122880,122880,7.68,NONE,18556.0,875.8046533679772,0.8289632161458333,tano,five
id_t8gx0vs0w8k6.wav,1,2,16,16000,61440,61440,3.84,NONE,10934.0,1150.5896864983765,0.83173828125,mbili,two
id_ioegla3yee4k.wav,1,2,16,16000,84480,84480,5.28,NONE,25897.0,1755.8659150403196,0.9098839962121212,nne,four
id_9ss628ewkgot.wav,1,2,16,16000,66560,66560,4.16,NONE,19412.0,1118.832686062596,0.9233022836538461,kumi,ten
id_unysxjodb5fw.wav,1,2,16,16000,75520,75520,4.72,NONE,13075.0,899.4783855004639,0.34609375,hapana,no
id_lp7h524k9bo0.wav,1,2,16,16000,85760,85760,5.36,NONE,4136.0,260.8303289836592,0.567852145522388,hapana,no
id_4en2cojs0k5n.wav,1,2,16,16000,101120,101120,6.32,NONE,15065.0,758.2143808449005,0.6294996044303798,hapana,no
id_bcs18vwvn52w.wav,1,2,16,16000,83200,83200,5.2,NONE,13268.0,917.6735401012296,0.6896995192307692,moja,one
id_zayrunyhdyn4.wav,1,2,16,16000,84480,84480,5.28,NONE,6410.0,666.8066394220797,0.5713304924242424,mbili,two
id_gkha3rs38g3b.wav,1,2,16,16000,51200,51200,3.2,NONE,3086.0,288.9700770827643,0.77775390625,mbili,two
id_oxsp2rt7vsln.wav,1,2,16,16000,78080,78080,4.88,NONE,12378.0,1285.6069333698329,0.2914190573770492,moja,one
id_i92vyz2o5wqr.wav,1,2,16,16000,101120,101120,6.32,NONE,28795.0,1499.4424744837652,0.9258801424050633,kumi,ten
id_py6wxzyflrik.wav,1,2,16,16000,76800,76800,4.8,NONE,13724.0,1416.644900280089,0.8941927083333333,mbili,two
id_txhe9emant40.wav,1,2,16,16000,60160,60160,3.76,NONE,10192.0,928.7658987857707,0.36042220744680853,nne,four
id_g9i17jyb5x53.wav,1,2,16,16000,61440,61440,3.84,NONE,20941.0,1498.6947871419686,0.713916015625,moja,one
id_svr4u969sv4s.wav,1,2,16,16000,122880,122880,7.68,NONE,17381.0,1379.2655113964586,0.8911295572916667,tisa,nine
id_zx2mg0bsc57z.wav,1,2,16,16000,62720,62720,3.92,NONE,16078.0,1140.0310374819599,0.8510682397959184,saba,seven
id_0ktq3i2jpy2w.wav,1,2,16,16000,65280,65280,4.08,NONE,19427.0,1001.3559286148252,0.9184283088235294,tisa,nine
id_t4k4vmxpvwjx.wav,1,2,16,16000,63488,63488,3.968,NONE,15406.0,950.7012151387153,0.9110383064516129,tatu,three
id_9lwqho2wr3v5.wav,1,2,16,16000,56320,56320,3.52,NONE,18208.0,1953.540038961212,0.7343039772727272,ndio,yes
id_zg9h0mf51y1c.wav,1,2,16,16000,67584,67584,4.224,NONE,9628.0,389.41119342250136,0.9148763020833334,tatu,three
id_qlmg7xihk85z.wav,1,2,16,16000,98560,98560,6.16,NONE,15000.0,822.0608815525138,0.9300730519480519,moja,one
id_s4wwj6499lwv.wav,1,2,16,16000,56320,56320,3.52,NONE,21370.0,1457.5738280642297,0.6757279829545455,nane,eight
id_7tq9dglnwqxg.wav,1,2,16,16000,70400,70400,4.4,NONE,9897.0,576.4052927460693,0.872627840909091,tatu,three
id_fzwlec9uy34d.wav,1,2,16,16000,78080,78080,4.88,NONE,19804.0,1944.46358519044,0.39618340163934423,tano,five
id_zhj12lzh80cn.wav,1,2,16,16000,57600,57600,3.6,NONE,8799.0,405.37953212939163,0.8018923611111111,saba,seven
id_iahtct4bqvcj.wav,1,2,16,16000,124160,124160,7.76,NONE,5321.0,350.75788972625986,0.7973663015463918,kumi,ten
id_fe1helxnfwvr.wav,1,2,16,16000,130560,130560,8.16,NONE,21090.0,933.218324775775,0.9267539828431373,moja,one
id_fqnfnz4v1slk.wav,1,2,16,16000,57600,57600,3.6,NONE,7431.0,244.10067413791248,0.5659722222222222,tano,five
id_edwbjsfr5u3b.wav,1,2,16,16000,60160,60160,3.76,NONE,4747.0,269.3277839414132,0.8849567819148936,nne,four
id_qg274aw5ymk3.wav,1,2,16,16000,79360,79360,4.96,NONE,5252.0,381.10229205037376,0.872757056451613,sita,six
id_u3dyny6lrf6j.wav,1,2,16,16000,76800,76800,4.8,NONE,15798.0,756.1060731929554,0.6332552083333334,tano,five
id_tp10eb8fv47f.wav,1,2,16,16000,60160,60160,3.76,NONE,32767.0,1910.1131878092162,0.8982878989361702,tatu,three
id_ldyz9jti0xyx.wav,1,2,16,16000,57600,57600,3.6,NONE,1898.0,251.59564115720596,0.16251736111111112,tisa,nine
id_9a8av82hzwt5.wav,1,2,16,16000,52480,52480,3.28,NONE,5110.0,348.9785949553965,0.869969512195122,tano,five
id_u2nwo5hc15gg.wav,1,2,16,16000,65280,65280,4.08,NONE,22213.0,1463.986600230903,0.830514705882353,hapana,no
id_0n1wd4oqtij5.wav,1,2,16,16000,67840,67840,4.24,NONE,17375.0,1732.6973067347683,0.8751474056603774,mbili,two
id_x6tdn33uk9yo.wav,1,2,16,16000,69120,69120,4.32,NONE,15402.0,381.3914504597557,0.8919270833333334,nne,four
id_m8cyooxvaqew.wav,1,2,16,16000,70400,70400,4.4,NONE,5199.0,488.5265881646054,0.7984232954545455,mbili,two
id_jp1tjxvnn19s.wav,1,2,16,16000,133120,133120,8.32,NONE,7715.0,579.7327693486635,0.45381610576923076,nne,four
id_mwrywe1rjt4g.wav,1,2,16,16000,57600,57600,3.6,NONE,32767.0,1809.5182554112757,0.89765625,nane,eight
id_78qj5lgkf8xs.wav,1,2,16,16000,66560,66560,4.16,NONE,24711.0,1466.6286383507343,0.8539513221153846,ndio,yes
id_1gt07oj1wsxw.wav,1,2,16,16000,60160,60160,3.76,NONE,16580.0,1061.776540555718,0.8925698138297873,tano,five
id_frn36y98us5h.wav,1,2,16,16000,71680,71680,4.48,NONE,11513.0,647.4225617626811,0.8556361607142857,saba,seven
id_3wit13cyxzlk.wav,1,2,16,16000,61440,61440,3.84,NONE,7355.0,562.3830745083724,0.737744140625,sita,six
id_2wm6sq5lzkfv.wav,1,2,16,16000,67840,67840,4.24,NONE,17963.0,746.4089716422983,0.9254274764150944,tatu,three
id_x8m7rt6npulf.wav,1,2,16,16000,61440,61440,3.84,NONE,17851.0,1801.431428503889,0.7026529947916667,nane,eight
id_azgef1qd82i3.wav,1,2,16,16000,93440,93440,5.84,NONE,8674.0,591.0484642961457,0.9047731164383561,tisa,nine
id_z2d86p8r4i82.wav,1,2,16,16000,70400,70400,4.4,NONE,8455.0,533.6639244784799,0.6409943181818182,mbili,two
id_fnwq0rai52go.wav,1,2,16,16000,49920,49920,3.12,NONE,4788.0,303.46944096986783,0.848798076923077,tatu,three
id_31m65hpbvm02.wav,1,2,16,16000,78080,78080,4.88,NONE,13190.0,594.2359340360465,0.6100665983606557,tisa,nine
id_3rrcfnee8j5k.wav,1,2,16,16000,78080,78080,4.88,NONE,32767.0,1842.9567865554134,0.8882300204918033,hapana,no
id_98f2vnendyqa.wav,1,2,16,16000,47360,47360,2.96,NONE,13454.0,941.9525722082275,0.48638091216216217,tisa,nine
id_rt0twzidbywk.wav,1,2,16,16000,66560,66560,4.16,NONE,28582.0,2254.4478915775235,0.887530048076923,sita,six
id_v9h9sojyzwpc.wav,1,2,16,16000,80640,80640,5.04,NONE,31021.0,1436.9783855690932,0.9190848214285714,nane,eight
id_vfdqneesmr7q.wav,1,2,16,16000,53760,53760,3.36,NONE,18294.0,1575.892281162211,0.49713541666666666,tisa,nine
id_0ehxqtmcqrao.wav,1,2,16,16000,64000,64000,4.0,NONE,15413.0,1077.5041390291733,0.874828125,hapana,no
id_cz5vtgjmhxk3.wav,1,2,16,16000,81920,81920,5.12,NONE,21329.0,1795.3951143925585,0.82060546875,tano,five
id_d98uxce6yjlj.wav,1,2,16,16000,71680,71680,4.48,NONE,12583.0,1231.0801527271146,0.5254743303571429,moja,one
id_79049ftc2bkz.wav,1,2,16,16000,71680,71680,4.48,NONE,12179.0,1393.6336872360753,0.9106305803571428,nne,four
id_gjhqstrdhg21.wav,1,2,16,16000,71680,71680,4.48,NONE,32768.0,1957.895806705123,0.8185825892857143,sita,six
id_fsi3oeouywij.wav,1,2,16,16000,67840,67840,4.24,NONE,17225.0,1163.8876336493108,0.8637971698113207,tano,five
id_oft79ndneun4.wav,1,2,16,16000,65280,65280,4.08,NONE,12318.0,1181.7021792746475,0.7282935049019608,ndio,yes
id_kvftz2zupp8d.wav,1,2,16,16000,88064,88064,5.504,NONE,32767.0,1700.7363084137182,0.7941951308139535,hapana,no
id_rhaqnk2m56oa.wav,1,2,16,16000,72960,72960,4.56,NONE,3300.0,241.2654331601164,0.6517955043859649,tisa,nine
id_767106k9h94j.wav,1,2,16,16000,61440,61440,3.84,NONE,10828.0,1005.0991564712373,0.53681640625,moja,one
id_4k7blv3zepva.wav,1,2,16,16000,64000,64000,4.0,NONE,9934.0,695.6442322925383,0.489828125,ndio,yes
id_yl6g02h3mmcq.wav,1,2,16,16000,92160,92160,5.76,NONE,13864.0,861.4751398501649,0.8647352430555556,tatu,three
id_gzig52ijr4yy.wav,1,2,16,16000,76800,76800,4.8,NONE,24732.0,1147.674230305033,0.642734375,kumi,ten
id_dd7sdcfau55z.wav,1,2,16,16000,65280,65280,4.08,NONE,26058.0,1860.8307577797784,0.8659620098039216,moja,one
id_9v64xxdbzlwd.wav,1,2,16,16000,67840,67840,4.24,NONE,13051.0,568.9751826148516,0.8810583726415094,saba,seven
id_36so4q33fykv.wav,1,2,16,16000,70400,70400,4.4,NONE,1697.0,57.380062784155584,0.49721590909090907,tatu,three
id_xtwjbcibizfz.wav,1,2,16,16000,71680,71680,4.48,NONE,9394.0,788.8237869023246,0.5063895089285714,tisa,nine
id_v5xwsh9nmhn3.wav,1,2,16,16000,81920,81920,5.12,NONE,11735.0,488.28143544996476,0.86595458984375,sita,six
id_n2k9f4nciumy.wav,1,2,16,16000,87040,87040,5.44,NONE,6163.0,269.35327152369007,0.4866268382352941,hapana,no
id_73n755ivrko2.wav,1,2,16,16000,55040,55040,3.44,NONE,8612.0,661.4049210336941,0.8918968023255814,nane,eight
id_6raxm4w4urxk.wav,1,2,16,16000,67584,67584,4.224,NONE,10515.0,933.2499753697186,0.8380237926136364,ndio,yes
id_rmdm5j2kienf.wav,1,2,16,16000,174080,174080,10.88,NONE,11383.0,506.22890706443883,0.9513384650735294,ndio,yes
id_vlyuravdp464.wav,1,2,16,16000,71680,71680,4.48,NONE,13013.0,597.0272979081816,0.7841796875,tano,five
id_mq8or9kwdlg9.wav,1,2,16,16000,73728,73728,4.608,NONE,9137.0,806.8019567696736,0.6444905598958334,sita,six
id_yvotvkq12670.wav,1,2,16,16000,69120,69120,4.32,NONE,30593.0,2250.6803432312213,0.8545862268518518,hapana,no
id_kbjg5j79vore.wav,1,2,16,16000,90880,90880,5.68,NONE,19276.0,1212.9096529191143,0.7092759683098592,tano,five
id_cipds94oxrla.wav,1,2,16,16000,74240,74240,4.64,NONE,25334.0,3783.8237962427547,0.4392376077586207,nne,four
id_5yjjx3ask638.wav,1,2,16,16000,89600,89600,5.6,NONE,7176.0,370.18956059036736,0.9032254464285714,tatu,three
id_5degcjdtdfwz.wav,1,2,16,16000,104448,104448,6.528,NONE,13052.0,749.7589030182311,0.7437576593137255,saba,seven
id_lfw2u2ej7wpz.wav,1,2,16,16000,129280,129280,8.08,NONE,11870.0,637.6356795530728,0.9263072400990099,sita,six
id_v2fge94lta9n.wav,1,2,16,16000,60160,60160,3.76,NONE,2420.0,268.7489586818025,0.8256815159574468,moja,one
id_uvgbm4vxm0x0.wav,1,2,16,16000,64000,64000,4.0,NONE,10979.0,1174.7279518108119,0.82328125,ndio,yes
id_8nubxuowynl2.wav,1,2,16,16000,51200,51200,3.2,NONE,24102.0,1666.223874701416,0.7002734375,saba,seven
id_rnq8tbt3tzvr.wav,1,2,16,16000,81920,81920,5.12,NONE,19626.0,1178.056903950447,0.9138916015625,hapana,no
id_pp62hwv5vo46.wav,1,2,16,16000,57600,57600,3.6,NONE,6512.0,329.80029205397756,0.9238368055555556,kumi,ten
id_3wk9p7uby5yy.wav,1,2,16,16000,72960,72960,4.56,NONE,4369.0,504.44123419703084,0.7046052631578947,ndio,yes
id_w0ii9epsol9d.wav,1,2,16,16000,85760,85760,5.36,NONE,9768.0,582.2655437651765,0.8298157649253731,sita,six
id_reiv0xlxylj1.wav,1,2,16,16000,136960,136960,8.56,NONE,15734.0,1234.8126582427326,0.9315931658878505,nne,four
id_ftem57sjc89t.wav,1,2,16,16000,57600,57600,3.6,NONE,10974.0,900.4931967226348,0.8281076388888889,tatu,three
id_tdvbek9ztwfd.wav,1,2,16,16000,60160,60160,3.76,NONE,6608.0,898.8166979049987,0.7938331117021277,nane,eight
id_n97rp5dp7cbv.wav,1,2,16,16000,55040,55040,3.44,NONE,1164.0,135.5285395371387,0.25897529069767444,saba,seven
id_6tgm86i06e96.wav,1,2,16,16000,55040,55040,3.44,NONE,22080.0,1473.226660357144,0.6271802325581395,tatu,three
id_pll4vw1cdpa3.wav,1,2,16,16000,51200,51200,3.2,NONE,8118.0,436.86583920563504,0.44138671875,sita,six
id_srqxr3dsnexg.wav,1,2,16,16000,249856,249856,15.616,NONE,10822.0,415.1073313247976,0.9665047067110656,tatu,three
id_w0xtgg7qmz6h.wav,1,2,16,16000,80640,80640,5.04,NONE,26011.0,3350.5413718956265,0.5746899801587302,moja,one
id_6nt8vhcb14cc.wav,1,2,16,16000,60160,60160,3.76,NONE,10697.0,346.2832961994106,0.9300698138297873,tano,five
id_59s6kxdzbxcw.wav,1,2,16,16000,62720,62720,3.92,NONE,5874.0,617.5021741730294,0.5730070153061224,nne,four
id_mcyfw04niq80.wav,1,2,16,16000,94720,94720,5.92,NONE,5986.0,447.50427760346076,0.9110325168918919,ndio,yes
id_4ejblan03vtr.wav,1,2,16,16000,69120,69120,4.32,NONE,17183.0,2888.4051455146346,0.7297743055555556,nne,four
id_wsxf4dvewzac.wav,1,2,16,16000,51200,51200,3.2,NONE,7967.0,595.0504193120424,0.50453125,nane,eight
id_nhz8baiq0d4e.wav,1,2,16,16000,62720,62720,3.92,NONE,7173.0,704.0342519152729,0.6793526785714286,hapana,no
id_j4ekrzmqnvze.wav,1,2,16,16000,113920,113920,7.12,NONE,9194.0,343.93187337541906,0.9444434691011236,tatu,three
id_rxwvus43l68w.wav,1,2,16,16000,61440,61440,3.84,NONE,26410.0,1607.1765765445186,0.7441243489583333,sita,six
id_5y7q286af79p.wav,1,2,16,16000,169984,169984,10.624,NONE,4433.0,267.2391010356033,0.9440182605421686,kumi,ten
id_yo31p2exwbft.wav,1,2,16,16000,72960,72960,4.56,NONE,7833.0,626.3820626787805,0.4932565789473684,nne,four
id_xj8f46q9vgwu.wav,1,2,16,16000,71680,71680,4.48,NONE,16292.0,687.9936764651451,0.8991489955357143,tatu,three
id_8ouy9rigwala.wav,1,2,16,16000,55040,55040,3.44,NONE,28875.0,2189.6310979631135,0.881922238372093,moja,one
id_s7tff6jo4y7h.wav,1,2,16,16000,69120,69120,4.32,NONE,10727.0,575.3397367539276,0.8351707175925925,tatu,three
id_y0z1g77ond3a.wav,1,2,16,16000,78080,78080,4.88,NONE,32767.0,1690.4223620301943,0.8922899590163934,saba,seven
id_llak9vwyp3sq.wav,1,2,16,16000,52480,52480,3.28,NONE,2230.0,271.7689745953196,0.28336509146341465,ndio,yes
id_12kj458pm4wm.wav,1,2,16,16000,993280,993280,62.08,NONE,3910.0,56.50786072339095,0.8549955702319587,moja,one
id_w2xk2kiuh85h.wav,1,2,16,16000,49920,49920,3.12,NONE,10664.0,904.6268481174633,0.35224358974358977,moja,one
id_7sanlvwvwtc5.wav,1,2,16,16000,52480,52480,3.28,NONE,6590.0,406.7040919242851,0.893311737804878,ndio,yes
id_ksqxnkp4pdac.wav,1,2,16,16000,73728,73728,4.608,NONE,12643.0,1122.4843316993256,0.8778754340277778,moja,one
id_rx4x4kbpowd8.wav,1,2,16,16000,58880,58880,3.68,NONE,8803.0,651.105835523158,0.762313179347826,nane,eight
id_9038uajavqlf.wav,1,2,16,16000,48640,48640,3.04,NONE,3817.0,491.646792551975,0.224609375,kumi,ten
id_rirgxj6qi733.wav,1,2,16,16000,151040,151040,9.44,NONE,16134.0,1062.2718513369089,0.9334149894067797,kumi,ten
id_5m8pgr9lvxr2.wav,1,2,16,16000,73728,73728,4.608,NONE,10671.0,1214.2645527504694,0.8753933376736112,kumi,ten
id_l5p4qv4myo1n.wav,1,2,16,16000,72960,72960,4.56,NONE,13223.0,1419.6279844138853,0.8572642543859649,kumi,ten
id_l5x12wq8u6mb.wav,1,2,16,16000,62720,62720,3.92,NONE,14195.0,2082.0195234813546,0.3837531887755102,nne,four
id_o6f09yplmou6.wav,1,2,16,16000,64000,64000,4.0,NONE,13102.0,1182.1164791712047,0.831609375,moja,one
id_rysagj0hh4eo.wav,1,2,16,16000,147456,147456,9.216,NONE,5183.0,352.6504807390512,0.9290974934895834,nne,four
id_1gk7jev99p3q.wav,1,2,16,16000,94720,94720,5.92,NONE,18652.0,777.5023341463616,0.8729940878378378,tatu,three
id_6evryhlr4q5k.wav,1,2,16,16000,60160,60160,3.76,NONE,12352.0,1053.4275932239284,0.893500664893617,nne,four
id_emdmuce9klz0.wav,1,2,16,16000,114688,114688,7.168,NONE,8206.0,390.8589288500245,0.9279610770089286,nane,eight
id_nxuz49ksvwvn.wav,1,2,16,16000,62720,62720,3.92,NONE,4969.0,177.87334429399937,0.6330994897959183,tatu,three
id_9qtimmbivvr9.wav,1,2,16,16000,70400,70400,4.4,NONE,18532.0,1448.3992990990716,0.6037357954545455,tatu,three
id_xuu3360pcyhx.wav,1,2,16,16000,80640,80640,5.04,NONE,8429.0,629.3232387764552,0.8193080357142857,tisa,nine
id_f89js7r6m2ma.wav,1,2,16,16000,63488,63488,3.968,NONE,12685.0,1193.27915574644,0.7867628528225806,tisa,nine
id_mwutny9klu6u.wav,1,2,16,16000,46080,46080,2.88,NONE,1678.0,263.35619923140433,0.23174913194444444,saba,seven
id_n6qzox1en7ly.wav,1,2,16,16000,59392,59392,3.712,NONE,13354.0,417.98111232926374,0.9193494073275862,tano,five
id_jcmo4jlbpgzh.wav,1,2,16,16000,69120,69120,4.32,NONE,23908.0,1415.4825072488695,0.9112268518518518,tano,five
id_kkorak0m9pwl.wav,1,2,16,16000,66560,66560,4.16,NONE,13961.0,717.3663661234699,0.8812950721153846,nane,eight
id_map4q70pjdgb.wav,1,2,16,16000,79360,79360,4.96,NONE,3314.0,226.42865106292848,0.3929057459677419,hapana,no
id_i8onf09fupa0.wav,1,2,16,16000,71680,71680,4.48,NONE,5544.0,495.47313798908414,0.31303013392857143,moja,one
id_6ybt2whk30bw.wav,1,2,16,16000,52480,52480,3.28,NONE,23607.0,1693.862135390032,0.6845274390243903,tisa,nine
id_7ag1n0tp90xa.wav,1,2,16,16000,170240,170240,10.64,NONE,9480.0,373.3916795905514,0.948578477443609,hapana,no
id_92fc5499d0yi.wav,1,2,16,16000,55040,55040,3.44,NONE,9805.0,693.120090127723,0.8753815406976744,sita,six
id_r0fw2xtim0cq.wav,1,2,16,16000,98560,98560,6.16,NONE,1801.0,143.2872167762263,0.19935064935064936,sita,six
id_ie4zythyuu4z.wav,1,2,16,16000,135680,135680,8.48,NONE,11962.0,460.5537392396183,0.951002358490566,tatu,three
id_cl4v1o8k7b49.wav,1,2,16,16000,62720,62720,3.92,NONE,12939.0,1092.4875649890082,0.8372130102040817,mbili,two
id_us0uoqhr84f9.wav,1,2,16,16000,74240,74240,4.64,NONE,30896.0,2263.4936426698414,0.729162176724138,kumi,ten
id_n5fe33qqvkvb.wav,1,2,16,16000,56320,56320,3.52,NONE,13493.0,862.5482273860177,0.8852982954545454,saba,seven
id_x8zqgpd1hgxv.wav,1,2,16,16000,56320,56320,3.52,NONE,29301.0,1618.3759660338756,0.6924005681818182,hapana,no
id_x7pkadmez53t.wav,1,2,16,16000,80640,80640,5.04,NONE,21947.0,1193.986042300675,0.9109499007936508,tisa,nine
id_7rpk9tzzpuny.wav,1,2,16,16000,59392,59392,3.712,NONE,8113.0,675.4602370651749,0.8577417834051724,mbili,two
id_a77kprea72hs.wav,1,2,16,16000,67840,67840,4.24,NONE,12246.0,924.0012044342749,0.8855395047169812,ndio,yes
id_f1zp5wzc8m9r.wav,1,2,16,16000,104960,104960,6.56,NONE,6589.0,332.69986933918074,0.5281916920731707,tano,five
id_5y0elsyvrb1y.wav,1,2,16,16000,74240,74240,4.64,NONE,32767.0,1814.425652941966,0.8824892241379311,tisa,nine
id_r60nwjlx8bhg.wav,1,2,16,16000,74240,74240,4.64,NONE,5853.0,424.95399996684733,0.8918776939655172,mbili,two
id_2umc263t0mkj.wav,1,2,16,16000,62720,62720,3.92,NONE,24996.0,1113.3947154942105,0.9041772959183674,tatu,three
id_9s26ovhtcp7w.wav,1,2,16,16000,67840,67840,4.24,NONE,11641.0,681.0422628135552,0.8513561320754717,hapana,no
id_ah2z92quev25.wav,1,2,16,16000,67840,67840,4.24,NONE,27125.0,1541.5290605918444,0.9073997641509434,nane,eight
id_379p8brdcgie.wav,1,2,16,16000,72960,72960,4.56,NONE,27436.0,1597.222538515256,0.8899945175438596,nne,four
id_7mw802r5vbqh.wav,1,2,16,16000,84480,84480,5.28,NONE,32767.0,1155.2002472494823,0.9266808712121212,tatu,three
id_3ib1e94te3o3.wav,1,2,16,16000,83200,83200,5.2,NONE,14507.0,1008.267916743906,0.8843389423076923,ndio,yes
id_0r56x9samgcy.wav,1,2,16,16000,74240,74240,4.64,NONE,20067.0,1715.3213275776268,0.8093345905172413,tisa,nine
id_e2fxgexd97xy.wav,1,2,16,16000,64000,64000,4.0,NONE,21340.0,1745.3760143053703,0.789421875,tatu,three
id_yj6qzu7vgcj6.wav,1,2,16,16000,73728,73728,4.608,NONE,10684.0,743.8458097828836,0.8609347873263888,tisa,nine
id_2r3acdpe8k4g.wav,1,2,16,16000,85760,85760,5.36,NONE,11263.0,922.5253151293849,0.877588619402985,ndio,yes
id_m9boyq5f10j5.wav,1,2,16,16000,51200,51200,3.2,NONE,4081.0,450.3882078100791,0.769375,kumi,ten
id_ymnn8mecy9xb.wav,1,2,16,16000,83968,83968,5.248,NONE,16909.0,910.0295580854377,0.91748046875,tatu,three
id_xox9ehp1pwnf.wav,1,2,16,16000,94720,94720,5.92,NONE,20000.0,1406.6480598065448,0.49581925675675675,kumi,ten
id_titz229joj6r.wav,1,2,16,16000,69120,69120,4.32,NONE,4915.0,691.535126788766,0.4030960648148148,nne,four
id_pzq10tdm03z6.wav,1,2,16,16000,67840,67840,4.24,NONE,27995.0,1470.0380894701077,0.911939858490566,moja,one
id_nh2s1tlgvy8h.wav,1,2,16,16000,69120,69120,4.32,NONE,16355.0,1067.915651552602,0.853978587962963,moja,one
id_rcfe9n4m6eqb.wav,1,2,16,16000,74240,74240,4.64,NONE,10466.0,960.7078223346239,0.8670797413793103,sita,six
id_rsf7nlh1xnq3.wav,1,2,16,16000,79360,79360,4.96,NONE,31978.0,1690.882409753532,0.8881552419354839,ndio,yes
id_a8suqbtwhysh.wav,1,2,16,16000,43520,43520,2.72,NONE,3720.0,606.9222567473482,0.18515625,nne,four
id_1enwxcstxph2.wav,1,2,16,16000,70400,70400,4.4,NONE,6580.0,845.0105064654118,0.8499715909090909,ndio,yes
id_v4ilg1oxc11z.wav,1,2,16,16000,46080,46080,2.88,NONE,5868.0,512.2266099653524,0.2654079861111111,ndio,yes
id_xj5mat84juyh.wav,1,2,16,16000,55040,55040,3.44,NONE,25054.0,2260.8922097366703,0.8908793604651163,nane,eight
id_5z31exr9urcf.wav,1,2,16,16000,89600,89600,5.6,NONE,16640.0,1618.689139944589,0.7508816964285714,nane,eight
id_htx9vb45vk8h.wav,1,2,16,16000,113920,113920,7.12,NONE,16280.0,1317.0551481648688,0.6878862359550562,mbili,two
id_ojhyxw0eluq5.wav,1,2,16,16000,81920,81920,5.12,NONE,10913.0,874.9606204029182,0.893994140625,moja,one
id_gmaozh4gx3tj.wav,1,2,16,16000,81920,81920,5.12,NONE,32449.0,1753.2911594504574,0.76309814453125,moja,one
id_3nyaznnpj0pd.wav,1,2,16,16000,93440,93440,5.84,NONE,3864.0,239.86127217798008,0.5033069349315068,nne,four
id_ctcdcixhf4nl.wav,1,2,16,16000,101120,101120,6.32,NONE,19744.0,1048.0984710530468,0.6968947784810127,tisa,nine
id_tpyw4om945kr.wav,1,2,16,16000,116480,116480,7.28,NONE,2927.0,193.97683573169445,0.33855597527472525,ndio,yes
id_mwk5b4xpfmm5.wav,1,2,16,16000,69120,69120,4.32,NONE,21901.0,902.3122320092779,0.9364293981481482,tatu,three
id_7hzjjl1l3vjy.wav,1,2,16,16000,65280,65280,4.08,NONE,19378.0,1645.5021469244846,0.819515931372549,nane,eight
id_cfkeh6x36kk1.wav,1,2,16,16000,80640,80640,5.04,NONE,16104.0,968.05457181166,0.8609126984126985,saba,seven
id_aymt8v1bq9ln.wav,1,2,16,16000,65280,65280,4.08,NONE,17194.0,565.9408514858375,0.8829963235294118,tatu,three
id_ll4lt8qyxhkd.wav,1,2,16,16000,62720,62720,3.92,NONE,23701.0,1581.4181959630284,0.8999362244897959,kumi,ten
id_9o62ubv16j2p.wav,1,2,16,16000,85760,85760,5.36,NONE,8150.0,624.9654334471078,0.8825209888059702,nane,eight
id_4j3e8cswgk3w.wav,1,2,16,16000,63488,63488,3.968,NONE,9217.0,848.4698962915859,0.8056798135080645,hapana,no
id_8k6crundu3kp.wav,1,2,16,16000,63488,63488,3.968,NONE,10490.0,1159.5907922381707,0.8622889364919355,mbili,two
id_cgbv2sygmoo8.wav,1,2,16,16000,89600,89600,5.6,NONE,8013.0,865.7934858592146,0.5266294642857143,nne,four
id_ts9md191a6re.wav,1,2,16,16000,62720,62720,3.92,NONE,10795.0,1302.843513185727,0.8546556122448979,mbili,two
id_da8mlgoov70o.wav,1,2,16,16000,59392,59392,3.712,NONE,12162.0,943.2677783447941,0.8597285829741379,sita,six
id_7ixopj8v9501.wav,1,2,16,16000,69632,69632,4.352,NONE,14813.0,1112.6136416986508,0.8612419577205882,saba,seven
id_xt2pjfnyonml.wav,1,2,16,16000,55040,55040,3.44,NONE,8513.0,685.5088636641134,0.8710574127906977,moja,one
id_ewaw96gd4srp.wav,1,2,16,16000,85760,85760,5.36,NONE,16713.0,1434.5676126529745,0.8916161380597015,kumi,ten
id_idydxrpcbqgz.wav,1,2,16,16000,61440,61440,3.84,NONE,7874.0,503.3217756211757,0.8920572916666667,moja,one
id_ahxkhjyzp5oq.wav,1,2,16,16000,66560,66560,4.16,NONE,18577.0,1061.157709756642,0.8800330528846154,ndio,yes
id_nbrsx68e9jr9.wav,1,2,16,16000,62720,62720,3.92,NONE,28362.0,1923.1210387802187,0.8871332908163265,nne,four
id_5utdy6iz7xbs.wav,1,2,16,16000,64000,64000,4.0,NONE,9046.0,462.7383311433958,0.76275,saba,seven
id_g94in2jg5qio.wav,1,2,16,16000,67840,67840,4.24,NONE,2816.0,150.61763883406257,0.8842718160377359,mbili,two
id_wtxzjlyczxc0.wav,1,2,16,16000,78080,78080,4.88,NONE,11684.0,672.975363198636,0.8184042008196721,kumi,ten
id_2z35cs0s6z8p.wav,1,2,16,16000,53760,53760,3.36,NONE,2528.0,309.56676731577517,0.7745721726190476,mbili,two
id_o0cg6uj5d83k.wav,1,2,16,16000,136960,136960,8.56,NONE,25332.0,1337.3385789705096,0.9135587032710281,tano,five
id_ca6qn7p95089.wav,1,2,16,16000,74240,74240,4.64,NONE,11178.0,950.174390087769,0.8864628232758621,tisa,nine
id_492h2dme124n.wav,1,2,16,16000,60160,60160,3.76,NONE,8995.0,995.5324989168365,0.854720744680851,moja,one
id_04qv4abenujq.wav,1,2,16,16000,66560,66560,4.16,NONE,12354.0,812.5892982640402,0.9120192307692307,tisa,nine
id_okczaxna9cbv.wav,1,2,16,16000,49920,49920,3.12,NONE,950.0,24.889348071733366,0.35963541666666665,tano,five
id_zxam5i284ay7.wav,1,2,16,16000,57600,57600,3.6,NONE,11717.0,675.7660696079179,0.8098611111111111,nane,eight
id_cp2whd7hjw0n.wav,1,2,16,16000,151040,151040,9.44,NONE,26380.0,3213.698335701299,0.9187831038135593,tano,five
id_cnipb0z114p7.wav,1,2,16,16000,72960,72960,4.56,NONE,4816.0,442.2780975319367,0.852905701754386,nane,eight
id_eh1ilyra2x00.wav,1,2,16,16000,61440,61440,3.84,NONE,22206.0,1632.616829543716,0.80498046875,nane,eight
id_57erwnaniilp.wav,1,2,16,16000,65536,65536,4.096,NONE,9892.0,877.6648421692951,0.8594207763671875,sita,six
id_dkltbstp37m9.wav,1,2,16,16000,64000,64000,4.0,NONE,21106.0,1662.6436477414516,0.846890625,kumi,ten
id_ln9xdzqyq16b.wav,1,2,16,16000,63488,63488,3.968,NONE,8394.0,544.1392985287656,0.8227381552419355,nane,eight
id_weqnc6puafu7.wav,1,2,16,16000,101120,101120,6.32,NONE,11538.0,805.7465079644556,0.821756329113924,ndio,yes
id_trh0x5j2fn3w.wav,1,2,16,16000,67840,67840,4.24,NONE,12857.0,817.6960911574077,0.873098466981132,moja,one
id_er4txz6j7jws.wav,1,2,16,16000,80640,80640,5.04,NONE,19768.0,1891.378885428313,0.827765376984127,moja,one
id_svq0y3f26n4c.wav,1,2,16,16000,70400,70400,4.4,NONE,4742.0,523.5309503826137,0.8653835227272727,mbili,two
id_l8306oeu91kr.wav,1,2,16,16000,75520,75520,4.72,NONE,7982.0,709.1031111615604,0.3751986228813559,kumi,ten
id_v7wh07s88fzy.wav,1,2,16,16000,64000,64000,4.0,NONE,14967.0,1440.710532395821,0.28796875,hapana,no
id_wrzb7o3szwls.wav,1,2,16,16000,83968,83968,5.248,NONE,13698.0,945.7682788120096,0.900414443597561,hapana,no
id_pn209e2s47tj.wav,1,2,16,16000,61440,61440,3.84,NONE,1550.0,140.1436159416215,0.8901204427083333,kumi,ten
id_t54rk0m5mwoa.wav,1,2,16,16000,66560,66560,4.16,NONE,28837.0,1685.8503406704945,0.8697115384615385,moja,one
id_kn21halmjk27.wav,1,2,16,16000,47360,47360,2.96,NONE,4160.0,643.2974547330708,0.13086993243243245,mbili,two
id_6yh7iggkchck.wav,1,2,16,16000,60160,60160,3.76,NONE,28412.0,2192.1644987760724,0.8738198138297872,tatu,three
id_shwiw7ae6cou.wav,1,2,16,16000,62720,62720,3.92,NONE,32767.0,1238.588494241571,0.8897480867346939,tatu,three
id_isi4eatxmtne.wav,1,2,16,16000,57344,57344,3.584,NONE,16484.0,1178.577451996707,0.6758510044642857,sita,six
id_ok4d5ylt5i4c.wav,1,2,16,16000,90880,90880,5.68,NONE,32767.0,3901.3790289908916,0.9159441021126761,kumi,ten
id_5tg718rzbvjo.wav,1,2,16,16000,69120,69120,4.32,NONE,30067.0,1852.188962476536,0.9176649305555555,tano,five
id_w5ul0lgei7rj.wav,1,2,16,16000,69632,69632,4.352,NONE,12619.0,1372.58858694531,0.8042423023897058,kumi,ten
id_yabo4lfuotsz.wav,1,2,16,16000,62720,62720,3.92,NONE,26173.0,1199.9422683949706,0.9099808673469387,tano,five
id_tk22j6xdgxyv.wav,1,2,16,16000,64000,64000,4.0,NONE,12569.0,1832.7994790927075,0.871203125,nne,four
id_6u1u98kkw0wf.wav,1,2,16,16000,60160,60160,3.76,NONE,8880.0,654.9900148332416,0.8707779255319149,tano,five
id_ig3m0k08xzp9.wav,1,2,16,16000,84480,84480,5.28,NONE,13373.0,804.6725734714456,0.9280658143939394,sita,six
id_szek25ganjxa.wav,1,2,16,16000,53760,53760,3.36,NONE,24467.0,1190.1513703465612,0.6559709821428571,tatu,three
id_90kxaeeie1mb.wav,1,2,16,16000,96000,96000,6.0,NONE,11986.0,555.8600391885233,0.8657291666666667,hapana,no
id_09nethbsaeau.wav,1,2,16,16000,70400,70400,4.4,NONE,16177.0,1024.0195008657838,0.8479971590909091,nane,eight
id_u1e98cjp47jb.wav,1,2,16,16000,70400,70400,4.4,NONE,16310.0,1179.8752829291093,0.8396732954545455,kumi,ten
id_ed3yirtbaixe.wav,1,2,16,16000,70400,70400,4.4,NONE,6663.0,449.12278286779116,0.9227272727272727,sita,six
id_l8qou4tdc9qr.wav,1,2,16,16000,90880,90880,5.68,NONE,25267.0,1150.5366887218636,0.9362015845070423,nne,four
id_fofhuqacfuwg.wav,1,2,16,16000,63488,63488,3.968,NONE,6996.0,311.6367755419949,0.9030367943548387,tatu,three
id_sdhl1scj68qk.wav,1,2,16,16000,993280,993280,62.08,NONE,627.0,23.98080765513384,0.6252496778350516,hapana,no
id_0ydbuxeoy8n8.wav,1,2,16,16000,69120,69120,4.32,NONE,19411.0,2749.088069206596,0.5221354166666666,mbili,two
id_5hqas66lf9gw.wav,1,2,16,16000,74240,74240,4.64,NONE,6319.0,387.2751571685354,0.8143723060344827,nne,four
id_p9b0k70y90q4.wav,1,2,16,16000,76800,76800,4.8,NONE,5240.0,629.3251010817561,0.8705859375,nne,four
id_wndyeolegfxh.wav,1,2,16,16000,136960,136960,8.56,NONE,18017.0,1393.2762126115156,0.8931585864485981,moja,one
id_042goshgfe28.wav,1,2,16,16000,90880,90880,5.68,NONE,1181.0,124.02384375765224,0.2625110035211268,tano,five
id_rr3ydfxeoaw5.wav,1,2,16,16000,72960,72960,4.56,NONE,13692.0,599.8292105586089,0.8362253289473685,tano,five
id_44xwi67zevlr.wav,1,2,16,16000,47360,47360,2.96,NONE,1808.0,349.8644036625746,0.26482263513513515,nane,eight
id_iz17jnkp15p1.wav,1,2,16,16000,53760,53760,3.36,NONE,12024.0,809.267260387518,0.8252418154761905,moja,one
id_ozee4bloecx8.wav,1,2,16,16000,110080,110080,6.88,NONE,10599.0,485.36380260143704,0.8536882267441861,hapana,no
id_b0jyjadp4pkh.wav,1,2,16,16000,70400,70400,4.4,NONE,5121.0,452.39560931727164,0.8256534090909091,nane,eight
id_9no3x3b6hu2c.wav,1,2,16,16000,44800,44800,2.8,NONE,1418.0,182.61963226686694,0.22828125,tisa,nine
id_h1qoy698wc3l.wav,1,2,16,16000,47360,47360,2.96,NONE,13220.0,330.9954929344286,0.7615920608108108,sita,six
id_7wbumizqe5uq.wav,1,2,16,16000,62720,62720,3.92,NONE,19803.0,1304.6270469069104,0.6673309948979592,tano,five
id_mylx1tis59h9.wav,1,2,16,16000,62720,62720,3.92,NONE,9676.0,760.6799922685985,0.8440848214285714,tisa,nine
id_8v2e2gh9deo2.wav,1,2,16,16000,53760,53760,3.36,NONE,17127.0,2012.2460103607605,0.7579799107142857,mbili,two
id_gmqhus6vjx3e.wav,1,2,16,16000,85760,85760,5.36,NONE,12822.0,590.4505175127408,0.9328241604477612,moja,one
id_pyljq4h1dk06.wav,1,2,16,16000,94720,94720,5.92,NONE,11638.0,580.5861610504455,0.9086993243243243,moja,one
id_jzn83vlm09jg.wav,1,2,16,16000,61440,61440,3.84,NONE,8605.0,714.6006412087912,0.836376953125,tano,five
id_d1p2uli2mlo5.wav,1,2,16,16000,88064,88064,5.504,NONE,19444.0,1628.2509015222588,0.8649732013081395,moja,one
id_k0wh7jtx84js.wav,1,2,16,16000,55040,55040,3.44,NONE,6398.0,471.51689811793153,0.8483103197674419,tano,five
id_a46pet3qlqj2.wav,1,2,16,16000,64000,64000,4.0,NONE,19240.0,1254.0176523690268,0.86003125,nane,eight
id_c8577dgo3x1z.wav,1,2,16,16000,60160,60160,3.76,NONE,28092.0,1778.0598946873934,0.8749501329787234,tatu,three
id_xybg1e3runiu.wav,1,2,16,16000,92160,92160,5.76,NONE,562.0,126.92967379554614,0.30934244791666665,tisa,nine
id_8mshkuff9u9a.wav,1,2,16,16000,64000,64000,4.0,NONE,28486.0,2003.2096237663197,0.85490625,nane,eight
id_7nahw1stqite.wav,1,2,16,16000,72960,72960,4.56,NONE,30662.0,2883.140476657606,0.8388157894736842,hapana,no
id_2mp42y9eolei.wav,1,2,16,16000,98560,98560,6.16,NONE,12524.0,981.1032513932877,0.8881392045454546,kumi,ten
id_7sqz1ssggfgc.wav,1,2,16,16000,79360,79360,4.96,NONE,10362.0,914.050940463163,0.7492313508064516,nne,four
id_kpbmq5sg0jp0.wav,1,2,16,16000,83200,83200,5.2,NONE,8699.0,614.8827840825093,0.9111418269230769,sita,six
id_uhvgzpnpg0p5.wav,1,2,16,16000,55040,55040,3.44,NONE,7034.0,499.391560251654,0.8642260174418605,tatu,three
id_2vy3652xifaa.wav,1,2,16,16000,55040,55040,3.44,NONE,28116.0,1506.2171442667686,0.7990915697674419,tisa,nine
id_5yfyfzf0g1c8.wav,1,2,16,16000,61440,61440,3.84,NONE,5628.0,596.7156100309069,0.8385579427083333,nne,four
id_ohmyl7h64fd6.wav,1,2,16,16000,65280,65280,4.08,NONE,9035.0,884.4732720204183,0.88046875,sita,six
id_pngamjz9e3ke.wav,1,2,16,16000,74240,74240,4.64,NONE,13540.0,1023.4626505267147,0.8141163793103449,sita,six
id_xppgc48s2jj5.wav,1,2,16,16000,107520,107520,6.72,NONE,2371.0,143.36064937963485,0.7351190476190477,sita,six
id_phtq2xa1j67n.wav,1,2,16,16000,71680,71680,4.48,NONE,6839.0,368.16485544391685,0.9042550223214286,tano,five
id_5k2dphlfec2k.wav,1,2,16,16000,84480,84480,5.28,NONE,8716.0,510.3684546185207,0.6879142992424242,sita,six
id_tgw14f3xv424.wav,1,2,16,16000,93440,93440,5.84,NONE,11006.0,985.1974826751411,0.8105736301369864,ndio,yes
id_n0c3xzruos2u.wav,1,2,16,16000,57600,57600,3.6,NONE,2569.0,170.95841036028813,0.33684027777777775,tano,five
id_rpehhiq0ypx9.wav,1,2,16,16000,71680,71680,4.48,NONE,31555.0,2480.5498344030566,0.9133091517857143,ndio,yes
id_tuqin1rw60cc.wav,1,2,16,16000,58880,58880,3.68,NONE,16077.0,1601.0706395299821,0.5613111413043478,kumi,ten
id_simgekq82lsp.wav,1,2,16,16000,69120,69120,4.32,NONE,18700.0,1220.418101669237,0.8588686342592593,nne,four
id_gq2jokwr04cc.wav,1,2,16,16000,66560,66560,4.16,NONE,7525.0,404.5180217962269,0.9216496394230769,tano,five
id_gjkontl43qo2.wav,1,2,16,16000,47360,47360,2.96,NONE,3220.0,466.996883602839,0.15225929054054055,ndio,yes
id_7ez4fyhevewi.wav,1,2,16,16000,57600,57600,3.6,NONE,32768.0,2040.4121491892338,0.9047916666666667,sita,six
id_9p3calymljrq.wav,1,2,16,16000,92160,92160,5.76,NONE,2440.0,150.71343329542475,0.9249891493055555,ndio,yes
id_mk2zy613b0vo.wav,1,2,16,16000,61440,61440,3.84,NONE,17347.0,1730.2955018288317,0.85517578125,nne,four
id_ar2uymtuiv4u.wav,1,2,16,16000,71680,71680,4.48,NONE,7451.0,468.9258227694916,0.7250558035714286,moja,one
id_pszed6n3z61e.wav,1,2,16,16000,69632,69632,4.352,NONE,10493.0,878.1129863305792,0.8822954963235294,kumi,ten
id_wcp86nwig4he.wav,1,2,16,16000,93440,93440,5.84,NONE,11755.0,1010.445921509596,0.7172624143835616,ndio,yes
id_1qkemzht1yxy.wav,1,2,16,16000,71680,71680,4.48,NONE,2094.0,277.93301198631605,0.7694056919642858,nane,eight
id_2h93m6fykfgm.wav,1,2,16,16000,102400,102400,6.4,NONE,8672.0,547.43056600779,0.72263671875,tano,five
id_h8clthbp98oo.wav,1,2,16,16000,84480,84480,5.28,NONE,8651.0,240.73044851028322,0.9509232954545455,tatu,three
id_nxjsea2t8y02.wav,1,2,16,16000,64000,64000,4.0,NONE,20839.0,2216.0238974801523,0.501,ndio,yes
id_u1k3uiq2cijc.wav,1,2,16,16000,60160,60160,3.76,NONE,26504.0,1492.6631285699689,0.8271276595744681,hapana,no
id_0rds13cppi5m.wav,1,2,16,16000,81920,81920,5.12,NONE,26109.0,959.3090218813178,0.94803466796875,tano,five
id_wp1gxi9viwil.wav,1,2,16,16000,71680,71680,4.48,NONE,18069.0,866.1423796623152,0.8735909598214285,saba,seven
id_8jwehme77800.wav,1,2,16,16000,61440,61440,3.84,NONE,8650.0,610.8239609037882,0.9003092447916666,mbili,two
id_ifq54h8b42wa.wav,1,2,16,16000,75520,75520,4.72,NONE,20978.0,1590.6056915555798,0.8127251059322034,nane,eight
id_6scjjb5u1hy4.wav,1,2,16,16000,84480,84480,5.28,NONE,26658.0,1748.0663593484105,0.9071614583333333,tano,five
id_nfjcckzsbq7l.wav,1,2,16,16000,55040,55040,3.44,NONE,23415.0,2464.315644729147,0.5930232558139535,kumi,ten
id_s4w8cvq8m5r9.wav,1,2,16,16000,198400,198400,12.4,NONE,29270.0,1882.1379008758383,0.9150907258064516,tisa,nine
id_q2drmnfcncwr.wav,1,2,16,16000,72960,72960,4.56,NONE,14615.0,642.1860588727587,0.9112390350877193,tano,five
id_5riqzs5g5g5r.wav,1,2,16,16000,66560,66560,4.16,NONE,28527.0,2471.936473847818,0.8652493990384615,moja,one
id_y6dfegje2hr9.wav,1,2,16,16000,83200,83200,5.2,NONE,2521.0,165.3477967625537,0.48173076923076924,tisa,nine
id_vi7bx98zjuk9.wav,1,2,16,16000,128000,128000,8.0,NONE,3576.0,270.67040079622205,0.6061796875,nane,eight
id_pe9t8thefxbf.wav,1,2,16,16000,69120,69120,4.32,NONE,31306.0,2652.2352284172757,0.8567997685185185,tano,five
id_b1zeupufy644.wav,1,2,16,16000,83200,83200,5.2,NONE,16541.0,1498.5237208931085,0.8510096153846154,kumi,ten
id_3q62kxbma49g.wav,1,2,16,16000,81920,81920,5.12,NONE,10596.0,687.0930218971417,0.50380859375,saba,seven
id_e27kxvgw6h0o.wav,1,2,16,16000,112640,112640,7.04,NONE,9765.0,590.5966036568999,0.8559037642045455,kumi,ten
id_hp6sw9c20eaq.wav,1,2,16,16000,75520,75520,4.72,NONE,2183.0,198.91999319258306,0.7503575211864407,nane,eight
id_ow3mgyi890lk.wav,1,2,16,16000,64000,64000,4.0,NONE,17221.0,1317.8403841963373,0.824390625,saba,seven
id_j6hsq1dcl82k.wav,1,2,16,16000,58880,58880,3.68,NONE,13874.0,913.0852414863076,0.9224184782608695,tatu,three
id_vpnjtosisawf.wav,1,2,16,16000,81920,81920,5.12,NONE,9367.0,521.5606724850023,0.60517578125,hapana,no
id_fkt1qmz90evv.wav,1,2,16,16000,60160,60160,3.76,NONE,9609.0,587.655823170318,0.8494680851063829,moja,one
id_ayqxbhu3i9n9.wav,1,2,16,16000,103680,103680,6.48,NONE,10069.0,389.46840064166906,0.80703125,sita,six
id_vp98dmnic44b.wav,1,2,16,16000,58880,58880,3.68,NONE,5209.0,548.1063156332833,0.7328634510869565,nane,eight
id_zok499oi2fr9.wav,1,2,16,16000,67840,67840,4.24,NONE,4135.0,316.6042207648724,0.6622936320754716,nane,eight
id_w0zjbgevmybk.wav,1,2,16,16000,71680,71680,4.48,NONE,17540.0,919.439684351982,0.8760463169642857,nane,eight
id_g08vgum8kvrr.wav,1,2,16,16000,67840,67840,4.24,NONE,13271.0,1047.100493582902,0.7892983490566038,nane,eight
id_fprn1vm8vgo5.wav,1,2,16,16000,70400,70400,4.4,NONE,29667.0,2338.898553740093,0.6572585227272727,sita,six
id_hpt79h7fqly0.wav,1,2,16,16000,93440,93440,5.84,NONE,24222.0,1445.3031161043018,0.8925620719178082,sita,six
id_6q4s8cmk182z.wav,1,2,16,16000,69632,69632,4.352,NONE,3141.0,269.16256927315357,0.8364545036764706,mbili,two
id_wjro813xbn2h.wav,1,2,16,16000,73728,73728,4.608,NONE,6421.0,288.61571143992484,0.8716362847222222,tatu,three
id_1b2chm7m97ca.wav,1,2,16,16000,142080,142080,8.88,NONE,4691.0,307.72216307128457,0.4153364301801802,mbili,two
id_4cdw0oguomx2.wav,1,2,16,16000,66560,66560,4.16,NONE,6975.0,484.1424257400319,0.5793719951923076,nane,eight
id_t5erw5g91ahs.wav,1,2,16,16000,78080,78080,4.88,NONE,23465.0,953.9561082232746,0.5346055327868853,nne,four
id_lyhwrvs3azr8.wav,1,2,16,16000,97280,97280,6.08,NONE,4652.0,184.19845888428435,0.9185238486842106,nne,four
id_z9zj3ypkrqb4.wav,1,2,16,16000,62720,62720,3.92,NONE,12280.0,728.5034877613729,0.9065688775510204,tano,five
id_jn38bc9wftor.wav,1,2,16,16000,58880,58880,3.68,NONE,21304.0,2239.1375349998893,0.6210767663043478,mbili,two
id_g563fif4zhu5.wav,1,2,16,16000,66560,66560,4.16,NONE,27967.0,1885.2542117028645,0.8792217548076923,saba,seven
id_82sqsmfamjmw.wav,1,2,16,16000,69120,69120,4.32,NONE,4042.0,337.5194406695133,0.5235243055555555,sita,six
id_vouunsoc1ysl.wav,1,2,16,16000,81920,81920,5.12,NONE,14253.0,1335.4084941105393,0.89664306640625,hapana,no
id_8mhalkwwm05w.wav,1,2,16,16000,57600,57600,3.6,NONE,6047.0,322.35791893376154,0.8169444444444445,sita,six
id_ht1g5tl4een4.wav,1,2,16,16000,99840,99840,6.24,NONE,16415.0,723.1788613993912,0.888291266025641,tatu,three
id_ge8vvpceb4e1.wav,1,2,16,16000,88320,88320,5.52,NONE,16483.0,1404.8736547467997,0.7325860507246377,nane,eight
id_0so8tqf9upru.wav,1,2,16,16000,83200,83200,5.2,NONE,29425.0,1763.0848687624582,0.8826081730769231,tano,five
id_ev8w65m741vk.wav,1,2,16,16000,74240,74240,4.64,NONE,14511.0,1247.0082556429618,0.9142914870689656,kumi,ten
id_ar170bai82up.wav,1,2,16,16000,67584,67584,4.224,NONE,19338.0,971.3635312150146,0.8845436789772727,tatu,three
id_oi49r81nb2wp.wav,1,2,16,16000,124160,124160,7.76,NONE,15140.0,1807.9412858657458,0.8622825386597938,kumi,ten
id_3jan432i3dai.wav,1,2,16,16000,64000,64000,4.0,NONE,28164.0,1618.5994235661738,0.913125,nne,four
id_u2ngp2f94ssc.wav,1,2,16,16000,69120,69120,4.32,NONE,17421.0,1671.894576832423,0.5000434027777778,mbili,two
id_ifl3980chb7m.wav,1,2,16,16000,55040,55040,3.44,NONE,17582.0,1500.7498381199332,0.5663880813953488,nne,four
id_6i9sr6zoatgm.wav,1,2,16,16000,79360,79360,4.96,NONE,4923.0,274.4534103598739,0.9216355846774194,tatu,three
id_5rg8pcffeoxa.wav,1,2,16,16000,76800,76800,4.8,NONE,17013.0,773.5481911532457,0.8938932291666667,hapana,no
id_cgc2ycqq0lok.wav,1,2,16,16000,75520,75520,4.72,NONE,29506.0,2765.641917132019,0.9176906779661017,kumi,ten
id_nnouhkspdeuv.wav,1,2,16,16000,90880,90880,5.68,NONE,15426.0,1646.514447182268,0.9002200704225352,nne,four
id_v2okjqke4zmb.wav,1,2,16,16000,172800,172800,10.8,NONE,7041.0,370.9792368403745,0.6138599537037037,nane,eight
id_fekehmbnshy8.wav,1,2,16,16000,76800,76800,4.8,NONE,9286.0,644.2371074977623,0.7505729166666667,ndio,yes
id_15o767bgrusd.wav,1,2,16,16000,53760,53760,3.36,NONE,14198.0,1076.8278493308455,0.8625,mbili,two
id_am0b297vlo83.wav,1,2,16,16000,49920,49920,3.12,NONE,2906.0,453.4464181428745,0.1580929487179487,nane,eight
id_zr8xihw8b98w.wav,1,2,16,16000,94720,94720,5.92,NONE,26916.0,1111.0905946751557,0.9226351351351352,tisa,nine
id_gjn2u3cvf2xz.wav,1,2,16,16000,99840,99840,6.24,NONE,7670.0,529.670880090595,0.5755809294871795,hapana,no
id_xlzq4q0eebpw.wav,1,2,16,16000,71680,71680,4.48,NONE,21267.0,1255.691305652817,0.8306082589285714,saba,seven
id_b6joq1lskw9e.wav,1,2,16,16000,79360,79360,4.96,NONE,7339.0,437.7935786734677,0.47661290322580646,moja,one
id_de0jab6r8t7c.wav,1,2,16,16000,67840,67840,4.24,NONE,4442.0,264.18571447098054,0.7837411556603774,tatu,three
id_dlnxuz5z61cg.wav,1,2,16,16000,94720,94720,5.92,NONE,7468.0,453.6825014245288,0.9006967905405405,moja,one
id_5ta18s11zpg5.wav,1,2,16,16000,57600,57600,3.6,NONE,7154.0,683.7883575722747,0.7913368055555555,ndio,yes
id_tfm8c5hzwzfb.wav,1,2,16,16000,70400,70400,4.4,NONE,3450.0,446.3134468360824,0.4714914772727273,mbili,two
id_yytpefi2ese4.wav,1,2,16,16000,97280,97280,6.08,NONE,15494.0,664.9550411212642,0.8985300164473684,tisa,nine
id_hyw8injv42y0.wav,1,2,16,16000,57600,57600,3.6,NONE,15966.0,1897.7802719879157,0.8140798611111111,nne,four
id_x4z0rpfac3p5.wav,1,2,16,16000,60160,60160,3.76,NONE,29190.0,1806.3988110357313,0.9008144946808511,saba,seven
id_es5wqle6eb37.wav,1,2,16,16000,43520,43520,2.72,NONE,4746.0,443.34352523172106,0.31785386029411766,moja,one
id_qd9wfzwggis2.wav,1,2,16,16000,72960,72960,4.56,NONE,12763.0,971.5942842391152,0.8923382675438597,moja,one
id_eldlv1h67tj6.wav,1,2,16,16000,70400,70400,4.4,NONE,21549.0,1815.3833551133841,0.8400710227272727,hapana,no
id_9hvd1sdlifhh.wav,1,2,16,16000,84480,84480,5.28,NONE,10185.0,540.6691541458525,0.5730823863636364,nane,eight
id_0xjh7lix7cm8.wav,1,2,16,16000,42240,42240,2.64,NONE,2944.0,334.46423876449126,0.16877367424242423,saba,seven
id_lkqjkdrv4t2g.wav,1,2,16,16000,75776,75776,4.736,NONE,20557.0,1309.4783090433154,0.907055004222973,tano,five
id_4jqzz1ekh1b9.wav,1,2,16,16000,65280,65280,4.08,NONE,12811.0,908.0932279740897,0.8783547794117647,saba,seven
id_ta1ytc871bx1.wav,1,2,16,16000,135680,135680,8.48,NONE,4967.0,172.62542392150755,0.5413767688679245,tano,five
id_sx9c63jaui0k.wav,1,2,16,16000,58880,58880,3.68,NONE,18192.0,763.542458214292,0.8557404891304348,tano,five
id_m5kd2w03t2lg.wav,1,2,16,16000,56320,56320,3.52,NONE,11440.0,1091.273129465323,0.8660333806818182,ndio,yes
id_yey8vb7n5a6a.wav,1,2,16,16000,62720,62720,3.92,NONE,10471.0,554.5285331566099,0.8849330357142857,saba,seven
id_i2m6jf1xtwol.wav,1,2,16,16000,74240,74240,4.64,NONE,32768.0,1290.7087866578654,0.939520474137931,tatu,three
id_oa35enkla6y6.wav,1,2,16,16000,93440,93440,5.84,NONE,7557.0,627.5131616582767,0.5597602739726028,ndio,yes
id_2hzcwnuz998g.wav,1,2,16,16000,62720,62720,3.92,NONE,29341.0,2046.188056519609,0.8879623724489796,tatu,three
id_vbgu1j3o4djk.wav,1,2,16,16000,62720,62720,3.92,NONE,12307.0,1223.22267639849,0.7842793367346939,nane,eight
id_rmm820ra2v8a.wav,1,2,16,16000,55040,55040,3.44,NONE,5716.0,410.9585611147289,0.8387899709302326,saba,seven
id_64obgqr6qss6.wav,1,2,16,16000,57600,57600,3.6,NONE,15212.0,1269.3774355794785,0.8726909722222222,tisa,nine
id_ietts9gu2018.wav,1,2,16,16000,98560,98560,6.16,NONE,13138.0,727.9621330585869,0.9269277597402598,tatu,three
id_chsfjkns5u2h.wav,1,2,16,16000,58880,58880,3.68,NONE,7007.0,327.138224768399,0.5260360054347826,mbili,two
id_fetpuy1tyujk.wav,1,2,16,16000,49920,49920,3.12,NONE,6813.0,529.3143870068789,0.46488381410256413,saba,seven
id_ovvb2wnclkuc.wav,1,2,16,16000,79360,79360,4.96,NONE,11662.0,895.0778182965164,0.1859501008064516,nane,eight
id_couamyqxb9gw.wav,1,2,16,16000,70400,70400,4.4,NONE,12956.0,1120.8023975340977,0.8838920454545455,tisa,nine
id_rm4p939ggzty.wav,1,2,16,16000,48640,48640,3.04,NONE,6437.0,831.0427844341306,0.2694490131578947,mbili,two
id_phfkrqfvd2va.wav,1,2,16,16000,90880,90880,5.68,NONE,29347.0,1368.4179032494199,0.8561949823943662,hapana,no
id_wvevs98thkl7.wav,1,2,16,16000,65280,65280,4.08,NONE,18291.0,2452.6620649554075,0.6470894607843137,nne,four
id_c3vpgwyk9z57.wav,1,2,16,16000,66560,66560,4.16,NONE,20130.0,1452.959430528195,0.5601262019230769,sita,six
id_gjlvxjnawqpy.wav,1,2,16,16000,60160,60160,3.76,NONE,27150.0,1210.792381077971,0.8972406914893617,nane,eight
id_s4xxifgzr3io.wav,1,2,16,16000,62720,62720,3.92,NONE,1213.0,101.44386131926487,0.21481186224489796,tisa,nine
id_x57y1tayyhhf.wav,1,2,16,16000,72960,72960,4.56,NONE,29823.0,2125.321803984206,0.9196271929824561,kumi,ten
id_xeau1v1f4kkl.wav,1,2,16,16000,60160,60160,3.76,NONE,5613.0,269.5502605614582,0.8871343085106383,moja,one
id_6rr2ct8rdzqe.wav,1,2,16,16000,65280,65280,4.08,NONE,3007.0,321.6422454663371,0.3785845588235294,nane,eight
id_5i7hzoouny3f.wav,1,2,16,16000,51200,51200,3.2,NONE,2654.0,207.92493048874636,0.24140625,saba,seven
id_mpv7dgpnejfe.wav,1,2,16,16000,87040,87040,5.44,NONE,32767.0,2597.686421717746,0.8955307904411764,mbili,two
id_qr3s66u459b9.wav,1,2,16,16000,70400,70400,4.4,NONE,11784.0,948.0770179549928,0.9184801136363636,tano,five
id_3amwqazbl4y9.wav,1,2,16,16000,57600,57600,3.6,NONE,18278.0,1040.1039053329666,0.8605902777777777,saba,seven
id_bi87jp84idw8.wav,1,2,16,16000,85760,85760,5.36,NONE,28540.0,1426.110512865109,0.6063432835820896,moja,one
id_vg8f0abczeu6.wav,1,2,16,16000,92160,92160,5.76,NONE,15956.0,863.9422206255618,0.7283528645833334,hapana,no
id_feajgnmo46f4.wav,1,2,16,16000,80640,80640,5.04,NONE,7923.0,405.390497629084,0.480828373015873,saba,seven
id_qwc4jx9g002x.wav,1,2,16,16000,65536,65536,4.096,NONE,4113.0,407.72669619748257,0.8436431884765625,ndio,yes
id_kalci7a2x4xl.wav,1,2,16,16000,89600,89600,5.6,NONE,4498.0,219.55491559020362,0.9081584821428571,tano,five
id_zoz8ybdijbx2.wav,1,2,16,16000,56320,56320,3.52,NONE,25704.0,1727.7632830282041,0.7451526988636363,saba,seven
id_o0vjyoeky9qb.wav,1,2,16,16000,57600,57600,3.6,NONE,12071.0,676.8403719597283,0.8613020833333334,hapana,no
id_01rtyjt9oqie.wav,1,2,16,16000,69632,69632,4.352,NONE,9525.0,463.1561153818958,0.7236902573529411,nane,eight
id_bmnmlf2e7u8c.wav,1,2,16,16000,55040,55040,3.44,NONE,12453.0,984.3970243844735,0.7864280523255814,tatu,three
id_x4e3npzd5tk4.wav,1,2,16,16000,70400,70400,4.4,NONE,5336.0,336.5677919521496,0.86625,sita,six
id_sd4w5u0eh272.wav,1,2,16,16000,77824,77824,4.864,NONE,4231.0,366.6855686135477,0.7974403782894737,ndio,yes
id_nmjl1vszeo7c.wav,1,2,16,16000,61440,61440,3.84,NONE,6536.0,424.5206153395937,0.848828125,moja,one
id_qxufg7e8qfj8.wav,1,2,16,16000,62720,62720,3.92,NONE,9910.0,582.4268018079918,0.7374043367346939,hapana,no
id_pqt5x5fl4mp2.wav,1,2,16,16000,57600,57600,3.6,NONE,13640.0,1131.9147564494667,0.4948958333333333,tisa,nine
id_xqmbcvrooqw3.wav,1,2,16,16000,42240,42240,2.64,NONE,1465.0,179.08290856249948,0.21758996212121212,tatu,three
id_b061wnqqniqr.wav,1,2,16,16000,98560,98560,6.16,NONE,16042.0,949.007611124377,0.5494318181818182,saba,seven
id_pgt6cxxfn9w2.wav,1,2,16,16000,76800,76800,4.8,NONE,15070.0,1327.9256504409268,0.8700911458333334,tatu,three
id_x3ht55txdvph.wav,1,2,16,16000,70400,70400,4.4,NONE,3958.0,337.7733871899176,0.8640056818181818,kumi,ten
id_6o4gyb9ybzrp.wav,1,2,16,16000,65280,65280,4.08,NONE,16078.0,902.6397276126191,0.8926164215686274,hapana,no
id_lltzs8fhbxem.wav,1,2,16,16000,70400,70400,4.4,NONE,30240.0,1478.7191599268128,0.9197301136363636,tano,five
id_b06mt4srxnvp.wav,1,2,16,16000,67840,67840,4.24,NONE,7651.0,382.7859532574345,0.6980542452830188,tatu,three
id_l0pz6qczdewq.wav,1,2,16,16000,74240,74240,4.64,NONE,11020.0,470.80977411241633,0.8972117456896552,hapana,no
id_swj9qdwxdan2.wav,1,2,16,16000,72960,72960,4.56,NONE,10034.0,796.7074285540882,0.23703399122807017,moja,one
id_2gv46gzuig5m.wav,1,2,16,16000,64000,64000,4.0,NONE,28163.0,1499.4642332815495,0.884171875,tano,five
id_uo3cuuwxufw0.wav,1,2,16,16000,74240,74240,4.64,NONE,11674.0,682.578522939631,0.8096848060344828,tisa,nine
id_179zvdhnqa28.wav,1,2,16,16000,75776,75776,4.736,NONE,11224.0,734.450449428877,0.8366633234797297,tisa,nine
id_w6a4a299a12e.wav,1,2,16,16000,991232,991232,61.952,NONE,870.0,32.87452997434376,0.5898023873321281,nne,four
id_u4zt6g9mmaeb.wav,1,2,16,16000,81920,81920,5.12,NONE,12502.0,1057.4745160809525,0.9265869140625,kumi,ten
id_q0sw4098a3bs.wav,1,2,16,16000,57600,57600,3.6,NONE,32768.0,2281.961793926658,0.8568055555555556,saba,seven
id_fkp3ppeph4mi.wav,1,2,16,16000,89600,89600,5.6,NONE,14418.0,692.981469077186,0.8145758928571428,tatu,three
id_ng38qz7xsl8l.wav,1,2,16,16000,108800,108800,6.8,NONE,24997.0,1609.7976428252057,0.746452205882353,mbili,two
id_ih8l87227ioj.wav,1,2,16,16000,64000,64000,4.0,NONE,12985.0,1560.4759890665173,0.839609375,ndio,yes
id_rccn48xbdm4t.wav,1,2,16,16000,81920,81920,5.12,NONE,20328.0,1874.521760839375,0.73275146484375,tisa,nine
id_rbs4t6u17ptu.wav,1,2,16,16000,57344,57344,3.584,NONE,2267.0,159.92434058832822,0.8843296595982143,mbili,two
id_lw161m5t8tss.wav,1,2,16,16000,49920,49920,3.12,NONE,4557.0,358.1341080698413,0.8092948717948718,sita,six
id_dbfvqtr8ffnt.wav,1,2,16,16000,61440,61440,3.84,NONE,13731.0,1476.8792556132703,0.8711588541666667,mbili,two
id_ih5tqogqzs88.wav,1,2,16,16000,63488,63488,3.968,NONE,19184.0,1207.7572233039712,0.8399697580645161,mbili,two
id_h338bhtb5g3l.wav,1,2,16,16000,56320,56320,3.52,NONE,5650.0,562.8566687876422,0.6215021306818181,kumi,ten
id_s9ndj6swpjho.wav,1,2,16,16000,53760,53760,3.36,NONE,8815.0,601.5458303194382,0.839155505952381,hapana,no
id_woziesc87qet.wav,1,2,16,16000,83200,83200,5.2,NONE,13912.0,1178.0951211626384,0.8899759615384616,tisa,nine
id_d4xfpn6axao4.wav,1,2,16,16000,83968,83968,5.248,NONE,11937.0,470.9813048997512,0.9436809260670732,tatu,three
id_6ivjnyhwrhvg.wav,1,2,16,16000,62720,62720,3.92,NONE,28301.0,2576.546274373113,0.7539859693877551,hapana,no
id_fjstah7pnc0g.wav,1,2,16,16000,147456,147456,9.216,NONE,9339.0,432.0903300126874,0.9514838324652778,saba,seven
id_pdh3vah5z5iy.wav,1,2,16,16000,128000,128000,8.0,NONE,17819.0,845.6757753418268,0.893484375,sita,six
id_njasco7rx7m8.wav,1,2,16,16000,97280,97280,6.08,NONE,25944.0,2653.1607740734116,0.7934210526315789,hapana,no
id_6imavdniztys.wav,1,2,16,16000,60160,60160,3.76,NONE,8848.0,338.0555701616041,0.9133311170212766,hapana,no
id_ue9g7804ztlw.wav,1,2,16,16000,47360,47360,2.96,NONE,11805.0,535.9123876198346,0.5534839527027027,tatu,three
id_tc73jphd6nx7.wav,1,2,16,16000,49920,49920,3.12,NONE,4890.0,257.27678108865507,0.5065304487179487,tano,five
id_fqoirx2zklbb.wav,1,2,16,16000,76800,76800,4.8,NONE,4302.0,385.8660159843915,0.22890625,tano,five
id_iarpqeld38os.wav,1,2,16,16000,74240,74240,4.64,NONE,7012.0,650.0469801283,0.8538254310344827,mbili,two
id_z3jesip9h54w.wav,1,2,16,16000,65536,65536,4.096,NONE,10259.0,959.3975276963675,0.8596343994140625,sita,six
id_a50ah4b3103n.wav,1,2,16,16000,51200,51200,3.2,NONE,9910.0,963.3039434066553,0.8655859375,mbili,two
id_o0usbfq59scd.wav,1,2,16,16000,85760,85760,5.36,NONE,30303.0,2348.9545300757395,0.8981110074626866,moja,one
id_lwccwuu7b49c.wav,1,2,16,16000,51200,51200,3.2,NONE,10578.0,349.22496963141464,0.635546875,tatu,three
id_is89bp93hnla.wav,1,2,16,16000,65280,65280,4.08,NONE,23480.0,1886.9799353773067,0.8147058823529412,tisa,nine
id_xt6grkxj72el.wav,1,2,16,16000,80640,80640,5.04,NONE,32767.0,2877.051787103785,0.8925595238095239,ndio,yes
id_hzetgk3fgbkg.wav,1,2,16,16000,67840,67840,4.24,NONE,24890.0,3336.577624737977,0.43328419811320756,kumi,ten
id_030vrrl6t1nv.wav,1,2,16,16000,61440,61440,3.84,NONE,13220.0,828.1694674676814,0.8174479166666667,tatu,three
id_ye61r92p4sby.wav,1,2,16,16000,97280,97280,6.08,NONE,14672.0,1371.5664101173713,0.3311780427631579,kumi,ten
id_znz7qcu084sm.wav,1,2,16,16000,57600,57600,3.6,NONE,7071.0,344.1320160623924,0.9187673611111111,sita,six
id_6pjxwq4uu08r.wav,1,2,16,16000,79360,79360,4.96,NONE,12877.0,732.9303382455703,0.9172127016129032,nne,four
id_g6x3b2q1hmrc.wav,1,2,16,16000,74240,74240,4.64,NONE,3560.0,293.3424469408799,0.8782192887931034,mbili,two
id_jdxutbgdkgrk.wav,1,2,16,16000,76800,76800,4.8,NONE,14032.0,1431.6968841822222,0.7277604166666667,nane,eight
id_l5ykh0nqy6wb.wav,1,2,16,16000,57600,57600,3.6,NONE,32767.0,1422.365860840077,0.8776215277777778,saba,seven
id_tpudx7rnt5y4.wav,1,2,16,16000,70400,70400,4.4,NONE,18416.0,1114.3931711922862,0.9111221590909091,kumi,ten
id_87oaz9a8qkj2.wav,1,2,16,16000,53760,53760,3.36,NONE,3395.0,667.7246375646649,0.817671130952381,nne,four
id_kxsilzue946l.wav,1,2,16,16000,130560,130560,8.16,NONE,19002.0,928.0783045211846,0.5407092524509803,hapana,no
id_hg24k0g3jkj4.wav,1,2,16,16000,130560,130560,8.16,NONE,4229.0,254.5001367540755,0.7521369485294118,saba,seven
id_vy4zqgbfe67l.wav,1,2,16,16000,65280,65280,4.08,NONE,22827.0,1423.9243062403145,0.703140318627451,tisa,nine
id_9sm2j7k0cqv2.wav,1,2,16,16000,48640,48640,3.04,NONE,14994.0,1152.1969055277532,0.7582648026315789,tano,five
id_0stlqxg50ium.wav,1,2,16,16000,57600,57600,3.6,NONE,10037.0,539.4561131233115,0.8470833333333333,kumi,ten
id_uwfvfv5644lr.wav,1,2,16,16000,81920,81920,5.12,NONE,4695.0,265.1674544857589,0.80003662109375,tatu,three
id_igolh47fxnmz.wav,1,2,16,16000,74240,74240,4.64,NONE,4743.0,245.84149746878367,0.9151400862068966,tisa,nine
id_xwsb8xlusaaq.wav,1,2,16,16000,69120,69120,4.32,NONE,10248.0,796.2790599074589,0.8898292824074074,moja,one
id_k3w40ac9hjua.wav,1,2,16,16000,65280,65280,4.08,NONE,26177.0,1520.400488929523,0.8991574754901961,tatu,three
id_3q28g0rrl79t.wav,1,2,16,16000,80640,80640,5.04,NONE,8973.0,720.5454666218128,0.8318452380952381,kumi,ten
id_z4e1435zu1o7.wav,1,2,16,16000,72960,72960,4.56,NONE,3532.0,231.14313788621536,0.7672423245614035,nane,eight
id_02rc7u12zorg.wav,1,2,16,16000,70400,70400,4.4,NONE,3940.0,353.4807053609857,0.80015625,nne,four
id_6ii1zps6z1un.wav,1,2,16,16000,60160,60160,3.76,NONE,19831.0,1085.844743750192,0.9049534574468086,tano,five
id_dyos7pnij1zc.wav,1,2,16,16000,85760,85760,5.36,NONE,18626.0,1715.2559606385466,0.8056203358208955,saba,seven
id_znpcrtg23dcy.wav,1,2,16,16000,42240,42240,2.64,NONE,2152.0,380.0560387495009,0.21351799242424244,hapana,no
id_2wknh4vuposk.wav,1,2,16,16000,61440,61440,3.84,NONE,11954.0,1014.4077090575133,0.8556477864583333,sita,six
id_afskpoko8ea8.wav,1,2,16,16000,58880,58880,3.68,NONE,22850.0,1674.9738935597347,0.860444972826087,saba,seven
id_wpe6o56wyyqj.wav,1,2,16,16000,65280,65280,4.08,NONE,9721.0,656.1697436569358,0.6005055147058823,tisa,nine
id_h70v1upj83zl.wav,1,2,16,16000,93440,93440,5.84,NONE,16175.0,833.5855588192512,0.9063891267123287,ndio,yes
id_m3itsl1xo8rj.wav,1,2,16,16000,61440,61440,3.84,NONE,8140.0,318.20876782683877,0.9157063802083333,nane,eight
id_372o3rsz1hz9.wav,1,2,16,16000,60160,60160,3.76,NONE,4701.0,239.94262781815556,0.7941988031914894,sita,six
id_fx0rop6bu55g.wav,1,2,16,16000,67840,67840,4.24,NONE,8890.0,872.1234090906872,0.8354510613207548,mbili,two
id_k7l8oc4xyki9.wav,1,2,16,16000,84480,84480,5.28,NONE,14786.0,813.5145031816195,0.8754971590909091,sita,six
id_i85nebhcujvq.wav,1,2,16,16000,61440,61440,3.84,NONE,20603.0,2412.2314340777366,0.7352376302083333,kumi,ten
id_hba8rrxzcbya.wav,1,2,16,16000,145920,145920,9.12,NONE,26266.0,2043.3434268639912,0.9223067434210527,saba,seven
id_e4sp157dvyk3.wav,1,2,16,16000,71680,71680,4.48,NONE,4512.0,388.54897266286275,0.6734793526785714,kumi,ten
id_75bof7otgmfn.wav,1,2,16,16000,66560,66560,4.16,NONE,12136.0,658.1956981805376,0.8930288461538461,moja,one
id_k5kbwx3q24wx.wav,1,2,16,16000,72960,72960,4.56,NONE,17158.0,821.9531407970399,0.8884868421052632,tatu,three
id_9b7j5f1bx9h3.wav,1,2,16,16000,64000,64000,4.0,NONE,12919.0,1325.9964482772002,0.542609375,mbili,two
id_y1okvof6z6mj.wav,1,2,16,16000,67840,67840,4.24,NONE,21345.0,2385.767093913476,0.8768720518867924,mbili,two
id_33uwj9eb5wcn.wav,1,2,16,16000,84480,84480,5.28,NONE,13787.0,949.8139105332785,0.8880089962121213,moja,one
id_v2iaailb1ts9.wav,1,2,16,16000,81920,81920,5.12,NONE,6204.0,255.79982298366932,0.9431640625,tatu,three
id_xvh2tt219fo5.wav,1,2,16,16000,65280,65280,4.08,NONE,9019.0,622.8637599917251,0.856295955882353,moja,one
id_09yk1xlz73wm.wav,1,2,16,16000,66560,66560,4.16,NONE,18338.0,919.5229775622923,0.9380108173076923,tatu,three
id_w05e2rk21cqt.wav,1,2,16,16000,69120,69120,4.32,NONE,11745.0,1203.5258425634952,0.5845630787037037,kumi,ten
id_zz1foovk32zg.wav,1,2,16,16000,66560,66560,4.16,NONE,20845.0,1331.972798779578,0.7693960336538461,saba,seven
id_xc8ub10i21q1.wav,1,2,16,16000,83200,83200,5.2,NONE,11629.0,1044.9306844305142,0.6919110576923077,mbili,two
id_rvw33itc95fy.wav,1,2,16,16000,70400,70400,4.4,NONE,17848.0,1787.8489713827707,0.8740198863636364,ndio,yes
id_pxfur21570pp.wav,1,2,16,16000,62720,62720,3.92,NONE,11337.0,500.1345741091969,0.88828125,tano,five
id_57h6eu6h111s.wav,1,2,16,16000,65280,65280,4.08,NONE,5341.0,479.7474959446855,0.840594362745098,moja,one
id_hl204k55hvuj.wav,1,2,16,16000,89600,89600,5.6,NONE,12210.0,734.8305483952819,0.9233258928571428,tisa,nine
id_n29febpyl76m.wav,1,2,16,16000,52480,52480,3.28,NONE,4197.0,581.908883899864,0.20607850609756098,moja,one
id_i8vsdb2mvclz.wav,1,2,16,16000,69120,69120,4.32,NONE,13695.0,1109.3750344613975,0.8724247685185185,saba,seven
id_wr0elj62q13i.wav,1,2,16,16000,107520,107520,6.72,NONE,10953.0,677.0740670840291,0.8756231398809524,ndio,yes
id_pwvzavl2dl6q.wav,1,2,16,16000,69120,69120,4.32,NONE,6290.0,781.8996073895162,0.5474971064814815,nane,eight
id_bzvlih2xjnsy.wav,1,2,16,16000,71680,71680,4.48,NONE,12313.0,801.8819818967283,0.3604213169642857,tano,five
id_b9lizvfhrdod.wav,1,2,16,16000,52480,52480,3.28,NONE,10913.0,673.5109832440039,0.36558689024390245,hapana,no
id_kcbxg1tpsoez.wav,1,2,16,16000,43520,43520,2.72,NONE,2355.0,486.5504444509371,0.1096047794117647,hapana,no
id_q1xo5s271t3p.wav,1,2,16,16000,57600,57600,3.6,NONE,23250.0,1366.2490582110204,0.9255381944444444,tatu,three
id_o8b2d8uq315e.wav,1,2,16,16000,76800,76800,4.8,NONE,5417.0,287.20919393488987,0.71625,ndio,yes
id_vz7xfmgmk31d.wav,1,2,16,16000,57344,57344,3.584,NONE,12815.0,1244.2720400010842,0.8544224330357143,kumi,ten
id_27mtulsaca9g.wav,1,2,16,16000,83200,83200,5.2,NONE,10060.0,696.5772095454839,0.38693509615384614,nane,eight
id_8c62z9hlhy70.wav,1,2,16,16000,60160,60160,3.76,NONE,14131.0,736.921540530789,0.8276429521276596,tisa,nine
id_k52jtroaa8cx.wav,1,2,16,16000,53760,53760,3.36,NONE,5158.0,389.6829842074241,0.8600074404761905,tano,five
id_rpyvy5qz1nem.wav,1,2,16,16000,61440,61440,3.84,NONE,13707.0,1034.6322574570024,0.29881184895833335,nne,four
id_9ur53br1onh6.wav,1,2,16,16000,60160,60160,3.76,NONE,16763.0,1068.0446860328607,0.8717420212765957,tisa,nine
id_urbm5sfu6jm6.wav,1,2,16,16000,61440,61440,3.84,NONE,7233.0,622.0699252059234,0.861083984375,moja,one
id_8jv85kpf6al4.wav,1,2,16,16000,49920,49920,3.12,NONE,18142.0,1197.9104350311716,0.7793269230769231,saba,seven
id_8axwwjj8jfl3.wav,1,2,16,16000,72960,72960,4.56,NONE,14752.0,650.2394726926286,0.8292489035087719,nane,eight
id_rfdsij4n7noc.wav,1,2,16,16000,83200,83200,5.2,NONE,5464.0,286.3598845186568,0.9007211538461538,tatu,three
id_gpndyj9dnq5q.wav,1,2,16,16000,49920,49920,3.12,NONE,8516.0,344.3286569811312,0.5567307692307693,nne,four
id_vnv2lleaom6t.wav,1,2,16,16000,81920,81920,5.12,NONE,16369.0,881.1214984228396,0.862255859375,tano,five
id_2dm5pi97k5pb.wav,1,2,16,16000,75520,75520,4.72,NONE,17965.0,843.4197597763192,0.7236758474576271,tano,five
id_okjcdazrxt1m.wav,1,2,16,16000,111360,111360,6.96,NONE,12370.0,520.4922891200265,0.9357579022988506,tatu,three
id_9f8x4e6upstk.wav,1,2,16,16000,77824,77824,4.864,NONE,10844.0,787.5155928564747,0.8678171258223685,sita,six
id_qhr6re0ujlqs.wav,1,2,16,16000,112640,112640,7.04,NONE,7517.0,440.62416830796747,0.9179332386363637,mbili,two
id_25k1gx7xcp8k.wav,1,2,16,16000,103680,103680,6.48,NONE,14326.0,749.5336808797508,0.9348090277777777,saba,seven
id_b1nefsjg0fw3.wav,1,2,16,16000,120320,120320,7.52,NONE,8799.0,661.1196804399538,0.9189827127659574,tatu,three
id_vz37xpvw6tgp.wav,1,2,16,16000,65280,65280,4.08,NONE,17522.0,1316.8483256706868,0.8758578431372549,tisa,nine
id_yfpfy4zjylht.wav,1,2,16,16000,65280,65280,4.08,NONE,27467.0,1966.4318547171483,0.8788602941176471,sita,six
id_y8u2ssu5h9qn.wav,1,2,16,16000,66560,66560,4.16,NONE,29628.0,2491.2630677341663,0.8415114182692308,kumi,ten
id_t12fcrhkpbm9.wav,1,2,16,16000,52480,52480,3.28,NONE,12346.0,778.7151191513939,0.8814214939024391,sita,six
id_brwf24pwgl9f.wav,1,2,16,16000,61440,61440,3.84,NONE,15607.0,1321.8639439980413,0.8953125,sita,six
id_gtevr057d2aw.wav,1,2,16,16000,49920,49920,3.12,NONE,12050.0,751.4783657795982,0.3151041666666667,saba,seven
id_2xcqg0qthxze.wav,1,2,16,16000,53760,53760,3.36,NONE,20042.0,1493.6562694741003,0.7831659226190476,nane,eight
id_xmv3v7rtixle.wav,1,2,16,16000,102400,102400,6.4,NONE,21170.0,629.9784089182144,0.728603515625,tano,five
id_vy1i8brgjw3o.wav,1,2,16,16000,61440,61440,3.84,NONE,10499.0,1014.8514193641436,0.80517578125,mbili,two
id_5jqz43oi87uv.wav,1,2,16,16000,78080,78080,4.88,NONE,3737.0,158.13941160108345,0.9045210040983607,tisa,nine
id_v2m29r5lft8c.wav,1,2,16,16000,103680,103680,6.48,NONE,8158.0,380.7800184665009,0.7157696759259259,saba,seven
id_mjupolouwuwn.wav,1,2,16,16000,74240,74240,4.64,NONE,4679.0,195.2992160999814,0.8217268318965517,saba,seven
id_yt5b5vodhruu.wav,1,2,16,16000,74240,74240,4.64,NONE,5824.0,295.4653851879925,0.8656654094827586,mbili,two
id_fodcl1jx4lqe.wav,1,2,16,16000,90880,90880,5.68,NONE,12405.0,769.1640402246115,0.9087588028169014,ndio,yes
id_l1zr6f6repht.wav,1,2,16,16000,60160,60160,3.76,NONE,3446.0,275.89408913725873,0.34517952127659574,tisa,nine
id_i0zjjjmcqt2a.wav,1,2,16,16000,76800,76800,4.8,NONE,28998.0,1329.4596280998517,0.8830859375,tano,five
id_waxbvtaoj8og.wav,1,2,16,16000,72960,72960,4.56,NONE,28460.0,1976.2663500140654,0.8880208333333334,mbili,two
id_u74t5kxb3kww.wav,1,2,16,16000,60160,60160,3.76,NONE,8042.0,748.7632211540965,0.7638131648936171,nane,eight
id_ljf0h73ggt7p.wav,1,2,16,16000,56320,56320,3.52,NONE,15443.0,1111.8871532676158,0.4024502840909091,nane,eight
id_olbt6h56jhrd.wav,1,2,16,16000,70400,70400,4.4,NONE,3330.0,142.58832559712212,0.8916761363636364,tatu,three
id_8adolbe9tsya.wav,1,2,16,16000,79360,79360,4.96,NONE,30215.0,2668.1966702355257,0.881867439516129,ndio,yes
id_piouf4mayjp6.wav,1,2,16,16000,78080,78080,4.88,NONE,7542.0,439.2976819519313,0.7493084016393443,mbili,two
id_wywliv4601uc.wav,1,2,16,16000,117760,117760,7.36,NONE,19186.0,937.8181582281895,0.8805621603260869,sita,six
id_wpertb70txre.wav,1,2,16,16000,66560,66560,4.16,NONE,28290.0,1159.6550867034507,0.8784855769230769,tisa,nine
id_d6xi6uedc7ve.wav,1,2,16,16000,56320,56320,3.52,NONE,13479.0,997.2618392883849,0.8481534090909091,tatu,three
id_6ihvh5zv68gf.wav,1,2,16,16000,58880,58880,3.68,NONE,16913.0,1931.0326642958285,0.8240658967391304,mbili,two
id_h4q0uugsqjmx.wav,1,2,16,16000,64000,64000,4.0,NONE,16983.0,2052.663498150787,0.71434375,ndio,yes
id_8ipkp20ob4v8.wav,1,2,16,16000,52480,52480,3.28,NONE,5228.0,448.41142672990753,0.28366996951219514,kumi,ten
id_s4ed2vqj950b.wav,1,2,16,16000,58880,58880,3.68,NONE,18167.0,741.101439444153,0.8893172554347826,saba,seven
id_0209jfho3h3c.wav,1,2,16,16000,75520,75520,4.72,NONE,15158.0,926.1945011850501,0.876853813559322,tisa,nine
id_yff6vyqjrs2a.wav,1,2,16,16000,94720,94720,5.92,NONE,6249.0,407.41492759391053,0.5954919763513513,tano,five
id_o8vbtf1n409g.wav,1,2,16,16000,78080,78080,4.88,NONE,16073.0,990.3833274337311,0.8308401639344263,saba,seven
id_56a7xgljt2m0.wav,1,2,16,16000,65280,65280,4.08,NONE,32767.0,942.7613236515177,0.9364583333333333,tatu,three
id_yuvloc47l42m.wav,1,2,16,16000,62720,62720,3.92,NONE,8846.0,498.70026082156295,0.6705835459183673,saba,seven
id_4i56pnwxol3b.wav,1,2,16,16000,62720,62720,3.92,NONE,23207.0,1657.8516206505785,0.8953284438775511,nane,eight
id_wljrineqw66m.wav,1,2,16,16000,53760,53760,3.36,NONE,6192.0,537.7058378881136,0.8270833333333333,tano,five
id_rbe7r0qswata.wav,1,2,16,16000,73728,73728,4.608,NONE,11542.0,745.3251191370705,0.6091986762152778,nne,four
id_boq5ozunfe4w.wav,1,2,16,16000,55040,55040,3.44,NONE,6519.0,654.8768827488616,0.8729106104651163,tisa,nine
id_nq7p9c1veb00.wav,1,2,16,16000,67840,67840,4.24,NONE,21795.0,2278.7873783599043,0.4481132075471698,nne,four
id_rchtgjtjygmj.wav,1,2,16,16000,97280,97280,6.08,NONE,23270.0,1842.3858335185257,0.8692434210526315,saba,seven
id_acqhi6st8drh.wav,1,2,16,16000,88320,88320,5.52,NONE,5985.0,412.10722374000636,0.6622735507246377,nne,four
id_6ych2xotb7wb.wav,1,2,16,16000,67840,67840,4.24,NONE,26165.0,1350.23631644416,0.5890330188679245,tano,five
id_tnbrn7mqurnb.wav,1,2,16,16000,65280,65280,4.08,NONE,13129.0,706.4346402315771,0.8552083333333333,moja,one
id_mdsis8l4hlgt.wav,1,2,16,16000,47360,47360,2.96,NONE,12185.0,759.5473411375054,0.4772804054054054,tisa,nine
id_nstwipf7a8it.wav,1,2,16,16000,52480,52480,3.28,NONE,29807.0,2504.5499495346817,0.887938262195122,tano,five
id_krvca62bonfh.wav,1,2,16,16000,152320,152320,9.52,NONE,21696.0,920.1333415947595,0.9110228466386555,saba,seven
id_8xoz8dm0mqcl.wav,1,2,16,16000,65280,65280,4.08,NONE,9025.0,554.6153579156521,0.8946997549019607,sita,six
id_c9et56rpzifb.wav,1,2,16,16000,65280,65280,4.08,NONE,30332.0,2895.352849660111,0.7745863970588235,hapana,no
id_culi97ofngzy.wav,1,2,16,16000,78080,78080,4.88,NONE,7245.0,528.128889996829,0.8449795081967213,sita,six
id_9oept31917ox.wav,1,2,16,16000,47360,47360,2.96,NONE,3174.0,515.1868112292152,0.12221283783783783,mbili,two
id_87dixw9e219y.wav,1,2,16,16000,89600,89600,5.6,NONE,11899.0,880.427022154185,0.35342633928571426,ndio,yes
id_tr4hymlcrara.wav,1,2,16,16000,63488,63488,3.968,NONE,18916.0,1466.1967539710408,0.7917874243951613,nane,eight
id_hr9b0lyhjqdk.wav,1,2,16,16000,52480,52480,3.28,NONE,19517.0,2005.792077222937,0.7256478658536586,nne,four
id_7hvgs4js0h1r.wav,1,2,16,16000,76800,76800,4.8,NONE,8940.0,340.13262572993125,0.8327734375,tisa,nine
id_lp7saki4becj.wav,1,2,16,16000,85760,85760,5.36,NONE,12661.0,635.7497276691066,0.928183302238806,tatu,three
id_5r84zn34qrat.wav,1,2,16,16000,85760,85760,5.36,NONE,19021.0,1904.3547136488137,0.7654617537313433,nane,eight
id_zlyza31qc146.wav,1,2,16,16000,71680,71680,4.48,NONE,27285.0,1356.8678177246247,0.8738699776785714,tano,five
id_6jnhwr379tgz.wav,1,2,16,16000,74240,74240,4.64,NONE,14949.0,1144.5101142481788,0.8784348060344828,sita,six
id_aeguw9z55239.wav,1,2,16,16000,56320,56320,3.52,NONE,18471.0,1473.373390108457,0.7497514204545455,sita,six
id_l5k5b7lorja6.wav,1,2,16,16000,65280,65280,4.08,NONE,32767.0,2044.105304835826,0.7386948529411764,nane,eight
id_l1y1hr5b1iaq.wav,1,2,16,16000,63488,63488,3.968,NONE,14368.0,1610.9715859916976,0.8844191028225806,nne,four
id_hbjvmj0cdpob.wav,1,2,16,16000,67584,67584,4.224,NONE,10820.0,740.9520316786356,0.8374171401515151,hapana,no
id_6qu3xe17vsko.wav,1,2,16,16000,63488,63488,3.968,NONE,8863.0,539.3449697339062,0.5998928931451613,tano,five
id_14a888rxubfn.wav,1,2,16,16000,78080,78080,4.88,NONE,6173.0,454.74322158709055,0.5273309426229508,sita,six
id_lzcvvvxziuwk.wav,1,2,16,16000,53760,53760,3.36,NONE,14248.0,818.442661236658,0.40978422619047616,saba,seven
id_ib4ndc7xtk72.wav,1,2,16,16000,69120,69120,4.32,NONE,4904.0,252.64593729669028,0.8172743055555556,tatu,three
id_ghwdq6uh77yw.wav,1,2,16,16000,77824,77824,4.864,NONE,15493.0,1238.6497340456324,0.8867829975328947,tisa,nine
id_azdmpe6u6nxj.wav,1,2,16,16000,75520,75520,4.72,NONE,20515.0,1350.0828573717495,0.7431938559322034,tisa,nine
id_xki2dk89yptn.wav,1,2,16,16000,67584,67584,4.224,NONE,21616.0,1268.1458733109146,0.868459990530303,tatu,three
id_ord6ylm8ns32.wav,1,2,16,16000,62720,62720,3.92,NONE,8477.0,496.6013248522657,0.8693877551020408,hapana,no
id_2cknvcbcdkii.wav,1,2,16,16000,90880,90880,5.68,NONE,15072.0,808.6888462468207,0.6787742077464789,tatu,three
id_a0b8t62walsy.wav,1,2,16,16000,85760,85760,5.36,NONE,6163.0,345.3630433226708,0.9020872201492537,saba,seven
id_xz7uwxt713px.wav,1,2,16,16000,67840,67840,4.24,NONE,10692.0,695.5152925068212,0.7518278301886793,moja,one
id_b31dnahv2rhd.wav,1,2,16,16000,71680,71680,4.48,NONE,8822.0,733.04490450265,0.4474888392857143,ndio,yes
id_s1or3c9oe9i8.wav,1,2,16,16000,56320,56320,3.52,NONE,16187.0,1162.9651318143856,0.8745561079545454,saba,seven
id_vzb3kk3c2xth.wav,1,2,16,16000,101120,101120,6.32,NONE,13338.0,2390.442677326081,0.5232199367088608,ndio,yes
id_j7obvau6r5lc.wav,1,2,16,16000,83200,83200,5.2,NONE,22160.0,821.4863368666906,0.9245432692307692,tisa,nine
id_5uvfc7co52dc.wav,1,2,16,16000,65280,65280,4.08,NONE,28267.0,2199.2134923273275,0.8575674019607843,tano,five
id_syqjwrryqe4g.wav,1,2,16,16000,90880,90880,5.68,NONE,7485.0,393.28894945864573,0.8502640845070423,saba,seven
id_9jhh5qilicjv.wav,1,2,16,16000,70400,70400,4.4,NONE,8880.0,495.4336016710743,0.8950852272727273,nne,four
id_x04cqytn8h7x.wav,1,2,16,16000,70400,70400,4.4,NONE,15425.0,1685.5154805869613,0.4780397727272727,kumi,ten
id_kh8rv76n4j5w.wav,1,2,16,16000,96000,96000,6.0,NONE,13148.0,880.1091627249997,0.889625,kumi,ten
id_4is67z1txumv.wav,1,2,16,16000,71680,71680,4.48,NONE,16441.0,1547.7454116074082,0.8054547991071429,kumi,ten
id_goqla5esyrp3.wav,1,2,16,16000,67840,67840,4.24,NONE,9794.0,595.9207915730155,0.7784640330188679,kumi,ten
id_y3a4la9dakw2.wav,1,2,16,16000,57600,57600,3.6,NONE,32768.0,1904.393252164292,0.9135243055555555,tisa,nine
id_91697eqiiex5.wav,1,2,16,16000,56320,56320,3.52,NONE,8287.0,397.08979629426733,0.9072620738636363,moja,one
id_belprd1sdela.wav,1,2,16,16000,76800,76800,4.8,NONE,10136.0,347.4738699333496,0.9010677083333334,tatu,three
id_54acpxzvh5dm.wav,1,2,16,16000,39680,39680,2.48,NONE,2199.0,433.9343245343385,0.20970262096774195,kumi,ten
id_h0l8v1nrftff.wav,1,2,16,16000,66560,66560,4.16,NONE,9100.0,457.63226322162444,0.9017427884615384,moja,one
id_oemh4gasc6cp.wav,1,2,16,16000,75520,75520,4.72,NONE,9298.0,606.2130055329814,0.8351297669491525,nane,eight
id_auwsldpmtnqx.wav,1,2,16,16000,93440,93440,5.84,NONE,19288.0,695.9127412847452,0.7820419520547945,tatu,three
id_1lfqvu0tzm17.wav,1,2,16,16000,70400,70400,4.4,NONE,25118.0,1191.3358694666424,0.9025142045454545,tatu,three
id_trb1i5i8633z.wav,1,2,16,16000,62720,62720,3.92,NONE,6970.0,559.6744159610814,0.9072385204081632,kumi,ten
id_z2blz8e4wew3.wav,1,2,16,16000,74240,74240,4.64,NONE,17134.0,1483.8414027765064,0.8836206896551724,nane,eight
id_njas808bf0z4.wav,1,2,16,16000,92160,92160,5.76,NONE,21494.0,1647.5040902555763,0.8589409722222222,hapana,no
id_rurd1t1e4tol.wav,1,2,16,16000,79360,79360,4.96,NONE,10327.0,393.68719125911616,0.9087449596774193,sita,six
id_ng6ypw5ey2yy.wav,1,2,16,16000,64000,64000,4.0,NONE,16426.0,1141.5920616416029,0.800453125,nane,eight
id_e6ymg5ire7dl.wav,1,2,16,16000,62720,62720,3.92,NONE,22899.0,2368.8452080510942,0.850733418367347,moja,one
id_ng2t8nqvi3cu.wav,1,2,16,16000,53760,53760,3.36,NONE,18472.0,1533.9480669677241,0.7485119047619048,hapana,no
id_1kmsyljii35i.wav,1,2,16,16000,83200,83200,5.2,NONE,19608.0,902.1539055054575,0.7916105769230769,hapana,no
id_m4zh9xjilejy.wav,1,2,16,16000,61440,61440,3.84,NONE,23186.0,1580.9755387577604,0.6966634114583333,saba,seven
id_ldllg7b963k8.wav,1,2,16,16000,65280,65280,4.08,NONE,18822.0,1386.433641758374,0.8638786764705882,nne,four
id_ta8l6focakvr.wav,1,2,16,16000,56320,56320,3.52,NONE,5345.0,442.5653528958258,0.8206853693181818,mbili,two
id_w5e7dgkl0v0f.wav,1,2,16,16000,61440,61440,3.84,NONE,7542.0,678.8986088705014,0.7727701822916667,ndio,yes
id_03j13ry5yo13.wav,1,2,16,16000,72960,72960,4.56,NONE,4547.0,365.3403351843452,0.8607456140350878,mbili,two
id_595am4enqevu.wav,1,2,16,16000,72960,72960,4.56,NONE,18289.0,870.9710744729304,0.6094435307017544,saba,seven
id_hfzkutnntkry.wav,1,2,16,16000,49920,49920,3.12,NONE,2791.0,388.2090040549381,0.27369791666666665,kumi,ten
id_xor6zrapgca9.wav,1,2,16,16000,66560,66560,4.16,NONE,8529.0,979.0773541757237,0.8333233173076923,tano,five
id_08yb1zjkmsqb.wav,1,2,16,16000,55040,55040,3.44,NONE,20283.0,1117.6625478947435,0.8511446220930232,tano,five
id_d8ns9mvfmets.wav,1,2,16,16000,81920,81920,5.12,NONE,23568.0,1695.8479783932028,0.6522216796875,hapana,no
id_q71c9xumgucq.wav,1,2,16,16000,70400,70400,4.4,NONE,31193.0,963.6256623528071,0.889090909090909,mbili,two
id_cw0zwcnsoftg.wav,1,2,16,16000,67840,67840,4.24,NONE,9582.0,859.3358183863818,0.8246462264150943,mbili,two
id_sov7xl5lboq1.wav,1,2,16,16000,84480,84480,5.28,NONE,12503.0,831.5770766860381,0.7092566287878788,hapana,no
id_k14ze58z9vyt.wav,1,2,16,16000,83968,83968,5.248,NONE,20277.0,2329.0225593241257,0.6774485518292683,ndio,yes
id_p1hsg76myrgj.wav,1,2,16,16000,89600,89600,5.6,NONE,16133.0,728.1707485551306,0.9190178571428571,hapana,no
id_syxtdgknf2me.wav,1,2,16,16000,67840,67840,4.24,NONE,2187.0,212.1494764400176,0.4958579009433962,moja,one
id_zjq7iuv99h7o.wav,1,2,16,16000,156160,156160,9.76,NONE,15382.0,1110.8204015866827,0.8787013319672131,sita,six
id_g5v91dy97g9q.wav,1,2,16,16000,76800,76800,4.8,NONE,16345.0,1563.8952425928942,0.8165494791666666,ndio,yes
id_v7xteji6zaqq.wav,1,2,16,16000,69120,69120,4.32,NONE,29636.0,1755.2662884678532,0.8890625,hapana,no
id_kilth8oc8fgf.wav,1,2,16,16000,78080,78080,4.88,NONE,15625.0,1186.461113937045,0.9037525614754098,kumi,ten
id_m25g64xq6nko.wav,1,2,16,16000,76800,76800,4.8,NONE,4267.0,357.74825081828374,0.40067708333333335,moja,one
id_ux7wyqip0oeo.wav,1,2,16,16000,66560,66560,4.16,NONE,14681.0,822.6626906936128,0.8761117788461539,hapana,no
id_a7o2b7trerdy.wav,1,2,16,16000,74240,74240,4.64,NONE,5550.0,477.37392514957867,0.8908674568965518,nne,four
id_vzpm6dzyyzwo.wav,1,2,16,16000,70400,70400,4.4,NONE,28160.0,2084.298934921197,0.6541335227272728,tisa,nine
id_jdpv3kqyrcb5.wav,1,2,16,16000,74240,74240,4.64,NONE,28099.0,2066.3189352731392,0.8848733836206897,mbili,two
id_wa5aix9s91n9.wav,1,2,16,16000,66560,66560,4.16,NONE,14505.0,1423.0149461844394,0.7204927884615384,mbili,two
id_no8u2tvobi1m.wav,1,2,16,16000,61440,61440,3.84,NONE,16355.0,1336.666904660122,0.8842122395833333,nane,eight
id_34tesyac293p.wav,1,2,16,16000,135168,135168,8.448,NONE,5562.0,318.48386574146923,0.9180575284090909,saba,seven
id_l3qrdjozytly.wav,1,2,16,16000,56320,56320,3.52,NONE,16782.0,1091.3166079132977,0.8600142045454545,moja,one
id_me2oldhjvjqo.wav,1,2,16,16000,81920,81920,5.12,NONE,19526.0,2940.8595560865347,0.78651123046875,ndio,yes
id_kdvvqhl70f34.wav,1,2,16,16000,106240,106240,6.64,NONE,27596.0,1889.0871004980347,0.8659826807228915,ndio,yes
id_swcr0lylg97j.wav,1,2,16,16000,60160,60160,3.76,NONE,22141.0,2236.5153793207337,0.8444315159574468,mbili,two
id_8z0bmxw2dpd4.wav,1,2,16,16000,74240,74240,4.64,NONE,15745.0,1282.4725081548347,0.8935210129310345,tano,five
id_q4rwb6udjhj2.wav,1,2,16,16000,72960,72960,4.56,NONE,12380.0,1117.7544452808834,0.9035498903508772,mbili,two
id_6crruebvvst4.wav,1,2,16,16000,44800,44800,2.8,NONE,3441.0,502.86405910739364,0.2643526785714286,tano,five
id_mumde96dnvts.wav,1,2,16,16000,71680,71680,4.48,NONE,6187.0,335.05442979662166,0.8726702008928572,saba,seven
id_terje6kzc7hk.wav,1,2,16,16000,64000,64000,4.0,NONE,12229.0,699.0021949849299,0.89634375,nane,eight
id_kpxxp15mqvjf.wav,1,2,16,16000,64000,64000,4.0,NONE,28968.0,2121.948524318951,0.913,sita,six
id_brz6g95glswj.wav,1,2,16,16000,70400,70400,4.4,NONE,1461.0,186.34539057370907,0.5275568181818182,moja,one
id_yfjk1oe3swu5.wav,1,2,16,16000,93440,93440,5.84,NONE,12660.0,701.3655537775469,0.8699914383561644,saba,seven
id_gx5n7d4z6p3n.wav,1,2,16,16000,81920,81920,5.12,NONE,8736.0,712.3040026216888,0.83504638671875,nne,four
id_t8o7gfkclnlo.wav,1,2,16,16000,102400,102400,6.4,NONE,4144.0,152.17352387057184,0.817080078125,tisa,nine
id_xsik018qv9ad.wav,1,2,16,16000,65280,65280,4.08,NONE,32767.0,1592.3351463080542,0.9048560049019608,tisa,nine
id_se33nx8ckzg8.wav,1,2,16,16000,78080,78080,4.88,NONE,8434.0,599.1683190594686,0.8545338114754099,sita,six
id_rf3zvvvbnhq2.wav,1,2,16,16000,61440,61440,3.84,NONE,28808.0,2054.8466005496284,0.8764485677083333,nne,four
id_o9o4n4o8cohs.wav,1,2,16,16000,98304,98304,6.144,NONE,12844.0,798.7427670115017,0.7796834309895834,sita,six
id_s4f0xo0g6ghz.wav,1,2,16,16000,57600,57600,3.6,NONE,23128.0,1629.0055237867605,0.7406423611111111,saba,seven
id_rm5wd41xf707.wav,1,2,16,16000,104960,104960,6.56,NONE,11407.0,778.0236856672312,0.622046493902439,kumi,ten
id_5pjdzorh1k40.wav,1,2,16,16000,64000,64000,4.0,NONE,15175.0,1097.710925987006,0.916859375,kumi,ten
id_u5ebh6mnci7y.wav,1,2,16,16000,53760,53760,3.36,NONE,4933.0,763.4372309489224,0.6973028273809524,nne,four
id_7qrf44z4j9gq.wav,1,2,16,16000,125440,125440,7.84,NONE,24431.0,1435.7253992134943,0.8962053571428571,hapana,no
id_k6x7ae632gsi.wav,1,2,16,16000,74240,74240,4.64,NONE,3205.0,323.9799178394462,0.45202047413793106,kumi,ten
id_4alah5ssbd6n.wav,1,2,16,16000,61440,61440,3.84,NONE,5466.0,449.3518079934754,0.8577799479166667,tatu,three
id_gs6aa2rrhetv.wav,1,2,16,16000,79360,79360,4.96,NONE,8137.0,555.558788690749,0.6530493951612903,ndio,yes
id_nzul5mwfv6vm.wav,1,2,16,16000,55040,55040,3.44,NONE,21641.0,1255.8100794725856,0.86171875,nane,eight
id_v18ec9lsogn0.wav,1,2,16,16000,69120,69120,4.32,NONE,3847.0,271.6714388267376,0.8838107638888889,hapana,no
id_ogtly0k32akk.wav,1,2,16,16000,113920,113920,7.12,NONE,20191.0,1367.3673690059784,0.9099280196629214,nne,four
id_sapxs2qc6pm5.wav,1,2,16,16000,58880,58880,3.68,NONE,7656.0,1021.2616353243307,0.3200577445652174,mbili,two
id_s1gvk3o622oj.wav,1,2,16,16000,51200,51200,3.2,NONE,24441.0,2091.4719433929777,0.879921875,nne,four
id_oe52lu0l5wpw.wav,1,2,16,16000,85760,85760,5.36,NONE,17694.0,1331.3946730914845,0.890683302238806,mbili,two
id_cr1sanzd3hfy.wav,1,2,16,16000,75520,75520,4.72,NONE,5105.0,348.3924861856444,0.8669491525423729,ndio,yes
id_yd5ohcfe3mam.wav,1,2,16,16000,94720,94720,5.92,NONE,32768.0,1456.0943097416143,0.9097339527027027,sita,six
id_38arfosebzdx.wav,1,2,16,16000,107520,107520,6.72,NONE,9740.0,529.8484015695748,0.9396112351190476,tisa,nine
id_d1bqyytmfp3n.wav,1,2,16,16000,56320,56320,3.52,NONE,6663.0,573.9799564548676,0.8186257102272727,hapana,no
id_1bx8drgzvmoi.wav,1,2,16,16000,58880,58880,3.68,NONE,8151.0,502.6498362145037,0.7652683423913044,tano,five
id_dsz0cj011114.wav,1,2,16,16000,65536,65536,4.096,NONE,8887.0,695.8805668948933,0.8580169677734375,moja,one
id_u9yd2fuutjxq.wav,1,2,16,16000,60160,60160,3.76,NONE,17914.0,1220.4818719876173,0.7802027925531915,moja,one
id_2t4igu7tslf4.wav,1,2,16,16000,78080,78080,4.88,NONE,11420.0,650.0509910346914,0.8776895491803278,sita,six
id_f05ho6hsqxlr.wav,1,2,16,16000,56320,56320,3.52,NONE,12353.0,455.1953986963381,0.8346946022727273,sita,six
id_rqd86np3u6um.wav,1,2,16,16000,57600,57600,3.6,NONE,19980.0,1552.703300636998,0.8962326388888889,mbili,two
id_llrikfkftk1s.wav,1,2,16,16000,74240,74240,4.64,NONE,24219.0,1725.9434796897358,0.7769261853448276,tatu,three
id_jlk9yk0xz8n5.wav,1,2,16,16000,65536,65536,4.096,NONE,7677.0,486.8212499915748,0.8347320556640625,hapana,no
id_p3drpi921xc4.wav,1,2,16,16000,80640,80640,5.04,NONE,20866.0,1729.3024038985964,0.8990203373015873,ndio,yes
id_kggq783rb2ip.wav,1,2,16,16000,76800,76800,4.8,NONE,16434.0,827.1740027232784,0.8731640625,tatu,three
id_4ky1ipdbnp3y.wav,1,2,16,16000,69120,69120,4.32,NONE,26491.0,1665.3606851075044,0.9178674768518519,tano,five
id_al7cg69ix5hs.wav,1,2,16,16000,52480,52480,3.28,NONE,8094.0,902.6192093356632,0.3377096036585366,nne,four
id_ls3ghmvdjn18.wav,1,2,16,16000,80640,80640,5.04,NONE,29064.0,1928.522824884038,0.8869171626984127,nane,eight
id_vcr1v5ff5ytr.wav,1,2,16,16000,96000,96000,6.0,NONE,16958.0,807.2825882371261,0.9039166666666667,saba,seven
id_ut2o4wdgm7ag.wav,1,2,16,16000,65280,65280,4.08,NONE,32767.0,1920.4315683143805,0.8592064950980393,hapana,no
id_jjpei2u6l2nx.wav,1,2,16,16000,70400,70400,4.4,NONE,10804.0,1260.2410873023464,0.7735085227272728,tano,five
id_ogfqucldczdi.wav,1,2,16,16000,78080,78080,4.88,NONE,7133.0,739.8923355197435,0.8949410860655738,ndio,yes
id_4zbyi2wmmdql.wav,1,2,16,16000,61440,61440,3.84,NONE,28733.0,2432.1086005474285,0.8667154947916667,nne,four
id_3lf0rl2vuvo2.wav,1,2,16,16000,83200,83200,5.2,NONE,6552.0,471.72522637093675,0.818125,moja,one
id_wtg9k9a3o3ni.wav,1,2,16,16000,92160,92160,5.76,NONE,18880.0,1699.8311659230246,0.7164279513888889,ndio,yes
id_tev1xagtrqgm.wav,1,2,16,16000,62720,62720,3.92,NONE,17722.0,775.9502358982573,0.8859375,hapana,no
id_8ip0h60imnkt.wav,1,2,16,16000,66560,66560,4.16,NONE,7250.0,1019.7514649660872,0.8583383413461538,nne,four
id_4lvnuy8t8tfs.wav,1,2,16,16000,79360,79360,4.96,NONE,28217.0,1452.8009963489285,0.8314390120967742,tisa,nine
id_saampoboz3gc.wav,1,2,16,16000,66560,66560,4.16,NONE,11814.0,1294.28949730713,0.16610576923076922,mbili,two
id_wq174c4kxbox.wav,1,2,16,16000,56320,56320,3.52,NONE,18354.0,1009.1966210328487,0.8800071022727273,saba,seven
id_nmwysb9aih92.wav,1,2,16,16000,65280,65280,4.08,NONE,8045.0,1023.1539290950062,0.7714307598039216,nne,four
id_quh4ibm7i84o.wav,1,2,16,16000,75520,75520,4.72,NONE,11139.0,527.1632956501433,0.6697166313559322,tano,five
id_aq52afthtxkf.wav,1,2,16,16000,61440,61440,3.84,NONE,8471.0,511.05682048380964,0.8190592447916667,hapana,no
id_uf3mwcvuin01.wav,1,2,16,16000,151040,151040,9.44,NONE,27773.0,354.7183648744977,0.9096994173728814,tatu,three
id_tmpjxehuvwg8.wav,1,2,16,16000,111360,111360,6.96,NONE,12573.0,632.5254932805352,0.8461566091954023,nane,eight
id_x7opmzd1zkyq.wav,1,2,16,16000,78080,78080,4.88,NONE,12537.0,1165.588276417943,0.9065701844262295,nne,four
id_gp1uov4vusjg.wav,1,2,16,16000,56320,56320,3.52,NONE,9098.0,811.6356851037335,0.8615234375,ndio,yes
id_vwco2nbwlun5.wav,1,2,16,16000,61440,61440,3.84,NONE,20550.0,1591.1387299895998,0.7352864583333333,moja,one
id_kplvg13li7pf.wav,1,2,16,16000,52480,52480,3.28,NONE,6089.0,583.6348482647296,0.4883574695121951,nne,four
id_ymnaarms2nvd.wav,1,2,16,16000,71680,71680,4.48,NONE,6133.0,523.992099395396,0.3606026785714286,kumi,ten
id_n8i2i9rknf3j.wav,1,2,16,16000,87040,87040,5.44,NONE,18822.0,977.0584510529025,0.8450597426470589,tano,five
id_zn4r49yv5zvh.wav,1,2,16,16000,59392,59392,3.712,NONE,11642.0,809.5392009186148,0.8838395743534483,tisa,nine
id_nskmomr8ydih.wav,1,2,16,16000,56320,56320,3.52,NONE,28788.0,1796.4243797121403,0.9004261363636363,sita,six
id_uoo4l0vi6x3p.wav,1,2,16,16000,75776,75776,4.736,NONE,9506.0,1062.3136012967168,0.8286528716216216,nne,four
id_1p06nl07alsj.wav,1,2,16,16000,69120,69120,4.32,NONE,14425.0,939.885463103294,0.7987702546296296,nane,eight
id_2m4vb3toz6oy.wav,1,2,16,16000,58880,58880,3.68,NONE,15946.0,1590.4920587596725,0.841304347826087,mbili,two
id_xvtry8oihn1l.wav,1,2,16,16000,87040,87040,5.44,NONE,14232.0,644.3874347127083,0.9176585477941176,tano,five
id_5dodej20jg5h.wav,1,2,16,16000,62720,62720,3.92,NONE,6768.0,406.5024185397905,0.8981983418367347,kumi,ten
id_1i067ck161fg.wav,1,2,16,16000,81920,81920,5.12,NONE,15209.0,774.0556883026893,0.897607421875,tano,five
id_qs76a6w6dy4x.wav,1,2,16,16000,69632,69632,4.352,NONE,8327.0,757.5388825983275,0.7520823759191176,mbili,two
id_u312weuxd9df.wav,1,2,16,16000,60160,60160,3.76,NONE,9749.0,415.4231016377581,0.9188996010638298,moja,one
id_sgdthy18r5j9.wav,1,2,16,16000,70400,70400,4.4,NONE,2503.0,146.16267045930522,0.39625,saba,seven
id_mk7gl5456k76.wav,1,2,16,16000,39680,39680,2.48,NONE,4695.0,549.2095204278864,0.18374495967741936,nane,eight
id_91kg5l7p9hnf.wav,1,2,16,16000,81920,81920,5.12,NONE,15906.0,568.3715094602414,0.8942138671875,tisa,nine
id_x0x5dr3tydnl.wav,1,2,16,16000,60160,60160,3.76,NONE,32767.0,1757.4752310438726,0.8754155585106383,nane,eight
id_2f2gdmzajibc.wav,1,2,16,16000,83200,83200,5.2,NONE,3042.0,188.22778648054432,0.5643028846153846,hapana,no
id_67xgoony3xgk.wav,1,2,16,16000,67840,67840,4.24,NONE,22423.0,1404.9945700738172,0.8687942216981132,tano,five
id_pk2jhicvhx6l.wav,1,2,16,16000,64000,64000,4.0,NONE,5486.0,315.00649484871735,0.88796875,sita,six
id_mk29z4c8atn3.wav,1,2,16,16000,90880,90880,5.68,NONE,17858.0,845.7160122863348,0.7963578345070422,tano,five
id_3qdd657p8dwb.wav,1,2,16,16000,61440,61440,3.84,NONE,11781.0,786.8817007674052,0.881396484375,saba,seven
id_lciadgf78ykn.wav,1,2,16,16000,43520,43520,2.72,NONE,1947.0,299.9555180717487,0.1639016544117647,tano,five
id_y7n01eh70mw8.wav,1,2,16,16000,81920,81920,5.12,NONE,7605.0,593.9957705054961,0.85972900390625,sita,six
id_1n1vibnicioc.wav,1,2,16,16000,69632,69632,4.352,NONE,14146.0,1232.2838402177895,0.8684225643382353,mbili,two
id_jq4oiu270xk1.wav,1,2,16,16000,97280,97280,6.08,NONE,19446.0,1204.6840230298312,0.9188425164473685,tano,five
id_lljp6mbk2sn2.wav,1,2,16,16000,57600,57600,3.6,NONE,14287.0,863.0039176475389,0.45395833333333335,tatu,three
id_q3gojxxiyc23.wav,1,2,16,16000,51200,51200,3.2,NONE,4748.0,236.53694396304144,0.81685546875,saba,seven
id_i067jc4v2fxz.wav,1,2,16,16000,98560,98560,6.16,NONE,12329.0,745.9323009533234,0.9468648538961039,tisa,nine
id_wrm3b40ymbne.wav,1,2,16,16000,87040,87040,5.44,NONE,8930.0,723.4810569485059,0.8955193014705882,ndio,yes
id_ir88wlifscq9.wav,1,2,16,16000,60160,60160,3.76,NONE,20874.0,876.9127893883286,0.9007313829787233,tatu,three
id_fyn1gia7pu9g.wav,1,2,16,16000,51200,51200,3.2,NONE,13457.0,909.7397204072815,0.8637890625,nne,four
id_5yvcgc9i5oso.wav,1,2,16,16000,108800,108800,6.8,NONE,4308.0,256.52897154997,0.8629963235294118,mbili,two
id_d54a90jvy2of.wav,1,2,16,16000,121600,121600,7.6,NONE,3068.0,263.47286269177704,0.8675740131578947,kumi,ten
id_gvx1euued15b.wav,1,2,16,16000,66560,66560,4.16,NONE,32767.0,2008.6449677931203,0.8839242788461539,tano,five
id_iwh7url63l7t.wav,1,2,16,16000,70400,70400,4.4,NONE,13707.0,718.3790669918253,0.8716619318181819,hapana,no
id_wozp7sg0662c.wav,1,2,16,16000,112640,112640,7.04,NONE,26622.0,1567.359982181151,0.6923384232954546,nne,four
id_v15kmy54n2d2.wav,1,2,16,16000,40960,40960,2.56,NONE,2808.0,429.4240412200211,0.12578125,tatu,three
id_4jsf9oobwkew.wav,1,2,16,16000,62720,62720,3.92,NONE,29449.0,1929.7662587083862,0.8520248724489796,moja,one
id_gauk1cjctnd3.wav,1,2,16,16000,128000,128000,8.0,NONE,16049.0,743.7583450949895,0.908953125,saba,seven
id_1u8nswfbpcgc.wav,1,2,16,16000,70400,70400,4.4,NONE,23944.0,2333.958008417636,0.8395880681818182,tatu,three
id_tyn1zy9apmut.wav,1,2,16,16000,92160,92160,5.76,NONE,27859.0,1402.8613713146199,0.9026584201388889,nane,eight
id_pqfotax90ao0.wav,1,2,16,16000,71680,71680,4.48,NONE,14962.0,839.8282557623894,0.8870396205357143,nne,four
id_0zn3oack6hyy.wav,1,2,16,16000,52480,52480,3.28,NONE,15508.0,638.4366216432004,0.883936737804878,tisa,nine
id_o3kdutdq4o8d.wav,1,2,16,16000,72960,72960,4.56,NONE,8094.0,555.7262932479686,0.8236156798245614,tisa,nine
id_fxl4og7ptjod.wav,1,2,16,16000,67584,67584,4.224,NONE,16635.0,1091.2359491178502,0.8560310132575758,tatu,three
id_uavbgcprucnb.wav,1,2,16,16000,48640,48640,3.04,NONE,6842.0,673.3909893421044,0.38429276315789473,nane,eight
id_orbg7n1flnkt.wav,1,2,16,16000,58880,58880,3.68,NONE,8796.0,335.18362081659484,0.911039402173913,hapana,no
id_r1gi5ay1vqxf.wav,1,2,16,16000,43520,43520,2.72,NONE,4827.0,650.1770784317259,0.22941176470588234,nne,four
id_0m4t6a955rgs.wav,1,2,16,16000,64000,64000,4.0,NONE,14429.0,1342.408951474922,0.86,ndio,yes
id_xetl9327j5mz.wav,1,2,16,16000,75520,75520,4.72,NONE,16329.0,795.687031055779,0.839208156779661,hapana,no
id_uhimycs5wal5.wav,1,2,16,16000,65280,65280,4.08,NONE,11077.0,922.9888476150138,0.5961090686274509,moja,one
id_r4aanqsjvykk.wav,1,2,16,16000,84480,84480,5.28,NONE,3541.0,403.5828923019493,0.8217566287878788,nne,four
id_z5k49ldh7prl.wav,1,2,16,16000,47360,47360,2.96,NONE,3568.0,245.8201401015808,0.440308277027027,ndio,yes
id_l94ipa927mqm.wav,1,2,16,16000,85760,85760,5.36,NONE,21470.0,1049.311018501874,0.9050722947761194,hapana,no
id_mx5zxx8px3vo.wav,1,2,16,16000,129280,129280,8.08,NONE,12952.0,561.4491084616011,0.8602722772277228,nne,four
id_37zj1oo556h6.wav,1,2,16,16000,61440,61440,3.84,NONE,9673.0,1128.9142430584966,0.8388509114583333,kumi,ten
id_cl5uflpzrbdh.wav,1,2,16,16000,80640,80640,5.04,NONE,11363.0,842.2654434291725,0.9120163690476191,nne,four
id_5rt2ny1fbe4l.wav,1,2,16,16000,58880,58880,3.68,NONE,15066.0,1070.2365372440684,0.8659476902173913,tisa,nine
id_qclg3tx84l03.wav,1,2,16,16000,76800,76800,4.8,NONE,22657.0,1090.468793672684,0.9271744791666666,tatu,three
id_a6a2x6v433u8.wav,1,2,16,16000,72960,72960,4.56,NONE,10581.0,941.9649709572095,0.8924205043859649,saba,seven
id_adujui0d3klr.wav,1,2,16,16000,55040,55040,3.44,NONE,6108.0,440.0301090137615,0.3618459302325581,saba,seven
id_ij4ykjf2lu6z.wav,1,2,16,16000,71680,71680,4.48,NONE,5224.0,392.6828002506899,0.7863002232142857,hapana,no
id_506h959df0ro.wav,1,2,16,16000,43520,43520,2.72,NONE,2662.0,476.45430413548365,0.17764246323529412,tano,five
id_aixllwkqtf7b.wav,1,2,16,16000,76800,76800,4.8,NONE,23863.0,1809.8566285406134,0.8406640625,kumi,ten
id_depc4pxekzhp.wav,1,2,16,16000,115200,115200,7.2,NONE,21274.0,1384.9124352427234,0.9534461805555555,ndio,yes
id_h2rwzq6wgp00.wav,1,2,16,16000,81920,81920,5.12,NONE,14024.0,673.2545024983326,0.85089111328125,saba,seven
id_3lju1pofwqti.wav,1,2,16,16000,75520,75520,4.72,NONE,2110.0,157.32148971303846,0.594239936440678,tatu,three
id_xhqg0yh19lp6.wav,1,2,16,16000,61440,61440,3.84,NONE,7304.0,712.2523551833245,0.7806315104166667,kumi,ten
id_d2nufj5apxjg.wav,1,2,16,16000,83200,83200,5.2,NONE,16073.0,1879.3038087421853,0.7575360576923077,mbili,two
id_mq47qi9b5ysm.wav,1,2,16,16000,56320,56320,3.52,NONE,32768.0,2461.677046435652,0.8371626420454545,tano,five
id_21kh3svcm4pe.wav,1,2,16,16000,42240,42240,2.64,NONE,2445.0,304.70137804446665,0.2576467803030303,nane,eight
id_qddavgioqjpx.wav,1,2,16,16000,75520,75520,4.72,NONE,23072.0,1980.7891644116582,0.9421610169491526,mbili,two
id_suxomp6mhxk8.wav,1,2,16,16000,70400,70400,4.4,NONE,31534.0,1321.7204910774785,0.6725852272727273,tatu,three
id_9c9eelh4037f.wav,1,2,16,16000,80640,80640,5.04,NONE,10950.0,970.4711398190707,0.9254092261904762,kumi,ten
id_dxzj5ksmdwho.wav,1,2,16,16000,79360,79360,4.96,NONE,22006.0,980.7961702723801,0.848374495967742,saba,seven
id_sjw0vrmfxijv.wav,1,2,16,16000,66560,66560,4.16,NONE,28279.0,2210.6787863956156,0.8524489182692307,hapana,no
id_6bhvp8yjes2q.wav,1,2,16,16000,72960,72960,4.56,NONE,16422.0,620.4740791370988,0.8755208333333333,hapana,no
id_19uj3f5rbnmj.wav,1,2,16,16000,121600,121600,7.6,NONE,19722.0,1715.3187844641375,0.8432565789473684,kumi,ten
id_p8z4fj1xzuz9.wav,1,2,16,16000,74240,74240,4.64,NONE,11590.0,752.4086568440435,0.5313846982758621,hapana,no
id_5sjgq2ox8chd.wav,1,2,16,16000,55040,55040,3.44,NONE,24844.0,1719.617480180743,0.6546693313953489,tano,five
id_qrmjc2q53ifa.wav,1,2,16,16000,64000,64000,4.0,NONE,20112.0,1374.5567351081766,0.846984375,saba,seven
id_gd93ufw6b2bk.wav,1,2,16,16000,64000,64000,4.0,NONE,6237.0,306.52869900304603,0.804421875,nane,eight
id_v0kjwee7y5iq.wav,1,2,16,16000,113920,113920,7.12,NONE,9236.0,834.0283876385373,0.9174508426966292,nne,four
id_hdewz5eb9i8s.wav,1,2,16,16000,56320,56320,3.52,NONE,8705.0,589.7107294167239,0.901669034090909,kumi,ten
id_861q3fyp9a6r.wav,1,2,16,16000,74240,74240,4.64,NONE,13107.0,1370.85686553973,0.8032058189655172,saba,seven
id_tmlv501e4lwv.wav,1,2,16,16000,70400,70400,4.4,NONE,20873.0,1367.3976410295513,0.79609375,ndio,yes
id_qyaegx8ippy1.wav,1,2,16,16000,69120,69120,4.32,NONE,8693.0,584.7515979029045,0.8466001157407408,sita,six
id_rd4kz34yhlmd.wav,1,2,16,16000,70400,70400,4.4,NONE,16626.0,998.3832188687619,0.8005255681818182,mbili,two
id_rlb6qeqtobq3.wav,1,2,16,16000,85760,85760,5.36,NONE,5291.0,501.64172512108945,0.8338152985074627,tisa,nine
id_8yew1mu95say.wav,1,2,16,16000,83200,83200,5.2,NONE,16394.0,987.2829885027996,0.7371995192307692,nane,eight
id_gqy5dodpb0st.wav,1,2,16,16000,76800,76800,4.8,NONE,10698.0,645.3932014509966,0.8775,nne,four
id_wjnh92p5i5a4.wav,1,2,16,16000,120320,120320,7.52,NONE,12327.0,570.4991780166613,0.8986037234042553,saba,seven
id_ntbhqknas0ad.wav,1,2,16,16000,70400,70400,4.4,NONE,10184.0,675.5559348792432,0.8094602272727273,moja,one
id_vlqaszm3cf3j.wav,1,2,16,16000,59392,59392,3.712,NONE,14905.0,1506.2083233465057,0.8306169181034483,sita,six
id_78yaxftj59df.wav,1,2,16,16000,60160,60160,3.76,NONE,18002.0,1610.777727992292,0.7133311170212766,mbili,two
id_ue1lgt7wsjgh.wav,1,2,16,16000,61440,61440,3.84,NONE,4984.0,522.7080306001681,0.7915690104166667,nne,four
id_i5kvd5jsyho3.wav,1,2,16,16000,51200,51200,3.2,NONE,4882.0,614.948286793034,0.6291796875,mbili,two
id_yy6y0jt40mff.wav,1,2,16,16000,46080,46080,2.88,NONE,1956.0,279.0371962678841,0.18513454861111112,tano,five
id_xzx56mpd91y7.wav,1,2,16,16000,202240,202240,12.64,NONE,16263.0,621.0680564365473,0.945762460443038,sita,six
id_7myk9df4dby7.wav,1,2,16,16000,125440,125440,7.84,NONE,19101.0,1760.1420335678226,0.8485650510204081,hapana,no
id_6wjuiq6qytv0.wav,1,2,16,16000,88320,88320,5.52,NONE,17672.0,1473.5342198341348,0.8245584239130435,ndio,yes
id_yq99hdxupmek.wav,1,2,16,16000,66560,66560,4.16,NONE,11979.0,846.168412049564,0.7806039663461538,tatu,three
id_oj93e49jcb9y.wav,1,2,16,16000,79360,79360,4.96,NONE,23696.0,1237.220964473184,0.9002520161290323,tatu,three
id_17wi2lvd3op2.wav,1,2,16,16000,93440,93440,5.84,NONE,9055.0,285.98609483017833,0.9391802226027397,tatu,three
id_6gpltzvgxm3h.wav,1,2,16,16000,77824,77824,4.864,NONE,13379.0,1501.439744746091,0.3577945106907895,nne,four
id_ftqms3vt7g93.wav,1,2,16,16000,55040,55040,3.44,NONE,28534.0,1347.630103479086,0.8258720930232558,tano,five
id_c4vzosdjy3g0.wav,1,2,16,16000,64000,64000,4.0,NONE,8052.0,550.3472043855587,0.885078125,tatu,three
id_nz0f4r22knyc.wav,1,2,16,16000,135680,135680,8.48,NONE,3755.0,287.0988889385954,0.8814121462264151,mbili,two
id_gbjoonl44e13.wav,1,2,16,16000,67840,67840,4.24,NONE,18653.0,829.3494690532971,0.8918926886792453,saba,seven
id_stuxqpizcpab.wav,1,2,16,16000,57600,57600,3.6,NONE,17643.0,2014.6338768823343,0.8322569444444444,ndio,yes
id_f5gf37vkwdjr.wav,1,2,16,16000,62720,62720,3.92,NONE,10853.0,584.7720167511909,0.758561862244898,hapana,no
id_a73vfn22twdm.wav,1,2,16,16000,71680,71680,4.48,NONE,26612.0,2259.9984902412784,0.64560546875,nane,eight
id_bkbq9rsmuq8j.wav,1,2,16,16000,78080,78080,4.88,NONE,7449.0,517.0076087150578,0.5532786885245902,saba,seven
id_nmnbyj27ubt0.wav,1,2,16,16000,74240,74240,4.64,NONE,6893.0,668.9755977038892,0.8945043103448276,nne,four
id_p0w83k2cxaq7.wav,1,2,16,16000,100352,100352,6.272,NONE,11165.0,762.8452064229363,0.6908482142857143,tatu,three
id_extihiuai0qz.wav,1,2,16,16000,98560,98560,6.16,NONE,16304.0,928.611131695221,0.8976765422077922,tano,five
id_j3s83zi70oht.wav,1,2,16,16000,69632,69632,4.352,NONE,9377.0,759.8442246883005,0.7660271139705882,hapana,no
id_rzobe4929vva.wav,1,2,16,16000,51200,51200,3.2,NONE,32768.0,938.1608715451938,0.77849609375,mbili,two
id_3kgcbbc0iujy.wav,1,2,16,16000,97280,97280,6.08,NONE,32768.0,3030.8184500627804,0.8977796052631579,hapana,no
id_4ekokjn22blu.wav,1,2,16,16000,55040,55040,3.44,NONE,13246.0,1001.3042810388579,0.8584484011627908,hapana,no
id_jzqrzysokkzu.wav,1,2,16,16000,51200,51200,3.2,NONE,21825.0,1412.1188557254352,0.87494140625,tatu,three
id_ov8y90pzeu2a.wav,1,2,16,16000,90880,90880,5.68,NONE,7668.0,509.080603878795,0.9034551056338028,nne,four
id_5vt34u7zlel3.wav,1,2,16,16000,47360,47360,2.96,NONE,2250.0,277.3018039939712,0.16619510135135135,sita,six
id_2xejronlc160.wav,1,2,16,16000,56320,56320,3.52,NONE,7144.0,653.471792228736,0.8476384943181818,mbili,two
id_bm777l8hq9ex.wav,1,2,16,16000,74240,74240,4.64,NONE,6705.0,316.1433761029504,0.8583917025862069,sita,six
id_vjn365se6gq3.wav,1,2,16,16000,61440,61440,3.84,NONE,32768.0,1455.2700953622764,0.871728515625,tisa,nine
id_dfkjpqbr1p7z.wav,1,2,16,16000,75520,75520,4.72,NONE,6968.0,485.2025536836809,0.7556938559322034,mbili,two
id_c0vmrggsjhfr.wav,1,2,16,16000,56320,56320,3.52,NONE,18736.0,1341.9886464503732,0.6873046875,moja,one
id_gbom56gclpu3.wav,1,2,16,16000,66560,66560,4.16,NONE,11576.0,1215.7764346921042,0.2582782451923077,mbili,two
id_yuh8kg7eqwii.wav,1,2,16,16000,69120,69120,4.32,NONE,12882.0,938.1360827311901,0.8984085648148148,tisa,nine
id_vf4w9creqbrm.wav,1,2,16,16000,61440,61440,3.84,NONE,15379.0,962.2624325405083,0.8236002604166667,moja,one
id_qljl0n2wophz.wav,1,2,16,16000,81920,81920,5.12,NONE,22362.0,1272.1402050122053,0.77420654296875,ndio,yes
id_ugg18wx1r3h0.wav,1,2,16,16000,79360,79360,4.96,NONE,32767.0,2198.1274525046624,0.8947328629032258,tatu,three
id_c57ph39zsx0d.wav,1,2,16,16000,84480,84480,5.28,NONE,6056.0,173.969769924369,0.9121330492424242,sita,six
id_hdbai2wdkrdw.wav,1,2,16,16000,64000,64000,4.0,NONE,18183.0,866.8133582896464,0.8760625,hapana,no
id_q7h4uwfsz4fm.wav,1,2,16,16000,69120,69120,4.32,NONE,4711.0,546.47967952441,0.2111400462962963,saba,seven
id_207ujftvvdly.wav,1,2,16,16000,78080,78080,4.88,NONE,13791.0,823.7302857398042,0.7026639344262295,moja,one
id_3p6rr6oqrtny.wav,1,2,16,16000,66560,66560,4.16,NONE,32767.0,1823.4554104568278,0.8996844951923076,saba,seven
id_dd2je2dyt78i.wav,1,2,16,16000,66560,66560,4.16,NONE,6884.0,346.813320768017,0.8609074519230769,nane,eight
id_7sya9ne05lmc.wav,1,2,16,16000,62720,62720,3.92,NONE,7548.0,821.0827734198058,0.7232940051020408,mbili,two
id_1xzoumfn0oj6.wav,1,2,16,16000,103680,103680,6.48,NONE,12611.0,1276.0498397848608,0.9009066358024691,kumi,ten
id_jctg4jaknwq9.wav,1,2,16,16000,53760,53760,3.36,NONE,1739.0,181.29523629873205,0.6612909226190476,hapana,no
id_a2m86sy73aav.wav,1,2,16,16000,60160,60160,3.76,NONE,12004.0,1021.0043286696849,0.8941156914893617,ndio,yes
id_g99i9r72boxs.wav,1,2,16,16000,98560,98560,6.16,NONE,10217.0,703.30770909675,0.8112114448051948,nne,four
id_uqy43vftmgn6.wav,1,2,16,16000,56320,56320,3.52,NONE,20954.0,1302.7036115949945,0.5640092329545454,hapana,no
id_i3iwkgjkme9x.wav,1,2,16,16000,70400,70400,4.4,NONE,4346.0,361.1944452210232,0.8198863636363637,tatu,three
id_j2ea0mf7gqox.wav,1,2,16,16000,47360,47360,2.96,NONE,4505.0,501.2689667082905,0.3504856418918919,nne,four
id_bkt10ot42e5k.wav,1,2,16,16000,144640,144640,9.04,NONE,5273.0,302.71912948552034,0.4111034292035398,nane,eight
id_t72s1d3u18v2.wav,1,2,16,16000,69120,69120,4.32,NONE,32767.0,2374.006267865967,0.9018373842592593,ndio,yes
id_ms8zyeyy547b.wav,1,2,16,16000,57600,57600,3.6,NONE,6492.0,405.8649382158019,0.87015625,hapana,no
id_0bubpvvlqhpc.wav,1,2,16,16000,106240,106240,6.64,NONE,7893.0,1260.0124204840588,0.3538121234939759,nane,eight
id_sqqigqvscapg.wav,1,2,16,16000,61440,61440,3.84,NONE,20521.0,1900.144698561666,0.5544108072916667,kumi,ten
id_kubwxnuuy6mi.wav,1,2,16,16000,63488,63488,3.968,NONE,13763.0,1357.7510801863602,0.8953975554435484,nne,four
id_dr3c8w8h664t.wav,1,2,16,16000,79360,79360,4.96,NONE,8094.0,646.8032748727303,0.8309853830645161,nane,eight
id_rl9ze8laoz49.wav,1,2,16,16000,93440,93440,5.84,NONE,21149.0,1157.0225065214481,0.7675513698630136,tano,five
id_heixq4g34eho.wav,1,2,16,16000,70400,70400,4.4,NONE,14875.0,875.2757478490577,0.9093323863636363,tisa,nine
id_ubsh09s5m47h.wav,1,2,16,16000,75520,75520,4.72,NONE,28884.0,2255.535497913754,0.835500529661017,moja,one
id_ia0kt650dh36.wav,1,2,16,16000,72960,72960,4.56,NONE,27431.0,3123.4363393712247,0.8113212719298246,mbili,two
id_7d4dms25gv7a.wav,1,2,16,16000,64000,64000,4.0,NONE,20725.0,1977.4727089101318,0.892203125,ndio,yes
id_c3jqk60v84jb.wav,1,2,16,16000,70400,70400,4.4,NONE,16197.0,827.3932708138665,0.9094886363636364,tano,five
id_xypdepsv2rqx.wav,1,2,16,16000,67840,67840,4.24,NONE,5825.0,543.5789286439311,0.8608785377358491,mbili,two
id_9nguicptn9zc.wav,1,2,16,16000,66560,66560,4.16,NONE,14395.0,1282.703971897739,0.425390625,moja,one
id_kxbr3dytq5dx.wav,1,2,16,16000,66560,66560,4.16,NONE,28299.0,1467.1104527672724,0.8766526442307693,sita,six
id_renyw5n3ug73.wav,1,2,16,16000,51200,51200,3.2,NONE,14015.0,995.7984185814008,0.3787109375,tano,five
id_zgq92vqafnnd.wav,1,2,16,16000,119040,119040,7.44,NONE,7038.0,382.42582163836636,0.4264784946236559,mbili,two
id_jniqqjpwdei5.wav,1,2,16,16000,85760,85760,5.36,NONE,32768.0,2142.2638823270245,0.8401469216417911,saba,seven
id_uqfoh084iga4.wav,1,2,16,16000,83200,83200,5.2,NONE,13360.0,760.651388115994,0.6785096153846154,saba,seven
id_wkk0bpbw9do9.wav,1,2,16,16000,83200,83200,5.2,NONE,23536.0,2164.54136211746,0.8236538461538462,ndio,yes
id_0wxcl0zehbjh.wav,1,2,16,16000,74240,74240,4.64,NONE,14104.0,766.6690994786254,0.9337419181034483,kumi,ten
id_x3wrnl45czbd.wav,1,2,16,16000,70400,70400,4.4,NONE,32767.0,2346.9211478878897,0.7394034090909091,kumi,ten
id_p9lutnif3fz8.wav,1,2,16,16000,79360,79360,4.96,NONE,6876.0,348.36811302830114,0.6496849798387097,ndio,yes
id_69mncytnorks.wav,1,2,16,16000,58880,58880,3.68,NONE,14580.0,1585.103176498634,0.5030061141304348,sita,six
id_6v8zm9su8n01.wav,1,2,16,16000,46080,46080,2.88,NONE,2920.0,481.3244870205084,0.11106770833333333,kumi,ten
id_1o6v1puynom8.wav,1,2,16,16000,72960,72960,4.56,NONE,14747.0,892.6929720218196,0.9224232456140351,nne,four
id_ro3epvxvmpp9.wav,1,2,16,16000,53760,53760,3.36,NONE,12163.0,1164.8566762201574,0.8927827380952381,kumi,ten
id_9df08n46rdcy.wav,1,2,16,16000,61440,61440,3.84,NONE,8919.0,766.0511729491855,0.7554361979166667,mbili,two
id_map1upesnwzy.wav,1,2,16,16000,125440,125440,7.84,NONE,5373.0,296.718671676006,0.5521683673469387,sita,six
id_zdy9iw7f5c6t.wav,1,2,16,16000,55040,55040,3.44,NONE,24755.0,1768.7288020444755,0.6205668604651163,tano,five
id_99rn2sqfnfp1.wav,1,2,16,16000,53760,53760,3.36,NONE,15446.0,770.0378838348946,0.5952194940476191,moja,one
id_jrfshnwdidqa.wav,1,2,16,16000,71680,71680,4.48,NONE,15020.0,776.0409520260772,0.7663643973214286,nane,eight
id_mwamzw2c6i3j.wav,1,2,16,16000,65536,65536,4.096,NONE,8359.0,443.2968112692327,0.8780364990234375,hapana,no
id_nmjpl6ibm3ps.wav,1,2,16,16000,57600,57600,3.6,NONE,12842.0,659.3845041969064,0.5215104166666666,tano,five
id_f1bhdqs5pr2n.wav,1,2,16,16000,124160,124160,7.76,NONE,5708.0,394.61080249557085,0.4696681701030928,kumi,ten
id_uporiszdxj4v.wav,1,2,16,16000,53760,53760,3.36,NONE,20851.0,1669.9401846956403,0.6887462797619047,saba,seven
id_h0piuph5nfft.wav,1,2,16,16000,69120,69120,4.32,NONE,15007.0,1129.5070504028392,0.9040798611111112,tano,five
id_y0xonbl35of9.wav,1,2,16,16000,53760,53760,3.36,NONE,32767.0,2215.35267505,0.9125744047619048,tatu,three
id_idbws40cm1jq.wav,1,2,16,16000,75520,75520,4.72,NONE,2437.0,268.1731799339953,0.13795021186440679,tisa,nine
id_gla1fe7ozhy5.wav,1,2,16,16000,53760,53760,3.36,NONE,18905.0,1839.491930013306,0.6859747023809524,ndio,yes
id_xxqjj52m5ebm.wav,1,2,16,16000,42240,42240,2.64,NONE,3126.0,448.14041790707944,0.21773200757575759,kumi,ten
id_6zky32f2bj0a.wav,1,2,16,16000,59392,59392,3.712,NONE,11792.0,870.2874389693337,0.8278556034482759,saba,seven
id_se9q72rmdnmu.wav,1,2,16,16000,67840,67840,4.24,NONE,11263.0,610.2868680432294,0.43391804245283017,nne,four
id_w9asari5e86y.wav,1,2,16,16000,143360,143360,8.96,NONE,8266.0,292.98838079468607,0.949072265625,tatu,three
id_8o9d6pv0d83x.wav,1,2,16,16000,51200,51200,3.2,NONE,18050.0,1455.2582791931322,0.72517578125,sita,six
id_0wf5s1o2w8ev.wav,1,2,16,16000,72960,72960,4.56,NONE,9052.0,646.3382768485227,0.9079358552631579,saba,seven
id_vvzxb1yx5gag.wav,1,2,16,16000,69120,69120,4.32,NONE,13225.0,571.9952579739415,0.7587094907407408,tisa,nine
id_6gp0bmu6zssm.wav,1,2,16,16000,81920,81920,5.12,NONE,6894.0,607.6184984617005,0.55634765625,mbili,two
id_npd8mjfjr44v.wav,1,2,16,16000,70400,70400,4.4,NONE,17655.0,2043.1192615189582,0.8772301136363636,nne,four
id_nswg7mk7va9r.wav,1,2,16,16000,69120,69120,4.32,NONE,11111.0,874.4306618471657,0.9081741898148148,tisa,nine
id_x2d89240nf7p.wav,1,2,16,16000,56320,56320,3.52,NONE,25011.0,2477.274681801447,0.7822798295454545,ndio,yes
id_r1tztdd3nx0w.wav,1,2,16,16000,67584,67584,4.224,NONE,11749.0,908.382602691983,0.8226059422348485,sita,six
id_5rxlckyyuv9l.wav,1,2,16,16000,74240,74240,4.64,NONE,13629.0,1315.5912970947243,0.8465382543103448,kumi,ten
id_3cw194u32c0b.wav,1,2,16,16000,71680,71680,4.48,NONE,29875.0,2411.3509153637656,0.6367885044642857,tano,five
id_xs89y9axegw2.wav,1,2,16,16000,57600,57600,3.6,NONE,12663.0,1124.6271019564047,0.8846180555555555,kumi,ten
id_5z9e2mmj0hmn.wav,1,2,16,16000,64000,64000,4.0,NONE,15000.0,1101.8021643610186,0.4773125,mbili,two
id_5vzy773cgpr2.wav,1,2,16,16000,78080,78080,4.88,NONE,13597.0,738.3250723419668,0.9252305327868853,saba,seven
id_cu7i49j6ilrl.wav,1,2,16,16000,70400,70400,4.4,NONE,24616.0,1060.3301090759746,0.9255255681818182,sita,six
id_2rzmb06d9eq5.wav,1,2,16,16000,106240,106240,6.64,NONE,14389.0,786.7395409113703,0.8713855421686747,hapana,no
id_hgbysxeasumw.wav,1,2,16,16000,59392,59392,3.712,NONE,15005.0,1156.6126511970542,0.8520844558189655,nane,eight
id_jhtfc5dfc2m8.wav,1,2,16,16000,78080,78080,4.88,NONE,11936.0,796.734879612656,0.6516009221311475,tisa,nine
id_cdq0rupm70rh.wav,1,2,16,16000,65536,65536,4.096,NONE,8527.0,536.034695811881,0.866607666015625,hapana,no
id_0vr00r74m0ii.wav,1,2,16,16000,143360,143360,8.96,NONE,27698.0,1312.1558812144797,0.8965890066964286,nane,eight
id_31s05g5prv7n.wav,1,2,16,16000,71680,71680,4.48,NONE,12540.0,960.1405042080406,0.73369140625,nane,eight
id_kkx07jsz7nr5.wav,1,2,16,16000,66560,66560,4.16,NONE,5573.0,389.3995765256009,0.8770582932692308,tisa,nine
id_p01io1y0to7w.wav,1,2,16,16000,98560,98560,6.16,NONE,10916.0,533.0251773714358,0.6732751623376624,tano,five
id_yiyqobbrzr1v.wav,1,2,16,16000,66560,66560,4.16,NONE,14416.0,955.725108369257,0.8791766826923076,ndio,yes
id_sn5zf3bb8ca5.wav,1,2,16,16000,74240,74240,4.64,NONE,28708.0,2023.326000026728,0.8343615301724138,tano,five
id_xdmxt237mne1.wav,1,2,16,16000,53760,53760,3.36,NONE,9469.0,793.6640802298059,0.28125,saba,seven
id_x8onheco61kh.wav,1,2,16,16000,78080,78080,4.88,NONE,12354.0,739.7816365659564,0.9085297131147541,tano,five
id_kgy2lz5md9dr.wav,1,2,16,16000,58880,58880,3.68,NONE,14680.0,1716.018001900466,0.8525305706521739,nne,four
id_pgn88360xo66.wav,1,2,16,16000,76800,76800,4.8,NONE,32767.0,1782.416826294077,0.8870963541666667,nane,eight
id_f3w2kuqrjwng.wav,1,2,16,16000,60160,60160,3.76,NONE,9103.0,320.834099623751,0.9372007978723405,tatu,three
id_onurzbrba3uv.wav,1,2,16,16000,76800,76800,4.8,NONE,15933.0,1013.8399370041523,0.8979817708333333,tano,five
id_pgxuuk17xpwr.wav,1,2,16,16000,64000,64000,4.0,NONE,13767.0,980.9492862225983,0.903796875,ndio,yes
id_ysa6wp87sayt.wav,1,2,16,16000,85760,85760,5.36,NONE,12093.0,1099.2220919962667,0.8898554104477612,kumi,ten
id_zm024q0r4all.wav,1,2,16,16000,56320,56320,3.52,NONE,30290.0,1394.0367928599665,0.8894176136363636,tisa,nine
id_lalpzfgnpm80.wav,1,2,16,16000,69120,69120,4.32,NONE,5674.0,494.09457734319824,0.854759837962963,mbili,two
id_p89x5f8f11av.wav,1,2,16,16000,79360,79360,4.96,NONE,27203.0,1923.049454567589,0.8748487903225807,mbili,two
id_fzkznja8frvg.wav,1,2,16,16000,48640,48640,3.04,NONE,5799.0,631.4844129146117,0.24224917763157894,moja,one
id_f4h29mga0lga.wav,1,2,16,16000,152320,152320,9.52,NONE,21877.0,898.759003209893,0.41439075630252103,moja,one
id_l5pve4vshynv.wav,1,2,16,16000,53760,53760,3.36,NONE,9513.0,532.5377614356664,0.764248511904762,tatu,three
id_disteqckm83g.wav,1,2,16,16000,65536,65536,4.096,NONE,10528.0,826.0914527568186,0.8550872802734375,saba,seven
id_f0tw2c8p74r3.wav,1,2,16,16000,79360,79360,4.96,NONE,19418.0,2158.0132978563406,0.836554939516129,ndio,yes
id_2zq6xffb3far.wav,1,2,16,16000,78080,78080,4.88,NONE,13452.0,1443.7337752397186,0.6359118852459016,kumi,ten
id_k6lbyqxkplur.wav,1,2,16,16000,103680,103680,6.48,NONE,32768.0,3021.6815930693133,0.6762827932098765,sita,six
id_proq1yvo0824.wav,1,2,16,16000,286720,286720,17.92,NONE,3254.0,150.34639618647716,0.9555629185267858,ndio,yes
id_k2duz51ikjrg.wav,1,2,16,16000,65536,65536,4.096,NONE,10099.0,872.7662005225318,0.848114013671875,tano,five
id_8ws5x61egevg.wav,1,2,16,16000,49920,49920,3.12,NONE,19771.0,1700.0047133878381,0.6223357371794872,moja,one
id_lgpvx3a1ujuo.wav,1,2,16,16000,61440,61440,3.84,NONE,11449.0,607.2344274009532,0.8326822916666666,saba,seven
id_ayw263uy6j2e.wav,1,2,16,16000,62720,62720,3.92,NONE,19209.0,991.4189663973541,0.8379464285714285,tatu,three
id_n0rjkpe8r2po.wav,1,2,16,16000,97280,97280,6.08,NONE,12940.0,952.83149180659,0.3491467927631579,mbili,two
id_eiv8zdskep1i.wav,1,2,16,16000,65280,65280,4.08,NONE,4920.0,422.96011263246055,0.8343903186274509,mbili,two
id_frq8ps54unm0.wav,1,2,16,16000,56320,56320,3.52,NONE,28885.0,1440.4912770650249,0.8975497159090909,moja,one
id_jl5alrl7ep05.wav,1,2,16,16000,48640,48640,3.04,NONE,26729.0,1647.2330404392703,0.8851151315789474,moja,one
id_eq0bnl5o3cu4.wav,1,2,16,16000,97280,97280,6.08,NONE,5188.0,318.4094049605821,0.587561677631579,moja,one
id_4yce0h71hp98.wav,1,2,16,16000,128000,128000,8.0,NONE,17547.0,809.4899861805349,0.9299375,hapana,no
id_aagtkxubkqpf.wav,1,2,16,16000,89600,89600,5.6,NONE,16454.0,983.3759794468873,0.9241852678571428,tisa,nine
id_0rbmilb18ktp.wav,1,2,16,16000,74240,74240,4.64,NONE,16241.0,1121.490144450773,0.834630926724138,saba,seven
id_0k66ku90pv6f.wav,1,2,16,16000,76800,76800,4.8,NONE,12971.0,1316.423699098005,0.5240364583333333,moja,one
id_n0b19o814lva.wav,1,2,16,16000,60160,60160,3.76,NONE,10977.0,738.3552980962003,0.852310505319149,moja,one
id_neouhi89ztrj.wav,1,2,16,16000,80640,80640,5.04,NONE,28548.0,1377.7871849757253,0.6895957341269842,nne,four
id_e82jojic8yrp.wav,1,2,16,16000,75520,75520,4.72,NONE,13865.0,1106.244195504498,0.35052966101694916,tisa,nine
id_5k6vxs4aof26.wav,1,2,16,16000,49920,49920,3.12,NONE,5364.0,573.7029196055588,0.2853766025641026,mbili,two
id_71hm75cdbak4.wav,1,2,16,16000,58880,58880,3.68,NONE,1670.0,218.40457299881217,0.8131453804347826,nane,eight
id_94z1rxtn5eex.wav,1,2,16,16000,61440,61440,3.84,NONE,15779.0,1455.1549228055528,0.4972005208333333,kumi,ten
id_2ufmqy10mswf.wav,1,2,16,16000,113920,113920,7.12,NONE,15059.0,786.0730630847069,0.9047226123595505,hapana,no
id_2u82olfn7vgv.wav,1,2,16,16000,62720,62720,3.92,NONE,3214.0,318.02989988268047,0.2367825255102041,nne,four
id_f1lfk227oqto.wav,1,2,16,16000,276480,276480,17.28,NONE,7957.0,249.64615157911786,0.9739945023148148,tatu,three
id_ebqwchcomsty.wav,1,2,16,16000,60160,60160,3.76,NONE,1494.0,212.3478719383722,0.1596908244680851,hapana,no
id_dlm39v4g4ffn.wav,1,2,16,16000,301056,301056,18.816,NONE,9525.0,296.4718124175865,0.9709555697278912,moja,one
id_xoiv2ceh5i9w.wav,1,2,16,16000,65536,65536,4.096,NONE,6165.0,429.22293021461644,0.8748321533203125,moja,one
id_4auex3fr26n2.wav,1,2,16,16000,75520,75520,4.72,NONE,16953.0,827.7207784970245,0.8896054025423729,nane,eight
id_bqmj9uwsjutm.wav,1,2,16,16000,69120,69120,4.32,NONE,28720.0,1132.5234100155358,0.9096788194444444,tano,five
id_9f16lff24dbq.wav,1,2,16,16000,84480,84480,5.28,NONE,13836.0,719.5237289237757,0.8529711174242425,tisa,nine
id_9echjbql8ybw.wav,1,2,16,16000,70400,70400,4.4,NONE,11377.0,721.7118737371458,0.8878125,tatu,three
id_qbkjs5jaji4s.wav,1,2,16,16000,70400,70400,4.4,NONE,15841.0,1008.6332724229537,0.8952698863636364,ndio,yes
id_35rrjvybswe3.wav,1,2,16,16000,61440,61440,3.84,NONE,16510.0,918.6691204833694,0.8980305989583334,nane,eight
id_aj9j98m4uz9q.wav,1,2,16,16000,57600,57600,3.6,NONE,15349.0,1179.875014604007,0.8705034722222222,nane,eight
id_jz3ucdvwramh.wav,1,2,16,16000,85760,85760,5.36,NONE,9597.0,451.9710804162687,0.9034631529850746,tisa,nine
id_j6lakqgqa6r2.wav,1,2,16,16000,85760,85760,5.36,NONE,6092.0,399.61675663128005,0.8636893656716418,nane,eight
id_1u32l9k3uojd.wav,1,2,16,16000,71680,71680,4.48,NONE,10205.0,721.5201031885706,0.8836774553571428,nne,four
id_ujuve8nxxtxf.wav,1,2,16,16000,51200,51200,3.2,NONE,5413.0,247.44153839215232,0.52125,tisa,nine
id_y574jwj1h78s.wav,1,2,16,16000,63488,63488,3.968,NONE,6749.0,563.1927916845782,0.871550529233871,mbili,two
id_j1z81utc0o30.wav,1,2,16,16000,288768,288768,18.048,NONE,11225.0,292.3243083344465,0.9742526872783688,tisa,nine
id_m63s0kvn3fo7.wav,1,2,16,16000,67840,67840,4.24,NONE,32768.0,1633.7311491997593,0.7139150943396226,tatu,three
id_0n3dnzolbbde.wav,1,2,16,16000,85760,85760,5.36,NONE,19837.0,1522.7900483656917,0.6789995335820895,tatu,three
id_co06qtb6zwyp.wav,1,2,16,16000,88320,88320,5.52,NONE,5355.0,517.8714481394077,0.8906136775362319,nane,eight
id_9trvhzl4pgtl.wav,1,2,16,16000,61440,61440,3.84,NONE,13060.0,1092.2910371391195,0.8631184895833334,nane,eight
id_oqsbobpo74c9.wav,1,2,16,16000,64000,64000,4.0,NONE,17232.0,2342.5563734745533,0.7375,mbili,two
id_yuj86p797hh5.wav,1,2,16,16000,74240,74240,4.64,NONE,7447.0,453.4706018835502,0.6245959051724138,tisa,nine
id_gqaxta8521sd.wav,1,2,16,16000,90880,90880,5.68,NONE,28651.0,1536.593261772184,0.5929467429577465,hapana,no
id_gmx8tkpiumij.wav,1,2,16,16000,69120,69120,4.32,NONE,3595.0,155.0375051230884,0.8961950231481481,kumi,ten
id_zj8s36e2dwz4.wav,1,2,16,16000,78080,78080,4.88,NONE,19594.0,2506.3655094441738,0.8606685450819672,kumi,ten
id_ryuy2r9dn4ah.wav,1,2,16,16000,71680,71680,4.48,NONE,13238.0,1038.6013837661922,0.8484514508928571,mbili,two
id_t05pnvk9qq7f.wav,1,2,16,16000,66560,66560,4.16,NONE,10654.0,825.19392508816,0.4207932692307692,nne,four
id_833b0varkgv9.wav,1,2,16,16000,84480,84480,5.28,NONE,19988.0,908.6370788966481,0.9155776515151515,ndio,yes
id_2aucnzkz9eli.wav,1,2,16,16000,88064,88064,5.504,NONE,14997.0,1232.0114629564182,0.6927688953488372,moja,one
id_t44ld1ervfh2.wav,1,2,16,16000,75520,75520,4.72,NONE,17692.0,1498.628774146977,0.7383209745762712,nane,eight
id_sve7dkb8mptj.wav,1,2,16,16000,85760,85760,5.36,NONE,10317.0,853.1204319488439,0.47859141791044774,nne,four
id_j18u6n9vbi9l.wav,1,2,16,16000,65536,65536,4.096,NONE,14575.0,850.7132777097005,0.652496337890625,tano,five
id_cvxrs12htjgv.wav,1,2,16,16000,69632,69632,4.352,NONE,11568.0,1559.4420636025186,0.8744973575367647,kumi,ten
id_559c7qoftu1k.wav,1,2,16,16000,85760,85760,5.36,NONE,11980.0,952.3122067110343,0.9145755597014925,tisa,nine
id_m67fbmpekvrm.wav,1,2,16,16000,72960,72960,4.56,NONE,29046.0,1398.8299119234534,0.915063048245614,tano,five
id_kdaqoapzc2tr.wav,1,2,16,16000,61440,61440,3.84,NONE,10457.0,788.7171520146886,0.87939453125,tatu,three
id_qi2mcar0hg4t.wav,1,2,16,16000,67840,67840,4.24,NONE,5345.0,416.2961199413033,0.8836379716981132,mbili,two
id_uecf96dsep92.wav,1,2,16,16000,65280,65280,4.08,NONE,6036.0,576.724150369024,0.8796109068627451,kumi,ten
id_0plh7lmm4xdv.wav,1,2,16,16000,55040,55040,3.44,NONE,32012.0,2671.430886910467,0.7459665697674419,mbili,two
id_byeu884y7kwo.wav,1,2,16,16000,73728,73728,4.608,NONE,8682.0,571.375475320039,0.9077962239583334,tisa,nine
id_szpia3ltsrjk.wav,1,2,16,16000,67584,67584,4.224,NONE,16531.0,2108.6378953915705,0.8015210700757576,nane,eight
id_9j8txr1pdvnp.wav,1,2,16,16000,74240,74240,4.64,NONE,27415.0,2936.178001527512,0.8005522629310344,moja,one
id_xbyji07z1u0m.wav,1,2,16,16000,56320,56320,3.52,NONE,28019.0,1248.5806489071035,0.8980646306818182,nane,eight
id_1w6nia2wm31j.wav,1,2,16,16000,76800,76800,4.8,NONE,11618.0,395.646656414244,0.9386328125,tatu,three
id_jl295he2ep7i.wav,1,2,16,16000,67840,67840,4.24,NONE,14700.0,976.536884826322,0.8595518867924529,hapana,no
id_gbqpxxdrcg3y.wav,1,2,16,16000,69120,69120,4.32,NONE,14862.0,1014.4996471874786,0.7473090277777777,saba,seven
id_cnl3rybkmjqx.wav,1,2,16,16000,69120,69120,4.32,NONE,27445.0,1748.5800209637366,0.9088541666666666,tatu,three
id_rjndzm7uw8oo.wav,1,2,16,16000,56320,56320,3.52,NONE,28818.0,2337.1796993687362,0.8681285511363637,moja,one
id_85gkq8xd4als.wav,1,2,16,16000,72960,72960,4.56,NONE,28721.0,3115.2444431313133,0.8718201754385965,ndio,yes
id_3daxnv0sox8u.wav,1,2,16,16000,60160,60160,3.76,NONE,7681.0,685.7950075304744,0.31683843085106383,sita,six
id_0rldcyf1apsr.wav,1,2,16,16000,49920,49920,3.12,NONE,11069.0,611.4497090478591,0.8506410256410256,tatu,three
id_fh59uuyenm99.wav,1,2,16,16000,49920,49920,3.12,NONE,5546.0,723.5608287467161,0.2783253205128205,mbili,two
id_ilg3wtq2p6g5.wav,1,2,16,16000,62720,62720,3.92,NONE,13067.0,638.6210841292259,0.9135204081632653,hapana,no
id_51rwvuwscd6t.wav,1,2,16,16000,57600,57600,3.6,NONE,27821.0,1491.6787366131787,0.9087673611111111,saba,seven
id_qmlfxzgu8j66.wav,1,2,16,16000,62720,62720,3.92,NONE,11924.0,972.5221725083743,0.756202168367347,hapana,no
id_w88onu8m256x.wav,1,2,16,16000,67840,67840,4.24,NONE,7284.0,526.2516854077121,0.8765035377358491,kumi,ten
id_0sc1qk8tga2l.wav,1,2,16,16000,76800,76800,4.8,NONE,23979.0,1351.8912126859543,0.8607682291666666,hapana,no
id_wz30p6o753i7.wav,1,2,16,16000,56320,56320,3.52,NONE,21956.0,1784.406099588681,0.6889026988636363,saba,seven
id_062gn6is0bgm.wav,1,2,16,16000,87040,87040,5.44,NONE,13549.0,950.4799666443199,0.9241268382352941,ndio,yes
id_5q3z2xkj477p.wav,1,2,16,16000,46080,46080,2.88,NONE,13082.0,787.7991808644255,0.43072916666666666,tatu,three
id_3cti04x488z7.wav,1,2,16,16000,65280,65280,4.08,NONE,19220.0,2072.6048655735176,0.6457414215686275,kumi,ten
id_6mvkne8ydfso.wav,1,2,16,16000,61440,61440,3.84,NONE,9032.0,526.0435955977423,0.8865885416666667,sita,six
id_8qybemrkfb39.wav,1,2,16,16000,67584,67584,4.224,NONE,4461.0,360.33420061905275,0.8891897490530303,sita,six
id_7pgrxoubihpi.wav,1,2,16,16000,57600,57600,3.6,NONE,20761.0,2760.968680355909,0.8442708333333333,kumi,ten
id_ioa8q5xzq8yr.wav,1,2,16,16000,92160,92160,5.76,NONE,10380.0,742.3076084977713,0.9104709201388889,tatu,three
id_tyiiy8q1d9n7.wav,1,2,16,16000,62720,62720,3.92,NONE,8042.0,286.62368627154274,0.9292889030612245,tano,five
id_aajovqblv7ov.wav,1,2,16,16000,52480,52480,3.28,NONE,9726.0,451.43199261860434,0.8405678353658537,tatu,three
id_woulyphxdxnb.wav,1,2,16,16000,140800,140800,8.8,NONE,5821.0,206.28338312823342,0.8761008522727273,tano,five
id_r3gbwz4mxiy9.wav,1,2,16,16000,76800,76800,4.8,NONE,14435.0,620.2888278018825,0.8629427083333333,tatu,three
id_w4gf0et7lk6i.wav,1,2,16,16000,62720,62720,3.92,NONE,1504.0,176.8049974151449,0.8100446428571428,tano,five
id_vzp0ch3apdyg.wav,1,2,16,16000,58880,58880,3.68,NONE,24482.0,2412.6748722841257,0.8815896739130434,ndio,yes
id_j6dlsx3s0fuv.wav,1,2,16,16000,65536,65536,4.096,NONE,8521.0,756.5426176160119,0.8470611572265625,ndio,yes
id_eiwivdxt39jd.wav,1,2,16,16000,65280,65280,4.08,NONE,13949.0,2316.3092384432234,0.8412837009803922,kumi,ten
id_de058dza34vu.wav,1,2,16,16000,89600,89600,5.6,NONE,7089.0,499.5433422226029,0.8815290178571429,hapana,no
id_iga1q821bc23.wav,1,2,16,16000,55040,55040,3.44,NONE,9186.0,758.9759658110255,0.7966751453488372,hapana,no
id_l1k9bpnin5bx.wav,1,2,16,16000,59392,59392,3.712,NONE,8470.0,884.887106521724,0.8385641163793104,nane,eight
id_tksk8vjw5ck7.wav,1,2,16,16000,66560,66560,4.16,NONE,15304.0,970.1255531152096,0.8522986778846153,moja,one
id_lojj33t5aqfj.wav,1,2,16,16000,85760,85760,5.36,NONE,28445.0,1883.0659381574226,0.9191581156716417,ndio,yes
id_pmh3psmwcjap.wav,1,2,16,16000,55040,55040,3.44,NONE,15968.0,843.2216145490654,0.9224200581395349,tatu,three
id_tronykwa6e8o.wav,1,2,16,16000,69120,69120,4.32,NONE,12832.0,899.8607146512006,0.7931278935185185,ndio,yes
id_v9qot8npf1hr.wav,1,2,16,16000,61440,61440,3.84,NONE,6489.0,537.8191159196256,0.8874348958333333,nne,four
id_2d1mvwyf8xow.wav,1,2,16,16000,66560,66560,4.16,NONE,2691.0,248.54760453231088,0.236328125,tisa,nine
id_i517xze5v36a.wav,1,2,16,16000,94720,94720,5.92,NONE,6532.0,564.4460911010816,0.8719911317567568,mbili,two
id_qf5k58s3z7z1.wav,1,2,16,16000,106240,106240,6.64,NONE,27914.0,1508.585991624775,0.8619352409638554,sita,six
id_8sckzrnw2ti8.wav,1,2,16,16000,64000,64000,4.0,NONE,11826.0,601.9368063411017,0.91775,sita,six
id_gzvbct8ttp7j.wav,1,2,16,16000,81920,81920,5.12,NONE,25635.0,1024.8523127155531,0.8335205078125,nane,eight
id_mq9a0kmgtec9.wav,1,2,16,16000,62720,62720,3.92,NONE,11997.0,730.2932621491408,0.856202168367347,tano,five
id_zpxa3uuoe0q7.wav,1,2,16,16000,67840,67840,4.24,NONE,18957.0,1182.4766876865565,0.8510908018867924,tisa,nine
id_o8x2ahsyfcuf.wav,1,2,16,16000,57600,57600,3.6,NONE,14709.0,886.1374034707378,0.8996875,tano,five
id_dav1mwm5d382.wav,1,2,16,16000,57600,57600,3.6,NONE,27185.0,1790.2287245192304,0.6543402777777778,tano,five
id_lmhc9qnp4llj.wav,1,2,16,16000,61440,61440,3.84,NONE,12576.0,1372.7812624134967,0.8477864583333333,nne,four
id_5nmq6jrdza4q.wav,1,2,16,16000,72960,72960,4.56,NONE,17638.0,1219.767863962031,0.838843201754386,ndio,yes
id_jjsm4qee2ezh.wav,1,2,16,16000,103680,103680,6.48,NONE,15845.0,1471.2337563152398,0.835252700617284,mbili,two
id_ztpo6dwg14eh.wav,1,2,16,16000,138240,138240,8.64,NONE,26466.0,4306.258256076453,0.9009476273148148,nne,four
id_zrlwcbfl34lw.wav,1,2,16,16000,65536,65536,4.096,NONE,5944.0,341.8836842886242,0.8912200927734375,moja,one
id_2h75a3mrb5or.wav,1,2,16,16000,69120,69120,4.32,NONE,24419.0,2013.5682484593622,0.8883101851851852,kumi,ten
id_ttj5w6fexn5b.wav,1,2,16,16000,47360,47360,2.96,NONE,8111.0,877.8392264387951,0.3930954391891892,mbili,two
id_eg6vi7f9vtf1.wav,1,2,16,16000,64000,64000,4.0,NONE,5049.0,331.7840468823433,0.716625,tisa,nine
id_s5r59no9yftr.wav,1,2,16,16000,128000,128000,8.0,NONE,31523.0,959.501641169128,0.70346875,hapana,no
id_pe8lfzdp0dk7.wav,1,2,16,16000,60160,60160,3.76,NONE,29181.0,1381.936590637171,0.9146941489361702,tano,five
id_n90fd25mjqek.wav,1,2,16,16000,60160,60160,3.76,NONE,12935.0,1137.1276581168838,0.8597240691489362,tano,five
id_7gx407a3mpya.wav,1,2,16,16000,56320,56320,3.52,NONE,27406.0,2043.2105434873215,0.9071377840909091,tano,five
id_tcn0lf1ijnx3.wav,1,2,16,16000,52480,52480,3.28,NONE,19925.0,1747.5333904679203,0.7045350609756098,ndio,yes
id_446q4vr9uf8y.wav,1,2,16,16000,57600,57600,3.6,NONE,7727.0,537.6809392963813,0.8031423611111111,moja,one
id_uzfvl2gmux6m.wav,1,2,16,16000,99840,99840,6.24,NONE,23013.0,2261.3739221799356,0.866426282051282,kumi,ten
id_hkl85cetvgaw.wav,1,2,16,16000,61440,61440,3.84,NONE,8872.0,619.1694189282425,0.9008463541666667,sita,six
id_rc8tc3vr3528.wav,1,2,16,16000,66560,66560,4.16,NONE,22346.0,1943.0735347776947,0.9006911057692307,moja,one
id_ahn6oa0gxis5.wav,1,2,16,16000,93440,93440,5.84,NONE,2473.0,166.86073598033985,0.9045697773972603,mbili,two
id_ib12s0icx5qz.wav,1,2,16,16000,67840,67840,4.24,NONE,2796.0,207.02883555907886,0.8536409198113207,sita,six
id_7ig3h67336nd.wav,1,2,16,16000,80640,80640,5.04,NONE,15260.0,1020.1838798886807,0.8756076388888889,nane,eight
id_8optasrl7z39.wav,1,2,16,16000,87040,87040,5.44,NONE,11069.0,1062.0325512491054,0.874609375,hapana,no
id_vnjvy9n91hiz.wav,1,2,16,16000,57600,57600,3.6,NONE,11872.0,1321.4559727828514,0.8041319444444445,nane,eight
id_wdur6ms13l3m.wav,1,2,16,16000,181760,181760,11.36,NONE,11248.0,610.8909948619582,0.7852222711267606,kumi,ten
id_0adsbalxnhp2.wav,1,2,16,16000,64000,64000,4.0,NONE,2388.0,231.09280353085424,0.1635,mbili,two
id_f1qgh3chi7it.wav,1,2,16,16000,76800,76800,4.8,NONE,4465.0,250.2351694427497,0.8492578125,tisa,nine
id_pm8pa4ahiyn4.wav,1,2,16,16000,76800,76800,4.8,NONE,27965.0,2071.1089153348958,0.8699348958333334,tano,five
id_05s8qatxqcps.wav,1,2,16,16000,64000,64000,4.0,NONE,27613.0,1673.3788772785065,0.865984375,hapana,no
id_22ohnk9xo0g3.wav,1,2,16,16000,124160,124160,7.76,NONE,9917.0,689.5326337368522,0.8224629510309278,moja,one
id_sbg70bwgksqu.wav,1,2,16,16000,70400,70400,4.4,NONE,15280.0,1681.2222678812836,0.44188920454545455,nne,four
id_by5huzlml318.wav,1,2,16,16000,52480,52480,3.28,NONE,18562.0,1326.5399359668518,0.8610899390243902,tisa,nine
id_p88p5a1vhzl2.wav,1,2,16,16000,139520,139520,8.72,NONE,11562.0,441.5927735909938,0.7750430045871559,tatu,three
id_f4gac30b2c1e.wav,1,2,16,16000,61440,61440,3.84,NONE,7023.0,680.8667117839547,0.884228515625,ndio,yes
id_e6ry5490ucu6.wav,1,2,16,16000,70400,70400,4.4,NONE,11556.0,662.5489581824398,0.9122301136363636,kumi,ten
id_nv9tg427jl4g.wav,1,2,16,16000,76800,76800,4.8,NONE,15254.0,1046.2701850775886,0.8822786458333334,saba,seven
id_axp3m6ck0zn2.wav,1,2,16,16000,75520,75520,4.72,NONE,4193.0,283.21684815231333,0.8751324152542372,sita,six
id_nvb8mk8mypcr.wav,1,2,16,16000,81920,81920,5.12,NONE,32767.0,2880.923468119658,0.88651123046875,mbili,two
id_azb266350h50.wav,1,2,16,16000,75776,75776,4.736,NONE,6338.0,528.0345659993266,0.8923405827702703,ndio,yes
id_xqe1nqa1t4ip.wav,1,2,16,16000,103680,103680,6.48,NONE,15002.0,804.2394898061985,0.9061439043209877,sita,six
id_tp5t6eljpix9.wav,1,2,16,16000,49920,49920,3.12,NONE,10660.0,969.0538740944364,0.3075120192307692,kumi,ten
id_ewep8eeci0t3.wav,1,2,16,16000,87040,87040,5.44,NONE,26759.0,2132.0524064595984,0.7769761029411765,hapana,no
id_2dx8ncgek1m4.wav,1,2,16,16000,58880,58880,3.68,NONE,22457.0,1606.7632234610624,0.6227072010869565,hapana,no
id_3nr04cfzog15.wav,1,2,16,16000,99840,99840,6.24,NONE,12986.0,713.0065426753366,0.9155148237179487,tano,five
id_awz3j52c0na0.wav,1,2,16,16000,49920,49920,3.12,NONE,11757.0,571.6139559557914,0.8638822115384616,nane,eight
id_0nimuyan9reo.wav,1,2,16,16000,58880,58880,3.68,NONE,8634.0,334.34535712774664,0.9333559782608696,tatu,three
id_phhtvhnpqizc.wav,1,2,16,16000,94720,94720,5.92,NONE,21254.0,1518.7715050056838,0.9049831081081081,ndio,yes
id_gwbhk86pkqgl.wav,1,2,16,16000,64000,64000,4.0,NONE,11131.0,883.7528715741889,0.7116875,tisa,nine
id_07mte6awbnfq.wav,1,2,16,16000,134400,134400,8.4,NONE,11211.0,688.4338497892984,0.9185788690476191,mbili,two
id_gxock9bcfzkc.wav,1,2,16,16000,55296,55296,3.456,NONE,10635.0,1223.0560035982182,0.8097873263888888,kumi,ten
id_31m0c8tnocr2.wav,1,2,16,16000,57600,57600,3.6,NONE,29108.0,1303.5891513246759,0.8159548611111112,sita,six
id_hdaboo3yau2i.wav,1,2,16,16000,52480,52480,3.28,NONE,29144.0,2049.880167243238,0.8829077743902439,moja,one
id_f3we2hleis4b.wav,1,2,16,16000,64000,64000,4.0,NONE,4708.0,562.9803262548346,0.831109375,kumi,ten
id_4nf1wq74g81b.wav,1,2,16,16000,56320,56320,3.52,NONE,15334.0,1048.2291342195676,0.8653053977272728,moja,one
id_bcerjjn64bw8.wav,1,2,16,16000,61440,61440,3.84,NONE,13550.0,851.2624504163991,0.8719889322916666,nane,eight
id_pvr6tmkoohxv.wav,1,2,16,16000,49920,49920,3.12,NONE,23361.0,2189.570485871638,0.8106770833333333,kumi,ten
id_uwkm64jhtagn.wav,1,2,16,16000,80640,80640,5.04,NONE,28790.0,2793.018015617779,0.8488343253968254,moja,one
id_w2mhvbd2mwjm.wav,1,2,16,16000,56320,56320,3.52,NONE,25088.0,1558.5512782775536,0.7619495738636364,tano,five
id_0lurju3a5cuo.wav,1,2,16,16000,61440,61440,3.84,NONE,24878.0,1301.863813849666,0.611669921875,saba,seven
id_6d1mgmzblv9z.wav,1,2,16,16000,55040,55040,3.44,NONE,5963.0,630.2842407853879,0.7304324127906977,ndio,yes
id_0laj56mgm5h3.wav,1,2,16,16000,67840,67840,4.24,NONE,2289.0,201.9116785710926,0.286158608490566,nane,eight
id_7h0407ve2v0a.wav,1,2,16,16000,90880,90880,5.68,NONE,9157.0,357.8089922178757,0.8484154929577464,nane,eight
id_hsjtbtlmkl8i.wav,1,2,16,16000,77824,77824,4.864,NONE,8429.0,403.1292411037616,0.8698987458881579,hapana,no
id_82g2uy3pal3a.wav,1,2,16,16000,72960,72960,4.56,NONE,22016.0,1363.575967898475,0.8575383771929824,tisa,nine
id_9sw4vjd4i5pf.wav,1,2,16,16000,89600,89600,5.6,NONE,32768.0,3594.346681554057,0.9082589285714285,moja,one
id_m0bfpb44o6k8.wav,1,2,16,16000,441600,441600,27.6,NONE,7849.0,178.78779556965233,0.9802898550724638,tatu,three
id_dmfx7cnlbfiu.wav,1,2,16,16000,57344,57344,3.584,NONE,9412.0,1277.82027721186,0.8153250558035714,nne,four
id_zioknmlje2mb.wav,1,2,16,16000,62720,62720,3.92,NONE,4722.0,310.35565692456214,0.7194674744897959,tisa,nine
id_cg6ggx3q6c4r.wav,1,2,16,16000,76800,76800,4.8,NONE,11721.0,803.6249001108198,0.22268229166666667,kumi,ten
id_qnf38q1ang7o.wav,1,2,16,16000,48640,48640,3.04,NONE,6073.0,674.2124785873476,0.34029605263157897,nne,four
id_dpdlnv7d5kkr.wav,1,2,16,16000,71680,71680,4.48,NONE,14800.0,598.2432961882246,0.9374162946428571,tatu,three
id_j947u7n424ah.wav,1,2,16,16000,138240,138240,8.64,NONE,32768.0,2024.0588513078321,0.7279586226851852,ndio,yes
id_fglh1nuu2fyn.wav,1,2,16,16000,97280,97280,6.08,NONE,5988.0,430.55407389417996,0.7885176809210527,ndio,yes
id_m1om6m3lei2t.wav,1,2,16,16000,70400,70400,4.4,NONE,24802.0,1805.1336651906267,0.6937926136363637,sita,six
id_1d72bz0ncmmv.wav,1,2,16,16000,69632,69632,4.352,NONE,8470.0,321.43365569552105,0.7851131663602942,moja,one
id_svl3tpj5aput.wav,1,2,16,16000,90112,90112,5.632,NONE,13029.0,761.9721687784839,0.9262251420454546,tisa,nine
id_doaeojk98xc7.wav,1,2,16,16000,67840,67840,4.24,NONE,8099.0,766.2051639268584,0.8634286556603774,nne,four
id_sxudkv8dqdto.wav,1,2,16,16000,51200,51200,3.2,NONE,356.0,30.855773365773867,0.0927734375,nne,four
id_2jujmlh69tsv.wav,1,2,16,16000,75520,75520,4.72,NONE,3503.0,239.9141797919711,0.8856859110169492,tisa,nine
id_feumcmuoupeh.wav,1,2,16,16000,89600,89600,5.6,NONE,4287.0,494.79056338849426,0.9006138392857143,nne,four
id_tewe3iyfhpji.wav,1,2,16,16000,53760,53760,3.36,NONE,5824.0,620.8196465763216,0.8556733630952381,kumi,ten
id_af2gwe4yn6x3.wav,1,2,16,16000,65280,65280,4.08,NONE,32763.0,3051.6756246413256,0.8798253676470589,nne,four
id_sowf8poicxap.wav,1,2,16,16000,56320,56320,3.52,NONE,10238.0,859.0672525931733,0.5564808238636364,tisa,nine
id_805zhkhgxqwh.wav,1,2,16,16000,64000,64000,4.0,NONE,8379.0,699.7139169421314,0.650375,moja,one
id_qa3bdn0hl4au.wav,1,2,16,16000,93440,93440,5.84,NONE,28730.0,1197.1516788380209,0.9217893835616439,tisa,nine
id_yz6kpzaolg5w.wav,1,2,16,16000,44800,44800,2.8,NONE,2617.0,409.0005507222104,0.3569866071428571,nne,four
id_n3gc4h5v81c2.wav,1,2,16,16000,62720,62720,3.92,NONE,5770.0,254.52201193599933,0.9215242346938776,nane,eight
id_w04b3otq09mg.wav,1,2,16,16000,69120,69120,4.32,NONE,6991.0,695.0730227737566,0.719386574074074,nne,four
id_lmyx3cuoiqzs.wav,1,2,16,16000,66560,66560,4.16,NONE,15961.0,1562.8828426413531,0.7847205528846154,moja,one
id_6agex7khfq2c.wav,1,2,16,16000,56320,56320,3.52,NONE,15938.0,1282.7156396482244,0.7932883522727273,sita,six
id_6ybpvd3cf47b.wav,1,2,16,16000,72960,72960,4.56,NONE,8322.0,564.786739318557,0.8060032894736842,sita,six
id_8upzf5d6ntze.wav,1,2,16,16000,57600,57600,3.6,NONE,23254.0,1429.5009214927463,0.7069791666666667,tatu,three
id_fm130ilt8p1h.wav,1,2,16,16000,52480,52480,3.28,NONE,27385.0,1790.845639648918,0.8589557926829269,tisa,nine
id_446qmiipkifh.wav,1,2,16,16000,55040,55040,3.44,NONE,9605.0,751.8386915033201,0.7523800872093023,kumi,ten
id_aljl02x08d0h.wav,1,2,16,16000,63488,63488,3.968,NONE,9414.0,916.5492012538402,0.8319524949596774,tisa,nine
id_u7734w0wzh4b.wav,1,2,16,16000,67840,67840,4.24,NONE,12079.0,879.7926176764184,0.9005306603773585,tisa,nine
id_7smx4xwqrwhy.wav,1,2,16,16000,76800,76800,4.8,NONE,13687.0,852.2930424421594,0.9302213541666666,kumi,ten
id_op9ea23ln0xo.wav,1,2,16,16000,58880,58880,3.68,NONE,8447.0,421.44785344399884,0.9103260869565217,moja,one
id_r9cvrbhzd2hr.wav,1,2,16,16000,71680,71680,4.48,NONE,11755.0,1042.0321072509487,0.6069893973214285,ndio,yes
id_6ir859hvk961.wav,1,2,16,16000,69120,69120,4.32,NONE,3494.0,339.3876013962229,0.6760706018518519,nne,four
id_59b4wvq3t6e2.wav,1,2,16,16000,65536,65536,4.096,NONE,9124.0,629.5810084254797,0.8397674560546875,hapana,no
id_zeoywzbp0qbd.wav,1,2,16,16000,62720,62720,3.92,NONE,10214.0,964.1047739218243,0.818765943877551,nne,four
id_3j5b8bzzx396.wav,1,2,16,16000,74240,74240,4.64,NONE,20141.0,1444.341685951962,0.8774380387931034,kumi,ten
id_ibvuxstppqpx.wav,1,2,16,16000,72960,72960,4.56,NONE,13376.0,1080.5299366943302,0.8936677631578948,moja,one
id_yi26mji51g4e.wav,1,2,16,16000,60160,60160,3.76,NONE,5929.0,357.47159203546096,0.921658909574468,ndio,yes
id_tjz7d8dtyj7l.wav,1,2,16,16000,51200,51200,3.2,NONE,15398.0,1489.2959990653408,0.71265625,ndio,yes
id_73wydpkv6m6e.wav,1,2,16,16000,72960,72960,4.56,NONE,4860.0,567.1561749118842,0.7768777412280702,mbili,two
id_s6oqpdks8id9.wav,1,2,16,16000,115200,115200,7.2,NONE,11782.0,679.1527274068015,0.9019184027777778,saba,seven
id_zcelebrc88yo.wav,1,2,16,16000,73728,73728,4.608,NONE,20091.0,1599.1641887837095,0.9096272786458334,tano,five
id_utptqjawx3p4.wav,1,2,16,16000,57600,57600,3.6,NONE,22631.0,1228.1338330824558,0.65375,tatu,three
id_xxe6pxbh1vih.wav,1,2,16,16000,56320,56320,3.52,NONE,28085.0,1255.8391470218116,0.8848544034090909,nane,eight
id_aqoaqk7hcbq1.wav,1,2,16,16000,61440,61440,3.84,NONE,32767.0,2344.141444925702,0.8548177083333334,saba,seven
id_f8utjemtmc6n.wav,1,2,16,16000,81920,81920,5.12,NONE,12812.0,1326.2213702518134,0.902783203125,kumi,ten
id_zo4qx0w92lr2.wav,1,2,16,16000,65280,65280,4.08,NONE,8310.0,801.290613895275,0.6974724264705883,ndio,yes
id_et2erv26gg2g.wav,1,2,16,16000,65280,65280,4.08,NONE,8287.0,753.7217562100179,0.8486060049019608,kumi,ten
id_mg98epkgth3k.wav,1,2,16,16000,62720,62720,3.92,NONE,2671.0,94.3982402287819,0.8877391581632653,sita,six
id_ur9gma4zt6lt.wav,1,2,16,16000,67840,67840,4.24,NONE,6930.0,396.10963963234957,0.9222729952830189,tatu,three
id_xzo5lt3ssdpd.wav,1,2,16,16000,65280,65280,4.08,NONE,28995.0,1684.2507708971873,0.8814644607843137,hapana,no
id_qpcnmbq9dhzw.wav,1,2,16,16000,81920,81920,5.12,NONE,15217.0,970.9185918749006,0.8369140625,nane,eight
id_ad1jndvfsvr4.wav,1,2,16,16000,53760,53760,3.36,NONE,16851.0,1520.296065148774,0.791703869047619,kumi,ten
id_arnn0mn1gx2s.wav,1,2,16,16000,94720,94720,5.92,NONE,24914.0,1306.099769099289,0.9175675675675675,mbili,two
id_eiyawykk5f98.wav,1,2,16,16000,63488,63488,3.968,NONE,7583.0,570.4285467992711,0.8399382560483871,moja,one
id_s620lduhlt9b.wav,1,2,16,16000,49920,49920,3.12,NONE,13265.0,1145.6086555218455,0.6791666666666667,tisa,nine
id_qaqta9fv7he7.wav,1,2,16,16000,42240,42240,2.64,NONE,2474.0,266.7831507101618,0.33506155303030305,ndio,yes
id_dho7rffjkerr.wav,1,2,16,16000,65536,65536,4.096,NONE,10273.0,1065.717237992217,0.858001708984375,ndio,yes
id_drm9nxn63d44.wav,1,2,16,16000,62720,62720,3.92,NONE,13683.0,1292.9209738028703,0.8523756377551021,nne,four
id_vkb3gx764p71.wav,1,2,16,16000,62720,62720,3.92,NONE,8449.0,585.5305479584088,0.8622608418367347,nane,eight
id_jq3sz5mk031i.wav,1,2,16,16000,162560,162560,10.16,NONE,8032.0,409.12511649836796,0.9020669291338582,tano,five
id_nnz4qlw3ezas.wav,1,2,16,16000,67584,67584,4.224,NONE,11823.0,1193.1546895922784,0.8603219696969697,kumi,ten
id_iq28eqmnp014.wav,1,2,16,16000,58880,58880,3.68,NONE,12195.0,922.655928132882,0.8821331521739131,ndio,yes
id_hnut1k8m3r8k.wav,1,2,16,16000,80640,80640,5.04,NONE,17541.0,1056.473162498867,0.8964285714285715,tatu,three
id_gm9uvmjnujze.wav,1,2,16,16000,78080,78080,4.88,NONE,14324.0,1715.3204198415553,0.794031762295082,nne,four
id_f168xgix1zy2.wav,1,2,16,16000,62720,62720,3.92,NONE,25085.0,1530.7525531535034,0.555436862244898,nane,eight
id_ar27vy5b3pv7.wav,1,2,16,16000,63488,63488,3.968,NONE,8770.0,966.198644333814,0.8763545866935484,kumi,ten
id_q9z5v56z1fie.wav,1,2,16,16000,339968,339968,21.248,NONE,6946.0,228.59002097079699,0.9746564382530121,ndio,yes
id_z8v854nqamwz.wav,1,2,16,16000,90880,90880,5.68,NONE,15059.0,1201.4014254020954,0.866637323943662,nane,eight
id_rzgxhzd9xcbk.wav,1,2,16,16000,83200,83200,5.2,NONE,4696.0,208.77237809002747,0.5193870192307692,tatu,three
id_eyf3qqzixkgf.wav,1,2,16,16000,90880,90880,5.68,NONE,7825.0,464.3897668163755,0.9024207746478873,nane,eight
id_nd7ol0aghiog.wav,1,2,16,16000,58880,58880,3.68,NONE,28753.0,1336.1075433034641,0.7754415760869565,tisa,nine
id_qeuz75qqdets.wav,1,2,16,16000,70400,70400,4.4,NONE,14079.0,555.800226472749,0.9081107954545454,tatu,three
id_ztxj0zaafvgd.wav,1,2,16,16000,69120,69120,4.32,NONE,2701.0,212.65879973367353,0.83359375,sita,six
id_w413bdux579q.wav,1,2,16,16000,185600,185600,11.6,NONE,8618.0,489.45223926943277,0.9467295258620689,mbili,two
id_yqedtsvm6rj9.wav,1,2,16,16000,70400,70400,4.4,NONE,25903.0,2567.9729592098424,0.6774005681818182,hapana,no
id_gg9sj8kaq94l.wav,1,2,16,16000,57344,57344,3.584,NONE,8100.0,636.8459061243319,0.8446219308035714,tisa,nine
id_j05smkd4zw3v.wav,1,2,16,16000,65280,65280,4.08,NONE,14254.0,924.3135576548596,0.12841605392156863,moja,one
id_xzn25zledcgv.wav,1,2,16,16000,56320,56320,3.52,NONE,6055.0,632.0730879230364,0.8008345170454545,kumi,ten
id_2pjmhahynd1v.wav,1,2,16,16000,78080,78080,4.88,NONE,10965.0,692.7566143616409,0.8590035860655738,nne,four
id_sh5mqnmifto1.wav,1,2,16,16000,64000,64000,4.0,NONE,14072.0,1263.233125579954,0.835640625,mbili,two
id_7o1717m49s67.wav,1,2,16,16000,60160,60160,3.76,NONE,14876.0,1303.9990912140115,0.44913563829787234,nne,four
id_i6hk34wzwakn.wav,1,2,16,16000,67840,67840,4.24,NONE,16063.0,589.7754944420288,0.8928508254716981,saba,seven
id_gdhnpb9tk6ju.wav,1,2,16,16000,60160,60160,3.76,NONE,5374.0,363.61404986694106,0.7637300531914893,tatu,three
id_14q9d3iqj19u.wav,1,2,16,16000,80640,80640,5.04,NONE,18788.0,686.5566619818113,0.7578373015873016,tatu,three
id_qt5v8yhobk5k.wav,1,2,16,16000,64000,64000,4.0,NONE,9045.0,1375.4652775061245,0.636,mbili,two
id_73xl9aes0rgo.wav,1,2,16,16000,80640,80640,5.04,NONE,28131.0,2799.6552851954148,0.8460069444444445,nne,four
id_bmrbdqm6h5bh.wav,1,2,16,16000,61440,61440,3.84,NONE,15472.0,647.6890954678956,0.8462239583333333,tatu,three
id_1zkeysfsoncf.wav,1,2,16,16000,70400,70400,4.4,NONE,24380.0,1369.1075326629089,0.8800852272727273,nane,eight
id_er9s20bsjg34.wav,1,2,16,16000,66560,66560,4.16,NONE,8805.0,499.7623123447228,0.6122295673076923,sita,six
id_nwqnch5368u8.wav,1,2,16,16000,64000,64000,4.0,NONE,13477.0,677.9832294893067,0.883546875,saba,seven
id_7olo9np5y7lz.wav,1,2,16,16000,85760,85760,5.36,NONE,16300.0,784.0842865184873,0.9359491604477612,tatu,three
id_obdqiyjvp9z6.wav,1,2,16,16000,80640,80640,5.04,NONE,15704.0,1340.5011747121903,0.8140376984126985,sita,six
id_8asieqiabxry.wav,1,2,16,16000,70400,70400,4.4,NONE,10516.0,501.8413058427933,0.8948295454545454,nane,eight
id_y8gf6hywcxak.wav,1,2,16,16000,65280,65280,4.08,NONE,8321.0,482.80416941858084,0.9072916666666667,kumi,ten
id_uxrb246okbw1.wav,1,2,16,16000,65280,65280,4.08,NONE,19303.0,1362.0129592159922,0.6286151960784314,tisa,nine
id_4p3iqfi8wcht.wav,1,2,16,16000,83200,83200,5.2,NONE,13648.0,877.5653960605903,0.685829326923077,sita,six
id_z757b81ys2hn.wav,1,2,16,16000,62720,62720,3.92,NONE,15154.0,995.5952938609962,0.845360331632653,saba,seven
id_93gfc4dud4du.wav,1,2,16,16000,67840,67840,4.24,NONE,12747.0,895.078979276186,0.8742482311320755,nne,four
id_2obi1z15e2mg.wav,1,2,16,16000,92160,92160,5.76,NONE,27803.0,2710.374378379192,0.8139539930555556,moja,one
id_nmityofqhi3n.wav,1,2,16,16000,67840,67840,4.24,NONE,2231.0,165.16568399404792,0.2831957547169811,saba,seven
id_i2q6ai2gaxag.wav,1,2,16,16000,63488,63488,3.968,NONE,18252.0,1599.2339603605183,0.8237934727822581,saba,seven
id_5qae75d6o7u2.wav,1,2,16,16000,90112,90112,5.632,NONE,11394.0,775.8077077248165,0.7604314630681818,kumi,ten
id_s7s3e18pyphh.wav,1,2,16,16000,81920,81920,5.12,NONE,28601.0,1344.225470958076,0.9086181640625,moja,one
id_n82wf8vtu8kx.wav,1,2,16,16000,69120,69120,4.32,NONE,23332.0,1148.728882750327,0.7762731481481482,ndio,yes
id_9ykopnerqn9g.wav,1,2,16,16000,84480,84480,5.28,NONE,4181.0,208.1265318102697,0.7819365530303031,saba,seven
id_zsw6dt03c4oy.wav,1,2,16,16000,74240,74240,4.64,NONE,7910.0,377.3307991727025,0.8595501077586207,saba,seven
id_9jdwrw7u14nk.wav,1,2,16,16000,61440,61440,3.84,NONE,10417.0,548.9442740678702,0.7183919270833333,hapana,no
id_nddoituuhfa8.wav,1,2,16,16000,96000,96000,6.0,NONE,5992.0,390.06373950291766,0.7853958333333333,nane,eight
id_aq3su88twjv2.wav,1,2,16,16000,79360,79360,4.96,NONE,15437.0,1456.9085275026982,0.7749369959677419,moja,one
id_4fcclwvlqpyz.wav,1,2,16,16000,64000,64000,4.0,NONE,8904.0,333.96155158565784,0.938171875,tatu,three
id_5qobln00kf5a.wav,1,2,16,16000,70400,70400,4.4,NONE,12137.0,1173.287110965821,0.8819886363636363,nne,four
id_7suuhahiad8e.wav,1,2,16,16000,62720,62720,3.92,NONE,8061.0,670.2320332512062,0.6176498724489796,ndio,yes
id_74k4b2h66tms.wav,1,2,16,16000,468992,468992,29.312,NONE,12846.0,503.2096731026272,0.9796947495906113,saba,seven
id_5bv65bcd3vce.wav,1,2,16,16000,65280,65280,4.08,NONE,4659.0,319.79914317120864,0.8060049019607843,sita,six
id_bfxbq3aimwfz.wav,1,2,16,16000,76800,76800,4.8,NONE,5313.0,374.06555288019035,0.8451822916666667,tisa,nine
id_cvlpyf4xfmkz.wav,1,2,16,16000,84480,84480,5.28,NONE,14516.0,682.3258013118734,0.9194010416666667,tatu,three
id_yhkxoqnz30la.wav,1,2,16,16000,56320,56320,3.52,NONE,22954.0,1744.8863945339092,0.7189630681818182,hapana,no
id_8h1l8z3z7qwl.wav,1,2,16,16000,48640,48640,3.04,NONE,18479.0,1893.7622815304376,0.8180715460526315,nne,four
id_dur7cf37zndn.wav,1,2,16,16000,93440,93440,5.84,NONE,4420.0,559.2895670486831,0.8461793664383561,kumi,ten
id_jx7mbvyds5pm.wav,1,2,16,16000,66560,66560,4.16,NONE,21341.0,1472.2888543397253,0.9060997596153846,tano,five
id_eut4z56gc6ag.wav,1,2,16,16000,96256,96256,6.016,NONE,12269.0,732.9791225434218,0.7732712765957447,moja,one
id_ozmcxe61xnj2.wav,1,2,16,16000,65280,65280,4.08,NONE,1475.0,122.76058561989754,0.7270526960784314,ndio,yes
id_9iwvkd6s7kw4.wav,1,2,16,16000,53760,53760,3.36,NONE,18571.0,1833.046077345135,0.7571428571428571,kumi,ten
id_0fe9plcr81qy.wav,1,2,16,16000,99840,99840,6.24,NONE,22774.0,1241.4891977238078,0.7979667467948718,ndio,yes
id_rop08ud9jqo9.wav,1,2,16,16000,61440,61440,3.84,NONE,12829.0,521.6037012355051,0.9075358072916667,tano,five
id_9wy5h07fvdfr.wav,1,2,16,16000,83968,83968,5.248,NONE,11477.0,863.2689789851858,0.8664491234756098,sita,six
id_p2xfdx15n1uu.wav,1,2,16,16000,60160,60160,3.76,NONE,3708.0,237.50703754970777,0.6054853723404255,sita,six
id_ydisvxf627g5.wav,1,2,16,16000,67840,67840,4.24,NONE,9072.0,400.68590828242077,0.8730689858490566,tatu,three
id_bs8swae5544j.wav,1,2,16,16000,72960,72960,4.56,NONE,28050.0,2159.341407779436,0.8975603070175439,mbili,two
id_zrexdynyesaw.wav,1,2,16,16000,103680,103680,6.48,NONE,19714.0,1188.6932335110946,0.8510802469135802,moja,one
id_jeqrmutlsp2d.wav,1,2,16,16000,66560,66560,4.16,NONE,11645.0,744.7531808126292,0.8622445913461538,sita,six
id_pknnbdgqhze7.wav,1,2,16,16000,83200,83200,5.2,NONE,25260.0,1585.790133573918,0.8915865384615385,moja,one
id_79tto8fjfwiw.wav,1,2,16,16000,90880,90880,5.68,NONE,8250.0,500.95881647642227,0.8967209507042253,sita,six
id_t1tahbt23m9y.wav,1,2,16,16000,83200,83200,5.2,NONE,9521.0,659.9489144437475,0.8534735576923077,sita,six
id_oe2wu2kfrp9p.wav,1,2,16,16000,79360,79360,4.96,NONE,2807.0,158.42863717496573,0.33157762096774196,saba,seven
id_v6bdbupic4sa.wav,1,2,16,16000,67840,67840,4.24,NONE,12311.0,813.2570090387107,0.8638266509433963,ndio,yes
id_o3j2z464q2rj.wav,1,2,16,16000,64000,64000,4.0,NONE,20830.0,1838.3834995086377,0.78109375,tisa,nine
id_shwwu8vp7frb.wav,1,2,16,16000,80640,80640,5.04,NONE,25278.0,1625.5601182181692,0.57890625,moja,one
id_r6mmzdb838cr.wav,1,2,16,16000,57600,57600,3.6,NONE,6612.0,418.24023285484174,0.9090972222222222,sita,six
id_klpvhcq4438c.wav,1,2,16,16000,69120,69120,4.32,NONE,14885.0,1099.2973216904036,0.8015190972222223,sita,six
id_xgskggjqxeiv.wav,1,2,16,16000,92160,92160,5.76,NONE,14612.0,755.3379648657511,0.8857530381944444,nane,eight
id_4sxj37cp6d9k.wav,1,2,16,16000,65280,65280,4.08,NONE,18271.0,1267.9260163974861,0.7151960784313726,tisa,nine
id_hgbtddej63bs.wav,1,2,16,16000,75520,75520,4.72,NONE,19644.0,972.8248209227547,0.8654925847457627,tisa,nine
id_r3od1ae1xnyw.wav,1,2,16,16000,53760,53760,3.36,NONE,18588.0,1501.996128854449,0.6305059523809524,tano,five
id_av016vr7g5uv.wav,1,2,16,16000,76800,76800,4.8,NONE,13565.0,857.2809043851598,0.8751953125,tano,five
id_zvdz9ufh315s.wav,1,2,16,16000,57600,57600,3.6,NONE,12449.0,791.3391368082615,0.86703125,moja,one
id_iy9zvv7c5y1i.wav,1,2,16,16000,49920,49920,3.12,NONE,17366.0,1655.1659070340024,0.7358774038461539,mbili,two
id_70ngul6vqxa7.wav,1,2,16,16000,79360,79360,4.96,NONE,28703.0,1239.568506754874,0.9291582661290323,tatu,three
id_72cxuos1ylzd.wav,1,2,16,16000,74240,74240,4.64,NONE,28365.0,1484.2736193283042,0.8882004310344828,tisa,nine
id_jcyyd4s6alr0.wav,1,2,16,16000,80640,80640,5.04,NONE,1751.0,152.94505007764707,0.370672123015873,moja,one
id_5uzv1t5kzjj0.wav,1,2,16,16000,74240,74240,4.64,NONE,28764.0,1589.7622264470656,0.6579741379310344,tatu,three
id_wur5nytz4isg.wav,1,2,16,16000,78080,78080,4.88,NONE,11604.0,847.1303069129146,0.8902151639344262,mbili,two
id_cry6i22xj446.wav,1,2,16,16000,74240,74240,4.64,NONE,19588.0,1991.476017837059,0.8870016163793103,kumi,ten
id_eg9vfufq94wk.wav,1,2,16,16000,62720,62720,3.92,NONE,7828.0,133.17093265981393,0.8904974489795918,sita,six
id_5zk0h58qb0w5.wav,1,2,16,16000,64000,64000,4.0,NONE,21654.0,1876.642733089133,0.49959375,tisa,nine
id_1unj4avbv0ne.wav,1,2,16,16000,59392,59392,3.712,NONE,20105.0,1662.2374474974617,0.8541554418103449,mbili,two
id_uz00xnxw7m7u.wav,1,2,16,16000,56320,56320,3.52,NONE,1340.0,184.76511991810648,0.6521484375,nane,eight
id_vof3tq73pgg0.wav,1,2,16,16000,67584,67584,4.224,NONE,11897.0,1063.0941860655516,0.6434955018939394,moja,one
id_3jntpjwyvqqr.wav,1,2,16,16000,52480,52480,3.28,NONE,21618.0,1224.7655091256245,0.895750762195122,nane,eight
id_2m2wykzx3w81.wav,1,2,16,16000,63488,63488,3.968,NONE,9504.0,972.793024827597,0.7775957661290323,hapana,no
id_l7m79e7ros1t.wav,1,2,16,16000,76800,76800,4.8,NONE,9564.0,740.1504427856064,0.8294140625,nne,four
id_xhbm0qskmrt6.wav,1,2,16,16000,65280,65280,4.08,NONE,31052.0,1785.3177938009053,0.8064338235294117,saba,seven
id_takq9h1rg4m3.wav,1,2,16,16000,84480,84480,5.28,NONE,7435.0,450.9505229618482,0.8367779356060606,hapana,no
id_mw6ql4k57p8o.wav,1,2,16,16000,61440,61440,3.84,NONE,5004.0,265.9862700702527,0.8659505208333333,moja,one
id_60knjn5xr2a8.wav,1,2,16,16000,61440,61440,3.84,NONE,10794.0,1262.687142850279,0.6228515625,ndio,yes
id_9ygxihr3rr5d.wav,1,2,16,16000,65280,65280,4.08,NONE,16406.0,972.0801456221949,0.8160998774509803,ndio,yes
id_utt2b48vsamg.wav,1,2,16,16000,78080,78080,4.88,NONE,23888.0,2591.139845062416,0.8618340163934426,kumi,ten
id_usvqedq3aguw.wav,1,2,16,16000,71680,71680,4.48,NONE,11000.0,546.9498901910689,0.775390625,ndio,yes
id_amitsets343k.wav,1,2,16,16000,60160,60160,3.76,NONE,21191.0,1670.9085262192007,0.5984873670212766,kumi,ten
id_onw3vqsg4s7v.wav,1,2,16,16000,77824,77824,4.864,NONE,27179.0,2216.623643970497,0.8438270970394737,saba,seven
id_2wcr47rru7uf.wav,1,2,16,16000,87040,87040,5.44,NONE,18194.0,1400.0020973756612,0.6057100183823529,nane,eight
id_o6p3t1s8iyci.wav,1,2,16,16000,58880,58880,3.68,NONE,9934.0,917.7574544750727,0.8839164402173914,tisa,nine
id_je2xwkn85diw.wav,1,2,16,16000,61440,61440,3.84,NONE,8004.0,511.3878748353796,0.786865234375,nne,four
id_817eba49vneb.wav,1,2,16,16000,60160,60160,3.76,NONE,16718.0,1169.9967028830952,0.8520777925531915,saba,seven
id_ngq0ou23j8ft.wav,1,2,16,16000,84480,84480,5.28,NONE,4194.0,194.2131687409618,0.7501183712121212,hapana,no
id_amvqo5ytdzmu.wav,1,2,16,16000,74240,74240,4.64,NONE,9408.0,617.4045398824477,0.8537580818965518,ndio,yes
id_rep7e46betbe.wav,1,2,16,16000,64000,64000,4.0,NONE,4601.0,238.16502334253448,0.838375,tatu,three
id_p2km4ezp0ff5.wav,1,2,16,16000,60160,60160,3.76,NONE,20555.0,1669.9257791826328,0.4835272606382979,kumi,ten
id_c05et01nrbao.wav,1,2,16,16000,43520,43520,2.72,NONE,2186.0,342.8174234860128,0.20310202205882352,tano,five
id_is255lu48czn.wav,1,2,16,16000,65280,65280,4.08,NONE,6228.0,441.112160919453,0.6994025735294118,sita,six
id_yx7tuduyno4e.wav,1,2,16,16000,61440,61440,3.84,NONE,5470.0,399.0002057144285,0.8957356770833333,sita,six
id_laun2ypbxy0j.wav,1,2,16,16000,49920,49920,3.12,NONE,7460.0,701.174812374213,0.8691907051282052,mbili,two
id_3b3j18291km9.wav,1,2,16,16000,56320,56320,3.52,NONE,25002.0,1880.1010043738945,0.9105113636363636,nne,four
id_bwwe7ohdws5y.wav,1,2,16,16000,55040,55040,3.44,NONE,8620.0,512.4452184632735,0.8342841569767442,tatu,three
id_4bsednm7vyyc.wav,1,2,16,16000,61440,61440,3.84,NONE,28684.0,2253.0194597659347,0.8989095052083333,tatu,three
id_vki2p0v3j0de.wav,1,2,16,16000,58880,58880,3.68,NONE,3285.0,397.6175326991789,0.8537194293478261,tano,five
id_pdhx7cy4tkq8.wav,1,2,16,16000,103680,103680,6.48,NONE,13802.0,660.6709872581865,0.8552758487654321,tisa,nine
id_mgqgelnc8oot.wav,1,2,16,16000,66560,66560,4.16,NONE,18670.0,1124.1416773107683,0.8946664663461539,nane,eight
id_ud00lfsbo78q.wav,1,2,16,16000,83200,83200,5.2,NONE,5498.0,331.2659693900983,0.9034375,tano,five
id_s1vdv2k7pzec.wav,1,2,16,16000,79360,79360,4.96,NONE,2504.0,178.54171120813487,0.784438004032258,moja,one
id_366jn9zuf9wt.wav,1,2,16,16000,67840,67840,4.24,NONE,7989.0,562.4090971359492,0.2952830188679245,sita,six
id_dcweohgz4tsu.wav,1,2,16,16000,79360,79360,4.96,NONE,4624.0,466.3430047152793,0.8340347782258064,mbili,two
id_090vpkdgsp0f.wav,1,2,16,16000,67840,67840,4.24,NONE,10965.0,867.0909682121426,0.8888561320754716,ndio,yes
id_4fvyo4mgaymm.wav,1,2,16,16000,51200,51200,3.2,NONE,23706.0,2318.880440186364,0.81833984375,ndio,yes
id_2czf5hv3j4tp.wav,1,2,16,16000,72960,72960,4.56,NONE,29024.0,2757.1233552204126,0.813843201754386,saba,seven
id_kw8c7duv0sdz.wav,1,2,16,16000,58880,58880,3.68,NONE,17682.0,1520.9883986623597,0.5948369565217392,mbili,two
id_9w77hksiehjz.wav,1,2,16,16000,64000,64000,4.0,NONE,30306.0,2511.8574602056196,0.880296875,ndio,yes
id_vgwwhudzd01w.wav,1,2,16,16000,243200,243200,15.2,NONE,32768.0,912.8232180265909,0.9049917763157894,mbili,two
id_270kprqoz1lj.wav,1,2,16,16000,74240,74240,4.64,NONE,19360.0,1048.3276842508787,0.8954337284482758,moja,one
id_ldzwm2lmjvse.wav,1,2,16,16000,66560,66560,4.16,NONE,21768.0,1502.9306055131024,0.5600661057692308,saba,seven
id_qf11ibv0958n.wav,1,2,16,16000,64000,64000,4.0,NONE,17409.0,1614.1509097422938,0.592671875,ndio,yes
id_dl262g0r5749.wav,1,2,16,16000,60160,60160,3.76,NONE,6050.0,654.2288474789767,0.30315824468085106,nne,four
id_m233xnl43q7r.wav,1,2,16,16000,83200,83200,5.2,NONE,11728.0,650.7609896490711,0.9100961538461538,nne,four
id_20w1gxv3xqja.wav,1,2,16,16000,84480,84480,5.28,NONE,28936.0,2010.0380385618168,0.4882575757575758,tano,five
id_ot22qlncnhwo.wav,1,2,16,16000,80640,80640,5.04,NONE,15146.0,1270.0408609976573,0.8033234126984127,moja,one
id_rv0i5b0oeaa0.wav,1,2,16,16000,83968,83968,5.248,NONE,22150.0,1466.1716147582872,0.8695931783536586,saba,seven
id_d7htnheuy6wn.wav,1,2,16,16000,102400,102400,6.4,NONE,2628.0,128.5685500445069,0.82916015625,mbili,two
id_5z6efqnnbbhu.wav,1,2,16,16000,65280,65280,4.08,NONE,17333.0,889.166745551134,0.8677849264705882,tano,five
id_ayzmscol0z5b.wav,1,2,16,16000,62720,62720,3.92,NONE,28624.0,1863.4263899542855,0.8755420918367347,sita,six
id_oyq0w4nbmji0.wav,1,2,16,16000,140800,140800,8.8,NONE,25316.0,1151.2840336032762,0.6286860795454545,mbili,two
id_w4zko8isocu7.wav,1,2,16,16000,58880,58880,3.68,NONE,13348.0,1078.1163381740894,0.881453804347826,saba,seven
id_q3nrqe7jhjyx.wav,1,2,16,16000,80640,80640,5.04,NONE,14288.0,673.7499000298097,0.8367559523809524,sita,six
id_8m9ssztkpcbg.wav,1,2,16,16000,85760,85760,5.36,NONE,9598.0,436.57553633619784,0.9216301305970149,nane,eight
id_aso285bikqia.wav,1,2,16,16000,76800,76800,4.8,NONE,22740.0,2403.4664776646696,0.5538151041666667,tano,five
id_lrhr1fp5ydpv.wav,1,2,16,16000,65280,65280,4.08,NONE,28742.0,3074.2621831616793,0.8674172794117647,nne,four
id_kaabt8e76zlw.wav,1,2,16,16000,119040,119040,7.44,NONE,23147.0,1031.65979486557,0.9431871639784947,nane,eight
id_3c9v5jm1hmmz.wav,1,2,16,16000,70400,70400,4.4,NONE,11178.0,471.21913108748134,0.4549005681818182,tano,five
id_nbj3n0sfq3qz.wav,1,2,16,16000,52480,52480,3.28,NONE,6373.0,584.2755042793722,0.843140243902439,kumi,ten
id_t60tbp75oczg.wav,1,2,16,16000,67584,67584,4.224,NONE,7867.0,471.34055687806057,0.8984375,saba,seven
id_zg5r8d3w0vls.wav,1,2,16,16000,66560,66560,4.16,NONE,16716.0,821.6589061391963,0.8467998798076923,tano,five
id_6szv219ilrvt.wav,1,2,16,16000,98560,98560,6.16,NONE,18283.0,2044.802724633957,0.5104301948051948,mbili,two
id_4kl16xjhh58q.wav,1,2,16,16000,66560,66560,4.16,NONE,7514.0,933.5103341073501,0.3248497596153846,nane,eight
id_1kwmypt6w7ns.wav,1,2,16,16000,88320,88320,5.52,NONE,16340.0,1175.865293001232,0.8583559782608695,nane,eight
id_1c4o14emghy8.wav,1,2,16,16000,60160,60160,3.76,NONE,16093.0,1283.5854025171782,0.9024933510638298,ndio,yes
id_vmpcaxq1yoic.wav,1,2,16,16000,79360,79360,4.96,NONE,24976.0,812.9405787566602,0.8763860887096774,nane,eight
id_viqggpkqt62k.wav,1,2,16,16000,64000,64000,4.0,NONE,10820.0,721.7682907818305,0.894015625,kumi,ten
id_f67d7ky8vysb.wav,1,2,16,16000,67840,67840,4.24,NONE,13305.0,647.0116761544483,0.8615566037735849,hapana,no
id_5sxyk63i99cb.wav,1,2,16,16000,75520,75520,4.72,NONE,5055.0,371.3544573021264,0.6961069915254238,nne,four
id_xzw7r82igr3e.wav,1,2,16,16000,52480,52480,3.28,NONE,10930.0,916.7909813824563,0.8653582317073171,mbili,two
id_qkobkik9qrzq.wav,1,2,16,16000,74240,74240,4.64,NONE,9050.0,619.8043410203169,0.8681573275862069,sita,six
id_rpmuer21zuyy.wav,1,2,16,16000,58880,58880,3.68,NONE,8532.0,432.8472083281499,0.9253057065217392,kumi,ten
id_clwxz0b9t8z7.wav,1,2,16,16000,73728,73728,4.608,NONE,6398.0,479.5701232840734,0.9137505425347222,kumi,ten
id_sgz8eoa01u5d.wav,1,2,16,16000,81920,81920,5.12,NONE,12471.0,1006.9501699867902,0.8982421875,ndio,yes
id_10hv6wfhhz7g.wav,1,2,16,16000,78080,78080,4.88,NONE,32767.0,1366.698829895154,0.9050973360655737,saba,seven
id_uvbdgvnau6er.wav,1,2,16,16000,48640,48640,3.04,NONE,31084.0,2122.0174393949305,0.8748355263157894,mbili,two
id_r5qb1ao6cpzb.wav,1,2,16,16000,49920,49920,3.12,NONE,10951.0,566.8032087982622,0.8549479166666667,nane,eight
id_ltunajhgq8zt.wav,1,2,16,16000,76800,76800,4.8,NONE,20551.0,1055.3259868413193,0.8997265625,hapana,no
id_6ljcok2j07f9.wav,1,2,16,16000,79360,79360,4.96,NONE,28181.0,1575.4298571671893,0.832585685483871,nane,eight
id_rbqadbp0fib2.wav,1,2,16,16000,83200,83200,5.2,NONE,12932.0,1024.493986595193,0.80203125,hapana,no
id_lq7llv1kte96.wav,1,2,16,16000,65280,65280,4.08,NONE,11751.0,721.9560437699995,0.9139399509803922,saba,seven
id_3oeoe9r3pign.wav,1,2,16,16000,66560,66560,4.16,NONE,2210.0,216.1826516680086,0.3813701923076923,mbili,two
id_x9snls0muxkh.wav,1,2,16,16000,62720,62720,3.92,NONE,20990.0,1676.747996647142,0.7931441326530613,mbili,two
id_rfx4zspwabnx.wav,1,2,16,16000,97280,97280,6.08,NONE,28742.0,1911.6186082836148,0.8552837171052632,sita,six
id_bhrr2rp2xep9.wav,1,2,16,16000,93440,93440,5.84,NONE,9709.0,565.8678681170899,0.9232876712328767,kumi,ten
id_uiqhmh1pv8ik.wav,1,2,16,16000,72960,72960,4.56,NONE,3677.0,349.4036522397339,0.7799890350877193,nne,four
id_01dntd19l4a8.wav,1,2,16,16000,70400,70400,4.4,NONE,15477.0,1091.554853810765,0.86390625,mbili,two
id_ad7rmxekezzf.wav,1,2,16,16000,87040,87040,5.44,NONE,21005.0,800.859483875669,0.9305032169117647,tatu,three
id_ese5dxdwrtgt.wav,1,2,16,16000,79872,79872,4.992,NONE,10315.0,968.8896970460917,0.8722706330128205,tano,five
id_toljkyjcpo2g.wav,1,2,16,16000,993280,993280,62.08,NONE,572.0,19.280140587600542,0.6494331910438145,nane,eight
id_eblpil4i4i9w.wav,1,2,16,16000,62720,62720,3.92,NONE,1867.0,155.55805548295388,0.5267857142857143,hapana,no
id_pmwpmx9po412.wav,1,2,16,16000,81920,81920,5.12,NONE,15491.0,1051.4350684186759,0.83468017578125,hapana,no
id_6olx5am2ffs1.wav,1,2,16,16000,88320,88320,5.52,NONE,29091.0,1652.4366281336588,0.897271286231884,tano,five
id_xtq1g3odwkzy.wav,1,2,16,16000,80640,80640,5.04,NONE,15885.0,823.7777091769992,0.5798115079365079,tatu,three
id_avbc4jwxzbg6.wav,1,2,16,16000,79360,79360,4.96,NONE,32767.0,2486.5854854674308,0.5308089717741935,tano,five
id_rur4dgxmrs5t.wav,1,2,16,16000,55040,55040,3.44,NONE,11918.0,905.0050301499197,0.391297238372093,moja,one
id_7yuqcx130wjr.wav,1,2,16,16000,78080,78080,4.88,NONE,4515.0,473.7351944407807,0.5341444672131147,mbili,two
id_bk2j015i7zk5.wav,1,2,16,16000,64000,64000,4.0,NONE,27590.0,2130.752315574977,0.854046875,mbili,two
id_wislj4l55j9k.wav,1,2,16,16000,69120,69120,4.32,NONE,21494.0,2491.8620277051123,0.8964554398148148,nne,four
id_1dkpnb2vcbs7.wav,1,2,16,16000,76800,76800,4.8,NONE,6940.0,631.6927442499406,0.7995182291666667,kumi,ten
id_9m5ry98g89tz.wav,1,2,16,16000,122880,122880,7.68,NONE,28727.0,1933.6465062647253,0.877001953125,tano,five
id_q25kg7tdgd6h.wav,1,2,16,16000,73728,73728,4.608,NONE,20533.0,1297.7177711142403,0.8871527777777778,tano,five
id_bc9iiin52t2o.wav,1,2,16,16000,96000,96000,6.0,NONE,23777.0,1475.6073794055958,0.6964791666666666,hapana,no
id_imrgicntbqbr.wav,1,2,16,16000,70400,70400,4.4,NONE,16597.0,1662.8859387645653,0.7216761363636364,moja,one
id_forg8nanb628.wav,1,2,16,16000,63488,63488,3.968,NONE,14531.0,776.0287169663579,0.8845608618951613,tatu,three
id_uxsbxn4r0kl6.wav,1,2,16,16000,69120,69120,4.32,NONE,13554.0,993.04039194668,0.8341290509259259,ndio,yes
id_osuw83d5ud1r.wav,1,2,16,16000,126720,126720,7.92,NONE,16028.0,1953.3267304891021,0.745730744949495,saba,seven
id_ore1uncoocjo.wav,1,2,16,16000,62720,62720,3.92,NONE,30438.0,2420.61047001467,0.8759406887755102,mbili,two
id_o8mcyt7x8r91.wav,1,2,16,16000,61440,61440,3.84,NONE,18571.0,1668.466832355553,0.501416015625,tisa,nine
id_1la687f3j5p3.wav,1,2,16,16000,83200,83200,5.2,NONE,17827.0,1804.2453298841192,0.7087379807692308,mbili,two
id_r1icin2t52qx.wav,1,2,16,16000,60160,60160,3.76,NONE,32767.0,1328.8573391799014,0.8703125,tano,five
id_c3g4ixlgnh1o.wav,1,2,16,16000,69120,69120,4.32,NONE,9400.0,640.7871663424525,0.8508680555555556,tatu,three
id_uj7x4wwjcoe5.wav,1,2,16,16000,81920,81920,5.12,NONE,10358.0,438.39187694180043,0.8871337890625,saba,seven
id_jm6h8gqin33x.wav,1,2,16,16000,78080,78080,4.88,NONE,21822.0,1533.1817949965064,0.8763319672131148,saba,seven
id_svoeowfdue9c.wav,1,2,16,16000,60160,60160,3.76,NONE,10681.0,657.7534094347253,0.8797706117021277,sita,six
id_kvz6uqgtts23.wav,1,2,16,16000,76800,76800,4.8,NONE,12918.0,1289.7487058612749,0.8901953125,ndio,yes
id_2e06s8yxz1m4.wav,1,2,16,16000,85760,85760,5.36,NONE,31515.0,2514.081009372696,0.8679221082089552,hapana,no
id_cypyyrqecb2l.wav,1,2,16,16000,74240,74240,4.64,NONE,5280.0,396.8888733659891,0.3086206896551724,sita,six
id_ea5gvr56h0f2.wav,1,2,16,16000,49920,49920,3.12,NONE,2193.0,380.9318225161147,0.10222355769230769,saba,seven
id_rwqgevnobrkc.wav,1,2,16,16000,51200,51200,3.2,NONE,11811.0,1280.7540610524504,0.85583984375,kumi,ten
id_9fmy0zlgbxz4.wav,1,2,16,16000,87040,87040,5.44,NONE,16825.0,526.9805850588351,0.9242532169117647,nne,four
id_2nt530osmnqz.wav,1,2,16,16000,75520,75520,4.72,NONE,19187.0,688.6624242113525,0.7838718220338983,sita,six
id_7ojfk3y12tai.wav,1,2,16,16000,53760,53760,3.36,NONE,19459.0,1549.4794533633187,0.858500744047619,saba,seven
id_ybx36jct7wpm.wav,1,2,16,16000,81920,81920,5.12,NONE,31190.0,1258.9695684292599,0.90115966796875,hapana,no
id_ynit7cd7f4jp.wav,1,2,16,16000,71680,71680,4.48,NONE,8848.0,446.89106798660157,0.8729073660714286,saba,seven
id_aama005456q2.wav,1,2,16,16000,61440,61440,3.84,NONE,17409.0,1146.1541581373315,0.908837890625,tisa,nine
id_rsvwrgx6lcb6.wav,1,2,16,16000,69120,69120,4.32,NONE,24433.0,2960.0473714727686,0.8241608796296296,moja,one
id_2vg8lm55j7j2.wav,1,2,16,16000,72960,72960,4.56,NONE,12348.0,627.2666396236602,0.8600603070175439,hapana,no
id_uuqtoy55wqx6.wav,1,2,16,16000,70400,70400,4.4,NONE,3714.0,263.3384607317514,0.5008380681818182,saba,seven
id_7uvhcgxl4sx6.wav,1,2,16,16000,83200,83200,5.2,NONE,17960.0,1355.041950027428,0.9099879807692308,ndio,yes
id_jtznh406l2zi.wav,1,2,16,16000,93440,93440,5.84,NONE,7681.0,531.4486157731449,0.8946810787671233,sita,six
id_20ky0ddmrc3g.wav,1,2,16,16000,80640,80640,5.04,NONE,8535.0,652.4347737536498,0.9158110119047619,tano,five
id_edwy74cljdl3.wav,1,2,16,16000,99840,99840,6.24,NONE,4474.0,352.6969416968223,0.8376201923076924,kumi,ten
id_tzzh4jowrytj.wav,1,2,16,16000,85760,85760,5.36,NONE,12905.0,749.3865058463421,0.34927705223880595,nane,eight
id_2pkkuc9wjxx1.wav,1,2,16,16000,66560,66560,4.16,NONE,10454.0,874.8659162891048,0.5089393028846154,hapana,no
id_uxdl7uao2hjz.wav,1,2,16,16000,89600,89600,5.6,NONE,13425.0,1064.6727269667779,0.8527790178571428,mbili,two
id_5rpyp7agr1e3.wav,1,2,16,16000,81920,81920,5.12,NONE,4053.0,422.94583927375896,0.8343994140625,mbili,two
id_ku7c3ou8a6cb.wav,1,2,16,16000,51200,51200,3.2,NONE,10125.0,896.6677925057794,0.433984375,sita,six
id_v77v4s3ww6nj.wav,1,2,16,16000,70400,70400,4.4,NONE,18116.0,1456.7630997107858,0.8086363636363636,sita,six
id_ez7y2qpd2s03.wav,1,2,16,16000,61440,61440,3.84,NONE,5124.0,293.13121808991997,0.8546223958333333,tisa,nine
id_3f0f1a4qhqfl.wav,1,2,16,16000,81920,81920,5.12,NONE,13412.0,1182.4989604301802,0.87568359375,nane,eight
id_n66o1vbwtm4o.wav,1,2,16,16000,69120,69120,4.32,NONE,12676.0,954.7141328118198,0.7627025462962963,tatu,three
id_f3l2kf7yvqap.wav,1,2,16,16000,64000,64000,4.0,NONE,28630.0,2245.09081547245,0.865875,nane,eight
id_i4gphn9vcdp7.wav,1,2,16,16000,75520,75520,4.72,NONE,10343.0,492.2676282771154,0.7690280720338983,tatu,three
id_p4vqooko1k3n.wav,1,2,16,16000,56320,56320,3.52,NONE,7185.0,536.5355518197068,0.8651278409090909,ndio,yes
id_4puthqwodn36.wav,1,2,16,16000,48640,48640,3.04,NONE,2911.0,349.19522016867774,0.15080180921052633,sita,six
id_rdfw0uf5gpdm.wav,1,2,16,16000,88320,88320,5.52,NONE,6705.0,736.846750858313,0.8500679347826087,nne,four
id_a4bpninzsj6m.wav,1,2,16,16000,58880,58880,3.68,NONE,13464.0,916.8019119494004,0.8931046195652174,moja,one
id_0yxi8s4d6f95.wav,1,2,16,16000,96000,96000,6.0,NONE,15377.0,1549.8855921755428,0.874875,ndio,yes
id_i30i9o7kvbrx.wav,1,2,16,16000,70400,70400,4.4,NONE,12478.0,799.2763497483492,0.5957244318181818,mbili,two
id_ozaso8tnv6l0.wav,1,2,16,16000,72960,72960,4.56,NONE,13250.0,628.5650494977506,0.8718612938596492,nane,eight
id_ktbqzoshl7sa.wav,1,2,16,16000,62720,62720,3.92,NONE,8093.0,382.12487724724815,0.9281568877551021,kumi,ten
id_hga5vgizaq4c.wav,1,2,16,16000,64000,64000,4.0,NONE,27933.0,2949.8221058464906,0.828453125,tisa,nine
id_zm85qms3zaoi.wav,1,2,16,16000,55040,55040,3.44,NONE,15778.0,1768.0816052356095,0.6544876453488372,ndio,yes
id_jdftla65eogw.wav,1,2,16,16000,98560,98560,6.16,NONE,32767.0,1430.2083003558103,0.9367086038961039,saba,seven
id_i7b3yx89edij.wav,1,2,16,16000,79872,79872,4.992,NONE,19211.0,2062.6782599794146,0.8250575921474359,kumi,ten
id_3a72ey2pydnd.wav,1,2,16,16000,55040,55040,3.44,NONE,12754.0,1420.0539609460432,0.7342114825581395,nane,eight
id_5rtbes1hrfg0.wav,1,2,16,16000,52480,52480,3.28,NONE,13228.0,732.1260018232734,0.7043826219512195,moja,one
id_p9rscpr0fzrp.wav,1,2,16,16000,107520,107520,6.72,NONE,11777.0,820.121326652153,0.9171781994047619,nne,four
id_w1ynpw586mjj.wav,1,2,16,16000,70400,70400,4.4,NONE,25104.0,1199.4414845256672,0.8891903409090909,tatu,three
id_dpvx946ai9sq.wav,1,2,16,16000,71680,71680,4.48,NONE,10570.0,903.8993896825723,0.8541155133928572,nne,four
id_ylweythnc8xi.wav,1,2,16,16000,64000,64000,4.0,NONE,12259.0,1532.7415485464683,0.43809375,nne,four
id_my8dqwfbjg9d.wav,1,2,16,16000,69120,69120,4.32,NONE,15952.0,749.2020544571257,0.6366030092592593,tatu,three
id_nkr21kxvq3k9.wav,1,2,16,16000,85760,85760,5.36,NONE,22636.0,1486.322571992049,0.8474463619402985,tisa,nine
id_29euu0fxmw5j.wav,1,2,16,16000,71680,71680,4.48,NONE,19705.0,1969.1738794890182,0.8492327008928572,hapana,no
id_omg88ehokpqt.wav,1,2,16,16000,65536,65536,4.096,NONE,17708.0,1442.7933252201879,0.6753082275390625,kumi,ten
id_44ooj502usaq.wav,1,2,16,16000,65536,65536,4.096,NONE,10108.0,854.7455120565767,0.851409912109375,saba,seven
id_xnqyexcjtczz.wav,1,2,16,16000,75776,75776,4.736,NONE,8977.0,263.1927633702266,0.8584644214527027,saba,seven
id_94hkg1n8q9ys.wav,1,2,16,16000,74240,74240,4.64,NONE,17297.0,1398.8646793369414,0.8848733836206897,moja,one
id_0e5aw7q5serg.wav,1,2,16,16000,64000,64000,4.0,NONE,4714.0,440.3875824735241,0.85278125,mbili,two
id_u13r6ir6sbsa.wav,1,2,16,16000,83200,83200,5.2,NONE,12545.0,717.1529810194587,0.897860576923077,tano,five
id_pwrz9smho7in.wav,1,2,16,16000,81920,81920,5.12,NONE,28881.0,1144.2863902644021,0.64515380859375,tisa,nine
id_exincp2hp1hk.wav,1,2,16,16000,66560,66560,4.16,NONE,2812.0,134.32538054132627,0.6969951923076924,nane,eight
id_8yceuwbm7ack.wav,1,2,16,16000,53760,53760,3.36,NONE,3398.0,544.2880837890556,0.12083333333333333,saba,seven
id_se8q270y4mgg.wav,1,2,16,16000,88320,88320,5.52,NONE,9903.0,605.2542685023443,0.9131453804347827,tano,five
id_c7dw6shdeixa.wav,1,2,16,16000,84480,84480,5.28,NONE,32589.0,1700.557147011222,0.8821141098484848,hapana,no
id_8zrb8ia2igpr.wav,1,2,16,16000,78080,78080,4.88,NONE,3062.0,299.1810246784778,0.5768058401639344,nne,four
id_ahq37fnh9yjn.wav,1,2,16,16000,61440,61440,3.84,NONE,6683.0,428.7977645512096,0.8944498697916666,tisa,nine
id_l49pdbqla42b.wav,1,2,16,16000,69120,69120,4.32,NONE,15823.0,720.2289218001827,0.8322337962962963,saba,seven
id_j9spcvqf7sn2.wav,1,2,16,16000,92160,92160,5.76,NONE,16644.0,915.7718559526428,0.9184136284722222,moja,one
id_v16begrbsli1.wav,1,2,16,16000,66560,66560,4.16,NONE,21154.0,1703.0305794001454,0.6530799278846153,moja,one
id_31ogk5zt8c4g.wav,1,2,16,16000,53760,53760,3.36,NONE,14958.0,1429.5027090763754,0.47803199404761904,sita,six
id_w68wu2f2zwhq.wav,1,2,16,16000,64000,64000,4.0,NONE,11826.0,928.0596822217982,0.843296875,hapana,no
id_rrr3gn602kut.wav,1,2,16,16000,56320,56320,3.52,NONE,3695.0,334.74908988415046,0.8998401988636363,ndio,yes
id_zcv69j7ro6ec.wav,1,2,16,16000,70400,70400,4.4,NONE,18649.0,1462.0642352597126,0.8674573863636363,moja,one
id_gh31vxgncxgs.wav,1,2,16,16000,60160,60160,3.76,NONE,19274.0,894.9344966390563,0.7047373670212767,saba,seven
id_1z5um2jl4b7m.wav,1,2,16,16000,84480,84480,5.28,NONE,8046.0,587.5554644595588,0.8993371212121212,sita,six
id_tyyudt6ey3eq.wav,1,2,16,16000,70400,70400,4.4,NONE,25732.0,1786.0952318400339,0.8609517045454546,mbili,two
id_yavpwcuodpu9.wav,1,2,16,16000,78080,78080,4.88,NONE,5680.0,403.07055727490905,0.7048924180327869,ndio,yes
id_p1f54zu5mnga.wav,1,2,16,16000,81920,81920,5.12,NONE,18223.0,845.0740340626228,0.938232421875,tano,five
id_50livgpkivvz.wav,1,2,16,16000,130560,130560,8.16,NONE,11545.0,912.4518060147793,0.9284926470588235,tisa,nine
id_3tu6zpdx3yz6.wav,1,2,16,16000,71680,71680,4.48,NONE,13507.0,779.9582335035926,0.8333844866071428,hapana,no
id_b0xkuhn8557f.wav,1,2,16,16000,76800,76800,4.8,NONE,9129.0,825.2560791644717,0.8386979166666667,hapana,no
id_gqg3mbipo36l.wav,1,2,16,16000,65536,65536,4.096,NONE,6498.0,306.94679892747894,0.7853851318359375,tano,five
id_z2jwmzxahelm.wav,1,2,16,16000,96000,96000,6.0,NONE,8805.0,660.3439295012613,0.3005729166666667,nne,four
id_1uh1rjrqhoxs.wav,1,2,16,16000,65280,65280,4.08,NONE,5528.0,723.7287828343856,0.4394454656862745,ndio,yes
id_adnjdi2si5u4.wav,1,2,16,16000,87040,87040,5.44,NONE,16339.0,1126.6833519456434,0.9037224264705882,tano,five
id_uy2jhz3invwn.wav,1,2,16,16000,67840,67840,4.24,NONE,3636.0,245.84989278386846,0.855689858490566,tatu,three
id_43eme1y1ckmj.wav,1,2,16,16000,71680,71680,4.48,NONE,13440.0,1330.0978835930143,0.34775390625,ndio,yes
id_jupqp5k4cw4l.wav,1,2,16,16000,72960,72960,4.56,NONE,4086.0,228.0227915109911,0.6513294956140351,hapana,no
id_tegnxuaw6ema.wav,1,2,16,16000,81920,81920,5.12,NONE,6656.0,374.7100263799048,0.6261962890625,nane,eight
id_chgafchv9ekb.wav,1,2,16,16000,56320,56320,3.52,NONE,7481.0,721.1535236601843,0.7914240056818181,nne,four
id_jns9cgq769x9.wav,1,2,16,16000,79360,79360,4.96,NONE,32768.0,2561.847048685158,0.90078125,saba,seven
id_xa8hpokihywn.wav,1,2,16,16000,69632,69632,4.352,NONE,18914.0,1707.6655843757103,0.828369140625,tisa,nine
id_jj60uf2fle0v.wav,1,2,16,16000,71680,71680,4.48,NONE,7554.0,567.5738795129292,0.8013811383928572,mbili,two
id_unnf244qewjs.wav,1,2,16,16000,57600,57600,3.6,NONE,32768.0,2575.897382295068,0.8763194444444444,mbili,two
id_2lmkko4tzyvh.wav,1,2,16,16000,71680,71680,4.48,NONE,11098.0,1020.3679165450064,0.8552734375,mbili,two
id_4rj5wq4v206t.wav,1,2,16,16000,74240,74240,4.64,NONE,27777.0,1767.4503260186484,0.8534886853448276,nane,eight
id_mdj6tbx1en27.wav,1,2,16,16000,98560,98560,6.16,NONE,28472.0,2317.9293083637017,0.8621448863636364,hapana,no
id_3pdbw37oyxo6.wav,1,2,16,16000,67840,67840,4.24,NONE,16329.0,1409.072777635683,0.7422169811320755,tano,five
id_byn3xzfnsy3r.wav,1,2,16,16000,48640,48640,3.04,NONE,23685.0,1779.5832512210031,0.8841488486842105,kumi,ten
id_f7d6gcq8dacq.wav,1,2,16,16000,44800,44800,2.8,NONE,1922.0,343.24797484055586,0.20220982142857144,tano,five
id_rt7r2e4s1du0.wav,1,2,16,16000,66560,66560,4.16,NONE,14914.0,1203.361505700362,0.9094801682692307,kumi,ten
id_t07xo591vdto.wav,1,2,16,16000,67840,67840,4.24,NONE,7877.0,354.8877026618274,0.9259286556603774,sita,six
id_796790yhcbsf.wav,1,2,16,16000,72960,72960,4.56,NONE,8076.0,524.3981937006165,0.8627604166666667,sita,six
id_aa4rfxdldxt1.wav,1,2,16,16000,47360,47360,2.96,NONE,1346.0,139.31291634775855,0.29438344594594595,tisa,nine
id_jytbvwce369m.wav,1,2,16,16000,60160,60160,3.76,NONE,9702.0,693.0974606744358,0.8750664893617022,mbili,two
id_5o9h1sfbwou9.wav,1,2,16,16000,47360,47360,2.96,NONE,1685.0,154.3806413100994,0.30291385135135135,tisa,nine
id_t9bpu4nrntbp.wav,1,2,16,16000,67840,67840,4.24,NONE,11714.0,1415.3740527917128,0.8492924528301887,ndio,yes
id_izcg725mgo83.wav,1,2,16,16000,61440,61440,3.84,NONE,8374.0,527.0190320626476,0.8839192708333333,moja,one
id_2n4gx84x0cl8.wav,1,2,16,16000,55040,55040,3.44,NONE,13849.0,783.46895029451,0.8819949127906976,nane,eight
id_p7ulafpieq3u.wav,1,2,16,16000,62720,62720,3.92,NONE,27025.0,1102.2120484773668,0.9264030612244898,nne,four
id_5k085p4a2llq.wav,1,2,16,16000,89600,89600,5.6,NONE,13497.0,844.5390498351326,0.9043080357142858,nane,eight
id_4kj20r8dgbcl.wav,1,2,16,16000,87040,87040,5.44,NONE,6672.0,672.4829820053862,0.25936351102941174,tisa,nine
id_9myeo60xms76.wav,1,2,16,16000,55040,55040,3.44,NONE,16266.0,1997.2767281469132,0.7186046511627907,kumi,ten
id_m4vbzdct7411.wav,1,2,16,16000,62720,62720,3.92,NONE,9605.0,677.9610778788281,0.8277104591836735,mbili,two
id_mohxcpritor5.wav,1,2,16,16000,71680,71680,4.48,NONE,32767.0,2011.8667651130395,0.8814174107142857,tano,five
id_4phgwcyug8r0.wav,1,2,16,16000,70400,70400,4.4,NONE,28679.0,3092.6219944129457,0.8355255681818182,moja,one
id_1jdrhgqxib7t.wav,1,2,16,16000,76800,76800,4.8,NONE,8822.0,563.5520284437106,0.9236588541666667,nne,four
id_exbhpn5dqcf5.wav,1,2,16,16000,78080,78080,4.88,NONE,13569.0,872.6339039307645,0.7884093237704918,mbili,two
id_luv5sii15cuw.wav,1,2,16,16000,53760,53760,3.36,NONE,6695.0,795.7662691373179,0.8207775297619048,moja,one
id_k87n1732iu56.wav,1,2,16,16000,60160,60160,3.76,NONE,16516.0,1384.3013404770927,0.7365192819148936,nne,four
id_gt761nff5ef4.wav,1,2,16,16000,75520,75520,4.72,NONE,24938.0,1854.1349390178873,0.833395127118644,tisa,nine
id_7rs86tc1t0mh.wav,1,2,16,16000,995328,995328,62.208,NONE,1972.0,67.45946375160705,0.649316607188786,mbili,two
id_vg6gcad53l67.wav,1,2,16,16000,69632,69632,4.352,NONE,12049.0,837.1508573242776,0.8452866498161765,sita,six
id_gkn92tnobawz.wav,1,2,16,16000,72960,72960,4.56,NONE,25914.0,2440.406876237479,0.8689555921052632,sita,six
id_e8090oppcstp.wav,1,2,16,16000,92160,92160,5.76,NONE,21425.0,2957.6813772111364,0.8283420138888888,nne,four
id_90pizlpc0t7o.wav,1,2,16,16000,99840,99840,6.24,NONE,8517.0,641.5885457434904,0.9032552083333333,nane,eight
id_qconko34be1q.wav,1,2,16,16000,995328,995328,62.208,NONE,965.0,43.668427142547436,0.4407421473122428,kumi,ten
id_0j7ud1pgj5e2.wav,1,2,16,16000,73728,73728,4.608,NONE,13717.0,1222.5132133284676,0.8355170355902778,nane,eight
id_ozem1c492o55.wav,1,2,16,16000,55040,55040,3.44,NONE,18600.0,1561.122825235857,0.6061409883720931,moja,one
id_ml99btoy9xt3.wav,1,2,16,16000,174080,174080,10.88,NONE,32768.0,1767.4831749318803,0.8377987132352941,sita,six
id_33lnbo3s5afn.wav,1,2,16,16000,88320,88320,5.52,NONE,24160.0,974.3556029608934,0.884669384057971,hapana,no
id_wyx32zqvfzl1.wav,1,2,16,16000,106240,106240,6.64,NONE,20660.0,1622.1151762355362,0.8338761295180723,tatu,three
id_c60wpkfgs9k3.wav,1,2,16,16000,58880,58880,3.68,NONE,15775.0,989.9822582436658,0.6855808423913043,tatu,three
id_h7dnl3e7ihrc.wav,1,2,16,16000,52480,52480,3.28,NONE,27305.0,2181.4257439160087,0.7944169207317073,nane,eight
id_0ht9cbvfkpsi.wav,1,2,16,16000,72960,72960,4.56,NONE,26637.0,1420.5791584643453,0.8580180921052631,nane,eight
id_45l33iaqq62d.wav,1,2,16,16000,72960,72960,4.56,NONE,14656.0,1211.1440176303915,0.43109923245614035,tano,five
id_d83yx79ccoy4.wav,1,2,16,16000,70400,70400,4.4,NONE,5347.0,327.8609997920751,0.9153125,nne,four
id_cdb5n9ghvf92.wav,1,2,16,16000,61440,61440,3.84,NONE,2870.0,322.6735616824752,0.8140950520833333,tisa,nine
id_de4wa6s62hzd.wav,1,2,16,16000,62720,62720,3.92,NONE,15859.0,789.3106028921759,0.7817123724489796,tano,five
id_rmt3z39kqt2a.wav,1,2,16,16000,84480,84480,5.28,NONE,2639.0,255.8487210278954,0.6684777462121212,nne,four
id_qsuimon7ntvh.wav,1,2,16,16000,59392,59392,3.712,NONE,9608.0,650.2571176851627,0.8296908674568966,moja,one
id_bk8ulcpnh9qr.wav,1,2,16,16000,48640,48640,3.04,NONE,31379.0,2014.8267909711574,0.8962787828947368,tisa,nine
id_4b8fmq4awffo.wav,1,2,16,16000,56320,56320,3.52,NONE,7784.0,375.7692539429042,0.8898792613636364,nane,eight
id_p6lityojcczr.wav,1,2,16,16000,63488,63488,3.968,NONE,7210.0,563.8645633574005,0.7839749243951613,nane,eight
id_etdaz15o5x3q.wav,1,2,16,16000,65280,65280,4.08,NONE,9798.0,657.7168810971383,0.7306985294117647,tano,five
id_4u0208z7w6m1.wav,1,2,16,16000,61440,61440,3.84,NONE,13218.0,1156.9281918287656,0.83994140625,mbili,two
id_5rlc5o5n1s1b.wav,1,2,16,16000,58880,58880,3.68,NONE,32768.0,3175.3879047958712,0.8011209239130435,mbili,two
id_6h7hslslhz6a.wav,1,2,16,16000,75520,75520,4.72,NONE,4323.0,252.0168856632983,0.7830243644067797,sita,six
id_d946zd75oix7.wav,1,2,16,16000,58880,58880,3.68,NONE,12037.0,1004.7169919601359,0.8505434782608695,nane,eight
id_ni9z4dj1rkch.wav,1,2,16,16000,224000,224000,14.0,NONE,12062.0,559.3336458775874,0.87396875,moja,one
id_xbjdbsm8osvx.wav,1,2,16,16000,53760,53760,3.36,NONE,19816.0,1895.5983761848506,0.8467075892857143,ndio,yes
id_g7up2a6v5cwi.wav,1,2,16,16000,53760,53760,3.36,NONE,13064.0,1069.0327515052675,0.8852492559523809,nne,four
id_i5qzqf3fw71s.wav,1,2,16,16000,99840,99840,6.24,NONE,15831.0,844.3271002541359,0.9120693108974359,saba,seven
id_mikph0xgpq7e.wav,1,2,16,16000,64000,64000,4.0,NONE,27545.0,1373.5799573161457,0.827875,hapana,no
id_dtfpsmh1mwqz.wav,1,2,16,16000,52480,52480,3.28,NONE,28644.0,2014.9162074907338,0.9008574695121951,sita,six
id_qv6a9xq2r6vz.wav,1,2,16,16000,103680,103680,6.48,NONE,6632.0,395.68388554269376,0.6437596450617284,tano,five
id_i0pduqtj5z7b.wav,1,2,16,16000,84480,84480,5.28,NONE,25514.0,1874.365821867654,0.9040482954545455,saba,seven
id_1pbophmb7y8l.wav,1,2,16,16000,76800,76800,4.8,NONE,10216.0,430.620814520661,0.8697395833333333,nane,eight
id_q9ddicx8lij9.wav,1,2,16,16000,49920,49920,3.12,NONE,2923.0,213.43171694121366,0.3642828525641026,moja,one
id_dyt6u0voutdi.wav,1,2,16,16000,70400,70400,4.4,NONE,4016.0,284.6475653060449,0.878252840909091,kumi,ten
id_87ozmo8vxeay.wav,1,2,16,16000,90880,90880,5.68,NONE,20118.0,1146.0057228488768,0.48847931338028167,nane,eight
id_jcvm2mj4ylmp.wav,1,2,16,16000,62720,62720,3.92,NONE,22656.0,1587.7220994553334,0.8370535714285714,moja,one
id_lpsmeyuj2555.wav,1,2,16,16000,92160,92160,5.76,NONE,9093.0,848.135505965901,0.8606228298611112,nane,eight
id_w9yhpaq7r6wy.wav,1,2,16,16000,56320,56320,3.52,NONE,19150.0,1140.5611736345213,0.9045454545454545,tano,five
id_9d0xuj83rvhz.wav,1,2,16,16000,71680,71680,4.48,NONE,4143.0,279.3291415552387,0.8541852678571429,tano,five
id_5kozr25crq9w.wav,1,2,16,16000,92160,92160,5.76,NONE,12895.0,504.44325196725066,0.9015950520833333,hapana,no
id_t81wtadtvfw9.wav,1,2,16,16000,80640,80640,5.04,NONE,23819.0,1608.7621326710698,0.8880580357142858,hapana,no
id_8fwvvf7u24na.wav,1,2,16,16000,99840,99840,6.24,NONE,8422.0,314.2432048061293,0.9229366987179487,tatu,three
id_2ojowkyni41z.wav,1,2,16,16000,62720,62720,3.92,NONE,6241.0,682.1993557614046,0.858529974489796,kumi,ten
id_jdn3dwxbeldt.wav,1,2,16,16000,67840,67840,4.24,NONE,28655.0,3372.3384292807527,0.8690153301886793,kumi,ten
id_t9i8wbdlrz1n.wav,1,2,16,16000,69120,69120,4.32,NONE,26778.0,1783.3689577787502,0.7878472222222223,tatu,three
id_s6esnuneldyk.wav,1,2,16,16000,55040,55040,3.44,NONE,10951.0,1234.4989033781524,0.8745821220930232,ndio,yes
id_m6scw04qi4lx.wav,1,2,16,16000,55040,55040,3.44,NONE,17873.0,1592.0781280359167,0.8882267441860465,kumi,ten
id_0nnt1c1jb0ww.wav,1,2,16,16000,53760,53760,3.36,NONE,7179.0,654.6278227148014,0.8676711309523809,ndio,yes
id_mgxlww2b1yc9.wav,1,2,16,16000,56320,56320,3.52,NONE,4082.0,300.9793735618092,0.9135120738636363,nne,four
id_bgxcdrjk0v2e.wav,1,2,16,16000,67584,67584,4.224,NONE,11454.0,1207.320271007993,0.8206824100378788,ndio,yes
id_bsngwdek5wsh.wav,1,2,16,16000,85760,85760,5.36,NONE,8575.0,566.1418843443357,0.9130247201492537,tisa,nine
id_h8nzexy9icie.wav,1,2,16,16000,78080,78080,4.88,NONE,1580.0,122.0404210492452,0.7715676229508197,moja,one
id_lq1kvpagzhwg.wav,1,2,16,16000,69120,69120,4.32,NONE,15637.0,875.6516331503578,0.6233506944444445,hapana,no
id_c2fb4tbe8j8i.wav,1,2,16,16000,93440,93440,5.84,NONE,10176.0,887.6392626785639,0.7721104452054794,ndio,yes
id_whm3uesc0w3z.wav,1,2,16,16000,60160,60160,3.76,NONE,30423.0,1628.814565906662,0.8824966755319149,kumi,ten
id_9dtqvzepwb63.wav,1,2,16,16000,69120,69120,4.32,NONE,4976.0,536.493154573769,0.41127025462962963,ndio,yes
id_jb7u1xdatwa4.wav,1,2,16,16000,81920,81920,5.12,NONE,18879.0,2131.0312893701052,0.86756591796875,nne,four
id_nzgf25xd4cy8.wav,1,2,16,16000,58880,58880,3.68,NONE,7145.0,259.1952892028959,0.915234375,hapana,no
id_u417x7ecandv.wav,1,2,16,16000,73728,73728,4.608,NONE,8961.0,600.8890934353793,0.9045817057291666,sita,six
id_uy1nxx669ngj.wav,1,2,16,16000,57600,57600,3.6,NONE,10149.0,987.5778261614091,0.7793055555555556,nne,four
id_93agssyzshlu.wav,1,2,16,16000,62720,62720,3.92,NONE,12864.0,883.3142816782919,0.6654655612244897,kumi,ten
id_g7gt7q60x9fx.wav,1,2,16,16000,57600,57600,3.6,NONE,22094.0,1582.9938473440654,0.8633680555555555,tisa,nine
id_iihfba01m6c4.wav,1,2,16,16000,129280,129280,8.08,NONE,14223.0,1124.75047776696,0.6670250618811882,mbili,two
id_mhwb3h0ymqwd.wav,1,2,16,16000,48640,48640,3.04,NONE,2274.0,275.63952730542456,0.214453125,mbili,two
id_ughsq2qhi6b1.wav,1,2,16,16000,74240,74240,4.64,NONE,29968.0,2473.37711518749,0.4388739224137931,saba,seven
id_b5a3vsmkz70l.wav,1,2,16,16000,79360,79360,4.96,NONE,15758.0,1537.5465619752579,0.4822454637096774,kumi,ten
id_h31plco0flme.wav,1,2,16,16000,66560,66560,4.16,NONE,10846.0,557.6734321096977,0.5214993990384615,tano,five
id_irmta5pf0hki.wav,1,2,16,16000,101120,101120,6.32,NONE,2853.0,207.616158937921,0.5745945411392405,kumi,ten
id_c0ny48df29cz.wav,1,2,16,16000,135680,135680,8.48,NONE,26752.0,5500.325303259703,0.8756485849056603,ndio,yes
id_avt1uz28kpc2.wav,1,2,16,16000,53760,53760,3.36,NONE,20941.0,1290.7786962559978,0.6762834821428572,tatu,three
id_wjr028lkwj5z.wav,1,2,16,16000,69120,69120,4.32,NONE,11819.0,418.2956017526384,0.9062355324074074,saba,seven
id_3p147egpuix4.wav,1,2,16,16000,67584,67584,4.224,NONE,9529.0,903.0505159678479,0.8346354166666666,moja,one
id_a3pmmgmca8pv.wav,1,2,16,16000,90880,90880,5.68,NONE,11442.0,694.4240968352157,0.9194762323943662,ndio,yes
id_dwrarl42md2f.wav,1,2,16,16000,64000,64000,4.0,NONE,10929.0,514.0901035749959,0.907234375,saba,seven
id_njrdl87q56ko.wav,1,2,16,16000,73728,73728,4.608,NONE,6181.0,253.32982014679527,0.8829888237847222,hapana,no
id_v5j8y4lzz50f.wav,1,2,16,16000,60160,60160,3.76,NONE,13259.0,901.133769229931,0.702875664893617,saba,seven
id_mgq2mjzeujvd.wav,1,2,16,16000,66560,66560,4.16,NONE,12752.0,1163.2098004675881,0.5139723557692307,ndio,yes
id_j3x7wv8s6jib.wav,1,2,16,16000,66560,66560,4.16,NONE,9499.0,769.5667479024568,0.8835186298076924,ndio,yes
id_l9blzoau8rkr.wav,1,2,16,16000,53760,53760,3.36,NONE,15391.0,1089.3072116096914,0.8651413690476191,nne,four
id_3u65654jwik5.wav,1,2,16,16000,63488,63488,3.968,NONE,13104.0,688.2302830485158,0.9107705393145161,tatu,three
id_9nl6vn9fla79.wav,1,2,16,16000,48640,48640,3.04,NONE,11620.0,700.0039615136963,0.47518503289473685,kumi,ten
id_zvtg1u5dtpuc.wav,1,2,16,16000,57344,57344,3.584,NONE,18559.0,1332.3222149483038,0.8663678850446429,tano,five
id_s2zd3l8flb6r.wav,1,2,16,16000,96000,96000,6.0,NONE,21048.0,1502.6168314948648,0.75603125,nane,eight
id_fpnpzjpl5jrp.wav,1,2,16,16000,66560,66560,4.16,NONE,7272.0,515.149534775182,0.8623046875,moja,one
id_swgxdt14inp8.wav,1,2,16,16000,55040,55040,3.44,NONE,20831.0,2131.1954720442172,0.8760174418604652,tisa,nine
id_7d33xzzvd9ml.wav,1,2,16,16000,53760,53760,3.36,NONE,13112.0,878.8826524186663,0.8919456845238095,sita,six
id_8781n53tyz7z.wav,1,2,16,16000,65280,65280,4.08,NONE,7903.0,520.078185979041,0.867172181372549,hapana,no
id_olwvq70pc4gw.wav,1,2,16,16000,67840,67840,4.24,NONE,13006.0,975.9532085913083,0.8339475235849056,mbili,two
id_d7kymwur14nx.wav,1,2,16,16000,64000,64000,4.0,NONE,6051.0,536.6360277954929,0.8675625,tisa,nine
id_q7gndkpctl6t.wav,1,2,16,16000,72960,72960,4.56,NONE,15368.0,1201.3516865745544,0.8139939692982456,saba,seven
id_h4azpwzowgxy.wav,1,2,16,16000,116736,116736,7.296,NONE,12985.0,535.4459845648128,0.8868129797149122,hapana,no
id_yxmwfph9izk9.wav,1,2,16,16000,67840,67840,4.24,NONE,10924.0,571.1985509143273,0.8971255896226416,saba,seven
id_5wajviimzv7f.wav,1,2,16,16000,84480,84480,5.28,NONE,32768.0,2076.902201376802,0.902734375,tatu,three
id_n33f4gyld7hk.wav,1,2,16,16000,59392,59392,3.712,NONE,18402.0,1900.4534920206224,0.7719558189655172,nne,four
id_ab7uu2pwxum4.wav,1,2,16,16000,53760,53760,3.36,NONE,12858.0,1093.454993999538,0.8626302083333334,moja,one
id_7h4reqiwm3j9.wav,1,2,16,16000,67584,67584,4.224,NONE,6506.0,328.0041085695696,0.8809481534090909,tatu,three
id_weixje33tsig.wav,1,2,16,16000,129024,129024,8.064,NONE,18055.0,1154.9928804093092,0.7419937375992064,tano,five
id_7yz9q65zmt7o.wav,1,2,16,16000,58880,58880,3.68,NONE,4781.0,388.49190820115126,0.2264945652173913,moja,one
id_b07vxoz6xdqd.wav,1,2,16,16000,78080,78080,4.88,NONE,14861.0,807.2628657466056,0.9086321721311476,saba,seven
id_zyekklg3fk4d.wav,1,2,16,16000,83200,83200,5.2,NONE,32767.0,1356.4091695415311,0.9133653846153846,tano,five
id_ebes3dbgts2q.wav,1,2,16,16000,81920,81920,5.12,NONE,10433.0,835.5627206597061,0.38485107421875,sita,six
id_132bh0mszjj1.wav,1,2,16,16000,61440,61440,3.84,NONE,9861.0,551.9148516601749,0.903759765625,nane,eight
id_dwojmnld3p8f.wav,1,2,16,16000,67840,67840,4.24,NONE,9061.0,671.5338558559287,0.8775795990566038,kumi,ten
id_ci697itfcqh1.wav,1,2,16,16000,53760,53760,3.36,NONE,9067.0,974.5401584079038,0.3197172619047619,mbili,two
id_xuwmh29i7jf4.wav,1,2,16,16000,67840,67840,4.24,NONE,3164.0,194.6919858503765,0.8579304245283019,sita,six
id_d4a57sgtqjuu.wav,1,2,16,16000,55040,55040,3.44,NONE,30683.0,1727.9570754602078,0.7788517441860465,sita,six
id_s257bjdc2s5y.wav,1,2,16,16000,51200,51200,3.2,NONE,10118.0,529.7594322285883,0.8869140625,tano,five
id_1qvgwc967jfk.wav,1,2,16,16000,69120,69120,4.32,NONE,14383.0,1064.0247795089847,0.8923755787037037,sita,six
id_c24q8fri3pgz.wav,1,2,16,16000,65280,65280,4.08,NONE,15682.0,791.0356722411233,0.9112132352941177,tano,five
id_7a737rg5h2io.wav,1,2,16,16000,64000,64000,4.0,NONE,16539.0,1475.6947928804163,0.81425,ndio,yes
id_979h5rcr4asj.wav,1,2,16,16000,79360,79360,4.96,NONE,21405.0,1362.107603805499,0.9285282258064517,tisa,nine
id_snt2jkd6nl4q.wav,1,2,16,16000,65536,65536,4.096,NONE,9894.0,926.1787165961457,0.74310302734375,moja,one
id_qr6w9rhla6oy.wav,1,2,16,16000,56320,56320,3.52,NONE,7127.0,631.1837355099552,0.8172230113636364,sita,six
id_n0kf4fj14xz3.wav,1,2,16,16000,145920,145920,9.12,NONE,10242.0,515.9132326173057,0.9517475328947368,moja,one
id_8vtppid9fytg.wav,1,2,16,16000,128000,128000,8.0,NONE,6767.0,717.2883389566047,0.896390625,ndio,yes
id_3c8pexd17hxw.wav,1,2,16,16000,66560,66560,4.16,NONE,32767.0,1620.092806911014,0.8824669471153846,tano,five
id_2tx4vs7n9buq.wav,1,2,16,16000,56320,56320,3.52,NONE,22746.0,1560.0256731502159,0.6965376420454545,tatu,three
id_tzb2yh12h4xe.wav,1,2,16,16000,53760,53760,3.36,NONE,26296.0,1886.821434938598,0.8904203869047619,nane,eight
id_wh9s08lh9wnh.wav,1,2,16,16000,67840,67840,4.24,NONE,14610.0,1200.034524992239,0.8473319575471698,moja,one
id_irhwvn34bo0y.wav,1,2,16,16000,64000,64000,4.0,NONE,8544.0,406.3586538161209,0.493796875,sita,six
id_yznjry4c146v.wav,1,2,16,16000,89600,89600,5.6,NONE,12361.0,677.958067940902,0.8236941964285714,sita,six
id_ak1smox18epv.wav,1,2,16,16000,61440,61440,3.84,NONE,8970.0,629.9591231907639,0.8723307291666667,mbili,two
id_galxjnlftahx.wav,1,2,16,16000,83200,83200,5.2,NONE,7788.0,512.2737522649539,0.8998076923076923,sita,six
id_ro7z5tntme08.wav,1,2,16,16000,60160,60160,3.76,NONE,20782.0,1108.284169013182,0.9080618351063829,tatu,three
id_eydugsi8wn17.wav,1,2,16,16000,85760,85760,5.36,NONE,3116.0,270.43935477824436,0.7234491604477612,nne,four
id_o0qmix19zxkc.wav,1,2,16,16000,63488,63488,3.968,NONE,2745.0,168.23563053512896,0.912566154233871,saba,seven
id_q021be5oa4kg.wav,1,2,16,16000,58880,58880,3.68,NONE,6937.0,507.41381110128594,0.9157948369565218,nne,four
id_cs4w6oqhdi9v.wav,1,2,16,16000,58880,58880,3.68,NONE,2798.0,159.34058276075822,0.3945482336956522,nane,eight
id_qwasoo54axj5.wav,1,2,16,16000,130560,130560,8.16,NONE,19456.0,1395.2829214582216,0.909344362745098,tisa,nine
id_n9nyz6iftimb.wav,1,2,16,16000,60160,60160,3.76,NONE,21864.0,1851.6022026491148,0.7577293882978723,hapana,no
id_6wkhgl8a8f8a.wav,1,2,16,16000,97280,97280,6.08,NONE,26824.0,978.7244379980197,0.9308285361842106,tisa,nine
id_86yhgs8rxfnd.wav,1,2,16,16000,74240,74240,4.64,NONE,4970.0,298.45499989312776,0.8631600215517241,hapana,no
id_xhtboznshdvs.wav,1,2,16,16000,61440,61440,3.84,NONE,5387.0,386.74977695398655,0.9162923177083333,nne,four
id_abd481tgk9yn.wav,1,2,16,16000,58880,58880,3.68,NONE,16367.0,1520.5165481338167,0.5764605978260869,nne,four
id_2pemurklavcr.wav,1,2,16,16000,79360,79360,4.96,NONE,3868.0,360.88506796938293,0.7759954637096774,nne,four
id_73ry0uvspsbk.wav,1,2,16,16000,57344,57344,3.584,NONE,9021.0,893.029196706625,0.8252825055803571,tano,five
id_gvhn186kwh3i.wav,1,2,16,16000,57600,57600,3.6,NONE,13907.0,1093.4364985467455,0.8843229166666666,sita,six
id_e4y4pzj1fbl5.wav,1,2,16,16000,53760,53760,3.36,NONE,6249.0,487.4441952377545,0.8296130952380952,moja,one
id_cw0atars2ki2.wav,1,2,16,16000,75520,75520,4.72,NONE,10048.0,840.8429493388526,0.876853813559322,hapana,no
id_3rfffdoekhtr.wav,1,2,16,16000,66560,66560,4.16,NONE,15030.0,1138.9684722520878,0.8653695913461539,saba,seven
id_a2bwc07dbmcc.wav,1,2,16,16000,53760,53760,3.36,NONE,4499.0,433.1659727322031,0.7947916666666667,tisa,nine
id_261a281m6rs1.wav,1,2,16,16000,88064,88064,5.504,NONE,5296.0,341.4218864660681,0.9149027979651163,tisa,nine
id_jeh9d7tge2zf.wav,1,2,16,16000,57600,57600,3.6,NONE,14833.0,1466.829650561837,0.7028645833333333,ndio,yes
id_y0ofpylebult.wav,1,2,16,16000,117760,117760,7.36,NONE,11367.0,480.199359791703,0.8977921195652174,hapana,no
id_u7sfsi9q6wiq.wav,1,2,16,16000,47360,47360,2.96,NONE,4429.0,629.2064006306632,0.33952702702702703,moja,one
id_uxl1j3j54y0d.wav,1,2,16,16000,47360,47360,2.96,NONE,1094.0,32.06090132203212,0.31779983108108106,hapana,no
id_uhw37ku1gw9v.wav,1,2,16,16000,61440,61440,3.84,NONE,6746.0,324.84209194702714,0.922216796875,mbili,two
id_pm0v2z2jpfc6.wav,1,2,16,16000,74240,74240,4.64,NONE,22703.0,454.6688304912253,0.8655037715517241,hapana,no
id_m9o9tioryms2.wav,1,2,16,16000,62720,62720,3.92,NONE,3911.0,172.3477600163491,0.8974968112244898,nane,eight
id_clht4bh2f9wd.wav,1,2,16,16000,61440,61440,3.84,NONE,4814.0,643.9104992200853,0.8414388020833333,mbili,two
id_48s5x8b6ihzo.wav,1,2,16,16000,76800,76800,4.8,NONE,6115.0,172.5969862090225,0.9276822916666667,tatu,three
id_9qzp3nund7u2.wav,1,2,16,16000,71680,71680,4.48,NONE,14043.0,986.5403268937421,0.9023716517857143,moja,one
id_chbn34foqfz6.wav,1,2,16,16000,79360,79360,4.96,NONE,18824.0,361.2991332985428,0.8819304435483871,tisa,nine
id_2cm069q9psap.wav,1,2,16,16000,48640,48640,3.04,NONE,12386.0,867.4556681139919,0.3698396381578947,tano,five
id_1225z4zxeq84.wav,1,2,16,16000,70400,70400,4.4,NONE,11103.0,685.0151867302917,0.8668181818181818,hapana,no
id_lyglgngppfk5.wav,1,2,16,16000,61440,61440,3.84,NONE,32597.0,1964.3040209537387,0.8747233072916667,saba,seven
id_0t2w98zu53z3.wav,1,2,16,16000,75776,75776,4.736,NONE,9604.0,902.2530585859622,0.8198902027027027,nane,eight
id_i42vwjlh438g.wav,1,2,16,16000,66560,66560,4.16,NONE,28663.0,2588.4083775026616,0.6558293269230769,hapana,no
id_4aqkjof6trnz.wav,1,2,16,16000,44800,44800,2.8,NONE,3430.0,563.4547172315941,0.16069196428571428,sita,six
id_rwvl01jw5prq.wav,1,2,16,16000,48640,48640,3.04,NONE,3370.0,499.53311974898253,0.13834292763157896,mbili,two
id_s8si3s1tkmyk.wav,1,2,16,16000,61440,61440,3.84,NONE,24359.0,1756.1528137496707,0.8626302083333334,kumi,ten
id_l7c4whoiu71k.wav,1,2,16,16000,53760,53760,3.36,NONE,4176.0,377.4073967199879,0.8787760416666667,sita,six
id_pxms69ats3ff.wav,1,2,16,16000,64000,64000,4.0,NONE,6860.0,234.3998225188641,0.841515625,saba,seven
id_fuyspzpeoekk.wav,1,2,16,16000,111360,111360,6.96,NONE,14827.0,1346.692027244764,0.6063757183908046,tisa,nine
id_vso41n7b6iua.wav,1,2,16,16000,42240,42240,2.64,NONE,4599.0,558.4339462292173,0.4375,ndio,yes
id_xei6xr623kx6.wav,1,2,16,16000,65280,65280,4.08,NONE,17890.0,777.7940213085552,0.857858455882353,hapana,no
id_n0zgfcigfg9v.wav,1,2,16,16000,80640,80640,5.04,NONE,16490.0,1009.2892945455854,0.5994915674603175,tisa,nine
id_zyjkvxony41m.wav,1,2,16,16000,48640,48640,3.04,NONE,8371.0,832.4510682830111,0.8605057565789473,ndio,yes
id_5h970i2vq7y9.wav,1,2,16,16000,58880,58880,3.68,NONE,20720.0,1443.9756335897137,0.7625509510869565,moja,one
id_9w70j5c1ebkz.wav,1,2,16,16000,84480,84480,5.28,NONE,32767.0,1200.459798614468,0.91875,tano,five
id_a7r3ztw3bvl7.wav,1,2,16,16000,67840,67840,4.24,NONE,3481.0,319.82439199629835,0.8665241745283019,nne,four
id_e41hkkvfrd1u.wav,1,2,16,16000,83200,83200,5.2,NONE,4160.0,197.44355132933177,0.9148076923076923,tano,five
id_w76jgaukcz4o.wav,1,2,16,16000,61440,61440,3.84,NONE,17475.0,1046.9564847096804,0.3685546875,sita,six
id_q8ublattuf6h.wav,1,2,16,16000,55040,55040,3.44,NONE,10512.0,904.6119477831076,0.11062863372093024,ndio,yes
id_uvyirc5e6tnm.wav,1,2,16,16000,61440,61440,3.84,NONE,7896.0,279.2724649880844,0.8873209635416667,saba,seven
id_28n2eg9p3ed9.wav,1,2,16,16000,85760,85760,5.36,NONE,32767.0,1798.8487249811026,0.9224230410447761,tatu,three
id_px1vfsokq0uu.wav,1,2,16,16000,75520,75520,4.72,NONE,6336.0,379.03627029640825,0.8593485169491526,tisa,nine
id_cobls5w8q948.wav,1,2,16,16000,58880,58880,3.68,NONE,19694.0,1966.733177503031,0.8727072010869565,kumi,ten
id_t5a91uo9oetg.wav,1,2,16,16000,75520,75520,4.72,NONE,28655.0,2308.26872622898,0.8510328389830508,hapana,no
id_rivr3qtmdrfi.wav,1,2,16,16000,64000,64000,4.0,NONE,8986.0,462.3523010108201,0.87578125,sita,six
id_l6w1d92pnboe.wav,1,2,16,16000,62720,62720,3.92,NONE,7407.0,510.1251112984891,0.8992984693877552,mbili,two
id_9wh9ef7tcsoq.wav,1,2,16,16000,71680,71680,4.48,NONE,5227.0,497.4026338929892,0.8702566964285714,mbili,two
id_w7oynmmdjbo1.wav,1,2,16,16000,74240,74240,4.64,NONE,9215.0,518.0454076719739,0.6641163793103448,sita,six
id_jzraxxsjwwkx.wav,1,2,16,16000,75520,75520,4.72,NONE,27117.0,2034.9224667010385,0.6184454449152542,moja,one
id_sjs8y8ck7fpa.wav,1,2,16,16000,93440,93440,5.84,NONE,13774.0,801.9633521511399,0.8804794520547945,tano,five
id_iw02z9hwz6k4.wav,1,2,16,16000,61440,61440,3.84,NONE,2670.0,158.84284010166306,0.7139485677083334,nne,four
id_b5ez857boyhx.wav,1,2,16,16000,64000,64000,4.0,NONE,2893.0,375.19001944014985,0.343625,nne,four
id_m81vludrfw3x.wav,1,2,16,16000,53760,53760,3.36,NONE,4401.0,423.95618449642626,0.8494791666666667,tisa,nine
id_81drplilq3k8.wav,1,2,16,16000,56320,56320,3.52,NONE,6479.0,591.6597891892485,0.8224609375,nane,eight
id_jiomxrcxrpsc.wav,1,2,16,16000,64000,64000,4.0,NONE,4684.0,496.1763113110601,0.275171875,nne,four
id_vqne1h665p7b.wav,1,2,16,16000,44800,44800,2.8,NONE,1198.0,204.02376098053594,0.16004464285714284,tatu,three
id_8925m3vtl0w7.wav,1,2,16,16000,64000,64000,4.0,NONE,28754.0,2431.7044569666045,0.843046875,nane,eight
id_kr6daxzjinrs.wav,1,2,16,16000,66560,66560,4.16,NONE,21758.0,1407.4600794749047,0.8812800480769231,moja,one
id_0afzhnhqs4xw.wav,1,2,16,16000,55040,55040,3.44,NONE,4502.0,277.262928438318,0.5074491279069767,kumi,ten
id_id2aaha81obf.wav,1,2,16,16000,65280,65280,4.08,NONE,15514.0,1422.1334684707367,0.851547181372549,kumi,ten
id_y4hhckwhzn5t.wav,1,2,16,16000,65280,65280,4.08,NONE,6228.0,389.72734793592133,0.7369485294117647,sita,six
id_823rulz7dyg5.wav,1,2,16,16000,64000,64000,4.0,NONE,4619.0,298.4988462341605,0.70540625,tisa,nine
id_08q7xmh6wdrh.wav,1,2,16,16000,53760,53760,3.36,NONE,18287.0,1589.6103112373994,0.6212239583333333,ndio,yes
id_it5behtmsfu8.wav,1,2,16,16000,107520,107520,6.72,NONE,13958.0,644.0500945308936,0.6594959077380952,tatu,three
id_i4ko5owz9uko.wav,1,2,16,16000,75520,75520,4.72,NONE,1940.0,150.02567550383287,0.3683792372881356,tisa,nine
id_6eo1yxcezu5y.wav,1,2,16,16000,72960,72960,4.56,NONE,14626.0,929.4719532009993,0.6551123903508772,moja,one
id_ra6xbk0e6wo0.wav,1,2,16,16000,136960,136960,8.56,NONE,9707.0,496.0671543812974,0.8127044392523365,tisa,nine
id_ynada2n1kspe.wav,1,2,16,16000,74240,74240,4.64,NONE,16525.0,1585.9941460284556,0.8731276939655173,nne,four
id_a942p72yyue2.wav,1,2,16,16000,65536,65536,4.096,NONE,15662.0,930.4229980043776,0.85662841796875,saba,seven
id_wuwxoawstn3c.wav,1,2,16,16000,72960,72960,4.56,NONE,9039.0,415.53904567274833,0.8951206140350877,hapana,no
id_s4gpgrtb6a1g.wav,1,2,16,16000,65280,65280,4.08,NONE,10344.0,577.1214334594872,0.5090686274509804,sita,six
id_n8er949u5qwr.wav,1,2,16,16000,74240,74240,4.64,NONE,29581.0,1382.7296261256274,0.9332974137931035,tano,five
id_2toxc1ee6ven.wav,1,2,16,16000,87040,87040,5.44,NONE,15431.0,972.4931873532737,0.8902573529411765,hapana,no
id_ppyucw2y1afd.wav,1,2,16,16000,74240,74240,4.64,NONE,28772.0,2033.325256903992,0.8804283405172414,nne,four
id_iipcchonorm2.wav,1,2,16,16000,92160,92160,5.76,NONE,5683.0,571.9102412202345,0.7736762152777777,ndio,yes
id_q6v2cje7qrql.wav,1,2,16,16000,66560,66560,4.16,NONE,4837.0,345.15749124859514,0.8852013221153846,moja,one
id_2m296j37x3t4.wav,1,2,16,16000,66560,66560,4.16,NONE,11988.0,611.6805730546982,0.8884014423076924,hapana,no
id_6gcyp7hpqffg.wav,1,2,16,16000,59392,59392,3.712,NONE,12611.0,1652.8867535364193,0.8495083512931034,kumi,ten
id_uy4dyk2y8itg.wav,1,2,16,16000,62720,62720,3.92,NONE,5351.0,593.9602609582366,0.8317920918367347,ndio,yes
id_vvpk26kq3l1z.wav,1,2,16,16000,65536,65536,4.096,NONE,9297.0,1008.0840639831396,0.857757568359375,tano,five
id_4nn0ijj9up0r.wav,1,2,16,16000,60160,60160,3.76,NONE,24822.0,1244.5243114680832,0.49933510638297873,tatu,three
id_ojou06d0zosy.wav,1,2,16,16000,73728,73728,4.608,NONE,6689.0,298.23874235121787,0.9102376302083334,tatu,three
id_p28wynywbb5x.wav,1,2,16,16000,67840,67840,4.24,NONE,9234.0,946.9904202024372,0.565683962264151,nne,four
id_algcdtnmm5au.wav,1,2,16,16000,61440,61440,3.84,NONE,11458.0,765.6892244214896,0.88486328125,mbili,two
id_1wunkz2ebred.wav,1,2,16,16000,58880,58880,3.68,NONE,25499.0,1329.4404706032224,0.6872622282608696,tatu,three
id_nhunsq3lf4nz.wav,1,2,16,16000,204800,204800,12.8,NONE,18138.0,657.2241324193559,0.833740234375,tatu,three
id_o97vo4l5b94c.wav,1,2,16,16000,66560,66560,4.16,NONE,6568.0,544.6040560394013,0.5672776442307692,sita,six
id_jeubabq2oi9o.wav,1,2,16,16000,94208,94208,5.888,NONE,3891.0,264.4626675675407,0.8129988960597826,moja,one
id_mgfvj28nqnik.wav,1,2,16,16000,62720,62720,3.92,NONE,16459.0,1426.5203232918443,0.9011639030612245,mbili,two
id_e6igencrkmg2.wav,1,2,16,16000,128000,128000,8.0,NONE,28920.0,1503.1249008835728,0.9109453125,hapana,no
id_sjrh07s2ulh9.wav,1,2,16,16000,70400,70400,4.4,NONE,5271.0,301.39010835588607,0.9062642045454545,moja,one
id_uf254b33d0pu.wav,1,2,16,16000,70400,70400,4.4,NONE,11117.0,578.9596603474711,0.8906107954545455,hapana,no
id_52lvcoiercqe.wav,1,2,16,16000,67840,67840,4.24,NONE,14364.0,971.96372553501,0.8751621462264151,nne,four
id_yc3x5rwpzq3m.wav,1,2,16,16000,84480,84480,5.28,NONE,6000.0,349.38141978570826,0.8931818181818182,saba,seven
id_rzohz9x3f23o.wav,1,2,16,16000,49920,49920,3.12,NONE,5330.0,436.243509727821,0.7977764423076923,saba,seven
id_llfpfcgu2tqq.wav,1,2,16,16000,61440,61440,3.84,NONE,19772.0,1391.860390799743,0.8768717447916666,moja,one
id_mqtcnjq5fqfj.wav,1,2,16,16000,89600,89600,5.6,NONE,29297.0,2533.430188217435,0.9302455357142857,ndio,yes
id_c8xurp64t3ta.wav,1,2,16,16000,49920,49920,3.12,NONE,10690.0,762.8170772664905,0.40068108974358974,sita,six
id_oh6xpep9ubui.wav,1,2,16,16000,81920,81920,5.12,NONE,12662.0,931.2055266488318,0.78197021484375,kumi,ten
id_1v5wfsshg1a7.wav,1,2,16,16000,62720,62720,3.92,NONE,8539.0,138.5333401032151,0.8808354591836735,tatu,three
id_ne8acq8h96dm.wav,1,2,16,16000,71680,71680,4.48,NONE,13162.0,1178.1887831587776,0.9080915178571428,nne,four
id_ow5408yh3eu1.wav,1,2,16,16000,62720,62720,3.92,NONE,18823.0,1179.1477942138931,0.8665019132653061,tano,five
id_3y2ejb6ohxxw.wav,1,2,16,16000,61440,61440,3.84,NONE,8670.0,488.08928901660437,0.8802571614583333,tano,five
id_ttoscaav1le9.wav,1,2,16,16000,46080,46080,2.88,NONE,10698.0,775.1457051792344,0.7804253472222222,tano,five
id_1ztxm5ucc5hg.wav,1,2,16,16000,106240,106240,6.64,NONE,13146.0,536.0476899000112,0.9450677710843374,tatu,three
id_seua7u84lcir.wav,1,2,16,16000,88320,88320,5.52,NONE,32767.0,2229.910607298445,0.9146173007246376,kumi,ten
id_3yeiwg6otoyt.wav,1,2,16,16000,67840,67840,4.24,NONE,16515.0,1129.0499822990482,0.8733637971698113,nane,eight
id_ziibvxfrmy4a.wav,1,2,16,16000,64000,64000,4.0,NONE,9523.0,649.4385738129896,0.560046875,tano,five
id_yw98ixv6h17e.wav,1,2,16,16000,72960,72960,4.56,NONE,6716.0,529.502802865927,0.8741502192982457,mbili,two
id_ekbsdsm1j5k2.wav,1,2,16,16000,60160,60160,3.76,NONE,6215.0,205.73968358970134,0.8788896276595745,sita,six
id_zvs2k33iy4i0.wav,1,2,16,16000,53760,53760,3.36,NONE,18347.0,2545.8858720808194,0.8372395833333334,kumi,ten
id_1h6vo8fba8gz.wav,1,2,16,16000,76800,76800,4.8,NONE,8830.0,858.162742455685,0.47432291666666665,ndio,yes
id_5aly5y4f0ihq.wav,1,2,16,16000,79360,79360,4.96,NONE,22273.0,1048.6906716044448,0.8508316532258065,tatu,three
id_iqmv6ej4um5w.wav,1,2,16,16000,108800,108800,6.8,NONE,4660.0,363.72929925178033,0.41435661764705883,kumi,ten
id_e1bgrj0mjgbz.wav,1,2,16,16000,75776,75776,4.736,NONE,12968.0,725.2555100690046,0.901340793918919,tatu,three
id_3n0gpmzmnb19.wav,1,2,16,16000,61440,61440,3.84,NONE,13110.0,1199.0144918813685,0.86982421875,nne,four
id_n7a9ge9ge95s.wav,1,2,16,16000,101120,101120,6.32,NONE,6867.0,341.3966247339696,0.9014636075949367,tisa,nine
id_50v96vxlekxs.wav,1,2,16,16000,83968,83968,5.248,NONE,14058.0,853.2836366402012,0.8858850990853658,saba,seven
id_6515i93uhpj7.wav,1,2,16,16000,66560,66560,4.16,NONE,4568.0,472.9575469436316,0.882001201923077,mbili,two
id_6mxwx62c6tni.wav,1,2,16,16000,62720,62720,3.92,NONE,9057.0,575.7726427824251,0.9111926020408163,tisa,nine
id_enrkelzb1agh.wav,1,2,16,16000,78080,78080,4.88,NONE,32573.0,2096.1760275739775,0.8861039959016394,sita,six
id_c8klybca8kzh.wav,1,2,16,16000,84480,84480,5.28,NONE,12930.0,841.3433380260489,0.8006392045454546,moja,one
id_h03z2rj1k2ti.wav,1,2,16,16000,81920,81920,5.12,NONE,2742.0,178.6686132941789,0.88514404296875,moja,one
id_ndbf7xm50qjl.wav,1,2,16,16000,120832,120832,7.552,NONE,16451.0,748.4123211780134,0.893116061970339,nane,eight
id_h9yezkgb7zsn.wav,1,2,16,16000,121600,121600,7.6,NONE,8412.0,929.035631584327,0.8753700657894737,tano,five
id_x6gdi6y6gmli.wav,1,2,16,16000,63488,63488,3.968,NONE,17274.0,1718.267866917466,0.7537487399193549,mbili,two
id_6b7vc2apvvhy.wav,1,2,16,16000,48640,48640,3.04,NONE,6433.0,429.95766329793264,0.4312705592105263,ndio,yes
id_jblr6ktr6x48.wav,1,2,16,16000,61440,61440,3.84,NONE,28600.0,2642.4532330181646,0.8591796875,sita,six
id_j6i8e20mrdad.wav,1,2,16,16000,79360,79360,4.96,NONE,8555.0,142.44562545826943,0.8983618951612903,kumi,ten
id_c52t02j4lqgm.wav,1,2,16,16000,71680,71680,4.48,NONE,20509.0,986.2489722306454,0.9031668526785714,tatu,three
id_u201xgh6wl65.wav,1,2,16,16000,83200,83200,5.2,NONE,11860.0,773.879742205877,0.9093870192307693,tisa,nine
id_xa69aswwmi5f.wav,1,2,16,16000,57600,57600,3.6,NONE,10135.0,1520.1762681111925,0.8818576388888889,kumi,ten
id_61k9l4k2fue7.wav,1,2,16,16000,87040,87040,5.44,NONE,10495.0,508.33028676813274,0.7126608455882353,tano,five
id_hjg1xndevdf0.wav,1,2,16,16000,59392,59392,3.712,NONE,9346.0,406.7870389320479,0.9224137931034483,tatu,three
id_16kqhay4iooq.wav,1,2,16,16000,46080,46080,2.88,NONE,1746.0,277.51507900566565,0.13326822916666667,tatu,three
id_mzgeu8maaaih.wav,1,2,16,16000,65280,65280,4.08,NONE,11846.0,1084.6908805187943,0.6525888480392157,moja,one
id_jlg45p65eems.wav,1,2,16,16000,56320,56320,3.52,NONE,8640.0,244.3626421689373,0.9556818181818182,tatu,three
id_bceebr77n82u.wav,1,2,16,16000,52480,52480,3.28,NONE,7749.0,787.8443595351634,0.7842606707317074,ndio,yes
id_4n81rytif4wy.wav,1,2,16,16000,102400,102400,6.4,NONE,14482.0,1203.2083400234364,0.809130859375,tisa,nine
id_gb24a3tmudm5.wav,1,2,16,16000,69120,69120,4.32,NONE,11320.0,767.6077234126973,0.7688078703703703,sita,six
id_5jnqlg9ydxwi.wav,1,2,16,16000,46080,46080,2.88,NONE,13967.0,896.713442669334,0.3103298611111111,nane,eight
id_u6asbbej1msh.wav,1,2,16,16000,53760,53760,3.36,NONE,16964.0,1373.069209729102,0.6450706845238096,tisa,nine
id_ettvq7khrcrl.wav,1,2,16,16000,67840,67840,4.24,NONE,18982.0,1040.5808272255388,0.8870430424528302,nane,eight
id_lj2i1tb0ws4h.wav,1,2,16,16000,64000,64000,4.0,NONE,9904.0,846.6157803831381,0.84690625,nane,eight
id_18qdpl0oqimu.wav,1,2,16,16000,80640,80640,5.04,NONE,8742.0,833.2790446602154,0.7326388888888888,nne,four
id_ba57opmtt2kb.wav,1,2,16,16000,77824,77824,4.864,NONE,11298.0,692.7631037110623,0.5359529194078947,tisa,nine
id_4ycyr4jpvbs1.wav,1,2,16,16000,74240,74240,4.64,NONE,32768.0,2223.6379062032775,0.8536907327586207,tano,five
id_xdj1emjyd65v.wav,1,2,16,16000,67840,67840,4.24,NONE,30968.0,2400.490170011888,0.9158018867924528,kumi,ten
id_78b7b1p7q85a.wav,1,2,16,16000,62720,62720,3.92,NONE,28760.0,3024.5574489089536,0.8504145408163265,saba,seven
id_5ptm51eulhnr.wav,1,2,16,16000,59392,59392,3.712,NONE,12823.0,1022.5746828229373,0.8471342941810345,moja,one
id_ay9zcb9a737m.wav,1,2,16,16000,48640,48640,3.04,NONE,3032.0,467.77784075982163,0.15947779605263157,moja,one
id_z0y2flfli4nh.wav,1,2,16,16000,86016,86016,5.376,NONE,16501.0,1251.0806424039572,0.8686755952380952,sita,six
id_v296vn6dqina.wav,1,2,16,16000,75520,75520,4.72,NONE,28340.0,2294.628378713709,0.9152939618644068,ndio,yes
id_fv1aju79q0il.wav,1,2,16,16000,67584,67584,4.224,NONE,16980.0,1570.408391765366,0.6557173295454546,nane,eight
id_e2ww8ffnbj6r.wav,1,2,16,16000,93440,93440,5.84,NONE,9188.0,569.3660999372069,0.9037029109589041,moja,one
id_ewsdcy9m4ihe.wav,1,2,16,16000,58880,58880,3.68,NONE,11630.0,554.3148976353505,0.8965692934782609,tisa,nine
id_801xij8qyrxx.wav,1,2,16,16000,60160,60160,3.76,NONE,6263.0,562.5056127527303,0.8095079787234043,ndio,yes
id_mr1a29uxppv7.wav,1,2,16,16000,143360,143360,8.96,NONE,12653.0,922.1057259167276,0.3284458705357143,sita,six
id_xhq7jxdbjv9z.wav,1,2,16,16000,70400,70400,4.4,NONE,28823.0,1536.1729520585773,0.8935085227272728,saba,seven
id_zm5lgpm8oe4j.wav,1,2,16,16000,78080,78080,4.88,NONE,5919.0,635.016027534274,0.26942879098360656,hapana,no
id_08qmc49cjsdi.wav,1,2,16,16000,62720,62720,3.92,NONE,5939.0,421.19371923508874,0.8839604591836735,ndio,yes
id_k2c2un1wo124.wav,1,2,16,16000,58880,58880,3.68,NONE,29716.0,1401.074235167091,0.8882472826086957,ndio,yes
id_6ieub8u26ta7.wav,1,2,16,16000,61440,61440,3.84,NONE,7990.0,791.3044005497676,0.863134765625,nne,four
id_qwd72p134a31.wav,1,2,16,16000,53760,53760,3.36,NONE,12751.0,1082.4631572365656,0.9028087797619048,tisa,nine
id_k0aljwmcakxt.wav,1,2,16,16000,65280,65280,4.08,NONE,26989.0,1449.9437308639147,0.8888480392156862,nane,eight
id_nk62wcksti5e.wav,1,2,16,16000,74240,74240,4.64,NONE,11412.0,384.2500531256273,0.8765759698275862,saba,seven
id_cvoe2wd90f0s.wav,1,2,16,16000,71680,71680,4.48,NONE,18669.0,1217.3471132567638,0.9180524553571429,kumi,ten
id_xf9oj7ebxx3g.wav,1,2,16,16000,83200,83200,5.2,NONE,16427.0,1668.5816391589779,0.7964663461538461,nne,four
id_zzkwbl3d8s9e.wav,1,2,16,16000,69120,69120,4.32,NONE,13039.0,841.3746500178789,0.8919849537037037,tano,five
id_eo443xz6dvrv.wav,1,2,16,16000,69120,69120,4.32,NONE,27683.0,3249.4605905485846,0.854759837962963,ndio,yes
id_998drlacm150.wav,1,2,16,16000,65280,65280,4.08,NONE,27936.0,1845.4115045787532,0.9028645833333333,nne,four
id_sxrx6ekmuk7t.wav,1,2,16,16000,67840,67840,4.24,NONE,4499.0,244.1771289709583,0.7113207547169811,tatu,three
id_6w23l98c6r70.wav,1,2,16,16000,46080,46080,2.88,NONE,5234.0,414.8399689354786,0.2692057291666667,tisa,nine
id_9dhrv0vgwhij.wav,1,2,16,16000,231680,231680,14.48,NONE,15060.0,879.2505457237769,0.9429903314917127,nne,four
id_c11698pwq9j9.wav,1,2,16,16000,80640,80640,5.04,NONE,28669.0,1381.7671458811387,0.8976810515873016,saba,seven
id_q3r45ppcwmdv.wav,1,2,16,16000,79360,79360,4.96,NONE,13126.0,1486.3552713572662,0.8298639112903226,ndio,yes
id_c02vgvnfyxxe.wav,1,2,16,16000,98560,98560,6.16,NONE,16961.0,1177.4776357540268,0.8432934253246753,hapana,no
id_iavnk56925o1.wav,1,2,16,16000,64000,64000,4.0,NONE,8428.0,471.78112698713375,0.811953125,moja,one
id_l5cs9d1obloa.wav,1,2,16,16000,101120,101120,6.32,NONE,14047.0,1705.175725039343,0.7824564873417722,kumi,ten
id_qm1pra4t7f40.wav,1,2,16,16000,57600,57600,3.6,NONE,25213.0,1899.100759894703,0.5844097222222222,sita,six
id_4xi7ms5fz6ud.wav,1,2,16,16000,108800,108800,6.8,NONE,9769.0,416.41399716057816,0.9245496323529412,nne,four
id_obmy94ur8o5d.wav,1,2,16,16000,90112,90112,5.632,NONE,21303.0,1198.5049069924416,0.8562122691761364,tisa,nine
id_4huet176wevp.wav,1,2,16,16000,76800,76800,4.8,NONE,18735.0,1229.8903039668485,0.8757161458333333,tano,five
id_j0lpay3n0mlv.wav,1,2,16,16000,74240,74240,4.64,NONE,7401.0,428.15735971337006,0.6161233836206896,saba,seven
id_hi0rn1tc0m2h.wav,1,2,16,16000,89600,89600,5.6,NONE,9590.0,554.7755038035978,0.8933705357142857,nane,eight
id_ut0mcm0gym19.wav,1,2,16,16000,65280,65280,4.08,NONE,6563.0,557.5784234111615,0.7302389705882353,tano,five
id_7izpg0ych4rw.wav,1,2,16,16000,47360,47360,2.96,NONE,5335.0,516.2861427412665,0.45502533783783783,nne,four
id_kc81qphk3oc1.wav,1,2,16,16000,74240,74240,4.64,NONE,7183.0,508.2226897838182,0.818817349137931,saba,seven
id_28kyrhue1oaq.wav,1,2,16,16000,57600,57600,3.6,NONE,11615.0,942.2416597940195,0.8567708333333334,hapana,no
id_5ncegxts20gf.wav,1,2,16,16000,92160,92160,5.76,NONE,10461.0,406.0817696279063,0.7094509548611111,tisa,nine
id_rjlalb8r1r8f.wav,1,2,16,16000,94720,94720,5.92,NONE,14864.0,1789.2393377344374,0.8893369932432432,nne,four
id_dc5mxkwqf8l5.wav,1,2,16,16000,65536,65536,4.096,NONE,8543.0,655.0137928449589,0.8990325927734375,ndio,yes
id_rd7yrzw43vsc.wav,1,2,16,16000,79360,79360,4.96,NONE,4747.0,591.8382034581585,0.8858744959677419,nne,four
id_xxmzi256jrtl.wav,1,2,16,16000,79360,79360,4.96,NONE,12042.0,1094.6786634774066,0.8797505040322581,kumi,ten
id_noyobejbarfw.wav,1,2,16,16000,604160,604160,37.76,NONE,13114.0,470.1323893609312,0.9780852754237288,moja,one
id_300k76hkwos8.wav,1,2,16,16000,70400,70400,4.4,NONE,4459.0,377.2639793105449,0.7345028409090909,ndio,yes
id_2ktye9zaa2ib.wav,1,2,16,16000,72960,72960,4.56,NONE,10859.0,660.136240808047,0.8766036184210526,nane,eight
id_g1jm3297ckjs.wav,1,2,16,16000,69632,69632,4.352,NONE,10576.0,547.2072846994947,0.8971449908088235,tatu,three
id_zaax3uv4292f.wav,1,2,16,16000,67584,67584,4.224,NONE,19764.0,1443.357436719595,0.8398141571969697,hapana,no
id_3xx4pol9dbpn.wav,1,2,16,16000,74240,74240,4.64,NONE,9069.0,752.6799829240208,0.9207839439655172,kumi,ten
id_6vqfo2fcyhr5.wav,1,2,16,16000,51200,51200,3.2,NONE,20105.0,1925.44812775007,0.59259765625,kumi,ten
id_yc018au091ct.wav,1,2,16,16000,94720,94720,5.92,NONE,13325.0,867.5026156896951,0.9073902027027027,ndio,yes
id_sn4rzxvo7kbx.wav,1,2,16,16000,57600,57600,3.6,NONE,13018.0,1492.6972145375614,0.8641319444444444,mbili,two
id_cy4a9ip6pbrj.wav,1,2,16,16000,76800,76800,4.8,NONE,32767.0,1739.156837153783,0.9003645833333334,sita,six
id_cjdee4mrvxeu.wav,1,2,16,16000,69120,69120,4.32,NONE,29735.0,2825.078966657925,0.7928530092592593,nane,eight
id_fwm22sqiwyb8.wav,1,2,16,16000,131840,131840,8.24,NONE,23424.0,2637.0306792459364,0.8553094660194175,mbili,two
id_ctr35dvbvp5r.wav,1,2,16,16000,69632,69632,4.352,NONE,19781.0,1305.1867867296528,0.8633243336397058,saba,seven
id_cuijy481yr6h.wav,1,2,16,16000,67584,67584,4.224,NONE,10857.0,1279.1100193430614,0.8389707623106061,kumi,ten
id_ntz8g3f8xvhk.wav,1,2,16,16000,66560,66560,4.16,NONE,19847.0,1289.7526822380112,0.8870643028846154,tano,five
id_oal51gwn78qv.wav,1,2,16,16000,46080,46080,2.88,NONE,3941.0,274.4008242481977,0.3555772569444444,nane,eight
id_kfv0m2g0edvq.wav,1,2,16,16000,57600,57600,3.6,NONE,9734.0,986.6326795948148,0.7908506944444444,moja,one
id_xjqiv525rt55.wav,1,2,16,16000,65536,65536,4.096,NONE,10717.0,1231.984143173674,0.8672943115234375,kumi,ten
id_nlowltxafnw9.wav,1,2,16,16000,71680,71680,4.48,NONE,15310.0,1600.3163579410984,0.8802594866071428,tisa,nine
id_1ea2yuhr58qg.wav,1,2,16,16000,70400,70400,4.4,NONE,15085.0,1127.4801151554836,0.8965340909090909,tisa,nine
id_akchazsbgsvf.wav,1,2,16,16000,79872,79872,4.992,NONE,25211.0,1442.0846403039875,0.8609775641025641,hapana,no
id_pl700q0bb27a.wav,1,2,16,16000,56320,56320,3.52,NONE,15393.0,939.8794978276683,0.7566938920454546,nane,eight
id_g8p41c3kzbwn.wav,1,2,16,16000,79872,79872,4.992,NONE,11527.0,770.3584428181299,0.9071764823717948,tisa,nine
id_ntuwsldb6506.wav,1,2,16,16000,66560,66560,4.16,NONE,13982.0,1621.5981500965752,0.41790865384615383,nane,eight
id_fci2f40qtjxu.wav,1,2,16,16000,69120,69120,4.32,NONE,10267.0,1088.6599129954195,0.33096064814814813,tisa,nine
id_64t9bbodqif3.wav,1,2,16,16000,76800,76800,4.8,NONE,28711.0,1908.8638965315915,0.9251302083333334,nne,four
id_o9s5yumsgbtu.wav,1,2,16,16000,57600,57600,3.6,NONE,9088.0,443.88891176687815,0.8758680555555556,tisa,nine
id_3fz0wezf35yu.wav,1,2,16,16000,58880,58880,3.68,NONE,3416.0,292.0082104544769,0.9052649456521739,ndio,yes
id_eui48zuwdrrj.wav,1,2,16,16000,66560,66560,4.16,NONE,1893.0,79.53121750792747,0.7733173076923077,mbili,two
id_mquvxgotnzi6.wav,1,2,16,16000,55040,55040,3.44,NONE,4440.0,452.11169058037825,0.8506359011627908,saba,seven
id_0r3yinjho1sp.wav,1,2,16,16000,136960,136960,8.56,NONE,13594.0,624.4562900456446,0.920356308411215,mbili,two
id_hbu1iqqgwno1.wav,1,2,16,16000,89600,89600,5.6,NONE,24377.0,1402.5259616183198,0.8817633928571429,tano,five
id_gzdbwu53bs8p.wav,1,2,16,16000,52480,52480,3.28,NONE,17640.0,1536.4499442150748,0.6296303353658537,ndio,yes
id_ee76x2cfzou6.wav,1,2,16,16000,60160,60160,3.76,NONE,3623.0,642.2442060950282,0.8644448138297872,nne,four
id_hrm17h8jh93t.wav,1,2,16,16000,61440,61440,3.84,NONE,16121.0,932.7554385813706,0.8493977864583333,hapana,no
id_m4h70hpvqkae.wav,1,2,16,16000,75520,75520,4.72,NONE,32768.0,3007.3457809943493,0.8662208686440678,nne,four
id_hycb5tfa3b9r.wav,1,2,16,16000,55040,55040,3.44,NONE,8434.0,781.1575437617383,0.5216388081395349,kumi,ten
id_zt8g7h15360k.wav,1,2,16,16000,77824,77824,4.864,NONE,19662.0,2241.4588944413617,0.8208778782894737,mbili,two
id_0a9r27bb48na.wav,1,2,16,16000,60160,60160,3.76,NONE,15353.0,1006.060869805264,0.9073969414893617,kumi,ten
id_d5f9fr569wrb.wav,1,2,16,16000,56320,56320,3.52,NONE,6056.0,1004.8174364495471,0.846377840909091,nne,four
id_y86egnshxs21.wav,1,2,16,16000,72960,72960,4.56,NONE,13803.0,1016.5698566374049,0.7464638157894737,hapana,no
id_ytmbth2ezy9r.wav,1,2,16,16000,44800,44800,2.8,NONE,2913.0,449.4489380112765,0.305,nne,four
id_e1rgk0c4kifw.wav,1,2,16,16000,55040,55040,3.44,NONE,21798.0,1168.5021969997183,0.896875,tano,five
id_c71ebac7m7b2.wav,1,2,16,16000,61440,61440,3.84,NONE,12056.0,1010.411478962735,0.8785319010416667,nne,four
id_yn8wcaporh2v.wav,1,2,16,16000,84480,84480,5.28,NONE,20537.0,1111.1085562166807,0.5796875,tano,five
id_jhvjm9plbiut.wav,1,2,16,16000,60160,60160,3.76,NONE,8087.0,302.94242439777236,0.904404920212766,tano,five
id_12693x5drnl0.wav,1,2,16,16000,46080,46080,2.88,NONE,2970.0,429.5027386358086,0.1134982638888889,hapana,no
id_kg7d9hl7uy6l.wav,1,2,16,16000,94720,94720,5.92,NONE,19403.0,826.6848231154516,0.9318095439189189,tano,five
id_xlks99i50b3r.wav,1,2,16,16000,61440,61440,3.84,NONE,5763.0,441.15743258191355,0.8507975260416667,moja,one
id_co8pajamwgvk.wav,1,2,16,16000,64000,64000,4.0,NONE,16558.0,965.8543388902516,0.73665625,hapana,no
id_usbe24qaq2zj.wav,1,2,16,16000,75520,75520,4.72,NONE,24029.0,1399.3980589797047,0.7266551906779661,tano,five
id_7yq99yz8tc3u.wav,1,2,16,16000,85760,85760,5.36,NONE,14128.0,1230.6156546219672,0.6575326492537313,mbili,two
id_b12sv0nhjhi8.wav,1,2,16,16000,96000,96000,6.0,NONE,21396.0,1602.072424324584,0.8520520833333334,tatu,three
id_3ezd31cok7yj.wav,1,2,16,16000,57600,57600,3.6,NONE,8951.0,340.6940872342649,0.9299826388888889,tatu,three
id_91p3i9pqe9hy.wav,1,2,16,16000,70400,70400,4.4,NONE,32767.0,2729.955263093943,0.8690767045454545,nane,eight
id_2dd7i5w6pm0x.wav,1,2,16,16000,67584,67584,4.224,NONE,16869.0,1610.0759559030828,0.7717950994318182,moja,one
id_0tohz5ikljpv.wav,1,2,16,16000,65280,65280,4.08,NONE,13884.0,558.5878724323989,0.9033088235294118,tatu,three
id_7hr9nfleioqe.wav,1,2,16,16000,73728,73728,4.608,NONE,21924.0,1653.1470076422154,0.871826171875,tisa,nine
id_kkxr5l6hj6ab.wav,1,2,16,16000,51200,51200,3.2,NONE,11753.0,700.075283214576,0.73515625,sita,six
id_wbq9ec6u2q00.wav,1,2,16,16000,79360,79360,4.96,NONE,15494.0,1466.406900168708,0.48724798387096774,mbili,two
id_how31nso2xo5.wav,1,2,16,16000,69120,69120,4.32,NONE,20653.0,1605.5245646714068,0.8844328703703703,mbili,two
id_a9bt0wl3ppod.wav,1,2,16,16000,71680,71680,4.48,NONE,4313.0,400.4128610985758,0.8407784598214286,hapana,no
id_4wz8yh8w8d72.wav,1,2,16,16000,60160,60160,3.76,NONE,15159.0,1390.335193684556,0.8394448138297872,nane,eight
id_yiiunjzt7k88.wav,1,2,16,16000,71680,71680,4.48,NONE,15141.0,799.8025265309634,0.8163504464285715,hapana,no
id_1nnv73elkrvs.wav,1,2,16,16000,71680,71680,4.48,NONE,7472.0,768.4288492948267,0.8680803571428571,ndio,yes
id_k07b4nf1idae.wav,1,2,16,16000,44800,44800,2.8,NONE,10131.0,736.8207031825266,0.5021651785714286,ndio,yes
id_e9hyz60vn1mb.wav,1,2,16,16000,67840,67840,4.24,NONE,26829.0,2245.4025699788644,0.45819575471698115,sita,six
id_a5n934nl7sny.wav,1,2,16,16000,51200,51200,3.2,NONE,8535.0,493.3583846486497,0.64216796875,tano,five
id_cnhztqv0936z.wav,1,2,16,16000,75776,75776,4.736,NONE,12967.0,1076.4119458185742,0.655590160472973,kumi,ten
id_a8ehzbfonu66.wav,1,2,16,16000,65280,65280,4.08,NONE,10190.0,531.2481498958557,0.835171568627451,saba,seven
id_xr6h9mdb7ah8.wav,1,2,16,16000,53760,53760,3.36,NONE,21550.0,2023.7924242589938,0.6043526785714286,sita,six
id_798ixpgenmb2.wav,1,2,16,16000,58880,58880,3.68,NONE,12609.0,643.1354130436837,0.8813688858695652,tano,five
id_4zu9um5qtb5s.wav,1,2,16,16000,94720,94720,5.92,NONE,15171.0,873.9171178700243,0.882664695945946,kumi,ten
id_r7081y0xtos0.wav,1,2,16,16000,44800,44800,2.8,NONE,2664.0,293.80911753150696,0.17734375,mbili,two
id_x6pwbbauckx0.wav,1,2,16,16000,58880,58880,3.68,NONE,7719.0,550.3693618007522,0.8851052989130435,tatu,three
id_7p69sna3ha9y.wav,1,2,16,16000,64000,64000,4.0,NONE,12453.0,760.2362935401236,0.7171875,nne,four
id_efkmat6yqp5e.wav,1,2,16,16000,75520,75520,4.72,NONE,2862.0,234.6201816437237,0.6221663135593221,mbili,two
id_dihamc9u39ww.wav,1,2,16,16000,75776,75776,4.736,NONE,21845.0,1929.7221814847637,0.8700775971283784,kumi,ten
id_pkzcetb1qkps.wav,1,2,16,16000,72960,72960,4.56,NONE,12112.0,495.2761364564234,0.796641995614035,moja,one
id_2x82riggnjvw.wav,1,2,16,16000,70400,70400,4.4,NONE,32767.0,3317.3832736966456,0.74640625,kumi,ten
id_3fee2wtkma23.wav,1,2,16,16000,72960,72960,4.56,NONE,16854.0,2563.2330325094063,0.6534813596491228,nane,eight
id_qanj7xspevy0.wav,1,2,16,16000,99840,99840,6.24,NONE,13885.0,618.1731500473821,0.9092548076923077,hapana,no
id_qtrotyfmkb31.wav,1,2,16,16000,53760,53760,3.36,NONE,5922.0,530.8311239219644,0.37587425595238094,moja,one
id_5htphtiy5uac.wav,1,2,16,16000,74240,74240,4.64,NONE,11897.0,701.4134315747984,0.8633216594827586,moja,one
id_h1a84dsaneua.wav,1,2,16,16000,64000,64000,4.0,NONE,25491.0,1498.4892290758216,0.9049375,tatu,three
id_zf3zp667phpo.wav,1,2,16,16000,65280,65280,4.08,NONE,21043.0,1078.2993443077096,0.8920343137254902,saba,seven
id_u206v9cl7e63.wav,1,2,16,16000,66560,66560,4.16,NONE,5669.0,480.50881368299923,0.6167217548076923,sita,six
id_t22q3pi1hoc5.wav,1,2,16,16000,117760,117760,7.36,NONE,11654.0,875.0694910779105,0.5928328804347827,sita,six
id_cbgyigy1pqzz.wav,1,2,16,16000,76800,76800,4.8,NONE,9956.0,774.0385543328898,0.6651171875,sita,six
id_lwlx3d7p65k7.wav,1,2,16,16000,63488,63488,3.968,NONE,18686.0,1257.887305285338,0.8595167590725806,tano,five
id_q022n07kg3sn.wav,1,2,16,16000,62720,62720,3.92,NONE,8907.0,618.628462617783,0.8893813775510204,moja,one
id_p2o83qzep1c9.wav,1,2,16,16000,90880,90880,5.68,NONE,2516.0,154.62591618052096,0.7689700704225352,tisa,nine
id_pmfftku2wn4t.wav,1,2,16,16000,55040,55040,3.44,NONE,9829.0,785.8244079019853,0.8214934593023255,hapana,no
id_kjugrfyhbed7.wav,1,2,16,16000,60160,60160,3.76,NONE,19518.0,1023.4025113395464,0.8956449468085106,moja,one
id_g36hjyb1uu6h.wav,1,2,16,16000,58880,58880,3.68,NONE,9956.0,664.2101222873023,0.8448879076086957,tano,five
id_aaowqeym43w2.wav,1,2,16,16000,55040,55040,3.44,NONE,22474.0,1488.5189939801508,0.583375726744186,ndio,yes
id_hgwjqp04scsi.wav,1,2,16,16000,61440,61440,3.84,NONE,11170.0,767.1633538185054,0.8318033854166667,moja,one
id_g6ui4xctk8hu.wav,1,2,16,16000,58880,58880,3.68,NONE,10539.0,596.2957739670398,0.8966032608695652,kumi,ten
id_3c9kgshkpw5z.wav,1,2,16,16000,103680,103680,6.48,NONE,32767.0,2881.2852831805662,0.9203703703703704,nane,eight
id_96bdnvk7bxs4.wav,1,2,16,16000,57600,57600,3.6,NONE,12480.0,1077.921823101634,0.8699305555555555,nne,four
id_u02jty16yn6s.wav,1,2,16,16000,61440,61440,3.84,NONE,2024.0,295.3378504881987,0.29664713541666665,tano,five
id_az3ul0wqaxzy.wav,1,2,16,16000,60160,60160,3.76,NONE,29323.0,1600.1621705339676,0.8801529255319149,tatu,three
id_gy8ohvh72rm7.wav,1,2,16,16000,136960,136960,8.56,NONE,8897.0,363.54344209101504,0.45865946261682244,tatu,three
id_kv9i7cott9yv.wav,1,2,16,16000,61440,61440,3.84,NONE,18591.0,1333.3815264951618,0.7737955729166667,tano,five
id_icv7dc1m2lrs.wav,1,2,16,16000,65536,65536,4.096,NONE,22302.0,1723.9544751248093,0.8273773193359375,nne,four
id_7jzwoaacfbpo.wav,1,2,16,16000,69120,69120,4.32,NONE,1533.0,185.51492913588294,0.649074074074074,hapana,no
id_zu7epoy0q31e.wav,1,2,16,16000,52480,52480,3.28,NONE,2929.0,171.1953662072171,0.8407583841463414,moja,one
id_4semjrxvrfrd.wav,1,2,16,16000,65280,65280,4.08,NONE,13045.0,1050.8011595806806,0.8510876225490196,moja,one
id_jau8lr8cqqko.wav,1,2,16,16000,64000,64000,4.0,NONE,21540.0,2735.3499161013433,0.84471875,kumi,ten
id_qbuogj3a8wv1.wav,1,2,16,16000,72960,72960,4.56,NONE,10667.0,703.1846322568596,0.800452302631579,saba,seven
id_t06cia8cn32n.wav,1,2,16,16000,99840,99840,6.24,NONE,32704.0,1857.6479326790798,0.9332532051282051,tano,five
id_axoylmnwo3s9.wav,1,2,16,16000,69120,69120,4.32,NONE,5955.0,374.15436731594787,0.8483796296296297,nane,eight
id_xp89pwxj17yh.wav,1,2,16,16000,128000,128000,8.0,NONE,16849.0,3147.5413586962004,0.7221875,kumi,ten
id_beukdhd0grnw.wav,1,2,16,16000,55040,55040,3.44,NONE,15409.0,1458.8491725059744,0.6331213662790698,mbili,two
id_yqsyxoy7jbn4.wav,1,2,16,16000,56320,56320,3.52,NONE,14839.0,1313.0382271695378,0.8127840909090909,hapana,no
id_n3hyjqutup8w.wav,1,2,16,16000,63488,63488,3.968,NONE,16255.0,1267.5760929422302,0.8798985635080645,tano,five
id_q2nz2lah0a2w.wav,1,2,16,16000,52480,52480,3.28,NONE,3892.0,378.1626696364342,0.8608231707317073,tatu,three
id_38iqgvgqxse1.wav,1,2,16,16000,90880,90880,5.68,NONE,28494.0,1196.8494557730855,0.8706756161971831,moja,one
id_n4q86rsq29hl.wav,1,2,16,16000,53248,53248,3.328,NONE,1531.0,111.3702707841876,0.8840707632211539,tano,five
id_2ry6eauufzfd.wav,1,2,16,16000,66560,66560,4.16,NONE,21192.0,984.8312403173693,0.9033503605769231,tatu,three
id_vely75enbkc2.wav,1,2,16,16000,75520,75520,4.72,NONE,11300.0,637.6857588492901,0.7941737288135593,tano,five
id_ltggexqidequ.wav,1,2,16,16000,57600,57600,3.6,NONE,13697.0,1026.4641418295164,0.8605555555555555,hapana,no
id_22w0lz0fa43k.wav,1,2,16,16000,77824,77824,4.864,NONE,20577.0,1297.5931718534619,0.8645276521381579,tatu,three
id_3xhdq222r507.wav,1,2,16,16000,101120,101120,6.32,NONE,8935.0,764.3241415682866,0.22351661392405064,mbili,two
id_lh4n6dqcq1ku.wav,1,2,16,16000,57600,57600,3.6,NONE,6662.0,471.5070021830417,0.8973090277777778,mbili,two
id_j281trj9e2ef.wav,1,2,16,16000,71680,71680,4.48,NONE,2620.0,159.18177489319348,0.8241071428571428,moja,one
id_hzo72obgp7rb.wav,1,2,16,16000,79360,79360,4.96,NONE,13211.0,941.672998632395,0.8961441532258064,kumi,ten
id_v32bwosos4mu.wav,1,2,16,16000,70400,70400,4.4,NONE,16439.0,752.9670641829682,0.888125,tatu,three
id_c3peoiq1t3ft.wav,1,2,16,16000,85760,85760,5.36,NONE,25968.0,3561.1129597620416,0.6582672574626866,mbili,two
id_xr5ocxnrjfz6.wav,1,2,16,16000,96000,96000,6.0,NONE,2532.0,127.38094183884024,0.2999791666666667,sita,six
id_9p4bhutnxoaz.wav,1,2,16,16000,73728,73728,4.608,NONE,19388.0,1399.5406222453448,0.7740749782986112,sita,six
id_jgetcbg3s3bp.wav,1,2,16,16000,43520,43520,2.72,NONE,32768.0,1242.1017739287208,0.8458869485294118,mbili,two
id_afngbfy2bd1q.wav,1,2,16,16000,62720,62720,3.92,NONE,3667.0,289.2522573245487,0.7650191326530612,nane,eight
id_40hja8nyywdd.wav,1,2,16,16000,65280,65280,4.08,NONE,10066.0,329.4567565125425,0.932827818627451,tano,five
id_r8u9y2vjn6zr.wav,1,2,16,16000,84480,84480,5.28,NONE,8157.0,632.5776743126695,0.86796875,hapana,no
id_gvbq8ymkhxqv.wav,1,2,16,16000,80640,80640,5.04,NONE,22975.0,1155.23227958349,0.5124131944444444,nane,eight
id_y6hxa8qd4vp5.wav,1,2,16,16000,53760,53760,3.36,NONE,14503.0,732.9175752417282,0.8771763392857143,saba,seven
id_olcpgeoj3c2r.wav,1,2,16,16000,53248,53248,3.328,NONE,8536.0,792.097777418379,0.8869065504807693,ndio,yes
id_vr4lnksn9gep.wav,1,2,16,16000,67840,67840,4.24,NONE,5928.0,468.2452115187719,0.8426739386792453,kumi,ten
id_h0buv6cdax36.wav,1,2,16,16000,53760,53760,3.36,NONE,18456.0,1815.8212056000573,0.433984375,mbili,two
id_aw8rew98kxmq.wav,1,2,16,16000,71680,71680,4.48,NONE,4938.0,314.9406076865568,0.8622907366071428,sita,six
id_z8qufmxahxi3.wav,1,2,16,16000,110080,110080,6.88,NONE,14956.0,663.8480064329375,0.916796875,nane,eight
id_88u561vjuxva.wav,1,2,16,16000,55040,55040,3.44,NONE,6731.0,727.6247592167894,0.48321220930232556,hapana,no
id_ggp4jugydxxn.wav,1,2,16,16000,62720,62720,3.92,NONE,5354.0,507.6386823558461,0.4928093112244898,hapana,no
id_5mfo78ikelk7.wav,1,2,16,16000,61440,61440,3.84,NONE,8897.0,583.9197166546501,0.8852864583333333,tano,five
id_qe2bmybhllbb.wav,1,2,16,16000,53760,53760,3.36,NONE,23783.0,1825.3086608019644,0.8269159226190477,saba,seven
id_5ui2niq5yll9.wav,1,2,16,16000,61440,61440,3.84,NONE,4931.0,269.4757907918941,0.877783203125,tisa,nine
id_r4pi37axnl8w.wav,1,2,16,16000,46080,46080,2.88,NONE,12428.0,738.2943930781911,0.8737847222222223,saba,seven
id_xr9apuvtb35i.wav,1,2,16,16000,52480,52480,3.28,NONE,22464.0,1445.4957357611465,0.5415396341463414,tano,five
id_8c3z26adlmsq.wav,1,2,16,16000,83200,83200,5.2,NONE,4237.0,400.6436250470802,0.8112379807692308,nane,eight
id_8b2fv4fqurr1.wav,1,2,16,16000,49920,49920,3.12,NONE,5338.0,325.0525842568419,0.5316105769230769,saba,seven
id_bw6s9g7adpza.wav,1,2,16,16000,67584,67584,4.224,NONE,21354.0,1479.931793525769,0.8719519412878788,nne,four
id_655opz83f256.wav,1,2,16,16000,71680,71680,4.48,NONE,28753.0,916.7716375300146,0.9124581473214286,hapana,no
id_9kuvo7i5avm5.wav,1,2,16,16000,67840,67840,4.24,NONE,23180.0,1895.8742403285903,0.8501621462264151,ndio,yes
id_489h1yy8isqf.wav,1,2,16,16000,93440,93440,5.84,NONE,5056.0,411.47436203245655,0.9062821061643835,nne,four
id_43xn9tcjddi2.wav,1,2,16,16000,87040,87040,5.44,NONE,7348.0,377.5541231257398,0.8955422794117647,moja,one
id_qiy1b23g1epr.wav,1,2,16,16000,52480,52480,3.28,NONE,12126.0,919.0191837803224,0.2795922256097561,hapana,no
id_ohj7j97z85ec.wav,1,2,16,16000,69120,69120,4.32,NONE,16205.0,692.6119340818774,0.868677662037037,sita,six
id_rnd6owwk8mfv.wav,1,2,16,16000,47360,47360,2.96,NONE,3580.0,457.1222403821838,0.19341216216216217,ndio,yes
id_lqwx4emx15sv.wav,1,2,16,16000,79360,79360,4.96,NONE,17669.0,1344.1282809305362,0.913508064516129,nne,four
id_m913fo07h9oe.wav,1,2,16,16000,69120,69120,4.32,NONE,10910.0,693.9751441474288,0.6025607638888889,kumi,ten
id_lcb8snwbhsfp.wav,1,2,16,16000,83200,83200,5.2,NONE,2757.0,145.49411417516305,0.9238221153846153,tatu,three
id_1025345v7gry.wav,1,2,16,16000,64000,64000,4.0,NONE,20587.0,1075.2462748351538,0.902,tatu,three
id_aclq86lnta44.wav,1,2,16,16000,94720,94720,5.92,NONE,2231.0,196.8043831417826,0.8870143581081081,kumi,ten
id_hiyh9v4mxn77.wav,1,2,16,16000,92160,92160,5.76,NONE,8793.0,582.2407544733578,0.9195855034722222,saba,seven
id_44lznee8c9ez.wav,1,2,16,16000,52480,52480,3.28,NONE,22803.0,1475.020072917881,0.7639481707317073,tatu,three
id_jb0mbuarsash.wav,1,2,16,16000,65280,65280,4.08,NONE,11502.0,916.4835440778867,0.9139705882352941,kumi,ten
id_675r29mbc76i.wav,1,2,16,16000,49920,49920,3.12,NONE,8655.0,908.4290891621963,0.8524238782051282,kumi,ten
id_2ffw0em3f7no.wav,1,2,16,16000,49920,49920,3.12,NONE,7695.0,465.917770889638,0.3854967948717949,tatu,three
id_f222q7qtvsjc.wav,1,2,16,16000,115200,115200,7.2,NONE,26596.0,1267.923316915548,0.7880208333333333,kumi,ten
id_fu28r8oo9v13.wav,1,2,16,16000,88320,88320,5.52,NONE,30234.0,1401.2019485387423,0.900294384057971,tisa,nine
id_20ivv7yv7o7e.wav,1,2,16,16000,75520,75520,4.72,NONE,2330.0,296.25432783526196,0.8137579449152542,mbili,two
id_2dx95jkzoejz.wav,1,2,16,16000,108800,108800,6.8,NONE,13602.0,823.5962687209692,0.9128216911764706,kumi,ten
id_nxqpar9xbymg.wav,1,2,16,16000,56320,56320,3.52,NONE,9970.0,786.598550569808,0.8926846590909091,tisa,nine
id_wlgp1iwxdqah.wav,1,2,16,16000,61440,61440,3.84,NONE,5520.0,569.9444822737992,0.8384765625,mbili,two
id_he0ob6dogs97.wav,1,2,16,16000,78080,78080,4.88,NONE,12255.0,1123.5521122594191,0.890061475409836,ndio,yes
id_wlcjddfyz1ky.wav,1,2,16,16000,72960,72960,4.56,NONE,13518.0,755.9850372791199,0.9133223684210526,tatu,three
id_n2jq6ofn1gjk.wav,1,2,16,16000,100352,100352,6.272,NONE,9384.0,520.6173183247637,0.9068578603316326,hapana,no
id_08b0ikkg78k1.wav,1,2,16,16000,202752,202752,12.672,NONE,3888.0,202.44584318952047,0.9549449573863636,nne,four
id_uytqysvlihux.wav,1,2,16,16000,98560,98560,6.16,NONE,12356.0,820.7635107535029,0.9148336038961039,kumi,ten
id_cd8cgm64i4z4.wav,1,2,16,16000,66560,66560,4.16,NONE,3395.0,400.5041377226117,0.3179537259615385,ndio,yes
id_pkoy97p8b13q.wav,1,2,16,16000,49920,49920,3.12,NONE,11699.0,1021.1590453172969,0.8927283653846154,kumi,ten
id_zuk6d5c6tp8x.wav,1,2,16,16000,61440,61440,3.84,NONE,28372.0,2581.918239953143,0.769970703125,sita,six
id_5ro1uwe9bxk7.wav,1,2,16,16000,52480,52480,3.28,NONE,4004.0,317.30481048850544,0.8602896341463414,ndio,yes
id_fm3ninjl2w6f.wav,1,2,16,16000,52480,52480,3.28,NONE,11994.0,765.1922642307403,0.8856897865853659,tano,five
id_sdwq1fnaqvdz.wav,1,2,16,16000,88320,88320,5.52,NONE,27665.0,1955.8522885066045,0.8610846920289855,nane,eight
id_j8uibxhonew9.wav,1,2,16,16000,71680,71680,4.48,NONE,10462.0,910.6551006536669,0.9061383928571428,kumi,ten
id_3lwko257r14u.wav,1,2,16,16000,53248,53248,3.328,NONE,11596.0,751.4483943920201,0.8502291165865384,moja,one
id_m0i66e7t1ksd.wav,1,2,16,16000,124160,124160,7.76,NONE,28066.0,1842.6813360059723,0.8281652706185567,nane,eight
id_qlhz5x0mxumk.wav,1,2,16,16000,65280,65280,4.08,NONE,12878.0,937.7536455322081,0.35191482843137256,tisa,nine
id_m8g61cx1u4ha.wav,1,2,16,16000,51200,51200,3.2,NONE,13845.0,1151.2623248865243,0.86787109375,ndio,yes
id_xn860zqh17xw.wav,1,2,16,16000,65280,65280,4.08,NONE,29698.0,1432.8856977475336,0.9094669117647058,tano,five
id_8lnqg1xucd1k.wav,1,2,16,16000,70400,70400,4.4,NONE,14402.0,885.8959822723264,0.8894744318181819,hapana,no
id_xun1a85y1t9i.wav,1,2,16,16000,42240,42240,2.64,NONE,5714.0,658.378078462376,0.40461647727272726,kumi,ten
id_peqjyodkns0r.wav,1,2,16,16000,46080,46080,2.88,NONE,7863.0,745.9611609063364,0.3323784722222222,sita,six
id_ozm898c4vmjz.wav,1,2,16,16000,65280,65280,4.08,NONE,9512.0,511.54885651132014,0.6647824754901961,kumi,ten
id_oiy2ogpk040t.wav,1,2,16,16000,98560,98560,6.16,NONE,8402.0,616.5348278424958,0.8791903409090909,moja,one
id_6qznxlsgi7rh.wav,1,2,16,16000,80640,80640,5.04,NONE,18496.0,1100.6612815299839,0.7984002976190476,tatu,three
id_wgucy4dwh83t.wav,1,2,16,16000,66560,66560,4.16,NONE,16935.0,1317.1526015371865,0.8658653846153846,moja,one
id_uegn3hwrd2eo.wav,1,2,16,16000,62720,62720,3.92,NONE,3750.0,231.9687356606049,0.7199776785714286,sita,six
id_i9t25g1mam0u.wav,1,2,16,16000,63488,63488,3.968,NONE,9700.0,612.8389688713203,0.8317792338709677,hapana,no
id_rk44p07348iv.wav,1,2,16,16000,90880,90880,5.68,NONE,8853.0,316.0307091089598,0.9415602992957747,nane,eight
id_wj205l8cotsc.wav,1,2,16,16000,69120,69120,4.32,NONE,14321.0,869.6351912477332,0.5420428240740741,saba,seven
id_cza0t1pzjj1x.wav,1,2,16,16000,65280,65280,4.08,NONE,8166.0,910.4692366311536,0.8704197303921568,nne,four
id_jtdryobm1anq.wav,1,2,16,16000,66560,66560,4.16,NONE,16744.0,957.6994018510659,0.8786358173076924,tatu,three
id_i9omy4ouobmr.wav,1,2,16,16000,107520,107520,6.72,NONE,18990.0,1617.6407062222079,0.7316220238095238,ndio,yes
id_xhe0zysz6ctj.wav,1,2,16,16000,62720,62720,3.92,NONE,6159.0,452.72880904314843,0.5214923469387756,ndio,yes
id_y4aj1oi5vlhq.wav,1,2,16,16000,80640,80640,5.04,NONE,19718.0,1208.14590308964,0.4363467261904762,ndio,yes
id_95g921y5hk5l.wav,1,2,16,16000,58880,58880,3.68,NONE,22731.0,1324.5676231824302,0.5664572010869565,tatu,three
id_idavrfs27r6h.wav,1,2,16,16000,71680,71680,4.48,NONE,7879.0,458.13705798056685,0.8367466517857143,tano,five
id_tvrksbsbsh7i.wav,1,2,16,16000,67840,67840,4.24,NONE,11847.0,833.6910479922154,0.8368219339622641,nane,eight
id_a3y5q4eouq14.wav,1,2,16,16000,70400,70400,4.4,NONE,4810.0,531.576937768227,0.6438636363636364,ndio,yes
id_trstfzmv954d.wav,1,2,16,16000,74240,74240,4.64,NONE,15513.0,953.9568484172863,0.7150053879310345,tatu,three
id_yt42jv5i5xcd.wav,1,2,16,16000,995840,995840,62.24,NONE,32768.0,1391.9541411390326,0.89200172718509,nane,eight
id_r3e7x9z858mr.wav,1,2,16,16000,87040,87040,5.44,NONE,6118.0,401.70585135845977,0.8778607536764705,nane,eight
id_ahfbx52nwlbb.wav,1,2,16,16000,87040,87040,5.44,NONE,5429.0,347.1992254929501,0.9390625,tisa,nine
id_02rt0p2zqm6s.wav,1,2,16,16000,84480,84480,5.28,NONE,28622.0,793.4243390857714,0.8397964015151516,mbili,two
id_b5q127tpbhia.wav,1,2,16,16000,71680,71680,4.48,NONE,28424.0,2948.5459406349087,0.8740373883928572,kumi,ten
id_hckhccpfvzwa.wav,1,2,16,16000,76800,76800,4.8,NONE,15963.0,1147.2069187326324,0.9282291666666667,tisa,nine
id_9v7pg4pwmf6h.wav,1,2,16,16000,55040,55040,3.44,NONE,14366.0,755.5253580286193,0.8992550872093024,sita,six
id_stkl65535rlv.wav,1,2,16,16000,65536,65536,4.096,NONE,10652.0,286.86427652100724,0.855499267578125,sita,six
id_pvn92l073fv7.wav,1,2,16,16000,77824,77824,4.864,NONE,6869.0,322.2908217422533,0.9270533511513158,tatu,three
id_jzbjxbq3pqa7.wav,1,2,16,16000,48640,48640,3.04,NONE,5467.0,240.39828977376547,0.5113692434210526,nne,four
id_1y45241c0xdg.wav,1,2,16,16000,70400,70400,4.4,NONE,23224.0,1948.013946968868,0.8472727272727273,ndio,yes
id_0uxx7uona5k3.wav,1,2,16,16000,57600,57600,3.6,NONE,22130.0,1621.4863928200862,0.614375,sita,six
id_5dw3ztj4spqg.wav,1,2,16,16000,51200,51200,3.2,NONE,24796.0,1967.2239438145286,0.67974609375,nane,eight
id_orzfctzqm2zi.wav,1,2,16,16000,84480,84480,5.28,NONE,13411.0,1082.954701974813,0.919921875,nne,four
id_cmlxsufpks9i.wav,1,2,16,16000,147200,147200,9.2,NONE,18416.0,1249.9397899221813,0.894320652173913,mbili,two
id_zs1tyhcscu9m.wav,1,2,16,16000,53760,53760,3.36,NONE,14890.0,1656.6064350236468,0.8155877976190476,mbili,two
id_80lp58kkl2cc.wav,1,2,16,16000,51200,51200,3.2,NONE,6846.0,383.5301489279803,0.4660546875,tatu,three
id_nyq4xv60vgcj.wav,1,2,16,16000,101120,101120,6.32,NONE,5443.0,509.5213384573353,0.8542919303797468,nane,eight
id_dzkgw1jt5oxc.wav,1,2,16,16000,72960,72960,4.56,NONE,6424.0,560.689741342883,0.45659265350877193,ndio,yes
id_o9mj3jigqu08.wav,1,2,16,16000,124160,124160,7.76,NONE,22267.0,1894.4137239670663,0.8838112113402062,mbili,two
id_fxf1va9pckl6.wav,1,2,16,16000,69120,69120,4.32,NONE,8452.0,512.2731432758887,0.8118200231481482,moja,one
id_bov9nyxpvo3d.wav,1,2,16,16000,81920,81920,5.12,NONE,11406.0,768.4266280461848,0.82349853515625,saba,seven
id_npt7xn4c7e76.wav,1,2,16,16000,77824,77824,4.864,NONE,14234.0,1420.2259738160644,0.8849840666118421,mbili,two
id_a98aatad896m.wav,1,2,16,16000,49920,49920,3.12,NONE,11174.0,935.5699645744203,0.799979967948718,nane,eight
id_343ecwec1es5.wav,1,2,16,16000,89600,89600,5.6,NONE,11954.0,743.7765962531549,0.8413839285714285,kumi,ten
id_de3k2kxeck4z.wav,1,2,16,16000,66560,66560,4.16,NONE,32767.0,1559.676954482482,0.8599008413461539,nane,eight
id_8y6fgf8mqo4r.wav,1,2,16,16000,60160,60160,3.76,NONE,13709.0,957.8378061805679,0.879155585106383,nane,eight
id_jf3rpb4itodn.wav,1,2,16,16000,66560,66560,4.16,NONE,11854.0,824.8539237391142,0.8460637019230769,hapana,no
id_h1gwdlfjqprw.wav,1,2,16,16000,74240,74240,4.64,NONE,19178.0,1418.271451301565,0.8799973060344828,saba,seven
id_qe3b7vcv1yw3.wav,1,2,16,16000,162560,162560,10.16,NONE,25381.0,873.8342927747141,0.7849963090551181,tisa,nine
id_gqb2lp0fznf2.wav,1,2,16,16000,81920,81920,5.12,NONE,28968.0,2000.9119928607124,0.6680908203125,sita,six
id_n4zfnu0182ji.wav,1,2,16,16000,67840,67840,4.24,NONE,8635.0,943.872883579522,0.3577830188679245,ndio,yes
id_m41ealvpw3ra.wav,1,2,16,16000,53760,53760,3.36,NONE,22474.0,1732.5715521647398,0.5754092261904762,tano,five
id_ssh7xcoaaxsk.wav,1,2,16,16000,76800,76800,4.8,NONE,10136.0,628.7937329576137,0.8534895833333334,saba,seven
id_1rd1valqahgw.wav,1,2,16,16000,88320,88320,5.52,NONE,20906.0,880.5657610628291,0.8003283514492754,saba,seven
id_d86tt17ppv8q.wav,1,2,16,16000,65280,65280,4.08,NONE,11748.0,918.6637628595005,0.4217830882352941,tano,five
id_rchwiklhp4a2.wav,1,2,16,16000,128000,128000,8.0,NONE,10624.0,450.48939223429556,0.918453125,sita,six
id_wkf6b80ez2y2.wav,1,2,16,16000,53760,53760,3.36,NONE,17643.0,1385.8282355060792,0.6578683035714286,hapana,no
id_710tsclefl7o.wav,1,2,16,16000,57600,57600,3.6,NONE,18090.0,1041.1219571466052,0.26569444444444446,hapana,no
id_32p1el13bwqx.wav,1,2,16,16000,60160,60160,3.76,NONE,20519.0,1417.074622278722,0.565375664893617,hapana,no
id_0r7awrawc36d.wav,1,2,16,16000,83968,83968,5.248,NONE,18387.0,1570.0928422657455,0.7795350609756098,sita,six
id_052d2n084g6e.wav,1,2,16,16000,71680,71680,4.48,NONE,7674.0,637.5536697033687,0.8738978794642858,nane,eight
id_c8edn39igqou.wav,1,2,16,16000,79360,79360,4.96,NONE,9837.0,820.4718923101927,0.5738785282258064,tisa,nine
id_js3zqqy5ly15.wav,1,2,16,16000,80640,80640,5.04,NONE,5864.0,647.223614405138,0.3830357142857143,ndio,yes
id_djzo2b30e952.wav,1,2,16,16000,59392,59392,3.712,NONE,8223.0,793.6676079582336,0.8440362338362069,nane,eight
id_biu2c55upoym.wav,1,2,16,16000,75520,75520,4.72,NONE,24216.0,2045.146881927386,0.7343617584745763,kumi,ten
id_7zr5lsaahcdu.wav,1,2,16,16000,104448,104448,6.528,NONE,5427.0,288.65829090096656,0.8933153339460784,hapana,no
id_rf50jrofej1e.wav,1,2,16,16000,69120,69120,4.32,NONE,19949.0,1634.6750600555429,0.8840277777777777,sita,six
id_bvwygbnjfpqk.wav,1,2,16,16000,62720,62720,3.92,NONE,19579.0,908.9796400805658,0.919547193877551,tatu,three
id_6ys2o4y3a80r.wav,1,2,16,16000,75520,75520,4.72,NONE,9948.0,944.3844508789682,0.7544888771186441,hapana,no
id_imvxo1g1dh5m.wav,1,2,16,16000,790528,790528,49.408,NONE,4276.0,144.04344514087597,0.9540547583387305,mbili,two
id_qhlxzool2zt7.wav,1,2,16,16000,81920,81920,5.12,NONE,11030.0,517.5560693295968,0.77513427734375,tano,five
id_izu4qqxn0fca.wav,1,2,16,16000,72960,72960,4.56,NONE,14812.0,1223.1617899042622,0.8520559210526316,mbili,two
id_p3657su2xuif.wav,1,2,16,16000,67840,67840,4.24,NONE,15491.0,714.6517133667577,0.7651680424528302,hapana,no
id_myu1h7kpqmr5.wav,1,2,16,16000,64000,64000,4.0,NONE,32767.0,1187.096923742697,0.9089375,tano,five
id_xncvo0g3ocv3.wav,1,2,16,16000,52480,52480,3.28,NONE,23616.0,1397.8825803755944,0.6576219512195122,nane,eight
id_f90oc1jnzbse.wav,1,2,16,16000,66560,66560,4.16,NONE,32768.0,3742.0274917955862,0.8620793269230769,ndio,yes
id_rvxj30vyd4ve.wav,1,2,16,16000,62720,62720,3.92,NONE,12990.0,1036.6095820154028,0.884375,kumi,ten
id_pglcrdaf3m07.wav,1,2,16,16000,74240,74240,4.64,NONE,13388.0,960.1235766059106,0.8296875,tano,five
id_yty5uhlw4i7r.wav,1,2,16,16000,49920,49920,3.12,NONE,3854.0,568.4129735796447,0.7227363782051283,nne,four
id_7yoeziq1rp1o.wav,1,2,16,16000,66560,66560,4.16,NONE,10247.0,538.6888692897178,0.8980618990384616,tano,five
id_7f91xbvh8spl.wav,1,2,16,16000,67584,67584,4.224,NONE,17728.0,1694.178333164778,0.8336588541666666,ndio,yes
id_ojq0on1hiugb.wav,1,2,16,16000,60160,60160,3.76,NONE,10534.0,407.8631506207793,0.9392453457446809,tatu,three
id_n39l4uejrf9x.wav,1,2,16,16000,135680,135680,8.48,NONE,23937.0,1739.1489104216673,0.8050117924528302,sita,six
id_ezsn58igbhih.wav,1,2,16,16000,71680,71680,4.48,NONE,1705.0,190.50499157139183,0.26474609375,nane,eight
id_7q3auqf46dp9.wav,1,2,16,16000,77824,77824,4.864,NONE,9378.0,794.6375908562401,0.8553145559210527,moja,one
id_vid07p1r3n3b.wav,1,2,16,16000,69632,69632,4.352,NONE,9040.0,478.52303607706375,0.87109375,nane,eight
id_lmvrjlvtk8gr.wav,1,2,16,16000,118784,118784,7.424,NONE,4265.0,237.91339350160345,0.8888570851293104,nane,eight
id_taki0ypga2mi.wav,1,2,16,16000,92160,92160,5.76,NONE,18853.0,974.1168168572569,0.91181640625,hapana,no
id_oz1aress4a2o.wav,1,2,16,16000,47360,47360,2.96,NONE,7919.0,645.589460051087,0.41951013513513513,kumi,ten
id_p7ecbqbeaho9.wav,1,2,16,16000,77824,77824,4.864,NONE,4291.0,184.3061070482797,0.8742418791118421,saba,seven
id_5s5ihian5fva.wav,1,2,16,16000,65280,65280,4.08,NONE,23817.0,2405.9755269101734,0.8933363970588235,nne,four
id_5l4wa0qa62wf.wav,1,2,16,16000,67840,67840,4.24,NONE,16024.0,1017.505259340691,0.8593307783018868,sita,six
id_9jwsincsjqxb.wav,1,2,16,16000,76800,76800,4.8,NONE,27442.0,1291.3321497847517,0.9081901041666667,tisa,nine
id_ipweb3j00wz4.wav,1,2,16,16000,65536,65536,4.096,NONE,6899.0,776.8076463910336,0.87884521484375,nne,four
id_91km4rrf8cde.wav,1,2,16,16000,43520,43520,2.72,NONE,2937.0,607.4705819061808,0.10425091911764706,tano,five
id_r9tywacvjc3t.wav,1,2,16,16000,59392,59392,3.712,NONE,11113.0,1317.6757582230136,0.8483129040948276,ndio,yes
id_ck0f7jjzrb62.wav,1,2,16,16000,83200,83200,5.2,NONE,12030.0,1424.108527112731,0.8889182692307692,nne,four
id_sl3dc1niqpww.wav,1,2,16,16000,66560,66560,4.16,NONE,2074.0,204.65661169612258,0.8270582932692307,ndio,yes
id_0kbkytu57yvs.wav,1,2,16,16000,112640,112640,7.04,NONE,4816.0,283.9614188467615,0.6795809659090909,sita,six
id_7dixb1qay2no.wav,1,2,16,16000,44800,44800,2.8,NONE,4719.0,833.6948176346623,0.11975446428571429,kumi,ten
id_0kxhzqwpppwk.wav,1,2,16,16000,78080,78080,4.88,NONE,17945.0,928.9657629272922,0.8510758196721312,hapana,no
id_m9i0ym7mrf44.wav,1,2,16,16000,76800,76800,4.8,NONE,28431.0,1484.8439267292679,0.8962760416666666,saba,seven
id_gqg8zirklplc.wav,1,2,16,16000,84480,84480,5.28,NONE,21024.0,1437.7705567151881,0.7324100378787879,tisa,nine
id_hngtb77ftgwa.wav,1,2,16,16000,69120,69120,4.32,NONE,29180.0,1827.1589173877207,0.9127604166666666,kumi,ten
id_qh8juxjka9bj.wav,1,2,16,16000,69632,69632,4.352,NONE,10834.0,739.8990286006103,0.7880715762867647,nane,eight
id_at0vgpe3z8h7.wav,1,2,16,16000,64000,64000,4.0,NONE,30343.0,1631.4691890718086,0.8956875,sita,six
id_3i7rr3mua8mq.wav,1,2,16,16000,108544,108544,6.784,NONE,13663.0,1602.2035075221065,0.3523548054245283,mbili,two
id_os88ex3c3u49.wav,1,2,16,16000,64000,64000,4.0,NONE,28279.0,1721.3613892470764,0.80946875,nane,eight
id_l1lcm1k62tgg.wav,1,2,16,16000,70400,70400,4.4,NONE,13362.0,726.2440609599128,0.87421875,tatu,three
id_jv2ramr884vx.wav,1,2,16,16000,52480,52480,3.28,NONE,28346.0,1506.5470794220948,0.8785060975609756,saba,seven
id_hhghk6yhg7zs.wav,1,2,16,16000,89600,89600,5.6,NONE,21456.0,1197.5038249687273,0.8818973214285715,saba,seven
id_heuu73wv6tls.wav,1,2,16,16000,49920,49920,3.12,NONE,7296.0,524.0114020507251,0.2754407051282051,mbili,two
id_zh5aso2qzjfi.wav,1,2,16,16000,58880,58880,3.68,NONE,20357.0,1355.3944471897566,0.6499830163043478,moja,one
id_ui0eyx7ck72k.wav,1,2,16,16000,71680,71680,4.48,NONE,8850.0,1073.7276928590359,0.7826450892857143,nane,eight
id_o45bknrzkqsm.wav,1,2,16,16000,85760,85760,5.36,NONE,28124.0,1770.5798694633313,0.9226212686567165,sita,six
id_6mep8u7jcl6c.wav,1,2,16,16000,70400,70400,4.4,NONE,22324.0,972.5106613256461,0.8095738636363636,nne,four
id_ipurvwi8cujh.wav,1,2,16,16000,65280,65280,4.08,NONE,21208.0,1747.3623321822909,0.8362285539215686,moja,one
id_yz6aom2mo6ih.wav,1,2,16,16000,52480,52480,3.28,NONE,8931.0,559.1775234950098,0.7409108231707318,sita,six
id_mly26efw104n.wav,1,2,16,16000,171520,171520,10.72,NONE,32768.0,2339.1900778588542,0.7986765391791045,nne,four
id_6xt0oapbzfm8.wav,1,2,16,16000,70400,70400,4.4,NONE,11077.0,445.3986390053756,0.8748295454545455,tatu,three
id_18n2b0l57nsp.wav,1,2,16,16000,69632,69632,4.352,NONE,12908.0,1340.4402808936877,0.8779440487132353,nane,eight
id_gqqkikmkx8yp.wav,1,2,16,16000,79360,79360,4.96,NONE,6105.0,310.3882119206436,0.6538180443548387,moja,one
id_x7bolnlofmfx.wav,1,2,16,16000,69120,69120,4.32,NONE,32547.0,2060.625279757673,0.7637008101851852,nne,four
id_iz9x1oze8vjq.wav,1,2,16,16000,52480,52480,3.28,NONE,15773.0,1286.4673932319797,0.8980373475609756,nne,four
id_6zzq5seczqen.wav,1,2,16,16000,53760,53760,3.36,NONE,5060.0,465.85603332703806,0.8758184523809524,tatu,three
id_cd82kud46wpu.wav,1,2,16,16000,60160,60160,3.76,NONE,17755.0,2012.4000669073146,0.8974401595744681,nne,four
id_z54zn9dyctg2.wav,1,2,16,16000,83968,83968,5.248,NONE,7774.0,363.5772151487024,0.8674137766768293,nane,eight
id_e6bctddrcdwl.wav,1,2,16,16000,107520,107520,6.72,NONE,6230.0,349.7004395000566,0.9287109375,tisa,nine
id_169bu2n1892k.wav,1,2,16,16000,55040,55040,3.44,NONE,2610.0,214.52388043330467,0.34207848837209304,nane,eight
id_cwwrk7afoax5.wav,1,2,16,16000,51200,51200,3.2,NONE,11743.0,971.66894055489,0.33689453125,saba,seven
id_clg37pla3snz.wav,1,2,16,16000,119040,119040,7.44,NONE,7603.0,432.32727272394857,0.5160954301075269,tisa,nine
id_4ll3yf4fcq6e.wav,1,2,16,16000,55040,55040,3.44,NONE,19197.0,1614.2837761828737,0.7416606104651163,nne,four
id_riz8n3zgu5nc.wav,1,2,16,16000,71680,71680,4.48,NONE,7939.0,374.21139539447535,0.3416015625,tatu,three
id_lbedtehdjc5q.wav,1,2,16,16000,58880,58880,3.68,NONE,11329.0,1231.703326817022,0.5856827445652174,ndio,yes
id_cqh1v89t7m1t.wav,1,2,16,16000,62720,62720,3.92,NONE,17078.0,1472.3750596768537,0.5621014030612245,mbili,two
id_jo6f1ef6uoqf.wav,1,2,16,16000,75776,75776,4.736,NONE,21134.0,1224.2575776130222,0.9092588682432432,tatu,three
id_kc45z2fw8ybh.wav,1,2,16,16000,66560,66560,4.16,NONE,32768.0,1388.852769475385,0.862109375,tano,five
id_vwpuz4i9vgkx.wav,1,2,16,16000,90880,90880,5.68,NONE,11950.0,1053.2803723779855,0.8518155809859155,mbili,two
id_gp32kp3wfhq2.wav,1,2,16,16000,60160,60160,3.76,NONE,21257.0,947.8496282476888,0.9098570478723405,tano,five
id_ke9iku0q76f1.wav,1,2,16,16000,44800,44800,2.8,NONE,2344.0,463.03305451759365,0.11566964285714286,kumi,ten
id_vvpcrv23uege.wav,1,2,16,16000,71680,71680,4.48,NONE,11399.0,837.6300283938464,0.8221400669642858,ndio,yes
id_r62xen76u4e6.wav,1,2,16,16000,80640,80640,5.04,NONE,25303.0,1576.210247605077,0.8892361111111111,sita,six
id_xjd9b7slwb28.wav,1,2,16,16000,67840,67840,4.24,NONE,31724.0,2963.575779430564,0.8407429245283019,ndio,yes
id_r4l5g4992pcl.wav,1,2,16,16000,48640,48640,3.04,NONE,23656.0,2500.5277247577305,0.7037006578947368,ndio,yes
id_cabxws6ngycr.wav,1,2,16,16000,69120,69120,4.32,NONE,9399.0,577.4805248389655,0.6758246527777778,nne,four
id_c88d3pdhfaui.wav,1,2,16,16000,81920,81920,5.12,NONE,8194.0,438.1724756118178,0.9001220703125,ndio,yes
id_gqpoanm55a37.wav,1,2,16,16000,53760,53760,3.36,NONE,24269.0,2412.0571542530215,0.6025297619047619,mbili,two
id_xjqhwid1hgjz.wav,1,2,16,16000,71680,71680,4.48,NONE,16428.0,1348.230621188436,0.7965959821428571,sita,six
id_veva5988d6ix.wav,1,2,16,16000,67840,67840,4.24,NONE,9278.0,720.1646420505436,0.21860259433962265,hapana,no
id_5dqj1ld511kg.wav,1,2,16,16000,72960,72960,4.56,NONE,6809.0,366.70582713029773,0.8424342105263158,saba,seven
id_8wc1j41bu4p2.wav,1,2,16,16000,67584,67584,4.224,NONE,16666.0,1193.517436139383,0.8164654356060606,saba,seven
id_c1ea0e51yetr.wav,1,2,16,16000,66560,66560,4.16,NONE,10431.0,1207.5891984281975,0.8787259615384615,nane,eight
id_m4pmyoplloq9.wav,1,2,16,16000,62720,62720,3.92,NONE,26027.0,1270.7233471656557,0.854735331632653,saba,seven
id_urmnukvuuzu7.wav,1,2,16,16000,60160,60160,3.76,NONE,21047.0,882.5737524840647,0.8760970744680852,tatu,three
id_ar1cbaaq2kw6.wav,1,2,16,16000,81920,81920,5.12,NONE,30736.0,1413.5153336709684,0.9316650390625,kumi,ten
id_uq7fd55jmric.wav,1,2,16,16000,81920,81920,5.12,NONE,18222.0,1610.8875782342704,0.87254638671875,nane,eight
id_v8szklm1m4ih.wav,1,2,16,16000,53760,53760,3.36,NONE,19547.0,1361.8921510125474,0.6173921130952381,tano,five
id_qfw5p9ufsrvf.wav,1,2,16,16000,67584,67584,4.224,NONE,10451.0,934.578295635175,0.8300041429924242,nne,four
id_f78cls1lk3x9.wav,1,2,16,16000,57344,57344,3.584,NONE,11203.0,1179.7069619004262,0.8627406529017857,nne,four
id_583akl40fz8w.wav,1,2,16,16000,64000,64000,4.0,NONE,5014.0,735.96930277356,0.520703125,nne,four
id_p9h1hg9c7de5.wav,1,2,16,16000,64000,64000,4.0,NONE,19039.0,1501.914763908683,0.63846875,nne,four
id_3n8b95x59exw.wav,1,2,16,16000,64000,64000,4.0,NONE,17519.0,916.1090684247155,0.86478125,tano,five
id_lduvyw6ck4ea.wav,1,2,16,16000,111360,111360,6.96,NONE,6334.0,309.5136318036253,0.2550017959770115,tano,five
id_02gnxhol6cek.wav,1,2,16,16000,99840,99840,6.24,NONE,16336.0,1087.332044004162,0.3231370192307692,tano,five
id_1fl8vl27b0ri.wav,1,2,16,16000,57600,57600,3.6,NONE,11286.0,696.0071846068154,0.8421701388888889,moja,one
id_yogqeztnbkld.wav,1,2,16,16000,72960,72960,4.56,NONE,5844.0,294.28948885129296,0.8959155701754385,tisa,nine
id_r3lvet993su7.wav,1,2,16,16000,51200,51200,3.2,NONE,2146.0,402.7165987226237,0.1248046875,moja,one
id_fcm4kllovl4p.wav,1,2,16,16000,84480,84480,5.28,NONE,9937.0,579.45013589655,0.900485321969697,mbili,two
id_8jyadbv3c4jd.wav,1,2,16,16000,53760,53760,3.36,NONE,8437.0,687.9904326761158,0.8851190476190476,ndio,yes
id_hme25doaw4n4.wav,1,2,16,16000,79872,79872,4.992,NONE,12724.0,1531.6917399440856,0.5031425280448718,nane,eight
id_u5js6ytxfv3q.wav,1,2,16,16000,73728,73728,4.608,NONE,18856.0,1402.187125770695,0.8448893229166666,tatu,three
id_awb9zz35exud.wav,1,2,16,16000,46080,46080,2.88,NONE,4595.0,484.0223996866648,0.5814453125,tano,five
id_nukkm5jjsxxy.wav,1,2,16,16000,59392,59392,3.712,NONE,11554.0,1313.3383618079195,0.81396484375,mbili,two
id_sbc61ne4a7ys.wav,1,2,16,16000,75776,75776,4.736,NONE,21858.0,1645.1772601129578,0.8584380278716216,saba,seven
id_3l6pjwqwtsdm.wav,1,2,16,16000,72960,72960,4.56,NONE,21715.0,1904.3628095659149,0.7089226973684211,moja,one
id_2aoxj1d8wvqw.wav,1,2,16,16000,112640,112640,7.04,NONE,7752.0,432.46365344392933,0.8259676846590909,sita,six
id_9nhsialypfu5.wav,1,2,16,16000,76800,76800,4.8,NONE,29456.0,1903.7128316436235,0.8462369791666666,tano,five
id_lie6717iixch.wav,1,2,16,16000,57600,57600,3.6,NONE,27764.0,1964.404682271239,0.9004166666666666,tisa,nine
id_mtshmkv0dhps.wav,1,2,16,16000,55040,55040,3.44,NONE,16924.0,1719.1430023310052,0.6118095930232558,mbili,two
id_8lyes384sk5h.wav,1,2,16,16000,88320,88320,5.52,NONE,15234.0,1164.8592943307651,0.9098165760869565,tisa,nine
id_aqkrqidp0fa8.wav,1,2,16,16000,52480,52480,3.28,NONE,7937.0,905.4185220948592,0.852000762195122,nne,four
id_z4a8jm21uhmt.wav,1,2,16,16000,98560,98560,6.16,NONE,12661.0,596.8180334207686,0.5295758928571429,mbili,two
id_ju507ixw2fk1.wav,1,2,16,16000,69120,69120,4.32,NONE,21080.0,2706.8431477095387,0.7765480324074074,kumi,ten
id_jo8wl47wss2k.wav,1,2,16,16000,73728,73728,4.608,NONE,11007.0,999.6046645510677,0.8505181206597222,moja,one
id_lndygg9eh83h.wav,1,2,16,16000,58880,58880,3.68,NONE,15322.0,1464.8852300996589,0.8954823369565217,kumi,ten
id_1oaqtr0qfagr.wav,1,2,16,16000,76800,76800,4.8,NONE,16781.0,1831.9514619086015,0.7703255208333334,moja,one
id_kx88wgu6tode.wav,1,2,16,16000,90880,90880,5.68,NONE,32768.0,2924.3617718591636,0.8923745598591549,sita,six
id_usxah42fmi35.wav,1,2,16,16000,87040,87040,5.44,NONE,14692.0,727.6771177804537,0.8765739889705882,tatu,three
id_qrk3zkhbygxi.wav,1,2,16,16000,70400,70400,4.4,NONE,5081.0,350.54108734990615,0.7811505681818182,tisa,nine
id_54d0c5chzq2v.wav,1,2,16,16000,88320,88320,5.52,NONE,10067.0,576.3767292624904,0.8112545289855072,tisa,nine
id_dym9btiw9dfw.wav,1,2,16,16000,53760,53760,3.36,NONE,7887.0,690.7234387397062,0.1990141369047619,hapana,no
id_3gopniagk4ms.wav,1,2,16,16000,57600,57600,3.6,NONE,22768.0,1420.190076578171,0.8798090277777778,tisa,nine
id_icma48soboev.wav,1,2,16,16000,70400,70400,4.4,NONE,12467.0,392.2440536732781,0.946846590909091,saba,seven
id_6cx0xnon41r7.wav,1,2,16,16000,69120,69120,4.32,NONE,13873.0,976.3384207213297,0.9185040509259259,sita,six
id_uumlkzckx9q0.wav,1,2,16,16000,58880,58880,3.68,NONE,19848.0,1719.9872796833174,0.8639775815217391,mbili,two
id_blovoxmwftrc.wav,1,2,16,16000,101120,101120,6.32,NONE,17879.0,863.6575891517692,0.5348694620253165,tisa,nine
id_tdo0t77xsntv.wav,1,2,16,16000,98560,98560,6.16,NONE,12255.0,752.0460058444934,0.9089082792207792,mbili,two
id_y9ew39kchshr.wav,1,2,16,16000,73728,73728,4.608,NONE,5980.0,497.75782940114885,0.6055365668402778,moja,one
id_llyxwan6x9ib.wav,1,2,16,16000,71680,71680,4.48,NONE,11042.0,861.0590570055156,0.7216517857142857,kumi,ten
id_vwnpqdg7xz7b.wav,1,2,16,16000,63488,63488,3.968,NONE,12466.0,1242.5358651615766,0.8540826612903226,nne,four
id_c70hyu9apoag.wav,1,2,16,16000,72960,72960,4.56,NONE,32767.0,1452.7420893584417,0.9164884868421053,tatu,three
id_qp2exgpeewvo.wav,1,2,16,16000,125440,125440,7.84,NONE,23184.0,1935.9115075897532,0.6886479591836735,hapana,no
id_gznb39fawkdt.wav,1,2,16,16000,67840,67840,4.24,NONE,23959.0,2083.872680278723,0.8633107311320755,tano,five
id_pxqvkfr01tzv.wav,1,2,16,16000,124928,124928,7.808,NONE,14555.0,574.1470407716736,0.8676917904713115,tano,five
id_6082bqc218pp.wav,1,2,16,16000,72960,72960,4.56,NONE,32768.0,983.3066091767956,0.9342379385964912,kumi,ten
id_pbw5m68y94kn.wav,1,2,16,16000,67840,67840,4.24,NONE,6480.0,537.7047044652013,0.8040094339622641,mbili,two
id_vtdtoem9lcbh.wav,1,2,16,16000,61440,61440,3.84,NONE,24545.0,1491.0767442826323,0.6112955729166667,saba,seven
id_zxdsbyl606e7.wav,1,2,16,16000,69120,69120,4.32,NONE,11656.0,1139.4244645316617,0.40794270833333335,kumi,ten
id_1hoz655dyxuo.wav,1,2,16,16000,52480,52480,3.28,NONE,5357.0,494.9222045412979,0.3533346036585366,hapana,no
id_ungzelxpo587.wav,1,2,16,16000,67840,67840,4.24,NONE,32767.0,1639.1500856817017,0.9007370283018868,tatu,three
id_2yu4yrcgq4mj.wav,1,2,16,16000,61440,61440,3.84,NONE,12152.0,627.723119298591,0.884765625,tisa,nine
id_6arofv0ed8mt.wav,1,2,16,16000,64000,64000,4.0,NONE,11530.0,464.90018375923984,0.920359375,moja,one
id_kxbic8yrn4g7.wav,1,2,16,16000,88320,88320,5.52,NONE,11703.0,547.3466749566044,0.934284420289855,tatu,three
id_e1vmvfrgrcvs.wav,1,2,16,16000,58880,58880,3.68,NONE,28655.0,1622.4553457744005,0.8189028532608695,saba,seven
id_qp8wte1v4if1.wav,1,2,16,16000,88320,88320,5.52,NONE,26707.0,1169.1804856028014,0.5179574275362319,saba,seven
id_xsh3vh9wqre7.wav,1,2,16,16000,80640,80640,5.04,NONE,9093.0,503.8747316677962,0.6692708333333334,hapana,no
id_f3d68zynnpcj.wav,1,2,16,16000,64000,64000,4.0,NONE,10059.0,771.4600562205085,0.54246875,mbili,two
id_2dd7jya7rdx4.wav,1,2,16,16000,67584,67584,4.224,NONE,14578.0,1128.0503718207003,0.85107421875,sita,six
id_elyf5s47mwml.wav,1,2,16,16000,97280,97280,6.08,NONE,16594.0,1511.2642769523643,0.9082750822368421,nne,four
id_i0vmezgoe8sp.wav,1,2,16,16000,65280,65280,4.08,NONE,3816.0,371.59134747595385,0.8864123774509803,tisa,nine
id_p22oyx200wge.wav,1,2,16,16000,53760,53760,3.36,NONE,13364.0,1526.5597665387138,0.8495163690476191,nne,four
id_4v8ap7315sx9.wav,1,2,16,16000,80640,80640,5.04,NONE,12765.0,964.0133989708531,0.8996651785714286,mbili,two
id_8oif8t8z45yy.wav,1,2,16,16000,92160,92160,5.76,NONE,15040.0,1008.7666478128543,0.7306749131944444,mbili,two
id_keo1hrr8cv7l.wav,1,2,16,16000,52480,52480,3.28,NONE,13543.0,1130.74597876901,0.6819169207317073,ndio,yes
id_an1s6i3uc5r7.wav,1,2,16,16000,55040,55040,3.44,NONE,7587.0,530.0788578072003,0.8756359011627907,sita,six
id_ks2c2rgu4o2r.wav,1,2,16,16000,63488,63488,3.968,NONE,9735.0,969.0270935007484,0.830046622983871,mbili,two
id_g5oo1drko5rn.wav,1,2,16,16000,62720,62720,3.92,NONE,28848.0,3365.952707265956,0.8401626275510204,ndio,yes
id_y9f2c398543q.wav,1,2,16,16000,57600,57600,3.6,NONE,16455.0,1932.3984721650177,0.8549479166666667,kumi,ten
id_3u4bhmvilf8t.wav,1,2,16,16000,66560,66560,4.16,NONE,11268.0,583.9114188317157,0.8733323317307692,tisa,nine
id_83cvn96lvva4.wav,1,2,16,16000,66560,66560,4.16,NONE,5250.0,398.0377970250777,0.8547175480769231,mbili,two
id_y2srjhqtou6c.wav,1,2,16,16000,64000,64000,4.0,NONE,8327.0,490.4337771618611,0.87190625,sita,six
id_jdew6x7qyanc.wav,1,2,16,16000,80640,80640,5.04,NONE,28730.0,2663.9703125417277,0.7576388888888889,sita,six
id_d1g495f1j6ea.wav,1,2,16,16000,67584,67584,4.224,NONE,11433.0,899.3306568451344,0.8987926136363636,tano,five
id_s110qvr3smzm.wav,1,2,16,16000,67840,67840,4.24,NONE,11169.0,1192.0704732987606,0.8116450471698113,mbili,two
id_zho37lfbspm4.wav,1,2,16,16000,48640,48640,3.04,NONE,1922.0,360.7238836711847,0.24769736842105264,kumi,ten
id_bsjwdptexybm.wav,1,2,16,16000,61440,61440,3.84,NONE,8687.0,602.3431052877008,0.8681640625,tano,five
id_wi18m323924n.wav,1,2,16,16000,63488,63488,3.968,NONE,8526.0,509.6592907187383,0.8644625756048387,tisa,nine
id_ckdx4qyac694.wav,1,2,16,16000,107520,107520,6.72,NONE,20437.0,1126.3672071910064,0.9334356398809524,moja,one
id_a13dy9i8zncc.wav,1,2,16,16000,66560,66560,4.16,NONE,9886.0,454.1833279664108,0.8501802884615385,nane,eight
id_3p4b7mcsyovz.wav,1,2,16,16000,57600,57600,3.6,NONE,20278.0,1341.1567576642456,0.7268055555555556,hapana,no
id_33zb7jvlr24c.wav,1,2,16,16000,66560,66560,4.16,NONE,12826.0,547.0086507701939,0.3688251201923077,hapana,no
id_113b1nm7lrc4.wav,1,2,16,16000,77824,77824,4.864,NONE,11865.0,1379.9496008008448,0.7050010279605263,tisa,nine
id_74nh35tf8ahp.wav,1,2,16,16000,106240,106240,6.64,NONE,15555.0,800.7777582571537,0.837179969879518,moja,one
id_x0dhreogq9s8.wav,1,2,16,16000,79360,79360,4.96,NONE,32767.0,2006.1242424000216,0.9194304435483871,tatu,three
id_ug9366c9nnov.wav,1,2,16,16000,104960,104960,6.56,NONE,14736.0,535.8154839771473,0.8640815548780488,sita,six
id_7oywkfu3rls4.wav,1,2,16,16000,76800,76800,4.8,NONE,18544.0,823.8387210694417,0.8800520833333333,nane,eight
id_p5mczc3rv2wk.wav,1,2,16,16000,116480,116480,7.28,NONE,13414.0,2442.3111295369026,0.6403502747252747,moja,one
id_1bxrd1cmac6f.wav,1,2,16,16000,65280,65280,4.08,NONE,8061.0,122.52180997073502,0.8868566176470588,tano,five
id_gn1ngkljof8s.wav,1,2,16,16000,67840,67840,4.24,NONE,20343.0,2203.2821905183696,0.8325766509433963,kumi,ten
id_63zhe51wypf9.wav,1,2,16,16000,108800,108800,6.8,NONE,9122.0,772.0021978250394,0.894797794117647,nne,four
id_g3ur6kbf4u3o.wav,1,2,16,16000,51200,51200,3.2,NONE,23400.0,1694.6053996570631,0.69,tisa,nine
id_tqsjx3c518rc.wav,1,2,16,16000,65280,65280,4.08,NONE,11158.0,1008.813776943121,0.38518688725490197,nne,four
id_qg33rgusly8w.wav,1,2,16,16000,124160,124160,7.76,NONE,9931.0,787.8883170302488,0.9081266108247422,nne,four
id_dorl5v6bse1l.wav,1,2,16,16000,76800,76800,4.8,NONE,14277.0,693.4182239978957,0.6580598958333334,nane,eight
id_d0w5pb0vs9xo.wav,1,2,16,16000,46080,46080,2.88,NONE,2168.0,346.95056587443446,0.12612847222222223,saba,seven
id_8kwro8rp6slb.wav,1,2,16,16000,58880,58880,3.68,NONE,10813.0,397.4426012829249,0.9170176630434783,nane,eight
id_4l2tt96kaaht.wav,1,2,16,16000,60160,60160,3.76,NONE,4737.0,380.58447175752207,0.3165724734042553,sita,six
id_kd6i4g770kdy.wav,1,2,16,16000,71680,71680,4.48,NONE,12910.0,668.4208809732785,0.90859375,nane,eight
id_vk5godl30rzc.wav,1,2,16,16000,70400,70400,4.4,NONE,19553.0,1363.067571291405,0.8376278409090909,hapana,no
id_n044urnv2zuh.wav,1,2,16,16000,63488,63488,3.968,NONE,10393.0,771.3402756144853,0.8509009576612904,tano,five
id_cpue1ijxno8g.wav,1,2,16,16000,63488,63488,3.968,NONE,3839.0,326.0349594688688,0.8678175403225806,ndio,yes
id_deshokjwh4v0.wav,1,2,16,16000,93440,93440,5.84,NONE,13130.0,503.26321420063215,0.6807684075342466,hapana,no
id_itkdpo9yhp1t.wav,1,2,16,16000,66560,66560,4.16,NONE,6645.0,376.0248020314464,0.86171875,tisa,nine
id_nxaluujop0qk.wav,1,2,16,16000,69120,69120,4.32,NONE,11968.0,507.6066402252931,0.9369936342592593,tatu,three
id_dls4ym4mjgu7.wav,1,2,16,16000,122880,122880,7.68,NONE,29437.0,1321.6964087087547,0.9168050130208333,tatu,three
id_oiqvisx2vorl.wav,1,2,16,16000,76800,76800,4.8,NONE,14088.0,1017.3928729693117,0.18559895833333334,sita,six
id_dqmq2w2ngry0.wav,1,2,16,16000,66560,66560,4.16,NONE,15006.0,1385.3401325622601,0.7612830528846154,mbili,two
id_1a7ortjxaqj4.wav,1,2,16,16000,74240,74240,4.64,NONE,28688.0,1566.6629465327867,0.9292834051724138,tatu,three
id_amtbp2zrdt2v.wav,1,2,16,16000,85760,85760,5.36,NONE,8394.0,460.55269743559774,0.5633512126865672,nane,eight
id_7vspd6lf1hdt.wav,1,2,16,16000,94720,94720,5.92,NONE,8612.0,606.0112327513917,0.8852934966216216,moja,one
id_k14al3oi3dsl.wav,1,2,16,16000,89600,89600,5.6,NONE,21269.0,1416.5973216426987,0.6700111607142857,ndio,yes
id_xv0v9zzodpfn.wav,1,2,16,16000,97280,97280,6.08,NONE,6212.0,292.00713358927214,0.9023231907894737,sita,six
id_r9lf1obkwslh.wav,1,2,16,16000,52480,52480,3.28,NONE,31144.0,1952.919692087306,0.9074885670731707,tatu,three
id_809618hcnonu.wav,1,2,16,16000,57600,57600,3.6,NONE,10228.0,754.8435193455108,0.8880381944444444,sita,six
id_w5ffja120wyb.wav,1,2,16,16000,60160,60160,3.76,NONE,5070.0,385.87943873705757,0.6453789893617021,sita,six
id_zlfye2qpp812.wav,1,2,16,16000,993280,993280,62.08,NONE,689.0,38.42804619041364,0.40724669780927836,ndio,yes
id_33dxgna8ce62.wav,1,2,16,16000,110080,110080,6.88,NONE,20521.0,1158.321295833875,0.7258175872093023,sita,six
id_1li2ku75j94g.wav,1,2,16,16000,102400,102400,6.4,NONE,12408.0,656.995548606436,0.8851171875,tatu,three
id_n9jhnmikkyts.wav,1,2,16,16000,72960,72960,4.56,NONE,32767.0,1499.1303821549711,0.8860745614035088,hapana,no
id_vzq0eb74bq4y.wav,1,2,16,16000,78080,78080,4.88,NONE,22263.0,1950.0189323146988,0.5241803278688525,tano,five
id_w5ikop6cxmj6.wav,1,2,16,16000,61440,61440,3.84,NONE,25856.0,1297.1619939348805,0.9054850260416667,sita,six
id_f8ipidfmi08p.wav,1,2,16,16000,63488,63488,3.968,NONE,10806.0,1092.05537653672,0.8555317540322581,sita,six
id_obvyrc9fhll9.wav,1,2,16,16000,67840,67840,4.24,NONE,28309.0,2251.6074055890163,0.8768573113207547,nane,eight
id_gcmpl6zpq0wx.wav,1,2,16,16000,62720,62720,3.92,NONE,2257.0,259.40634335454587,0.7380420918367347,moja,one
id_yiajg3i83ef8.wav,1,2,16,16000,64000,64000,4.0,NONE,16790.0,1559.3512326345049,0.84321875,kumi,ten
id_uxz0zjj69hy5.wav,1,2,16,16000,76800,76800,4.8,NONE,8347.0,559.4760195677328,0.9005989583333334,tano,five
id_on6o0lutuoea.wav,1,2,16,16000,60160,60160,3.76,NONE,12402.0,1030.9795915220502,0.8420877659574468,kumi,ten
id_n1fcerruuwhq.wav,1,2,16,16000,44800,44800,2.8,NONE,5181.0,252.07946331641708,0.47274553571428574,hapana,no
id_zqvhrxeqf9rn.wav,1,2,16,16000,83200,83200,5.2,NONE,14849.0,769.8695873343769,0.8852163461538461,tisa,nine
id_2h0h7uny06df.wav,1,2,16,16000,84480,84480,5.28,NONE,7934.0,460.55122790274623,0.8757220643939394,nane,eight
id_xlh4nadhrwa1.wav,1,2,16,16000,422400,422400,26.4,NONE,32768.0,921.6815029813572,0.8754214015151515,kumi,ten
id_qlqkj5dhp9eq.wav,1,2,16,16000,47360,47360,2.96,NONE,14455.0,1250.9589033925918,0.33956925675675675,sita,six
id_0drn03ed7y9u.wav,1,2,16,16000,70400,70400,4.4,NONE,28481.0,1390.38182860615,0.7141193181818182,tatu,three
id_6nw7a125aewx.wav,1,2,16,16000,62720,62720,3.92,NONE,28939.0,1994.719859277531,0.7818239795918367,nane,eight
id_c48r08b67dj0.wav,1,2,16,16000,44800,44800,2.8,NONE,3332.0,494.7361798762765,0.15142857142857144,kumi,ten
id_nxn37xuppti3.wav,1,2,16,16000,62720,62720,3.92,NONE,19435.0,1378.250190672914,0.6645248724489796,tisa,nine
id_n1nd14u7u848.wav,1,2,16,16000,43520,43520,2.72,NONE,17504.0,1400.7793773198662,0.8421875,moja,one
id_00hqhzl5653c.wav,1,2,16,16000,57600,57600,3.6,NONE,4678.0,459.58659841315244,0.7159375,ndio,yes
id_s1rtusftdneh.wav,1,2,16,16000,75520,75520,4.72,NONE,28912.0,1805.436544776355,0.8728681144067797,hapana,no
id_30cs2stw0ei6.wav,1,2,16,16000,64000,64000,4.0,NONE,20460.0,1811.872142141589,0.83425,kumi,ten
id_6uh0lbu4im4c.wav,1,2,16,16000,66560,66560,4.16,NONE,8270.0,385.73794656018265,0.8881009615384615,nane,eight
id_tesbm3el5o11.wav,1,2,16,16000,67840,67840,4.24,NONE,12913.0,590.3942687107769,0.8246609669811321,saba,seven
id_v4t4tamrpx8u.wav,1,2,16,16000,69120,69120,4.32,NONE,14981.0,1528.3102942363341,0.7543113425925926,nne,four
id_ecpb17kbtpar.wav,1,2,16,16000,78080,78080,4.88,NONE,7764.0,500.60417418973697,0.5328765368852459,tisa,nine
id_m7p6eekewgfi.wav,1,2,16,16000,58880,58880,3.68,NONE,4684.0,277.7904066996336,0.8463145380434782,ndio,yes
id_ennsxt4prxmu.wav,1,2,16,16000,81920,81920,5.12,NONE,32768.0,2801.940352854534,0.831982421875,tisa,nine
id_9vw7pywnhtgg.wav,1,2,16,16000,74240,74240,4.64,NONE,2998.0,156.6076773812923,0.8995150862068966,saba,seven
id_zmyo57zfha6s.wav,1,2,16,16000,92160,92160,5.76,NONE,9755.0,595.3860498546679,0.9091796875,nane,eight
id_47iplmbhbbx2.wav,1,2,16,16000,94720,94720,5.92,NONE,13082.0,1006.5111215773786,0.8887668918918918,ndio,yes
id_9bbz7alxy9wb.wav,1,2,16,16000,53760,53760,3.36,NONE,19731.0,2214.1597855218515,0.6019903273809524,mbili,two
id_2beg86f1n08p.wav,1,2,16,16000,58880,58880,3.68,NONE,18550.0,1540.1428068491346,0.8233186141304348,moja,one
id_2ylectoxtr8n.wav,1,2,16,16000,79360,79360,4.96,NONE,5875.0,411.20704069548754,0.27827620967741934,sita,six
id_kh70vqs8jxo5.wav,1,2,16,16000,60160,60160,3.76,NONE,15401.0,1210.8131165768734,0.870844414893617,saba,seven
id_ogeqaemr3bg3.wav,1,2,16,16000,47360,47360,2.96,NONE,9184.0,639.6626901736328,0.2301731418918919,sita,six
id_qu639jrlyovk.wav,1,2,16,16000,64000,64000,4.0,NONE,7697.0,548.715197999495,0.891265625,ndio,yes
id_yv0wugfsg1ao.wav,1,2,16,16000,52480,52480,3.28,NONE,3605.0,535.0398641868238,0.7665205792682926,mbili,two
id_twp8kzflzc9b.wav,1,2,16,16000,94720,94720,5.92,NONE,25934.0,2585.1834326437966,0.8216427364864864,tatu,three
id_1bsffklq1fqu.wav,1,2,16,16000,89600,89600,5.6,NONE,10957.0,754.2675696672804,0.458984375,tisa,nine
id_buqzbwerrj7l.wav,1,2,16,16000,83200,83200,5.2,NONE,4151.0,206.20525394569287,0.8612740384615385,saba,seven
id_2b5hydw7ouoi.wav,1,2,16,16000,55040,55040,3.44,NONE,12841.0,1173.8834707529434,0.26847747093023255,tisa,nine
id_ie95geu63t66.wav,1,2,16,16000,61440,61440,3.84,NONE,10995.0,348.4412828176572,0.9162109375,hapana,no
id_qmsgjp9f7uxb.wav,1,2,16,16000,79360,79360,4.96,NONE,18202.0,1547.5562620828996,0.8516507056451613,kumi,ten
id_kstrzx615274.wav,1,2,16,16000,65280,65280,4.08,NONE,14252.0,1257.5477262850918,0.8916819852941177,moja,one
id_7us8kaz1736o.wav,1,2,16,16000,65280,65280,4.08,NONE,21565.0,836.3488764946409,0.4546875,tatu,three
id_syqthfv83eu2.wav,1,2,16,16000,78080,78080,4.88,NONE,5796.0,339.75369604378085,0.8382300204918033,saba,seven
id_7wg9jso6qqrw.wav,1,2,16,16000,56320,56320,3.52,NONE,15345.0,2467.4983793104825,0.8434836647727273,nne,four
id_arq496wv7nq7.wav,1,2,16,16000,88320,88320,5.52,NONE,13596.0,892.1856130592498,0.8887794384057971,moja,one
id_7jp0zhso80hw.wav,1,2,16,16000,81920,81920,5.12,NONE,7274.0,498.8035448989999,0.72010498046875,nane,eight
id_8a7i45e13z5d.wav,1,2,16,16000,65536,65536,4.096,NONE,11629.0,558.786184920282,0.911712646484375,tatu,three
id_7pmk1x7f1kvk.wav,1,2,16,16000,69120,69120,4.32,NONE,12989.0,976.1458037281087,0.7088541666666667,tisa,nine
id_3k77zd22abns.wav,1,2,16,16000,57600,57600,3.6,NONE,8830.0,944.8660353402398,0.91015625,nne,four
id_sj8179j9i6nw.wav,1,2,16,16000,65280,65280,4.08,NONE,32767.0,1642.5476324718031,0.7974417892156863,saba,seven
id_yjooce1llkg3.wav,1,2,16,16000,61440,61440,3.84,NONE,10809.0,652.7051761871392,0.8651529947916666,moja,one
id_9fy4way7pj8c.wav,1,2,16,16000,57344,57344,3.584,NONE,16384.0,1594.5571675927022,0.8837367466517857,ndio,yes
id_tw7ylhb8un5p.wav,1,2,16,16000,60160,60160,3.76,NONE,12724.0,880.2992261025388,0.8686336436170212,moja,one
id_ae1z3omv3z2i.wav,1,2,16,16000,76800,76800,4.8,NONE,7166.0,387.93454088004654,0.9084375,mbili,two
id_tsgy9tt0gzir.wav,1,2,16,16000,98560,98560,6.16,NONE,32767.0,1224.5027060983937,0.9072849025974026,nane,eight
id_2hbi2ir8bed1.wav,1,2,16,16000,64000,64000,4.0,NONE,6805.0,325.92994727586785,0.8113125,saba,seven
id_obekfv4lwcoy.wav,1,2,16,16000,53760,53760,3.36,NONE,4524.0,555.7988664507302,0.7898995535714286,nane,eight
id_98qzlkoo78am.wav,1,2,16,16000,52480,52480,3.28,NONE,3586.0,296.4511688982834,0.7876905487804878,kumi,ten
id_3de5isyfv5nd.wav,1,2,16,16000,111360,111360,6.96,NONE,13473.0,784.412263167856,0.876544540229885,hapana,no
id_5qagomuwe6iy.wav,1,2,16,16000,75520,75520,4.72,NONE,16216.0,1850.1387168203778,0.8691737288135594,nne,four
id_93fd8w8p1nxc.wav,1,2,16,16000,49920,49920,3.12,NONE,4818.0,374.1149617528973,0.41864983974358977,kumi,ten
id_r4fdw6zey6h5.wav,1,2,16,16000,65280,65280,4.08,NONE,14492.0,530.6974733268152,0.9025582107843138,tisa,nine
id_djdwa9dfjf5c.wav,1,2,16,16000,78080,78080,4.88,NONE,15399.0,854.3182292305335,0.9071209016393442,tatu,three
id_aru2jpbjdfd2.wav,1,2,16,16000,66560,66560,4.16,NONE,3093.0,276.35267787577266,0.6161808894230769,kumi,ten
id_gwbud7tglcla.wav,1,2,16,16000,51200,51200,3.2,NONE,17224.0,1535.5213852024538,0.82419921875,tisa,nine
id_3b08magdq64p.wav,1,2,16,16000,90880,90880,5.68,NONE,10050.0,906.7326226251366,0.8684529049295775,mbili,two
id_pwexletl4g7y.wav,1,2,16,16000,81920,81920,5.12,NONE,4876.0,306.90924271543236,0.76119384765625,sita,six
id_ldnjoueud71n.wav,1,2,16,16000,73728,73728,4.608,NONE,21349.0,1498.976529556968,0.8613552517361112,tisa,nine
id_7o8r82oylpat.wav,1,2,16,16000,64000,64000,4.0,NONE,13155.0,720.1501806806515,0.849640625,mbili,two
id_ypaayqws5kqq.wav,1,2,16,16000,61440,61440,3.84,NONE,8320.0,616.1777160187627,0.8653157552083334,saba,seven
id_1a8vrokrnq9z.wav,1,2,16,16000,98304,98304,6.144,NONE,30677.0,582.1625369267948,0.8190816243489584,nne,four
id_dcomrvno0sa8.wav,1,2,16,16000,55040,55040,3.44,NONE,8961.0,641.5996422290385,0.8000363372093023,saba,seven
id_rutlmifnna08.wav,1,2,16,16000,65280,65280,4.08,NONE,6267.0,472.3570867813862,0.7759344362745098,moja,one
id_am3s54mtx10h.wav,1,2,16,16000,60160,60160,3.76,NONE,23681.0,1394.5391886462755,0.865874335106383,tatu,three
id_uo7uadcn2fvc.wav,1,2,16,16000,60160,60160,3.76,NONE,7353.0,376.0037675495236,0.8966921542553191,saba,seven
id_tl1iphni82w6.wav,1,2,16,16000,65280,65280,4.08,NONE,28201.0,2678.7868877958017,0.8392463235294118,mbili,two
id_ji9hhxlfd0ms.wav,1,2,16,16000,57344,57344,3.584,NONE,6928.0,551.0137597507977,0.8941476004464286,nne,four
id_ox8iukophywm.wav,1,2,16,16000,80640,80640,5.04,NONE,12565.0,694.6379160306474,0.8614211309523809,saba,seven
id_31fq4iy1s0lu.wav,1,2,16,16000,65280,65280,4.08,NONE,7582.0,874.021777786654,0.8905484068627451,nne,four
id_n0iljyx17d9m.wav,1,2,16,16000,67840,67840,4.24,NONE,32767.0,1464.7832545558542,0.8990418632075472,tatu,three
id_o8aid9a6gs42.wav,1,2,16,16000,65280,65280,4.08,NONE,32768.0,2945.320379715886,0.8610140931372549,sita,six
id_fpfx70rq0fua.wav,1,2,16,16000,65280,65280,4.08,NONE,8049.0,479.6415011795779,0.8190870098039216,ndio,yes
id_hc4ufhoqigbe.wav,1,2,16,16000,76800,76800,4.8,NONE,13279.0,942.7297818508449,0.9066927083333334,tisa,nine
id_6xg9gy9i8036.wav,1,2,16,16000,46080,46080,2.88,NONE,3154.0,548.4971282874536,0.17026909722222222,tatu,three
id_pfoykf8qs1jc.wav,1,2,16,16000,56320,56320,3.52,NONE,25992.0,1136.18704391359,0.8563920454545455,mbili,two
id_h63r8immvqee.wav,1,2,16,16000,69120,69120,4.32,NONE,10375.0,529.0345784810175,0.8923466435185186,saba,seven
id_7lpdry7n1vtn.wav,1,2,16,16000,62720,62720,3.92,NONE,7045.0,592.7437562612826,0.589811862244898,ndio,yes
id_qhlc0l62ld75.wav,1,2,16,16000,138240,138240,8.64,NONE,19453.0,1585.9015939558815,0.8485966435185185,tatu,three
id_1kfdfp4qs9f4.wav,1,2,16,16000,85760,85760,5.36,NONE,3827.0,249.27795094704666,0.8196128731343284,hapana,no
id_t9jt7x4qm8o6.wav,1,2,16,16000,90880,90880,5.68,NONE,32768.0,3093.787848372483,0.8393485915492958,mbili,two
id_xjhuv2qquzni.wav,1,2,16,16000,98560,98560,6.16,NONE,10296.0,778.7408848237151,0.8669744318181818,tisa,nine
id_wu4azm7zz883.wav,1,2,16,16000,67840,67840,4.24,NONE,17716.0,1092.1598905598755,0.9102741745283018,sita,six
id_ivnkpymzfw0i.wav,1,2,16,16000,69120,69120,4.32,NONE,8433.0,414.31703209208916,0.9145399305555556,kumi,ten
id_xnpxkrv8hmk1.wav,1,2,16,16000,74240,74240,4.64,NONE,25835.0,3680.3645901486066,0.6818426724137931,nne,four
id_eb73xjv2hriy.wav,1,2,16,16000,65280,65280,4.08,NONE,10684.0,674.8217969197789,0.5517003676470589,moja,one
id_76btewrp7l5p.wav,1,2,16,16000,70400,70400,4.4,NONE,8626.0,429.0030428743537,0.38394886363636366,moja,one
id_xrcgclaw9g8a.wav,1,2,16,16000,98560,98560,6.16,NONE,13170.0,869.1200707685581,0.885349025974026,kumi,ten
id_p7e7s8evjdzq.wav,1,2,16,16000,69120,69120,4.32,NONE,22281.0,2575.6787992675886,0.7590856481481482,nne,four
id_ucrqdczt127i.wav,1,2,16,16000,74240,74240,4.64,NONE,20629.0,1127.4172432044777,0.8825969827586206,saba,seven
id_2g1b9imw4uwr.wav,1,2,16,16000,79360,79360,4.96,NONE,21585.0,1499.8458144378353,0.5291078629032258,kumi,ten
id_6zjkbmw0ia9u.wav,1,2,16,16000,62720,62720,3.92,NONE,32767.0,2003.4236874283113,0.918813775510204,tano,five
id_1fgmsufxpkdg.wav,1,2,16,16000,69120,69120,4.32,NONE,6080.0,340.80897310476854,0.8376157407407407,hapana,no
id_0uvjq0t8k5r3.wav,1,2,16,16000,58880,58880,3.68,NONE,15846.0,1753.7023015851119,0.8863620923913044,kumi,ten
id_pu1lxkz6ie43.wav,1,2,16,16000,70400,70400,4.4,NONE,23409.0,1531.1318056888654,0.884346590909091,saba,seven
id_ci8wbxcjl7uk.wav,1,2,16,16000,83968,83968,5.248,NONE,14173.0,996.442618551628,0.9166229992378049,saba,seven
id_wtquvo9fejk6.wav,1,2,16,16000,74240,74240,4.64,NONE,28439.0,1233.5494960915232,0.924286099137931,nane,eight
id_zsy4euj6cage.wav,1,2,16,16000,72960,72960,4.56,NONE,8469.0,385.9947452572743,0.6935855263157895,saba,seven
id_tvg7232jm2no.wav,1,2,16,16000,76800,76800,4.8,NONE,16989.0,1041.7700303799859,0.6519270833333334,hapana,no
id_a89eugiorq3s.wav,1,2,16,16000,67840,67840,4.24,NONE,8936.0,588.4354016285395,0.8493366745283019,nane,eight
id_eaor27mf31c1.wav,1,2,16,16000,70400,70400,4.4,NONE,12068.0,676.5743562681482,0.89625,nane,eight
id_314adm1tgwmv.wav,1,2,16,16000,52480,52480,3.28,NONE,15781.0,1766.3935094590747,0.6578887195121951,mbili,two
id_1hz6e5tmm3k6.wav,1,2,16,16000,70400,70400,4.4,NONE,18062.0,934.2391177115738,0.8933096590909091,saba,seven
id_vv0w6du5o2s4.wav,1,2,16,16000,71680,71680,4.48,NONE,13690.0,810.2971477561983,0.8660714285714286,hapana,no
id_4h4rs31429ji.wav,1,2,16,16000,61440,61440,3.84,NONE,19810.0,2402.9322293863047,0.7881510416666667,kumi,ten
id_busyekledsq4.wav,1,2,16,16000,84480,84480,5.28,NONE,32767.0,1375.564283842092,0.8698863636363636,hapana,no
id_3bcus7a9626h.wav,1,2,16,16000,104960,104960,6.56,NONE,14948.0,1312.996248422214,0.8479325457317073,hapana,no
id_yq956kgwu5ha.wav,1,2,16,16000,92160,92160,5.76,NONE,7809.0,515.0108563319388,0.8875434027777778,saba,seven
id_3s4zv1noeplm.wav,1,2,16,16000,57600,57600,3.6,NONE,23727.0,2003.1089953512126,0.9008333333333334,nne,four
id_ex9ocja3xj4c.wav,1,2,16,16000,84480,84480,5.28,NONE,12164.0,748.7115442567414,0.7019767992424243,nne,four
id_52bb55fdl38u.wav,1,2,16,16000,65280,65280,4.08,NONE,17045.0,1634.1021734006551,0.7303155637254902,tisa,nine
id_4newl040uzdm.wav,1,2,16,16000,92160,92160,5.76,NONE,30549.0,1872.2308772232227,0.8888129340277777,tisa,nine
id_0efhgx6golxe.wav,1,2,16,16000,56320,56320,3.52,NONE,19568.0,2498.4526896782277,0.8333274147727273,ndio,yes
id_d04ud4dzx8tw.wav,1,2,16,16000,71680,71680,4.48,NONE,19006.0,1185.1245341834071,0.7715959821428572,tisa,nine
id_lfh3kueok74t.wav,1,2,16,16000,53760,53760,3.36,NONE,19771.0,1593.313944058219,0.7775669642857143,mbili,two
id_yptsj2b0pvt9.wav,1,2,16,16000,60160,60160,3.76,NONE,16412.0,1128.2562279719295,0.6346742021276596,mbili,two
id_lobeorpo1d2o.wav,1,2,16,16000,87040,87040,5.44,NONE,29554.0,1069.6107636944953,0.9320657169117647,nane,eight
id_cl5ogexmcmx2.wav,1,2,16,16000,83200,83200,5.2,NONE,11826.0,710.3634176223842,0.9149278846153847,tisa,nine
id_lpxte4vh977s.wav,1,2,16,16000,87040,87040,5.44,NONE,5166.0,223.34333880796558,0.6349379595588235,tisa,nine
id_iatzadf2xl3h.wav,1,2,16,16000,49920,49920,3.12,NONE,5865.0,616.7988475908683,0.33597756410256413,ndio,yes
id_lv1repukn2id.wav,1,2,16,16000,65280,65280,4.08,NONE,12606.0,968.6907825828785,0.6112591911764705,moja,one
id_wctjbg3g8ehv.wav,1,2,16,16000,46080,46080,2.88,NONE,8810.0,1044.947076168065,0.26189236111111114,ndio,yes
id_o2d2ykoyq88l.wav,1,2,16,16000,65280,65280,4.08,NONE,11904.0,720.5432512663384,0.8881893382352941,tano,five
id_z8spxgllon1a.wav,1,2,16,16000,61440,61440,3.84,NONE,28515.0,2073.849223106404,0.7347819010416666,hapana,no
id_8lifroyelt05.wav,1,2,16,16000,89600,89600,5.6,NONE,17309.0,1162.6273752942006,0.8902120535714285,mbili,two
id_7yuo96qvplv9.wav,1,2,16,16000,55040,55040,3.44,NONE,18406.0,1528.3601499591923,0.8297783430232558,hapana,no
id_jmd85tj1tfdo.wav,1,2,16,16000,56320,56320,3.52,NONE,22501.0,1536.5894450093704,0.8774680397727272,kumi,ten
id_eqs92upsm27m.wav,1,2,16,16000,98560,98560,6.16,NONE,11451.0,486.00846319657984,0.940229301948052,tatu,three
id_nfgdtfnaop6z.wav,1,2,16,16000,56320,56320,3.52,NONE,3270.0,335.6716921717203,0.25944602272727274,mbili,two
id_hznjehcuxsqm.wav,1,2,16,16000,51200,51200,3.2,NONE,7104.0,627.4883675309995,0.636328125,sita,six
id_ufvabyte3jbh.wav,1,2,16,16000,56320,56320,3.52,NONE,8491.0,1031.354911373276,0.7690340909090909,moja,one
id_95ne6kmzq5oc.wav,1,2,16,16000,66560,66560,4.16,NONE,9998.0,636.9344772583067,0.8546274038461539,hapana,no
id_epqgtyozs0rg.wav,1,2,16,16000,74240,74240,4.64,NONE,4434.0,489.45165597001386,0.7857623922413793,mbili,two
id_je3o5m31have.wav,1,2,16,16000,64000,64000,4.0,NONE,11451.0,1147.4564241726132,0.811671875,ndio,yes
id_47bea09uwn6e.wav,1,2,16,16000,55040,55040,3.44,NONE,13332.0,801.796389909616,0.8943677325581395,saba,seven
id_5diofx211fbs.wav,1,2,16,16000,58880,58880,3.68,NONE,7031.0,601.5160356420358,0.2823369565217391,saba,seven
id_gb06ygf9u84i.wav,1,2,16,16000,57600,57600,3.6,NONE,20206.0,1540.430778928459,0.6499131944444444,kumi,ten
id_zfcfcxzpb39a.wav,1,2,16,16000,51200,51200,3.2,NONE,9275.0,831.3030943452387,0.465859375,nane,eight
id_hcjfssfdr83v.wav,1,2,16,16000,76800,76800,4.8,NONE,16304.0,1146.288438014185,0.9010677083333334,mbili,two
id_c0ka8r2msnny.wav,1,2,16,16000,63488,63488,3.968,NONE,16307.0,1052.9486671783081,0.849609375,saba,seven
id_21t0ejmidxpd.wav,1,2,16,16000,83200,83200,5.2,NONE,12546.0,964.410220884575,0.560204326923077,nane,eight
id_71gyc0g9yl6d.wav,1,2,16,16000,60160,60160,3.76,NONE,3392.0,152.64398150520262,0.8396110372340425,hapana,no
id_ncdwjykde21u.wav,1,2,16,16000,69120,69120,4.32,NONE,21978.0,2507.9352953552566,0.600072337962963,nne,four
id_wx67mfwgl01s.wav,1,2,16,16000,76800,76800,4.8,NONE,5505.0,545.7691573715217,0.9103125,nne,four
id_7nfgp5a7fwp3.wav,1,2,16,16000,178176,178176,11.136,NONE,2179.0,134.9411493859208,0.9285986889367817,mbili,two
id_zp6xupyvninu.wav,1,2,16,16000,78080,78080,4.88,NONE,1692.0,82.68595636267779,0.33596311475409835,mbili,two
id_0w58argnti9a.wav,1,2,16,16000,144640,144640,9.04,NONE,28678.0,1208.6351089028572,0.5735204646017699,hapana,no
id_d5r3l2rwmh4k.wav,1,2,16,16000,65280,65280,4.08,NONE,7225.0,560.6739499117838,0.7588848039215687,ndio,yes
id_4rnwar4vznfx.wav,1,2,16,16000,84480,84480,5.28,NONE,18013.0,1132.2181709790193,0.657717803030303,nane,eight
id_xsyirfuip7hn.wav,1,2,16,16000,80640,80640,5.04,NONE,16171.0,1272.1159534298492,0.7461061507936508,mbili,two
id_mt0qfrg47j61.wav,1,2,16,16000,64000,64000,4.0,NONE,2594.0,180.20193460219843,0.657828125,moja,one
id_hy4bogigkb75.wav,1,2,16,16000,57600,57600,3.6,NONE,13303.0,725.5740010549885,0.8939583333333333,tisa,nine
id_i1v3sjf92ewc.wav,1,2,16,16000,65280,65280,4.08,NONE,5159.0,245.14845017366318,0.8841758578431372,tisa,nine
id_4uribxe3rof4.wav,1,2,16,16000,76800,76800,4.8,NONE,20545.0,969.4513177767425,0.6689583333333333,tatu,three
id_gt1bu8ij6cpr.wav,1,2,16,16000,59392,59392,3.712,NONE,9781.0,634.321708482774,0.870184536637931,tatu,three
id_wfmdskugj480.wav,1,2,16,16000,76800,76800,4.8,NONE,23065.0,1333.7659805255537,0.86328125,nane,eight
id_dhbq2q0i3ihj.wav,1,2,16,16000,69120,69120,4.32,NONE,4430.0,263.4879304844823,0.8185474537037037,tisa,nine
id_3s0lrjmjxcz6.wav,1,2,16,16000,85760,85760,5.36,NONE,18242.0,601.8247371431377,0.8806553171641791,hapana,no
id_udywio9i9p0f.wav,1,2,16,16000,66560,66560,4.16,NONE,6092.0,669.1324274639319,0.5543118990384616,nane,eight
id_y808coxysvse.wav,1,2,16,16000,64000,64000,4.0,NONE,12474.0,916.0543464790312,0.7419375,tisa,nine
id_wzr55t1o2foz.wav,1,2,16,16000,89600,89600,5.6,NONE,14506.0,1209.175652317926,0.8999553571428571,mbili,two
id_830ppu4qe9pb.wav,1,2,16,16000,69120,69120,4.32,NONE,13148.0,601.5331745377345,0.8665219907407408,tatu,three
id_gcj0u7afbal2.wav,1,2,16,16000,49920,49920,3.12,NONE,13431.0,650.0826435072876,0.46552483974358977,kumi,ten
id_4b92vxq55fwe.wav,1,2,16,16000,48640,48640,3.04,NONE,9710.0,618.6635783612847,0.8852590460526316,tatu,three
id_zhi427kmyfjl.wav,1,2,16,16000,49920,49920,3.12,NONE,4840.0,284.3375533600887,0.5132612179487179,hapana,no
id_kt0smtnltto1.wav,1,2,16,16000,104960,104960,6.56,NONE,32768.0,3237.0273034706756,0.9102134146341463,ndio,yes
id_nkfcrj8g548l.wav,1,2,16,16000,87040,87040,5.44,NONE,8218.0,355.9063008423985,0.9449103860294118,tano,five
id_fcbn4ocnegnw.wav,1,2,16,16000,64000,64000,4.0,NONE,6101.0,523.1792961219174,0.879765625,nne,four
id_fuxrc1hn1cms.wav,1,2,16,16000,66560,66560,4.16,NONE,29281.0,2202.8412473604894,0.8710186298076923,saba,seven
id_eo2vt8ilokz2.wav,1,2,16,16000,62720,62720,3.92,NONE,4356.0,236.21171890479775,0.915609056122449,tisa,nine
id_nzb6q47aukhy.wav,1,2,16,16000,62720,62720,3.92,NONE,16352.0,1220.1076311868903,0.8127710459183674,moja,one
id_5gxk79lczo7x.wav,1,2,16,16000,94720,94720,5.92,NONE,6072.0,278.6846974623152,0.9030194256756757,sita,six
id_9h37alvag1li.wav,1,2,16,16000,80640,80640,5.04,NONE,17785.0,977.3324574465294,0.9149429563492063,moja,one
id_wpp02p120f5f.wav,1,2,16,16000,79360,79360,4.96,NONE,7234.0,580.2826173972709,0.6506048387096774,moja,one
id_21vze1ny7etu.wav,1,2,16,16000,59392,59392,3.712,NONE,5154.0,552.4179328202036,0.7402175377155172,mbili,two
id_vx1j40rjh5cw.wav,1,2,16,16000,65280,65280,4.08,NONE,3098.0,269.2816085377744,0.8031403186274509,tisa,nine
id_4mozo4mixmgt.wav,1,2,16,16000,67840,67840,4.24,NONE,15555.0,840.0049377241442,0.8803360849056604,nane,eight
id_qjom5yjc5lv8.wav,1,2,16,16000,65280,65280,4.08,NONE,15758.0,1541.3326644816295,0.8451133578431372,nane,eight
id_80inn0wkzb05.wav,1,2,16,16000,80640,80640,5.04,NONE,22551.0,1215.117841849445,0.8509548611111111,tisa,nine
id_xrimnrnvd8wp.wav,1,2,16,16000,70400,70400,4.4,NONE,18901.0,1172.9139382530568,0.8856818181818182,sita,six
id_66s905f25psf.wav,1,2,16,16000,58880,58880,3.68,NONE,19455.0,1794.6140866890194,0.5623471467391304,nne,four
id_r7ikno16olyy.wav,1,2,16,16000,78080,78080,4.88,NONE,3748.0,363.99378168384715,0.9078125,kumi,ten
id_h7d0gfx2wm73.wav,1,2,16,16000,74240,74240,4.64,NONE,6705.0,531.1347554005448,0.4273706896551724,tano,five
id_jy8t0gqkbsdr.wav,1,2,16,16000,86016,86016,5.376,NONE,10584.0,711.3119410079378,0.9091913132440477,nne,four
id_r6vvyabasdhf.wav,1,2,16,16000,134400,134400,8.4,NONE,26440.0,4068.9408468645424,0.8925223214285715,moja,one
id_grz7vwra2oh2.wav,1,2,16,16000,71680,71680,4.48,NONE,14704.0,866.7582307301757,0.8772042410714286,tisa,nine
id_mxzyh3l56qs0.wav,1,2,16,16000,62720,62720,3.92,NONE,16384.0,580.5775629910245,0.8839285714285714,nane,eight
id_bj6a3ttl4p95.wav,1,2,16,16000,83200,83200,5.2,NONE,10520.0,775.2959579049475,0.8800240384615384,mbili,two
id_dnwj0h38577y.wav,1,2,16,16000,110080,110080,6.88,NONE,4563.0,312.44794447249484,0.8382630813953489,sita,six
id_21l10o79qvdg.wav,1,2,16,16000,110080,110080,6.88,NONE,8156.0,434.1154372134616,0.6595657703488372,kumi,ten
id_k0y7be0v47lu.wav,1,2,16,16000,76800,76800,4.8,NONE,6893.0,464.2847666370823,0.6882942708333334,hapana,no
id_mpx19t33vdie.wav,1,2,16,16000,94208,94208,5.888,NONE,13068.0,820.2765541166746,0.8885975713315217,saba,seven
id_6h1x1m5ba6jl.wav,1,2,16,16000,156160,156160,9.76,NONE,32768.0,1748.726670138735,0.9051933913934426,saba,seven
id_9bz6koh0qbnn.wav,1,2,16,16000,63488,63488,3.968,NONE,11067.0,1431.1437549872082,0.6230626260080645,ndio,yes
id_zaix54zrc9pz.wav,1,2,16,16000,46080,46080,2.88,NONE,6095.0,552.1160472815462,0.36421440972222224,sita,six
id_4ziolasny1wq.wav,1,2,16,16000,57600,57600,3.6,NONE,9561.0,932.2175897199824,0.7103993055555555,nane,eight
id_x62ww6s3iw7y.wav,1,2,16,16000,67584,67584,4.224,NONE,11704.0,1371.2452246196733,0.8231830018939394,kumi,ten
id_ufsab9x7ijs1.wav,1,2,16,16000,67840,67840,4.24,NONE,1966.0,225.53373372983015,0.6971992924528302,nne,four
id_xvz93ipnekwa.wav,1,2,16,16000,94720,94720,5.92,NONE,13914.0,768.0593123137309,0.6214527027027027,nane,eight
id_ktdrarg1nf58.wav,1,2,16,16000,67840,67840,4.24,NONE,14030.0,1040.1936075911951,0.8828862028301887,nne,four
id_xxafyus12hap.wav,1,2,16,16000,136960,136960,8.56,NONE,11705.0,659.4015789976831,0.8937061915887851,kumi,ten
id_6n5o9fyjrcc0.wav,1,2,16,16000,78080,78080,4.88,NONE,14698.0,615.0788700801364,0.8356045081967213,saba,seven
id_it2qqayqa7ic.wav,1,2,16,16000,74240,74240,4.64,NONE,6837.0,641.9157350335172,0.4435344827586207,kumi,ten
id_mmjvnqhlal0f.wav,1,2,16,16000,106496,106496,6.656,NONE,20674.0,1487.8525562706463,0.9308988131009616,kumi,ten
id_fa4t6dmocv3x.wav,1,2,16,16000,72960,72960,4.56,NONE,11956.0,853.8889129333407,0.9102247807017544,tano,five
id_xfdecdyhtewt.wav,1,2,16,16000,55040,55040,3.44,NONE,11674.0,1339.2918615134395,0.8639171511627907,nne,four
id_wxug71xacx49.wav,1,2,16,16000,61440,61440,3.84,NONE,23691.0,1658.1506563597284,0.8723795572916667,kumi,ten
id_oqy9dhu0sdjd.wav,1,2,16,16000,55040,55040,3.44,NONE,5064.0,538.869642211582,0.8364643895348837,sita,six
id_4lw49ow7vumq.wav,1,2,16,16000,169984,169984,10.624,NONE,4762.0,261.7524223978036,0.953160297439759,kumi,ten
id_yuxmgr2iktdd.wav,1,2,16,16000,71680,71680,4.48,NONE,8205.0,478.746711264231,0.8387416294642858,hapana,no
id_nu53u7qq2eqq.wav,1,2,16,16000,58880,58880,3.68,NONE,21795.0,1104.30305383743,0.8976222826086957,saba,seven
id_im1q04zeyt3q.wav,1,2,16,16000,69120,69120,4.32,NONE,24851.0,3112.5525199486447,0.40662615740740743,ndio,yes
id_cjut22fbvxig.wav,1,2,16,16000,49920,49920,3.12,NONE,2387.0,397.94064007693373,0.2303485576923077,nne,four
id_vbda8x3lzr2k.wav,1,2,16,16000,72960,72960,4.56,NONE,1986.0,161.8389706229025,0.35153508771929826,nne,four
id_uht0pv4wmeq5.wav,1,2,16,16000,130560,130560,8.16,NONE,12393.0,712.3400873178485,0.9225796568627451,sita,six
id_c5akmij62nz0.wav,1,2,16,16000,55040,55040,3.44,NONE,20098.0,1692.504411540788,0.7632267441860465,nne,four
id_u1j2dt03w7ya.wav,1,2,16,16000,66560,66560,4.16,NONE,13166.0,1442.2509997375596,0.2562049278846154,nane,eight
id_wwrl5i5rre61.wav,1,2,16,16000,70400,70400,4.4,NONE,13010.0,982.0535048085812,0.8601988636363637,tisa,nine
id_90e66gxmks82.wav,1,2,16,16000,70400,70400,4.4,NONE,32767.0,1717.9487622664208,0.877627840909091,nane,eight
id_t5ns7s8gocv1.wav,1,2,16,16000,70400,70400,4.4,NONE,3864.0,352.7509140024239,0.8472585227272728,mbili,two
id_ln6f7kkqi1ph.wav,1,2,16,16000,67840,67840,4.24,NONE,8526.0,745.0732538855897,0.8903744103773585,ndio,yes
id_3br9ywygak8i.wav,1,2,16,16000,58880,58880,3.68,NONE,12153.0,1299.0261008996756,0.8613790760869565,mbili,two
id_4l6r9gu5n95q.wav,1,2,16,16000,60160,60160,3.76,NONE,28278.0,2549.49827168024,0.8571309840425532,saba,seven
id_911lynxylm7x.wav,1,2,16,16000,62720,62720,3.92,NONE,5001.0,309.40651810694993,0.9137436224489796,sita,six
id_kbgspb4u23am.wav,1,2,16,16000,65536,65536,4.096,NONE,13651.0,1040.3401860291835,0.8705596923828125,tisa,nine
id_kbykqygrrlc1.wav,1,2,16,16000,71680,71680,4.48,NONE,3305.0,250.13743833747822,0.9133510044642857,tisa,nine
id_otzzy6j70pof.wav,1,2,16,16000,58880,58880,3.68,NONE,22546.0,2031.8654121415289,0.8502547554347826,mbili,two
id_psbldvgikbdu.wav,1,2,16,16000,56320,56320,3.52,NONE,19528.0,1563.6718822686962,0.57109375,saba,seven
id_3kz5c76ij12f.wav,1,2,16,16000,66560,66560,4.16,NONE,25034.0,2668.284463674467,0.5518479567307693,ndio,yes
id_1vj58svc9f5k.wav,1,2,16,16000,80640,80640,5.04,NONE,22602.0,2427.645198310282,0.7461433531746032,ndio,yes
id_fyph68glunfr.wav,1,2,16,16000,56320,56320,3.52,NONE,10985.0,612.3342368023932,0.8865767045454546,saba,seven
id_pt66o3770eaa.wav,1,2,16,16000,71680,71680,4.48,NONE,10403.0,1065.873330636195,0.8816266741071429,kumi,ten
id_11zmo0d4aw2g.wav,1,2,16,16000,96256,96256,6.016,NONE,16300.0,857.5925345143446,0.7182201628989362,tatu,three
id_55r05fkcat7s.wav,1,2,16,16000,79360,79360,4.96,NONE,28772.0,1268.4834458296057,0.8508190524193548,tatu,three
id_qnjrd5zv0ijl.wav,1,2,16,16000,71680,71680,4.48,NONE,15532.0,1108.4428366083928,0.88994140625,tisa,nine
id_7s76g8y0glcs.wav,1,2,16,16000,63488,63488,3.968,NONE,12007.0,1277.21416122762,0.8656596522177419,nne,four
id_t68f3zo98m7z.wav,1,2,16,16000,56320,56320,3.52,NONE,17937.0,1667.2576921781258,0.505184659090909,nne,four
id_vr2qhdz3trwj.wav,1,2,16,16000,76800,76800,4.8,NONE,28239.0,1568.414181851635,0.9053515625,saba,seven
id_ml8mhgdy000a.wav,1,2,16,16000,107520,107520,6.72,NONE,11925.0,810.9414643563068,0.7458798363095238,tisa,nine
id_97duco365yv4.wav,1,2,16,16000,75520,75520,4.72,NONE,11722.0,504.98645920499945,0.5884004237288135,sita,six
id_3txe9ba7hdse.wav,1,2,16,16000,70400,70400,4.4,NONE,9015.0,330.2088348552735,0.9075852272727273,sita,six
id_yj1mu48v0pe6.wav,1,2,16,16000,70400,70400,4.4,NONE,17716.0,1484.5147331742328,0.7313210227272727,moja,one
id_m4yhk99zpkip.wav,1,2,16,16000,122880,122880,7.68,NONE,10196.0,646.1748439887662,0.9101318359375,kumi,ten
id_a55sm8i3xinu.wav,1,2,16,16000,72960,72960,4.56,NONE,15330.0,1166.8722915754283,0.8952713815789474,mbili,two
id_hwcylsded1zs.wav,1,2,16,16000,70400,70400,4.4,NONE,4439.0,314.9101675658689,0.8885085227272728,tisa,nine
id_yy05g7f5fnhc.wav,1,2,16,16000,85760,85760,5.36,NONE,6326.0,544.276570067841,0.7284981343283582,nane,eight
id_i73xsvg81glx.wav,1,2,16,16000,48640,48640,3.04,NONE,13710.0,783.2606904802799,0.40078125,tano,five
id_awvtf007cadg.wav,1,2,16,16000,57600,57600,3.6,NONE,14476.0,1135.25603059398,0.5464930555555556,ndio,yes
id_nnwkroqumwrc.wav,1,2,16,16000,51200,51200,3.2,NONE,22384.0,1619.7069919722362,0.76060546875,tano,five
id_t336k41v6kqx.wav,1,2,16,16000,84480,84480,5.28,NONE,32767.0,1924.403087033113,0.8988991477272728,hapana,no
id_l34eftmdblak.wav,1,2,16,16000,112640,112640,7.04,NONE,12125.0,600.262317406443,0.930859375,tano,five
id_fqdz384k2sd3.wav,1,2,16,16000,81920,81920,5.12,NONE,27913.0,2197.3826586332007,0.819775390625,tano,five
id_bgbgyftdfuh7.wav,1,2,16,16000,78080,78080,4.88,NONE,12315.0,1379.6253913623812,0.3349513319672131,nane,eight
id_0wny30qmrtxb.wav,1,2,16,16000,85760,85760,5.36,NONE,17756.0,1201.8052896945023,0.9065181902985074,saba,seven
id_k68znvqp81u1.wav,1,2,16,16000,57600,57600,3.6,NONE,8008.0,386.0038868903323,0.9110416666666666,tano,five
id_rl6c1vmp6wqa.wav,1,2,16,16000,65280,65280,4.08,NONE,28255.0,1686.6316272568567,0.8886488970588236,tisa,nine
id_4nl29x8w67uo.wav,1,2,16,16000,153600,153600,9.6,NONE,29040.0,1509.3963210170282,0.9476627604166666,kumi,ten
id_vrkbukotyb0k.wav,1,2,16,16000,85760,85760,5.36,NONE,8858.0,505.20417780898543,0.8041744402985075,nne,four
id_2r0hv1ciwxsf.wav,1,2,16,16000,61440,61440,3.84,NONE,32214.0,2235.3881092204997,0.9097981770833333,tisa,nine
id_147wp83monha.wav,1,2,16,16000,72960,72960,4.56,NONE,23341.0,1287.7020324209273,0.8936814692982457,tatu,three
id_nkdzdhkud9tr.wav,1,2,16,16000,88064,88064,5.504,NONE,14752.0,1380.122981450256,0.863292605377907,mbili,two
id_yp4i2tgqlboh.wav,1,2,16,16000,57600,57600,3.6,NONE,32768.0,1168.26474332067,0.9090104166666667,tano,five
id_2rsigmjls3mf.wav,1,2,16,16000,110080,110080,6.88,NONE,12708.0,886.952691430061,0.29412245639534884,ndio,yes
id_cebrzevrcrmw.wav,1,2,16,16000,64000,64000,4.0,NONE,32768.0,1201.3769285503718,0.900921875,hapana,no
id_84ej9ape6585.wav,1,2,16,16000,62720,62720,3.92,NONE,17934.0,1704.1229226563908,0.7126753826530612,kumi,ten
id_yjb9rb0t14zh.wav,1,2,16,16000,62720,62720,3.92,NONE,13424.0,628.5932395515791,0.893797831632653,tatu,three
id_3ge0o9n759gr.wav,1,2,16,16000,61440,61440,3.84,NONE,5558.0,263.0306152471451,0.8274576822916667,tisa,nine
id_wjpl612o72y5.wav,1,2,16,16000,615680,615680,38.48,NONE,16915.0,775.8615949828015,0.43182172557172555,nane,eight
id_wco8qwdflw2y.wav,1,2,16,16000,81920,81920,5.12,NONE,19768.0,1830.8992523393515,0.9160888671875,nne,four
id_valwyz0tev6c.wav,1,2,16,16000,67840,67840,4.24,NONE,9263.0,451.4770203092677,0.8829156839622642,saba,seven
id_cepshfarm82r.wav,1,2,16,16000,64000,64000,4.0,NONE,22828.0,1947.448221848594,0.877203125,tano,five
id_ft9cmucoefyl.wav,1,2,16,16000,51200,51200,3.2,NONE,28726.0,2772.1598324026554,0.8664453125,ndio,yes
id_yqrg05qt73gq.wav,1,2,16,16000,58880,58880,3.68,NONE,14069.0,904.0446160726052,0.6313179347826087,saba,seven
id_tjgfktz61l8h.wav,1,2,16,16000,126720,126720,7.92,NONE,4060.0,270.05232406625544,0.4221906565656566,nne,four
id_3sbzf7fgk62n.wav,1,2,16,16000,66560,66560,4.16,NONE,27722.0,1799.5203406714759,0.8802433894230769,saba,seven
id_mxfuhffl8tjk.wav,1,2,16,16000,60160,60160,3.76,NONE,12881.0,505.98778852619847,0.9014793882978723,saba,seven
id_oe8353w2xjb6.wav,1,2,16,16000,55040,55040,3.44,NONE,12757.0,1395.555718801841,0.862172965116279,mbili,two
id_sc7fyp1thu2x.wav,1,2,16,16000,61440,61440,3.84,NONE,12153.0,970.4840149925808,0.8562662760416667,moja,one
id_r9lsj1i4qk7n.wav,1,2,16,16000,44800,44800,2.8,NONE,3252.0,301.8307565182136,0.25125,tisa,nine
id_qruwwpigk99v.wav,1,2,16,16000,61440,61440,3.84,NONE,18309.0,1633.345796736103,0.5445638020833333,moja,one
id_shnlv8xplqhr.wav,1,2,16,16000,57600,57600,3.6,NONE,4275.0,266.3904257356317,0.9237326388888889,nne,four
id_mg0q6mk6ph61.wav,1,2,16,16000,72960,72960,4.56,NONE,10411.0,391.4883623511172,0.7945723684210526,sita,six
id_fmtxcqrzkgx9.wav,1,2,16,16000,57600,57600,3.6,NONE,9297.0,963.7486800592633,0.8954513888888889,nne,four
id_e1lwnbrrqmzc.wav,1,2,16,16000,72960,72960,4.56,NONE,18429.0,1676.6516337835594,0.7360334429824561,nane,eight
id_o8gqo553qcr7.wav,1,2,16,16000,60160,60160,3.76,NONE,10905.0,796.7672842509659,0.855219414893617,hapana,no
id_hd3s5nzfdcxp.wav,1,2,16,16000,64000,64000,4.0,NONE,2911.0,251.4367033295855,0.29225,saba,seven
id_114ti264bsme.wav,1,2,16,16000,83200,83200,5.2,NONE,3677.0,359.62963520715414,0.6664663461538461,ndio,yes
id_km6w1onj8u1y.wav,1,2,16,16000,97280,97280,6.08,NONE,9643.0,827.0816092150817,0.8276212993421053,moja,one
id_j1wpyjh99p63.wav,1,2,16,16000,61440,61440,3.84,NONE,15218.0,1143.6240813826146,0.835986328125,nane,eight
id_36qc0pvoftt5.wav,1,2,16,16000,62720,62720,3.92,NONE,18715.0,1026.8837740287458,0.9285235969387755,tisa,nine
id_9al9p94omqq1.wav,1,2,16,16000,65280,65280,4.08,NONE,18899.0,1324.9680479059914,0.8752910539215686,sita,six
id_q4wpcd1ulq9p.wav,1,2,16,16000,58880,58880,3.68,NONE,11619.0,455.88522424709123,0.9408457880434783,tatu,three
id_x9oxwwxkb96i.wav,1,2,16,16000,92160,92160,5.76,NONE,32767.0,1454.8835375873591,0.6185763888888889,saba,seven
id_g6hsdfwl8kga.wav,1,2,16,16000,224000,224000,14.0,NONE,32767.0,1442.4316943053516,0.8576696428571429,tano,five
id_7okeviz8z41u.wav,1,2,16,16000,55040,55040,3.44,NONE,22635.0,1800.464014148223,0.8234556686046511,hapana,no
id_h3bzrmh0w9ws.wav,1,2,16,16000,71680,71680,4.48,NONE,12063.0,557.8069536914142,0.9108677455357143,tano,five
id_gkywu3tot95q.wav,1,2,16,16000,61440,61440,3.84,NONE,8777.0,883.6939857399408,0.7936686197916667,moja,one
id_xyuak5kp2zw0.wav,1,2,16,16000,61440,61440,3.84,NONE,5668.0,415.49693049564405,0.8495930989583333,moja,one
id_9jxwbn315bsj.wav,1,2,16,16000,71680,71680,4.48,NONE,17740.0,1189.9317088537018,0.7658761160714286,sita,six
id_z2wzpoehg6wd.wav,1,2,16,16000,93440,93440,5.84,NONE,3188.0,167.75360408159048,0.9177226027397261,saba,seven
id_c119s0f3per0.wav,1,2,16,16000,64000,64000,4.0,NONE,3928.0,313.485347843404,0.800390625,moja,one
id_07ppov73yl2q.wav,1,2,16,16000,67584,67584,4.224,NONE,10935.0,945.2822309516537,0.79931640625,sita,six
id_lrm9r4zt8dx5.wav,1,2,16,16000,66560,66560,4.16,NONE,32768.0,1589.44170303404,0.8739032451923077,nane,eight
id_dgw9k7271xc6.wav,1,2,16,16000,65280,65280,4.08,NONE,7656.0,791.8039057064015,0.8815563725490196,mbili,two
id_c212wiqpm06r.wav,1,2,16,16000,46080,46080,2.88,NONE,8520.0,607.8699291992101,0.4989149305555556,tano,five
id_di9m2gmyyirj.wav,1,2,16,16000,69120,69120,4.32,NONE,4746.0,501.8628339728535,0.7081597222222222,ndio,yes
id_c07vhos3x6bi.wav,1,2,16,16000,143360,143360,8.96,NONE,13463.0,504.85305247846054,0.79736328125,sita,six
id_eerks9ydf157.wav,1,2,16,16000,55040,55040,3.44,NONE,30717.0,1721.923492775138,0.7395348837209302,sita,six
id_tos5mfzs0el5.wav,1,2,16,16000,78080,78080,4.88,NONE,19720.0,973.9738390425814,0.7875384221311476,nane,eight
id_9n3k3cvsdv3m.wav,1,2,16,16000,93440,93440,5.84,NONE,23301.0,1097.0470383856157,0.9513484589041096,tatu,three
id_r6fcvel443af.wav,1,2,16,16000,63488,63488,3.968,NONE,19451.0,1640.659948307684,0.84521484375,sita,six
id_v18edoedvr25.wav,1,2,16,16000,81920,81920,5.12,NONE,15842.0,645.9332085345167,0.91712646484375,tatu,three
id_e0zjft3pbce2.wav,1,2,16,16000,55040,55040,3.44,NONE,3971.0,222.35437233569823,0.8943677325581395,moja,one
id_and08mbfx80v.wav,1,2,16,16000,62720,62720,3.92,NONE,30080.0,2377.393892283918,0.8140625,saba,seven
id_mwk9grio9q1i.wav,1,2,16,16000,48640,48640,3.04,NONE,5173.0,513.278740290668,0.3567023026315789,ndio,yes
id_24u2mnvjarao.wav,1,2,16,16000,76800,76800,4.8,NONE,18237.0,1096.693039667531,0.9151692708333333,nne,four
id_rdhuhqjarmwr.wav,1,2,16,16000,55040,55040,3.44,NONE,11199.0,871.7150625893781,0.8385356104651163,saba,seven
id_5f97oz7530f8.wav,1,2,16,16000,52480,52480,3.28,NONE,11188.0,615.9334932768666,0.7648628048780488,kumi,ten
id_px2ztm1zqb0h.wav,1,2,16,16000,57600,57600,3.6,NONE,19862.0,2351.8133728232515,0.5045659722222222,ndio,yes
id_fd8c3kmi6tq2.wav,1,2,16,16000,76800,76800,4.8,NONE,10657.0,906.9579706330342,0.3833984375,mbili,two
id_cvy3mgkj4fci.wav,1,2,16,16000,108544,108544,6.784,NONE,20362.0,1144.970480577917,0.8248820754716981,saba,seven
id_esewddw9abqg.wav,1,2,16,16000,69120,69120,4.32,NONE,11980.0,760.2891466040179,0.8462239583333333,sita,six
id_sgah2mvdos4g.wav,1,2,16,16000,80640,80640,5.04,NONE,8824.0,846.0600671581086,0.5690848214285714,mbili,two
id_0ofmn0pdceyk.wav,1,2,16,16000,69120,69120,4.32,NONE,12143.0,768.5134735405165,0.8163339120370371,sita,six
id_xkm0zav0dwxh.wav,1,2,16,16000,61440,61440,3.84,NONE,23340.0,1365.7908366602876,0.8333821614583333,hapana,no
id_z3q4ayf8otdd.wav,1,2,16,16000,63488,63488,3.968,NONE,15948.0,1004.3530322179312,0.8913967993951613,tano,five
id_k0jhodnxx8up.wav,1,2,16,16000,181760,181760,11.36,NONE,20877.0,882.591756463454,0.937819102112676,hapana,no
id_x2x84ew9n8dj.wav,1,2,16,16000,61440,61440,3.84,NONE,16148.0,2106.79782557518,0.8302734375,ndio,yes
id_lduiuihp9mn1.wav,1,2,16,16000,83200,83200,5.2,NONE,4909.0,427.97872265250436,0.8895192307692308,nne,four
id_qe4yriwwemjb.wav,1,2,16,16000,52480,52480,3.28,NONE,18911.0,1437.7374027453861,0.8512576219512196,tano,five
id_qabftx74t6nn.wav,1,2,16,16000,44800,44800,2.8,NONE,1303.0,179.94859229940008,0.17895089285714286,tisa,nine
id_x47gshlfcoy9.wav,1,2,16,16000,112640,112640,7.04,NONE,25019.0,1882.820285899594,0.7836470170454546,mbili,two
id_svvmrw52ryba.wav,1,2,16,16000,65536,65536,4.096,NONE,12324.0,855.4135698706204,0.8634033203125,moja,one
id_ne64zembd7cv.wav,1,2,16,16000,72960,72960,4.56,NONE,6475.0,775.960933770116,0.600328947368421,ndio,yes
id_kt4wzpw4p4k3.wav,1,2,16,16000,72960,72960,4.56,NONE,10401.0,610.5574263190427,0.9027001096491228,saba,seven
id_5dbep6fghf0d.wav,1,2,16,16000,67840,67840,4.24,NONE,23735.0,2678.5708533866746,0.8631928066037736,nne,four
id_ykr571uwh9g2.wav,1,2,16,16000,60160,60160,3.76,NONE,4135.0,293.01960848626976,0.9128989361702128,ndio,yes
id_9tru1lc6krfs.wav,1,2,16,16000,51200,51200,3.2,NONE,8165.0,434.991233635626,0.5359375,tisa,nine
id_kwld6ki8gw59.wav,1,2,16,16000,57600,57600,3.6,NONE,19510.0,1691.3558661074176,0.47184027777777776,hapana,no
id_ppmuayh78q4r.wav,1,2,16,16000,62720,62720,3.92,NONE,30666.0,1884.0783898705745,0.8896843112244898,saba,seven
id_pjf3ebnxl7w7.wav,1,2,16,16000,53760,53760,3.36,NONE,4093.0,131.233833329735,0.44311755952380955,hapana,no
id_10oyhhl4td1t.wav,1,2,16,16000,99840,99840,6.24,NONE,9866.0,582.5578355243102,0.9416866987179487,tisa,nine
id_c7x9v4n2b1eo.wav,1,2,16,16000,88320,88320,5.52,NONE,13342.0,1192.1116469971469,0.869440670289855,kumi,ten
id_jzbwfn4leg6r.wav,1,2,16,16000,85760,85760,5.36,NONE,8551.0,402.2400925267323,0.8971431902985074,moja,one
id_rogb5vjxpgin.wav,1,2,16,16000,74240,74240,4.64,NONE,12972.0,1196.3145721659118,0.4599676724137931,hapana,no
id_0lm65eqfuoso.wav,1,2,16,16000,53760,53760,3.36,NONE,21349.0,1128.2916268498557,0.7895275297619048,saba,seven
id_j5s1s1n87gi2.wav,1,2,16,16000,110080,110080,6.88,NONE,12313.0,832.6602730273491,0.807639898255814,moja,one
id_rkmz3jwfq6iv.wav,1,2,16,16000,111360,111360,6.96,NONE,5503.0,224.48270631526705,0.6516343390804598,sita,six
id_m97bwbyl24wp.wav,1,2,16,16000,62720,62720,3.92,NONE,11163.0,706.4815743694023,0.8979910714285714,tisa,nine
id_fhf58s7p19xu.wav,1,2,16,16000,69120,69120,4.32,NONE,14035.0,660.748895655931,0.8911168981481481,tatu,three
id_j1ds1oh516ff.wav,1,2,16,16000,75520,75520,4.72,NONE,31920.0,2160.1756515258003,0.6207229872881356,ndio,yes
id_qxduad839ssf.wav,1,2,16,16000,62720,62720,3.92,NONE,12038.0,732.7902116840286,0.8479591836734693,hapana,no
id_m2jhmyeg3ip3.wav,1,2,16,16000,75520,75520,4.72,NONE,25127.0,1148.060398902689,0.8089247881355932,moja,one
id_a72xaeqdggbp.wav,1,2,16,16000,61440,61440,3.84,NONE,32767.0,2040.613930786083,0.8672200520833333,tano,five
id_c23nzio7o6sz.wav,1,2,16,16000,66560,66560,4.16,NONE,9183.0,845.5699518280526,0.7629356971153847,ndio,yes
id_4v4m9q50zgne.wav,1,2,16,16000,152320,152320,9.52,NONE,9206.0,505.9626241549411,0.7555803571428571,moja,one
id_y5e78yfphuaq.wav,1,2,16,16000,64000,64000,4.0,NONE,5103.0,422.75244349899975,0.866265625,sita,six
id_fk10kj62cdhb.wav,1,2,16,16000,55040,55040,3.44,NONE,10436.0,636.8764238036667,0.5184956395348838,tatu,three
id_5juf26o9qcz4.wav,1,2,16,16000,64000,64000,4.0,NONE,13024.0,925.92291501338,0.8464375,nne,four
id_yh044925gjg4.wav,1,2,16,16000,59392,59392,3.712,NONE,10159.0,612.5736403847801,0.8639379040948276,tatu,three
id_sm1xmusbsa1s.wav,1,2,16,16000,83968,83968,5.248,NONE,13117.0,1195.4082224594438,0.23981754954268292,tano,five
id_fsmbvj2a9li0.wav,1,2,16,16000,57600,57600,3.6,NONE,32767.0,1171.7056868058016,0.8141319444444445,saba,seven
id_44do3yp9e6za.wav,1,2,16,16000,74240,74240,4.64,NONE,25936.0,3508.8070528638123,0.7360991379310344,ndio,yes
id_l24uz8blnacg.wav,1,2,16,16000,69120,69120,4.32,NONE,32768.0,2808.005711596747,0.9002893518518519,tatu,three
id_96cgw74ix4vo.wav,1,2,16,16000,62720,62720,3.92,NONE,5176.0,461.7640331958698,0.7479591836734694,moja,one
id_gihhag12fo40.wav,1,2,16,16000,51200,51200,3.2,NONE,19806.0,1936.275788830237,0.7374609375,ndio,yes
id_d6xmsr50qx6z.wav,1,2,16,16000,120320,120320,7.52,NONE,8178.0,761.3064298098459,0.9233876329787234,ndio,yes
id_tr8wep93h1go.wav,1,2,16,16000,124160,124160,7.76,NONE,32768.0,1825.3727286154647,0.8493234536082475,tatu,three
id_nkqgf0m08luw.wav,1,2,16,16000,184320,184320,11.52,NONE,4256.0,221.86431146007413,0.9475043402777777,mbili,two
id_n7bjha09a4tc.wav,1,2,16,16000,159744,159744,9.984,NONE,5736.0,545.8216179307218,0.8456593048878205,tisa,nine
id_83u0k9aadjrt.wav,1,2,16,16000,55040,55040,3.44,NONE,5743.0,387.3556017059326,0.8617550872093023,tano,five
id_dfosg9ga8wa0.wav,1,2,16,16000,72960,72960,4.56,NONE,7241.0,480.88860449325404,0.8300849780701754,kumi,ten
id_ggxbrl6mikyu.wav,1,2,16,16000,71680,71680,4.48,NONE,1956.0,116.55328621186841,0.7187081473214286,nane,eight
id_tni2ofukv2em.wav,1,2,16,16000,52480,52480,3.28,NONE,30471.0,2200.250015454348,0.8282583841463415,saba,seven
id_92erc1f10vr5.wav,1,2,16,16000,70400,70400,4.4,NONE,19794.0,1405.5016091350624,0.9164204545454545,tisa,nine
id_in82kcbokkrh.wav,1,2,16,16000,103680,103680,6.48,NONE,28844.0,1052.38588658916,0.9122974537037037,nane,eight
id_1pkxdu6vecda.wav,1,2,16,16000,75776,75776,4.736,NONE,19396.0,1557.586132523705,0.8825089738175675,ndio,yes
id_gqpfoayeryxp.wav,1,2,16,16000,63488,63488,3.968,NONE,9298.0,882.3480481699096,0.7918819304435484,hapana,no
id_zfsva8itxhyl.wav,1,2,16,16000,102400,102400,6.4,NONE,15796.0,669.4669723885867,0.885732421875,tano,five
id_mjzp90gyx144.wav,1,2,16,16000,64000,64000,4.0,NONE,4663.0,273.1521995037748,0.92646875,tisa,nine
id_ivrdzdabiw5u.wav,1,2,16,16000,58880,58880,3.68,NONE,18478.0,1605.7750469084322,0.7250339673913043,tisa,nine
id_ll43h9imb92l.wav,1,2,16,16000,76800,76800,4.8,NONE,29236.0,2354.9177296564994,0.878125,hapana,no
id_jsmbviiz2gcl.wav,1,2,16,16000,97280,97280,6.08,NONE,4344.0,304.5136702684223,0.8133326480263158,nne,four
id_69xkivr12erg.wav,1,2,16,16000,61440,61440,3.84,NONE,7155.0,611.1523828861522,0.8234700520833333,hapana,no
id_si00lptmee4a.wav,1,2,16,16000,104960,104960,6.56,NONE,11693.0,470.1515678391553,0.6883003048780488,sita,six
id_148urbd8geyv.wav,1,2,16,16000,65280,65280,4.08,NONE,13877.0,1486.4755228937938,0.7426623774509804,nne,four
id_hdpgh6aa1a8r.wav,1,2,16,16000,254720,254720,15.92,NONE,29205.0,1706.7537231810384,0.9405111494974875,tatu,three
id_2cisrs45gr57.wav,1,2,16,16000,72960,72960,4.56,NONE,6191.0,380.4676392370039,0.8791255482456141,hapana,no
id_66a5bv4weyig.wav,1,2,16,16000,70400,70400,4.4,NONE,10119.0,763.8468515253743,0.8813778409090909,moja,one
id_4j93jbtsx7ll.wav,1,2,16,16000,60160,60160,3.76,NONE,29234.0,1989.2744105582806,0.8748337765957447,hapana,no
id_m0qlwegzlw4f.wav,1,2,16,16000,116480,116480,7.28,NONE,29069.0,1947.1970668421875,0.9052627060439561,mbili,two
id_balmqcytnz5m.wav,1,2,16,16000,103680,103680,6.48,NONE,9533.0,701.3256321034976,0.8714699074074074,ndio,yes
id_sd3xkhisixog.wav,1,2,16,16000,64000,64000,4.0,NONE,8697.0,291.41545228097465,0.932890625,tano,five
id_l27bqrjt6c8e.wav,1,2,16,16000,93440,93440,5.84,NONE,28662.0,1649.497672702078,0.9400363869863013,tatu,three
id_e3upi7uuq9am.wav,1,2,16,16000,74240,74240,4.64,NONE,13721.0,668.8813333414772,0.8680630387931034,hapana,no
id_sw82slpwez0b.wav,1,2,16,16000,70400,70400,4.4,NONE,11428.0,660.8387090470715,0.8790909090909091,hapana,no
id_nl0kptzpgf66.wav,1,2,16,16000,60160,60160,3.76,NONE,3118.0,225.81676462750747,0.6463430851063829,tisa,nine
id_yyum1ouoy9e3.wav,1,2,16,16000,44800,44800,2.8,NONE,2808.0,412.0032212621124,0.19033482142857142,moja,one
id_gzz3vgwnzues.wav,1,2,16,16000,60160,60160,3.76,NONE,16823.0,1618.2929040980566,0.7156748670212766,nane,eight
id_50v358k5td9t.wav,1,2,16,16000,65280,65280,4.08,NONE,8468.0,432.8145344505169,0.902405024509804,hapana,no
id_brjz2juc6iy7.wav,1,2,16,16000,84480,84480,5.28,NONE,18427.0,1694.154152287806,0.875982481060606,ndio,yes
id_l1vys4o6s8g7.wav,1,2,16,16000,75520,75520,4.72,NONE,15672.0,804.2708045176514,0.8929819915254237,moja,one
id_ewtwnduwce0d.wav,1,2,16,16000,75520,75520,4.72,NONE,28313.0,2116.7604255197634,0.8914327330508475,ndio,yes
id_z4bsgktw3vgy.wav,1,2,16,16000,56320,56320,3.52,NONE,18501.0,2030.9020024454483,0.5933061079545454,nne,four
id_cglmmworvjz3.wav,1,2,16,16000,70400,70400,4.4,NONE,10400.0,829.8202732916984,0.8390482954545454,kumi,ten
id_uwdxt01nijrd.wav,1,2,16,16000,58880,58880,3.68,NONE,8275.0,727.9554916985115,0.8751188858695652,kumi,ten
id_9gpcweccf0ow.wav,1,2,16,16000,52480,52480,3.28,NONE,5702.0,420.1837322019555,0.7904153963414634,hapana,no
id_p7tuke75432u.wav,1,2,16,16000,67840,67840,4.24,NONE,24230.0,1940.144919938358,0.7274911556603774,hapana,no
id_hidk630o4ecb.wav,1,2,16,16000,94720,94720,5.92,NONE,9338.0,513.4721063311541,0.5366765202702702,hapana,no
id_2m9ph18qwdno.wav,1,2,16,16000,70400,70400,4.4,NONE,12791.0,493.9078338784244,0.77515625,sita,six
id_6kkiyywdojk0.wav,1,2,16,16000,58880,58880,3.68,NONE,8531.0,826.7939463913619,0.5074388586956522,mbili,two
id_9admbsm917ox.wav,1,2,16,16000,64000,64000,4.0,NONE,5389.0,495.3460300953769,0.816671875,kumi,ten
id_sm8hu9hx958c.wav,1,2,16,16000,99840,99840,6.24,NONE,28831.0,967.0961623745839,0.9408653846153846,saba,seven
id_p5t8c0p0zs9g.wav,1,2,16,16000,62720,62720,3.92,NONE,12586.0,1768.745231126837,0.2783641581632653,nne,four
id_u9a6x5nrkmpr.wav,1,2,16,16000,53760,53760,3.36,NONE,12174.0,1504.6281537708219,0.7662946428571429,mbili,two
id_c6bufq7d7dil.wav,1,2,16,16000,66560,66560,4.16,NONE,15916.0,823.0854039688485,0.8845853365384615,saba,seven
id_rucidftsjcch.wav,1,2,16,16000,61440,61440,3.84,NONE,23475.0,3112.7393726979053,0.8790852864583333,kumi,ten
id_fg7f3pkfb7fz.wav,1,2,16,16000,55040,55040,3.44,NONE,12380.0,667.7990420312017,0.5690043604651163,tano,five
id_g8uheoyxf3ql.wav,1,2,16,16000,60160,60160,3.76,NONE,23440.0,1882.281665413582,0.7550698138297872,moja,one
id_0apfh5fz93v1.wav,1,2,16,16000,79360,79360,4.96,NONE,30561.0,1685.2416792188924,0.8948336693548387,moja,one
id_2cheerkplmrs.wav,1,2,16,16000,116480,116480,7.28,NONE,6204.0,347.80261035425076,0.921196771978022,sita,six
id_xrjhw4ixl9ux.wav,1,2,16,16000,55040,55040,3.44,NONE,9030.0,277.7296862338492,0.6198037790697675,hapana,no
id_xixoot3gzbug.wav,1,2,16,16000,60160,60160,3.76,NONE,24127.0,1537.679361532494,0.6464261968085107,saba,seven
id_6j8ocos8wr2v.wav,1,2,16,16000,124928,124928,7.808,NONE,11882.0,497.3787578839545,0.9528688524590164,tisa,nine
id_mrbo2ohkkhp7.wav,1,2,16,16000,61440,61440,3.84,NONE,12342.0,1111.7444615716718,0.8395345052083333,mbili,two
id_a4bjnljx52gs.wav,1,2,16,16000,55040,55040,3.44,NONE,20463.0,1377.9829239438925,0.6626816860465117,saba,seven
id_k8oeyydl6ft1.wav,1,2,16,16000,61440,61440,3.84,NONE,5992.0,399.23548087495067,0.8558756510416666,saba,seven
id_dr6nwp236t8d.wav,1,2,16,16000,69120,69120,4.32,NONE,15620.0,730.6027901627766,0.9263165509259259,tatu,three
id_vc6kbety3bjt.wav,1,2,16,16000,84480,84480,5.28,NONE,12925.0,957.2990949092712,0.8629498106060606,tisa,nine
id_qiht1h7di40h.wav,1,2,16,16000,78080,78080,4.88,NONE,13561.0,851.7524713728479,0.8841700819672131,hapana,no
id_kn3y2hrbnmic.wav,1,2,16,16000,62720,62720,3.92,NONE,29203.0,1741.9256084433587,0.8875159438775511,tano,five
id_6ya7d8qx6r46.wav,1,2,16,16000,66560,66560,4.16,NONE,6333.0,371.9607460331577,0.7623046875,mbili,two
id_h4539oe0nhuj.wav,1,2,16,16000,112640,112640,7.04,NONE,5536.0,426.7345772421805,0.8956764914772727,tano,five
id_bc6knk7ndbat.wav,1,2,16,16000,63488,63488,3.968,NONE,11274.0,1054.8385854074977,0.868195564516129,kumi,ten
id_wpm7kgqpm9vc.wav,1,2,16,16000,65536,65536,4.096,NONE,15019.0,873.2741226809118,0.8871917724609375,tisa,nine
id_6yd23ej5rwwt.wav,1,2,16,16000,63488,63488,3.968,NONE,10004.0,852.0847323369779,0.8489635836693549,saba,seven
id_blg760fw1b03.wav,1,2,16,16000,64000,64000,4.0,NONE,3820.0,208.41252372848183,0.900546875,nne,four
id_cjhl0l8iaj31.wav,1,2,16,16000,51200,51200,3.2,NONE,5896.0,381.57461078241306,0.4390625,tisa,nine
id_1w90rczhccbe.wav,1,2,16,16000,62720,62720,3.92,NONE,28316.0,913.066356434837,0.9250797193877551,tatu,three
id_qi5e6fbf32o9.wav,1,2,16,16000,81920,81920,5.12,NONE,5744.0,454.84317886321924,0.85020751953125,kumi,ten
id_3nb0rzd5q4v1.wav,1,2,16,16000,56320,56320,3.52,NONE,12410.0,1519.8701775380694,0.8685546875,nne,four
id_wcse2kt25c3r.wav,1,2,16,16000,78080,78080,4.88,NONE,12858.0,907.6506662274733,0.9065957991803278,tisa,nine
id_hjzezzou5ghi.wav,1,2,16,16000,69120,69120,4.32,NONE,18950.0,1052.69623789146,0.8754918981481481,sita,six
id_iw13i7v50p4w.wav,1,2,16,16000,70400,70400,4.4,NONE,32768.0,2484.015826555198,0.8851704545454545,hapana,no
id_iay9ew99uvq5.wav,1,2,16,16000,151040,151040,9.44,NONE,3910.0,148.75267690049668,0.8059189618644068,tisa,nine
id_zrke864qaqoy.wav,1,2,16,16000,80640,80640,5.04,NONE,6660.0,457.05612619519667,0.9006200396825397,tatu,three
id_c2nyjorbv6i6.wav,1,2,16,16000,69120,69120,4.32,NONE,21007.0,1499.6095406976792,0.8564236111111111,hapana,no
id_897k2sutr4qg.wav,1,2,16,16000,112640,112640,7.04,NONE,22464.0,1036.754516745325,0.672176846590909,nane,eight
id_zr0xk1egf1gr.wav,1,2,16,16000,74240,74240,4.64,NONE,20685.0,2771.4077253820146,0.6554283405172414,mbili,two
id_b9frf8txj79m.wav,1,2,16,16000,65280,65280,4.08,NONE,6077.0,564.7254340291933,0.6724417892156863,moja,one
id_20aa99xgs0ed.wav,1,2,16,16000,61440,61440,3.84,NONE,28218.0,1794.7450460276762,0.8807454427083333,moja,one
id_35mkfss6bmju.wav,1,2,16,16000,83968,83968,5.248,NONE,12566.0,540.9462833578382,0.7707817263719512,tano,five
id_n5vyz0fatyit.wav,1,2,16,16000,104448,104448,6.528,NONE,12437.0,828.6737599934519,0.8926834405637255,hapana,no
id_ouk7d4bzddpb.wav,1,2,16,16000,92160,92160,5.76,NONE,32768.0,4069.6584468493897,0.7091796875,tisa,nine
id_kfv40u5w74aq.wav,1,2,16,16000,84480,84480,5.28,NONE,17963.0,931.0536873808682,0.7572088068181818,hapana,no
id_f7t6usmdf20t.wav,1,2,16,16000,70400,70400,4.4,NONE,21713.0,1649.3975556132816,0.8144602272727273,sita,six
id_ab4x9ik79fkq.wav,1,2,16,16000,69120,69120,4.32,NONE,32767.0,1893.0395089169697,0.7763310185185185,sita,six
id_qwmvhyhrw40w.wav,1,2,16,16000,69120,69120,4.32,NONE,9597.0,774.443075029551,0.8475405092592593,kumi,ten
id_hs38evfn32te.wav,1,2,16,16000,81920,81920,5.12,NONE,7207.0,464.9817463891434,0.8840087890625,saba,seven
id_ghw5t3ugn304.wav,1,2,16,16000,75520,75520,4.72,NONE,28625.0,1864.3389070893973,0.8684454449152542,sita,six
id_v3gvrpshlz1i.wav,1,2,16,16000,73728,73728,4.608,NONE,10055.0,907.7881126227433,0.8983018663194444,kumi,ten
id_mn67jkfzp4yh.wav,1,2,16,16000,89600,89600,5.6,NONE,5160.0,412.204542523772,0.8300223214285715,sita,six
id_5b7k6uetwazw.wav,1,2,16,16000,64000,64000,4.0,NONE,8844.0,628.3561482650583,0.82721875,hapana,no
id_x3c05ax2lwp1.wav,1,2,16,16000,75520,75520,4.72,NONE,4440.0,298.5118513070506,0.8729608050847457,moja,one
id_6hq0l1h5mc7n.wav,1,2,16,16000,46080,46080,2.88,NONE,7678.0,852.8637381547975,0.48606770833333335,tano,five
id_c3hs7plhuxw5.wav,1,2,16,16000,76800,76800,4.8,NONE,6821.0,380.9009523929471,0.8145442708333334,saba,seven
id_gdcykjk52ifs.wav,1,2,16,16000,75520,75520,4.72,NONE,8720.0,659.0468779541419,0.9007547669491526,ndio,yes
id_9av7kxwofkic.wav,1,2,16,16000,79360,79360,4.96,NONE,14931.0,1330.2332073313676,0.908492943548387,kumi,ten
id_8qd1c7jidopb.wav,1,2,16,16000,79360,79360,4.96,NONE,28851.0,2959.3626318315482,0.8649571572580645,ndio,yes
id_htxhsuv9r31s.wav,1,2,16,16000,61440,61440,3.84,NONE,5420.0,472.8926974698515,0.8265950520833333,ndio,yes
id_dop3zy41jru9.wav,1,2,16,16000,70400,70400,4.4,NONE,12524.0,1064.04169685311,0.27813920454545454,hapana,no
id_x6sqwv9570uh.wav,1,2,16,16000,80640,80640,5.04,NONE,9063.0,518.2451579250863,0.7244047619047619,moja,one
id_g5qhz1fuoax2.wav,1,2,16,16000,67840,67840,4.24,NONE,27215.0,2997.069200964746,0.5551149764150943,ndio,yes
id_t3kfs6wdmlgf.wav,1,2,16,16000,61440,61440,3.84,NONE,23226.0,1585.22269495311,0.8453287760416667,saba,seven
id_1pca3ef7fyf6.wav,1,2,16,16000,74240,74240,4.64,NONE,3655.0,325.7813670408291,0.8743265086206896,nne,four
id_2occ7idp9d4l.wav,1,2,16,16000,90880,90880,5.68,NONE,19351.0,1383.435854737232,0.48438600352112676,sita,six
id_x1at41lbsfe1.wav,1,2,16,16000,81920,81920,5.12,NONE,29044.0,990.2490908793123,0.9125732421875,saba,seven
id_x9r3i4q1ifx3.wav,1,2,16,16000,62720,62720,3.92,NONE,15294.0,1293.5146020565126,0.8717952806122449,tano,five
id_g99sykosd3kc.wav,1,2,16,16000,74240,74240,4.64,NONE,14388.0,1402.6508272737076,0.8949353448275862,mbili,two
id_t0cm4ldlfg06.wav,1,2,16,16000,72960,72960,4.56,NONE,13132.0,1215.5164091330525,0.89609375,ndio,yes
id_dorriamaiglw.wav,1,2,16,16000,58880,58880,3.68,NONE,6347.0,668.2942620987226,0.8635529891304348,sita,six
id_28k805vrmada.wav,1,2,16,16000,61440,61440,3.84,NONE,20430.0,1412.3575761183888,0.756689453125,nane,eight
id_x6ci9uzmk8jg.wav,1,2,16,16000,66560,66560,4.16,NONE,19615.0,1277.4472148052075,0.8821063701923076,tano,five
id_1nq31kkysp7o.wav,1,2,16,16000,65280,65280,4.08,NONE,30974.0,1555.3904226580687,0.9291360294117647,tatu,three
id_nibuyjvbt2fr.wav,1,2,16,16000,64000,64000,4.0,NONE,15408.0,848.4604045895425,0.8618125,hapana,no
id_lcsg6a1tmg5o.wav,1,2,16,16000,97280,97280,6.08,NONE,9106.0,443.7931315792577,0.9139802631578947,saba,seven
id_xrenfkv7z0sw.wav,1,2,16,16000,81920,81920,5.12,NONE,8697.0,373.913495770527,0.95174560546875,tatu,three
id_6n998o93irht.wav,1,2,16,16000,106240,106240,6.64,NONE,7236.0,331.6582121429415,0.9394107680722892,tatu,three
id_fvptzbxp6hjw.wav,1,2,16,16000,89600,89600,5.6,NONE,27564.0,1462.5830044058305,0.9088058035714286,ndio,yes
id_2un0jtpxujn1.wav,1,2,16,16000,65280,65280,4.08,NONE,8241.0,556.0466210594816,0.5879289215686274,ndio,yes
id_3vhme6rkljk8.wav,1,2,16,16000,49920,49920,3.12,NONE,6247.0,604.2838774178999,0.25080128205128205,kumi,ten
id_j17ljcaix0g1.wav,1,2,16,16000,62720,62720,3.92,NONE,3454.0,308.83206350226385,0.7280133928571428,nne,four
id_my7w7efc4eiz.wav,1,2,16,16000,108800,108800,6.8,NONE,19942.0,1301.5289901272058,0.8559466911764706,kumi,ten
id_kthw5ut3g0de.wav,1,2,16,16000,83200,83200,5.2,NONE,13762.0,968.3653509873164,0.8010697115384615,moja,one
id_1qwsrg5xrwbt.wav,1,2,16,16000,112640,112640,7.04,NONE,12978.0,595.6000122420595,0.9458451704545454,sita,six
id_70x85j2o35xj.wav,1,2,16,16000,58880,58880,3.68,NONE,18232.0,954.6941920084962,0.8927139945652174,sita,six
id_pivoq0nilir7.wav,1,2,16,16000,81920,81920,5.12,NONE,7930.0,399.24476043569007,0.857763671875,hapana,no
id_p7a9mnxtqs1h.wav,1,2,16,16000,76800,76800,4.8,NONE,12469.0,618.9221413427305,0.8907942708333333,saba,seven
id_4pr1papm4jrp.wav,1,2,16,16000,75520,75520,4.72,NONE,1588.0,150.59928546589782,0.17575476694915254,sita,six
id_htc6xgkh7j3w.wav,1,2,16,16000,55040,55040,3.44,NONE,8002.0,608.8201879514735,0.3536700581395349,saba,seven
id_9nz95vww3z65.wav,1,2,16,16000,93440,93440,5.84,NONE,11346.0,821.620729711106,0.2882384417808219,moja,one
id_o0lguw8prifq.wav,1,2,16,16000,70400,70400,4.4,NONE,12067.0,869.3048530209614,0.7957386363636364,ndio,yes
id_b0mkkachwws5.wav,1,2,16,16000,70400,70400,4.4,NONE,15307.0,579.580295024496,0.8760653409090909,nane,eight
id_xredagzoivgw.wav,1,2,16,16000,69120,69120,4.32,NONE,13560.0,936.2509660174638,0.5955584490740741,tano,five
id_b5wzl170se21.wav,1,2,16,16000,63488,63488,3.968,NONE,12555.0,784.0089216898712,0.8596270161290323,hapana,no
id_5i0jv5c3sgov.wav,1,2,16,16000,58880,58880,3.68,NONE,19619.0,1731.8494615112934,0.6523097826086957,moja,one
id_m4ol1zenm2fs.wav,1,2,16,16000,69120,69120,4.32,NONE,10452.0,854.261686135978,0.8754774305555556,mbili,two
id_0f143sjn7gvz.wav,1,2,16,16000,61440,61440,3.84,NONE,11050.0,542.4564822845479,0.890625,tano,five
id_spg3uty9rjv0.wav,1,2,16,16000,72960,72960,4.56,NONE,24903.0,1507.7133213404952,0.5653782894736842,nne,four
id_9rwzpfy73jjx.wav,1,2,16,16000,61440,61440,3.84,NONE,3823.0,465.38424875675094,0.8377278645833334,moja,one
id_5xp2lpro2luu.wav,1,2,16,16000,79360,79360,4.96,NONE,11873.0,1393.7773555376325,0.60703125,nne,four
id_w88o3s1h3t8w.wav,1,2,16,16000,79360,79360,4.96,NONE,6536.0,379.7695931098308,0.6049269153225807,tano,five
id_4exzt57o1u9i.wav,1,2,16,16000,75520,75520,4.72,NONE,9147.0,683.6578638674905,0.8056938559322034,sita,six
id_led9ljp0mzx2.wav,1,2,16,16000,71680,71680,4.48,NONE,12412.0,633.604939448932,0.6909040178571428,hapana,no
id_wx9gvqmlk7pd.wav,1,2,16,16000,55040,55040,3.44,NONE,32768.0,1018.240612065177,0.9314498546511628,tatu,three
id_ukaqjv4y4t5b.wav,1,2,16,16000,75520,75520,4.72,NONE,5890.0,651.6512299052081,0.8426641949152542,mbili,two
id_f4itqyv6ztb3.wav,1,2,16,16000,114688,114688,7.168,NONE,18596.0,1679.0128069320783,0.8462873186383929,nane,eight
id_6znz10z453pe.wav,1,2,16,16000,70400,70400,4.4,NONE,8124.0,643.8062449171475,0.7278835227272727,saba,seven
id_m9784h87c2ce.wav,1,2,16,16000,61440,61440,3.84,NONE,28152.0,1631.746111370472,0.8803059895833333,moja,one
id_i91g3zjsxsjp.wav,1,2,16,16000,136960,136960,8.56,NONE,24109.0,776.3042266828477,0.5724007009345794,ndio,yes
id_dpa1d6eqs7h6.wav,1,2,16,16000,52480,52480,3.28,NONE,21300.0,1884.7417376310732,0.7146913109756098,mbili,two
id_r09h8q2w6pup.wav,1,2,16,16000,90112,90112,5.632,NONE,18828.0,1237.5322494085085,0.5953480113636364,moja,one
id_b77niqs9exzl.wav,1,2,16,16000,65280,65280,4.08,NONE,7424.0,415.2696914488576,0.9094822303921568,tano,five
id_dwmc7pfey5xa.wav,1,2,16,16000,128000,128000,8.0,NONE,20989.0,1438.0342160230837,0.89384375,sita,six
id_izn1krl8uf63.wav,1,2,16,16000,57600,57600,3.6,NONE,5672.0,639.6455562702284,0.8439236111111111,mbili,two
id_cwwsj03y1851.wav,1,2,16,16000,81920,81920,5.12,NONE,11235.0,860.2899484606125,0.884765625,tisa,nine
id_r8eyxt0o34dz.wav,1,2,16,16000,56320,56320,3.52,NONE,22506.0,1628.4277294295691,0.7029296875,nane,eight
id_k4cxz85lpmvw.wav,1,2,16,16000,71680,71680,4.48,NONE,9365.0,587.1670064207708,0.9037109375,sita,six
id_pvaegwba4i1n.wav,1,2,16,16000,47360,47360,2.96,NONE,12714.0,561.5163339248095,0.4571579391891892,tatu,three
id_rv7mss7eff3w.wav,1,2,16,16000,65536,65536,4.096,NONE,17006.0,1093.414611440787,0.8833160400390625,tano,five
id_4fp88jjoe6w6.wav,1,2,16,16000,204800,204800,12.8,NONE,32768.0,949.023272588224,0.9528857421875,mbili,two
id_s9z00rs1tgwi.wav,1,2,16,16000,57600,57600,3.6,NONE,5790.0,272.8714646091025,0.9106597222222222,tano,five
id_cw1r7kyuwj89.wav,1,2,16,16000,42240,42240,2.64,NONE,2289.0,264.30248920543556,0.2534090909090909,tatu,three
id_emr9xgqd8gb1.wav,1,2,16,16000,83200,83200,5.2,NONE,7806.0,648.4369897032283,0.8711298076923077,mbili,two
id_64kk8s8b9uix.wav,1,2,16,16000,83200,83200,5.2,NONE,32166.0,1375.9586447343652,0.9115745192307693,tano,five
id_s46d8g93t7w4.wav,1,2,16,16000,139520,139520,8.72,NONE,14360.0,883.3936610553504,0.9234518348623854,ndio,yes
id_f0od7ojamlgk.wav,1,2,16,16000,79872,79872,4.992,NONE,9300.0,806.3368041592712,0.7712089342948718,tano,five
id_czg40sjj6nfi.wav,1,2,16,16000,79360,79360,4.96,NONE,13437.0,937.1749769315188,0.9083165322580645,nane,eight
id_p08md7qbnzlz.wav,1,2,16,16000,85760,85760,5.36,NONE,5865.0,359.9806085741846,0.7860657649253732,saba,seven
id_i9trh96vpuwj.wav,1,2,16,16000,62720,62720,3.92,NONE,18930.0,768.6501090215575,0.8769132653061225,hapana,no
id_78tuhlpzyz6s.wav,1,2,16,16000,669696,669696,41.856,NONE,14319.0,386.8657637051721,0.9853426032110092,tano,five
id_0u3he8gafuba.wav,1,2,16,16000,66560,66560,4.16,NONE,29197.0,1725.2484174744798,0.8828125,hapana,no
id_1rzmvzdyl0z6.wav,1,2,16,16000,65280,65280,4.08,NONE,4604.0,501.99711944895563,0.7207414215686274,hapana,no
id_ac7em7b36j7h.wav,1,2,16,16000,55040,55040,3.44,NONE,8486.0,321.3955788652029,0.9079396802325581,tatu,three
id_tklp027cg45a.wav,1,2,16,16000,52480,52480,3.28,NONE,32767.0,1859.9604271407834,0.8174161585365853,tisa,nine
id_1hry8typiri8.wav,1,2,16,16000,78080,78080,4.88,NONE,32767.0,2901.363406523496,0.8741034836065574,saba,seven
id_u37s6o9yqmbi.wav,1,2,16,16000,64000,64000,4.0,NONE,16196.0,783.1051989017025,0.897203125,sita,six
id_fz05q7xhg5p2.wav,1,2,16,16000,58880,58880,3.68,NONE,7698.0,352.4663123983331,0.703226902173913,saba,seven
id_b5xxavk54wvk.wav,1,2,16,16000,80640,80640,5.04,NONE,19567.0,1018.5641964594219,0.9382316468253968,tatu,three
id_obzs20f08uw2.wav,1,2,16,16000,67584,67584,4.224,NONE,12392.0,895.9020291969164,0.8862600615530303,sita,six
id_yk7atyg8eb05.wav,1,2,16,16000,153600,153600,9.6,NONE,15687.0,466.14180449841837,0.8682486979166667,saba,seven
id_kwcbtws099ob.wav,1,2,16,16000,70400,70400,4.4,NONE,13859.0,879.1196336667128,0.8174573863636364,nane,eight
id_399n3njaduqv.wav,1,2,16,16000,76800,76800,4.8,NONE,28730.0,2314.5767852864547,0.8409375,moja,one
id_vhifg7bybgzp.wav,1,2,16,16000,80640,80640,5.04,NONE,15224.0,1229.6913249723696,0.6388764880952381,ndio,yes
id_xl69bckh7f6x.wav,1,2,16,16000,67840,67840,4.24,NONE,27887.0,2303.678119268476,0.8862470518867924,nne,four
id_2cx3w18g1j9x.wav,1,2,16,16000,113920,113920,7.12,NONE,10226.0,797.5293057557985,0.9289501404494382,ndio,yes
id_3xv3kz7gtlqk.wav,1,2,16,16000,66560,66560,4.16,NONE,2820.0,189.54107356905928,0.7413912259615385,tisa,nine
id_omofagxhys5k.wav,1,2,16,16000,64000,64000,4.0,NONE,27982.0,2195.4266275316513,0.74209375,nane,eight
id_lceaoj1aylbg.wav,1,2,16,16000,57600,57600,3.6,NONE,4929.0,359.30927993280847,0.8553993055555555,tano,five
id_85d70ik8be29.wav,1,2,16,16000,75520,75520,4.72,NONE,17730.0,1553.0475326398646,0.6267346398305085,tisa,nine
id_hvdq6hy01dfp.wav,1,2,16,16000,120320,120320,7.52,NONE,15746.0,848.5221244090823,0.8985787898936171,saba,seven
id_jvrlydd3ubvx.wav,1,2,16,16000,67840,67840,4.24,NONE,10961.0,1133.2901493583472,0.8007370283018868,mbili,two
id_fm8cnoes4cy6.wav,1,2,16,16000,71680,71680,4.48,NONE,30523.0,2514.6368404985706,0.6320870535714286,tisa,nine
id_a7dlo0ek2q8r.wav,1,2,16,16000,57600,57600,3.6,NONE,26094.0,1822.9277500853539,0.8677083333333333,moja,one
id_qzpivo6d0led.wav,1,2,16,16000,75776,75776,4.736,NONE,9004.0,442.9313439328193,0.8992293074324325,saba,seven
id_3he1kbmy8v2n.wav,1,2,16,16000,71680,71680,4.48,NONE,8086.0,775.847534159361,0.7978934151785714,ndio,yes
id_ho8aqa3s42zp.wav,1,2,16,16000,65280,65280,4.08,NONE,10833.0,763.2638496295682,0.8727328431372549,hapana,no
id_3lhkgf9dqr4c.wav,1,2,16,16000,57600,57600,3.6,NONE,4179.0,224.1969913658522,0.9286979166666667,kumi,ten
id_ixb7vv4i0zct.wav,1,2,16,16000,66560,66560,4.16,NONE,15871.0,1101.6872513988858,0.5407902644230769,tano,five
id_7tboov3kavg4.wav,1,2,16,16000,55040,55040,3.44,NONE,18414.0,1928.5486939825432,0.5994731104651163,nne,four
id_de7l1v9qibbc.wav,1,2,16,16000,56320,56320,3.52,NONE,17087.0,1500.0523141978267,0.47578125,kumi,ten
