n_analysis_frames,max_frame_rms,median_frame_rms,low_energy_frame_proportion,leading_low_energy_seconds,trailing_low_energy_seconds,all_frames_low_energy,Word_id,pcm_sha256,sample_rate_hz_reread,n_samples_reread
356,5928.348631364387,22.775408017481723,0.7893258426966292,0.16,1.3800000000000001,False,id_v8rz06e6rv31.wav,0f0c54067455230892e5f452b26ed92e2096be676789fa0cc98711ec026b1c12,16000,57344
358,2230.7276256862915,0.8944271909999159,0.9106145251396648,1.56,1.67,False,id_vmbwicdpfn68.wav,5d12c120f9ed5e606829f80af2992703b858372340aa47d1b16e24e41ab321c1,16000,57600
254,2062.8226408249448,348.32781797883547,0.027559055118110236,0.07,0.0,False,id_injlouhxg1hg.wav,3f60f3628665de67a54cfac22e6bbcc232aa8cd83e7f8cbbc7cc4b483dbf26a0,16000,40960
302,1001.0639190381402,17.73257066664373,0.07947019867549669,0.17,0.0,False,id_gdq23p6xgzya.wav,7f52ea73a5abd7e4db981493dde25aa3d316b75d7348fc19072d79dc2e974344,16000,48640
310,3753.109573407097,54.818644290265084,0.1,0.02,0.04,False,id_lpstklz51zpz.wav,94c871808d572ffa810622ecd5c5328e67228ef0bd0f4b4461aa5171de0f0a50,16000,49920
574,5106.07750161511,9.19931213334086,0.8414634146341463,1.3900000000000001,2.95,False,id_xdmrc926jjzo.wav,59d3a8740ee61a8623959e2b1ff90ed7b28d1538f1921a45e1eab5057540c79f,16000,92160
523,6119.801127283467,18.58103872231044,0.8279158699808795,1.52,0.48,False,id_yi4rczw93cmy.wav,a6b4f30fef325481fe079da09cd835ecb53d8a4dd95a864ce16cc800d7f17da5,16000,83968
446,2506.7991677635446,8.147622323314202,0.8228699551569507,0.5700000000000001,1.93,False,id_vagr998f6v11.wav,cd601826ff73cb8399ff97997e8b93ddd200aca81d4681c00b64a71afcde000a,16000,71680
414,11463.054588546633,19.342552173554097,0.7439613526570048,0.91,1.8,False,id_2crn2mrqxico.wav,234c38336ea75653f09a33651e23266f7b1be8586396a27505e98e6bd6a7bd98,16000,66560
638,7111.52951410595,55.91068571740519,0.5893416927899686,0.08,0.01,False,id_rj977o1rxrue.wav,725c4d91136b1fd4c0296f40a2607f55f7b0071b499cfc0be0e105daf4b4ea65,16000,102400
414,5018.726509284999,17.591826391762268,0.8671497584541062,1.69,1.37,False,id_umbuepm9uafo.wav,dda4b1cf48c1d946029db91f4b28024a00ed7f7836e23d7197025552e73762c6,16000,66560
310,8282.706401895459,106.94943702654277,0.36451612903225805,0.03,0.08,False,id_9gkg1o4pjle1.wav,349d42ef0f921d9f7d77eb1d9dd03f39a2143a6c1cb00c24eda8326c97c90503,16000,49920
310,2201.693705990913,124.10042606600467,0.0935483870967742,0.24,0.0,False,id_qoa7f8xeu9a6.wav,573b93348dae28f0059f69ca4125a42d3d70923cd1a2292b830fcac9871c6c3b,16000,49920
662,3603.8053547604372,21.050207409267266,0.8157099697885196,0.72,0.99,False,id_i4h4403hmxza.wav,b7a303f286341e9d9cc39d201f24ad124435a75206fafb00d2c38874401b7ac4,16000,106240
342,1809.5946693942267,5.972301335555718,0.7923976608187134,0.1,1.5,False,id_dsfplbpe1rki.wav,103e8cfbb3ca57a8c2d970a4df66dfd6b0bd86ba26e6bc5a9c6e3011bdb906a0,16000,55040
843,2215.918319230201,21.338814400055128,0.5373665480427047,0.0,0.0,False,id_jr15effb0pir.wav,675a1bca184c03d2f8474453bd7f4a40345cfe38e2829fc89e616be0446084ee,16000,135168
382,3059.5681778643207,10.397413403341151,0.8691099476439791,1.52,0.77,False,id_3njxhyz4ieuh.wav,98d41bbc3e7673bb49f26b71ba03a276649979716c5945562571ad7175d8107e,16000,61440
438,1567.3276125303223,72.54321713905259,0.04337899543378995,0.19,0.0,False,id_l9bm3ad5oe0l.wav,d6510f734d213e9e6f1e1c2eb8537f0e007de7673bc3751fc130cb0dd84a8e87,16000,70400
606,8881.809791084248,144.7092845474707,0.039603960396039604,0.0,0.04,False,id_twhce0u5wcg0.wav,294978a0a3499cf17bafb37efa116498bf144edfc3b029b83b33c0b714cb9393,16000,97280
614,5228.934619738518,28.35424987701623,0.8045602605863192,0.65,1.54,False,id_9fwf3aocioyf.wav,49b267605b407e2b369ff30a66313044b0afa434c1c92d64465b8de5d47bd2d8,16000,98560
382,4961.578650742121,31.131100637984723,0.6492146596858639,0.3,0.63,False,id_9cyou9zspfz0.wav,2b91b3765422aceab3ec12554bf25493ea7c7ae51004fa53b4dcb8f308adb986,16000,61440
398,11249.931487791382,9.337657060939746,0.8542713567839196,1.74,1.61,False,id_5cb9ftsyyili.wav,2a413f29c5c4cbcfdbff516f65a1019b2f986d35b6a40259968ec855a648c6ba,16000,64000
446,8268.412203833333,8.646095045421221,0.8542600896860987,1.76,0.6900000000000001,False,id_24cr50pvhf8o.wav,89ba3ae82fb98b4c5abab6b8d576088af50ab3a44ef26ad87a25b0fa1a12fed6,16000,71680
342,10613.44023997403,17.36968432032146,0.8654970760233918,1.47,1.47,False,id_5oqh9t3kjd6p.wav,bf76a99a758aaed407a3046acf68334af0ad4a85b17db4c576fa1b50044a5e46,16000,55040
342,5913.963776098058,54.781847911855444,0.5614035087719298,0.16,0.76,False,id_3komqnffiaet.wav,cb979ac17ef389624f4c6e238de7479e254189b53147d62eee1485f7d2d7f147,16000,55040
342,4137.500659516563,16.977186694849017,0.804093567251462,0.0,0.0,False,id_41cthw41sj0v.wav,c665f33762184145af93db66e24d3d6f582529b8a39d1663eb75cbd8b444eed6,16000,55040
414,4925.467179618599,29.811084917705493,0.5603864734299517,0.19,0.5,False,id_lbhxpmz7zdxl.wav,41539918db8e0966112a702b9f9ac31f038c9ca91974dcfc3634fc0e45ab9b32,16000,66560
350,2128.4258948810034,0.8653031135369839,0.8857142857142857,1.47,1.59,False,id_onab1gn9vyfo.wav,d6bab3c6bf9f7af840839750f9b101fab17e15d2f65e0792d133e45c38e088ea,16000,56320
270,1055.8073605066409,154.75816531119852,0.03333333333333333,0.09,0.0,False,id_giv6yxiwwxsw.wav,9f3ace094edb43962295515f131e1cc36210104ce013953b09eedc5fb645d4f4,16000,43520
390,6149.216297830155,115.12319625294819,0.24615384615384617,0.0,0.29,False,id_w52t2zkrpgc5.wav,831e154f3fb9fe0c2a2674534251e6e89e9aebfa7d383fbeacfee9b18f6accef,16000,62720
342,4366.669474840064,19.041545532987286,0.7280701754385965,0.07,1.37,False,id_jko03l8gm73t.wav,26fc4588ca24ac50f7f8b44367022c3e483f11dc3ede9808bc9f34b1640dc848,16000,55040
366,8854.671882684304,26.504424824470224,0.8087431693989071,1.49,1.47,False,id_m4ff7onw3fms.wav,edc0f3a494d3ca4a0d6412e4df754dcb2e0bca6e1a85a8bc8a3050163b657eca,16000,58880
350,927.2193456782488,14.22075932968279,0.07428571428571429,0.12,0.01,False,id_wg69s96v2760.wav,f1df666a604b1503acc67b01d0d1a5c0cbe67af43481c1b6eeaa6b6883c39ca5,16000,56320
486,2041.3476345296997,46.498077256932774,0.18106995884773663,0.12,0.0,False,id_may1gsj7sxac.wav,317497724a5bcce51b91a878a3883d7cec9cd2801c777e3a9f5ffc36333dcf5f,16000,78080
718,2469.4147393663948,106.76586353592367,0.181058495821727,0.36,0.0,False,id_dd31f3us2s09.wav,9380d4cd1da8ec6278f45d5a1bdf1309360c3defd1bf18394016b02398002177,16000,115200
542,5181.454089828453,91.81801121455801,0.01845018450184502,0.08,0.0,False,id_1ueypqi5r0rz.wav,3d9a376194bf126652b09d37e4f032abc46ab3eea33f5490e1427bbfad7c47c7,16000,87040
270,1018.3630848081641,217.993241194463,0.025925925925925925,0.07,0.0,False,id_q84q2q7bq4bw.wav,894784a7f28fa644ea287cae77bcd4776bcb7337bcc2e07d55a8fad4cbb48f10,16000,43520
374,1896.0331135030317,21.133399590162384,0.4679144385026738,0.0,0.0,False,id_v5fdxzbzn6ub.wav,6eb81b57ba21055cd3df1667682d71fe11b03bd9a247a0e9868e278127d079f3,16000,60160
566,9159.192462357149,23.02382661663561,0.7367491166077739,1.9000000000000001,0.0,False,id_6udcu00kwjsd.wav,2b3191a459bbc4841fb8bd4f1baecd975558de60293a45073ae317bb41a9bad9,16000,90880
454,3197.4363011637934,469.0361006898023,0.0,0.0,0.0,False,id_8jht0664lv0p.wav,1394660f49970c4b6137b6983b85faa0facd0a835696e7a97231e34491c4993e,16000,72960
310,2566.213333883214,239.34193722828843,0.03225806451612903,0.06,0.0,False,id_8a21f8glkb0e.wav,bb7d22b9456fa4b7210407ac2349b9fbb9b90bfd7bc04bd07969bef6b8e98202,16000,49920
454,5815.190806198882,30.738371782936873,0.8942731277533039,2.05,2.0100000000000002,False,id_13i0bo3bohuf.wav,15c089953a923978c728691e6216942dc36736b20377dbd77e1545c549dab7fe,16000,72960
454,3547.3040203089445,7.93771400148677,0.8766519823788547,1.42,2.2800000000000002,False,id_so1c9vym5lo2.wav,6e18cc441d9ea496f8ddb1c51620b8de1fec95606569a1e7787c32e9859ebc13,16000,72960
395,3835.487919417815,46.83911292926031,0.4430379746835443,1.01,0.0,False,id_v5jidecrj9zb.wav,e8296f1384dfeec78b42f3b0c5cac015c98c0531cc3dd5504718f5ed9cc5eccf,16000,63488
446,5381.127759122617,14.618211465261881,0.8923766816143498,1.29,2.62,False,id_6lnhwl1tseen.wav,ec4b571c201b73af9ea016c468ca10f54105cf1c000a79fb0089644219fc7d8d,16000,71680
398,2304.0306915273504,91.52561823761454,0.002512562814070352,0.01,0.0,False,id_hmdodllrirqj.wav,4164b744416d1e2fe153028f425d5053ee3b789d3cf5e6bfbb7a95952070db59,16000,64000
430,799.7719940708101,11.761638788333165,0.26046511627906976,0.05,0.0,False,id_t8ey9zv3pa4f.wav,4c4ee14b6143bad5674bbdbbe6dd95f1107479dc5e363315c452b659c64230ff,16000,69120
430,2430.789751294834,8.322484035413105,0.7953488372093023,0.29,1.84,False,id_9fh4blwgddx8.wav,e8655a748c5740685a5df4c3194d4c48e98f00a229e7c540f95cf22f1f983160,16000,69120
334,1057.7974829805562,21.06314450245639,0.04790419161676647,0.03,0.0,False,id_v0h1esms6sgt.wav,cafaafe7d635cfa74b04970c0cd3e8693ecd4ad522f8929a7118286ae11a6776,16000,53760
478,6686.783561249758,180.18851458064069,0.03138075313807531,0.0,0.0,False,id_lfcurhbchbeb.wav,74eb5cb2816c5d1e56773b6029d68db56743f25a64d86221dd9801014a2bd692,16000,76800
382,4178.176611573522,0.852936105461599,0.8743455497382199,1.55,1.79,False,id_345mh52fjket.wav,40d011d8a9ad861de6a81adeec9d35c1671d0221a6d8c39449ca49a5fef9db92,16000,61440
342,2062.7520942905376,245.7166436065835,0.02631578947368421,0.01,0.0,False,id_e4qje03mbvp8.wav,39608b73c80325665a7b1945ba32231f5dbe3c776c3d567d109bfc25ca064b21,16000,55040
382,2477.4846785600917,31.799367808408412,0.4031413612565445,0.15,0.24,False,id_on0ucruv0rqt.wav,114228718df26f6e5bad8fffb3fb648196f887ad8ed5cba24f2b0ba19436258c,16000,61440
433,8450.51613379325,52.95734132299317,0.674364896073903,0.74,0.07,False,id_3ys2g1uk50gb.wav,40251e16598b8a3f8cf9a3484f7626343f83fc1b11c7e1d8fd1236d98db493fa,16000,69632
494,812.4834213693225,5.0511909692464965,0.5951417004048583,0.73,0.0,False,id_8gjngqln3d3i.wav,57413c5964ba66565200b2bcddaa14fb8706349a0be10ff671930c7f01a5eca1,16000,79360
414,14087.71929288059,20.92461860972239,0.8792270531400966,1.45,1.84,False,id_6wkd8x8kb6y5.wav,9695997594ef3383ef44f3409622b8a59b5d4812f8f5131f0504c8aad0c81d27,16000,66560
774,1065.0616378876857,14.189412157332988,0.33204134366925064,0.01,0.0,False,id_hirkpckdk7b2.wav,6c5491eb66eb466c1a4c6f382929677a4f6198f5916890c46b152ded86a537dc,16000,124160
548,2362.7588149237745,14.436712618715823,0.6186131386861314,0.54,0.34,False,id_pjjo0i3k6os0.wav,08a29d5e5154b7623172bc6a7f246fd5bb6edcaed3e031b705a5ebb2b1c378e0,16000,88064
638,8299.365572741088,11.979874031265524,0.8855799373040752,0.32,2.7800000000000002,False,id_7byz1le3s8tn.wav,1373b0b36b7285c2410d0167ce2d242c94bda17091e535a9fabee0f38270268c,16000,102400
523,1596.390166907827,14.667395815208643,0.5621414913957935,0.02,0.07,False,id_45x8sv07uxhw.wav,df72b347ccbf0b9226364cfcae78f02899d6bd1c6f7e1ca319296ce972e57b5c,16000,83968
446,10266.660308006689,232.80928358246342,0.02466367713004484,0.11,0.0,False,id_sc6zsndp9k36.wav,d68c89ce9d6c05d9753bd6ce03f742cd9d5534d66250ae800e5810c7f7ccd761,16000,71680
366,4884.402092631195,43.147856860203234,0.546448087431694,0.05,0.0,False,id_ttax9f0kpx0d.wav,d4c40e0eae310bed00839d07fdd2aa231b51c7b197fbafe832d585aa739b813f,16000,58880
326,9897.450033720806,193.49759892531165,0.1165644171779141,0.01,0.01,False,id_mj461jnd11rn.wav,037fbf6e702604d43d3a25f64b5a81716c812499992767cfd1a1e9522059f531,16000,52480
302,1938.5491037113297,128.9150685351486,0.076158940397351,0.23,0.0,False,id_pp2axmpwh7e0.wav,515a7eeca4b6940c50d68ba425b2e5d0dbcd44e1078181a2ebdf710bbaca0ebb,16000,48640
446,9359.974745558879,248.16311901114892,0.013452914798206279,0.0,0.0,False,id_1fn5d1sy5hoy.wav,0e643bf0478dd113e20699534964723b1bbc4b33377580bec572fb5946c99b6f,16000,71680
382,4509.120430028455,28.323559255431306,0.612565445026178,0.07,0.2,False,id_crt6lnkcg3wn.wav,3a1c534d1e17e1bd2ae2c5e168f6e910c8c56d5e077678996bbdde272365237d,16000,61440
422,5316.980961974567,285.68060214219463,0.030805687203791468,0.02,0.0,False,id_eahwk1zr1pun.wav,2f930429862ba03b2809730e4bb7fbccb9f42bf1008430ff3031f8de578f880f,16000,67840
326,9732.186957976095,15.527524863356032,0.8496932515337423,1.31,1.44,False,id_db6irdplascn.wav,9c4a4eb1b56480b5c6c664266a8126962f93e1cd3b301629c1b49ce91693bb12,16000,52480
438,5483.86255617334,49.94705872889331,0.6118721461187214,0.2,0.07,False,id_m8fqgasaalrx.wav,09f9951b9dc0c09b88448d9bf270f132bde60808be02fe1f78d302e7cd28f37c,16000,70400
502,3421.9042374093406,79.88975914194603,0.07569721115537849,0.38,0.0,False,id_ir9slbq1gr16.wav,6f80fc2a8a88e2122130b4b1ba61e2133bd10ec1ed98d914e6ea6cfc416ac6d7,16000,80640
510,9593.85190486595,76.31860386074652,0.6470588235294118,0.39,0.03,False,id_95h02wke6ruj.wav,6c454c2eb8eba0debc5f4a9c2d3fd35206b2adbd3d36519e0e028074fc6498ee,16000,81920
446,7191.50030452617,29.628464745645292,0.8497757847533632,0.43,0.5,False,id_v89zt7l3kfme.wav,6049c86306cfdfbd81f01b23b8caadeb6d3090c18b35b5370f0a2baf63cf4bed,16000,71680
510,3576.084920342357,12.043618583107452,0.8352941176470589,2.44,1.56,False,id_hvh9coydoxx9.wav,43402a652be05049c89069b980abc0ff5d5e6f7e0581f7c1f2b9741e0ad8435e,16000,81920
638,2301.546161822526,9.162491400011437,0.9012539184952978,2.15,1.48,False,id_g2wbrwq80ro7.wav,e4f2530bdc0ece2d12947830c249c4af29a177e5bcb0d9d4608ca12d1931f8f7,16000,102400
369,5183.57599659733,28.32234100493813,0.6612466124661247,0.51,0.79,False,id_1ju7bqqkby5n.wav,f256a0d3493ef13559312493593583a4e459efb39ad088bc7cd1b0171006ce9d,16000,59392
454,2985.293347813578,153.2867684147979,0.04405286343612335,0.0,0.01,False,id_m1z78clx7dn5.wav,e2bc7306295c075a8276c501caff9f0b1a3b54e1339fab61cc128320472ed0fa,16000,72960
350,7558.681039539901,129.32822869813947,0.1742857142857143,0.03,0.0,False,id_15k8lkc7x9vj.wav,d9666910a5601d73d241394bc31b3f50212ff6c3456e4853eebf09cace281fdc,16000,56320
518,3077.6275489409045,77.24298505092304,0.023166023166023165,0.12,0.0,False,id_piba0aw4b8e5.wav,b0f90e100e61ace263d96e9acd8f070b3494790d1d8110f246f8bb2b9cca7b4c,16000,83200
390,3568.8760860388525,178.42296216511755,0.10256410256410256,0.26,0.0,False,id_sdmmoy0lo2r6.wav,53343ba1b20cbf50720763a56b72e44023bd4e9462859aca1f95d95ac4d27b84,16000,62720
422,8225.665235559978,26.19898115612661,0.8033175355450237,0.21,0.73,False,id_byp380m199nh.wav,b8784a69ca3795c0ca7a18c34b4eae9f70b632874e4f34e09a7186b1334c26f5,16000,67840
358,8207.00623750829,182.8902277411962,0.10335195530726257,0.02,0.0,False,id_hst0uacjhv0z.wav,664cf0d60e5b721856568fd07a2c049b82aa967d1148a6a310fe6eb3fffeba07,16000,57600
382,1188.6772028183261,53.75673656981252,0.04712041884816754,0.18,0.0,False,id_9hem52dsvmdh.wav,660a182220f8ab7b7b31ef0650bf4f2b7e1f84e193afa6ab6a79d0eccd21f375,16000,61440
462,14937.064867135043,12.508796744916115,0.8354978354978355,1.51,1.97,False,id_s4s3nzlnnblh.wav,2c843c34c7a8282aefcf034d5c695e12f896c2111390ea8f888157ebecc72b1d,16000,74240
390,3357.875681885796,10.8741794524356,0.8897435897435897,1.71,0.61,False,id_8iotg6c3yrvz.wav,f1cb324e1eda7be60fca48c7e91cc7b0cd95e93d0c4efffb695365ae678155cd,16000,62720
366,9916.304801815038,236.5187512838408,0.08196721311475409,0.3,0.0,False,id_wcku35q7x7hx.wav,e4fe9b878abb295ea18da9fe45d9d18a76ed4f66fe3c9e7fd3d6df31731ccc8b,16000,58880
374,5455.800610130469,12.970183965332309,0.8048128342245989,0.72,0.31,False,id_4lyffxy4mtxg.wav,57e6857a101ffc53e0dbf8e262f1da3605e81acd49a51bd81a955bbb900a9fa5,16000,60160
662,6931.99330009053,192.78823056327792,0.01812688821752266,0.12,0.0,False,id_ikqrhb9zku8j.wav,de734278d20f0b306b6cc0dbd511e2ab15369f392cb826a4a98d42284daa3773,16000,106240
574,3699.9328963509597,62.826354565549465,0.13763066202090593,0.0,0.0,False,id_wlqsrpjcgyo8.wav,8c70e4c7deda1580cc1cbf519903f89f40de884023714114e7874a2c6ef210cf,16000,92160
326,1824.397056564168,12.550770687206931,0.7852760736196319,0.9500000000000001,1.09,False,id_y0gczq07xd87.wav,ba407e0f66000472bcb9e21c9151c300b3fb392438d91b5919e3c1ba5fa0d4b0,16000,52480
342,7679.572776040344,67.28232292462906,0.5614035087719298,0.46,0.13,False,id_75627mkeqas9.wav,514d3b126e9e0169ff99ec9d866049a37c91673dec61871396e43637d65122fd,16000,55040
326,3982.135193272574,268.9635575496269,0.06748466257668712,0.22,0.0,False,id_2uuqs2pwdcrg.wav,f3ecbbc2058e6a860e845a6cea8b20f48d293f2570e439fe597f773832f3ff67,16000,52480
542,2960.987706830273,21.37314317242044,0.7952029520295203,0.29,0.0,False,id_6090xr24pzrl.wav,1535650a066e45cb554d119cc7b9ab90239531d8b67dcf13d65f64837102f8b7,16000,87040
486,2789.41301576156,35.420053139578826,0.3683127572016461,0.19,0.05,False,id_54ryxrykpgmk.wav,e1a0839c5fdcf4ccff60f185544eee84b57a9ad8ccb99f8ea8801ab06e13bb87,16000,78080
446,3896.0876045720534,34.024927673805,0.6053811659192825,0.0,0.29,False,id_eqzok6yvg8rd.wav,c001cc3eccd649675b59679b86228a43c582db6abccb4d22d55cfc768eb7c36a,16000,71680
494,4285.057924637659,30.838640549483138,0.5728744939271255,0.0,0.01,False,id_wlu4pd772elr.wav,744eb9223dc7522f8b6fcbab65be337669f9a93a3c93cb6045a6418f813ac9f1,16000,79360
870,2095.9132967515616,95.10374913472273,0.27011494252873564,0.23,0.03,False,id_ob68wxulbssc.wav,0b27e09726e530d437f6aa19fee585a093f3c4f4e30d37d83a83568301ee29e1,16000,139520
334,3530.895642043248,17.69834100113148,0.844311377245509,1.3800000000000001,1.43,False,id_zlfcanji96h7.wav,437aedecb05be761b7cdfbe3d3f4f3d55a527fe6e24d124177195b3f05abf2aa,16000,53760
686,3761.363599813238,53.080351385424365,0.23760932944606414,0.0,0.0,False,id_58488x5vhql6.wav,4d6b82d336aa478f599fe23d2f3fed720540f170a1c67749881d1eb36e68076a,16000,110080
454,1183.1932164697362,15.76102546198673,0.4118942731277533,0.09,0.0,False,id_7kxef83vcn3c.wav,ef51afcbbd7fe927fa679d9a243925b68c1b664ef74f0de42f9eaf19a6e2adb0,16000,72960
406,8654.056310193504,100.35094369897314,0.4014778325123153,0.24,0.03,False,id_6uhocblb2f13.wav,026d0fa30693b25c09e81acab0c901209ae5a674c98ea5fde8b7d328c61e69a6,16000,65280
502,5858.592097509435,53.26774350531047,0.5418326693227091,0.21,0.07,False,id_uh8wrfd6an09.wav,dc312f33fe58167a9d6019fdf324ddde650be4946a6ec6ded7672e433a7e4c15,16000,80640
398,6387.48648687416,8.586951204937783,0.8316582914572864,1.74,1.4000000000000001,False,id_9an73fv3g83d.wav,05eecee10f18f71cef8782fe42c195c07311827d46c33ca6c024e13e04e74b4e,16000,64000
438,8832.674775655447,20.947859169066284,0.8561643835616438,0.92,2.11,False,id_sos1t3kcvvmf.wav,f142f5a5ede612f5b87612bf771d618c3030968eddcef422a2befc46853925dd,16000,70400
350,9031.137645944724,26.63656000529099,0.8228571428571428,1.34,1.54,False,id_t7zrm8kgebn2.wav,7819379f3de44f9da4cbcf90d8e52a296d9e0bcbe63f76c5471fa3786ea180f1,16000,56320
334,177.84283089289823,23.6137302119712,0.0,0.0,0.0,False,id_bln3iqc57vrx.wav,1b7ccfe88ce09a99a7906853ab9b595c42ffbfcab0b7244e4988e0816b207580,16000,53760
470,3436.4745881498966,9.245726941696432,0.8106382978723404,2.22,0.01,False,id_3v9vnj4ey1ks.wav,ec9d79f6f2ee2224d01ef3d9e22b0ff570610c40c3af3b7001e5187d1b28a435,16000,75520
494,8892.102064332146,46.97018954520405,0.8279352226720648,0.45,0.92,False,id_qyqj1jczxiji.wav,227b8ef0c3298704254489789850f81ec921b5594cac7d894a4415a65cb7785b,16000,79360
478,4304.8314757955395,18.798631903896613,0.803347280334728,1.54,0.6900000000000001,False,id_q9rm5mg4jrbe.wav,4ac21e059c5aac6146c96fc7138a60307f2080ef33ccbd21595c562290712f59,16000,76800
470,7955.263520462411,11.404480214213603,0.8489361702127659,0.32,2.08,False,id_gjoxavdjb938.wav,b0b708798cb5b7b79a1936750fc1a3640acd64b3f9dd31bbd0afa5ca5d83bafb,16000,75520
470,770.4999059052506,13.057708331235371,0.3021276595744681,0.01,0.11,False,id_z2tnre574wjd.wav,c459f546c78a8915657011f9e1b10b152eb1682ee056c435a6ddcb4cb9a24b30,16000,75520
422,2056.027867029044,83.72433246626659,0.045023696682464455,0.17,0.0,False,id_1hqdop8jr077.wav,d85d3ad1f07312519ade8e86e83c7e560b9243a164d6cdbd8352d3361fc98e54,16000,67840
558,3641.7557280108726,69.52744824243675,0.044802867383512544,0.25,0.0,False,id_dekjzvqx2muu.wav,5bbcb5e72eb5852b7eba1740e9fefe5ec408b1d417f631233a98fe72e93412a1,16000,89600
438,9281.785083565554,181.44089637808625,0.1689497716894977,0.37,0.05,False,id_74hva2szczp1.wav,e761dc6cc79472276243aabb406feddfa39aa654fed75194785d0461c669d451,16000,70400
934,2406.703325090153,404.36390217951856,0.019271948608137045,0.18,0.0,False,id_kpqbnogotvbl.wav,33f0a8f9c2d721a10d50ced914b916c3c15bfdd2228cf0858d0f710e41422a88,16000,149760
523,1015.1869766205632,13.17080103866124,0.17973231357552583,0.0,0.0,False,id_ok38mayxywam.wav,5844292481a8fd618bbbfc36756e412dbc98d60d50caa23fba567e9176aa7b5a,16000,83968
459,2133.6661764437285,27.283236611516603,0.40305010893246185,0.1,0.06,False,id_gcxevd7mkmyk.wav,e03b34634040ddb4d854087b3bdb0ece04ef28f181c8144829982d089666dceb,16000,73728
374,2705.0658698079797,20.82057151759906,0.6390374331550802,0.68,0.47000000000000003,False,id_6x44g3xxfxqn.wav,7a40faa856a3d50522ab774adddbc0e91dbc3b11ac550d471dec2e2c9af57348,16000,60160
582,4624.7048276079195,24.962946895322613,0.9020618556701031,1.47,1.06,False,id_o92a5wvy2dto.wav,9b334cec7d5ba0fb6b935869861860238a275884edb0d45d930b5fea0d40fed8,16000,93440
382,7312.7088135997865,22.06588940979479,0.8455497382198953,0.67,1.57,False,id_frj8pren0uqv.wav,6fe9568fb081858b7499da4921668a63aebcafe5f6c5f922d0e570a9e9c0899c,16000,61440
374,9969.288492415093,158.0998601773353,0.2620320855614973,0.13,0.01,False,id_jud80yru7ozc.wav,e663a9e8f7ecdfd7b03996d7a5d0e3e24f772fb01b48141560dbe637cc1ce382,16000,60160
350,5124.062580121363,8.906036282803775,0.8657142857142858,1.41,1.1300000000000001,False,id_01v7ycmw6imm.wav,1a3b94d3fa1f4a1c8ea741c68992a0458ff0faca7fe4e009145c74cd6db82cac,16000,56320
843,2982.339094150764,11.03018585518848,0.9169632265717675,2.46,0.6,False,id_pwmqp1td6k8w.wav,e1f244a7f90d8e87a82ea2a6a6abdb0c99e296ef4be21ee6289197738be49c55,16000,135168
550,14294.247653776676,80.8256782605857,0.8618181818181818,0.17,2.9,False,id_90cs3gcrbvdm.wav,4437728467c5364e4f547cee5e204ffc3bbf913e13eb8dfd8e049a1ce4eb83f2,16000,88320
518,4968.448728224937,100.28795378193607,0.07528957528957529,0.39,0.0,False,id_lgr966u3pebb.wav,768656187574aa0ed485ffa5f9f3e35a983da605ae3d7a1c42817e0517609c92,16000,83200
446,2814.4818377456268,72.97932668664569,0.05605381165919283,0.02,0.0,False,id_rr1qabm1x27p.wav,4861066f7bb31837f556efb03419b21c47d88378f65e5e09866c00c27629a318,16000,71680
433,9744.766219361038,81.68990145666722,0.7321016166281755,0.0,0.16,False,id_ox5wkhuv0kzj.wav,b5702a9eef63354b36b59e37f3110169506b13af375ef69df2fe311fd6bfa9de,16000,69632
454,1229.095548564065,2.8818370461666234,0.8414096916299559,1.47,2.29,False,id_9rub0857b757.wav,7557dc581ac9809cc610f3c58c4a731016385cebacebedb98f230dbac92d7780,16000,72960
646,7241.275472767211,131.24712968700612,0.1238390092879257,0.07,0.0,False,id_vcmfmh6bmz55.wav,f25a69e0918a8074b1a8338361d4ea1ad293b0fc967c93113137f6a7c4d3d30b,16000,103680
422,8282.689823209606,97.08201901943178,0.33175355450236965,0.17,0.08,False,id_qjau1yqiw50z.wav,c7f3c305045294ad43c7ccfddb673916d072011adfa242b33eeae6ef1c39a702,16000,67840
438,5064.800690550419,35.85205775689988,0.6917808219178082,0.33,0.24,False,id_0q98zb6cicse.wav,ab2c6e07a5279a5098434c38af195db8c6ef9e85ecad25359a608004f8ff369e,16000,70400
459,3711.0764391885004,276.0005797095361,0.0,0.0,0.0,False,id_tqioixaz6zap.wav,f69890340830319551668bb03f3e94fed942b29a2fceb2415150287106f9a968,16000,73728
502,9910.483464367417,75.64600539168575,0.6055776892430279,0.17,2.36,False,id_3vnmo4woeq3o.wav,9891798fb5681c019f192db7e1dc93f0bf8ed64040ba8783edbc4a3aec73bfcb,16000,80640
606,4452.464864824876,40.66289770846272,0.6287128712871287,0.22,0.3,False,id_vt5z9rq4oy5o.wav,1754fbc89778ef634bc80a2604a830350396ee91b212349618245c6c7512b07b,16000,97280
446,2272.855853326383,42.96936393632886,0.03139013452914798,0.14,0.0,False,id_ny3yaiw9k30b.wav,5bad14f3a8cbf5959602f7e1ab8b3761884141d6d7e03f042402e93c7eb83ad6,16000,71680
422,11889.07058278737,307.7052948566085,0.20853080568720378,0.18,0.0,False,id_ljdlz01pnbbh.wav,a261a76f606d4bd70337a5e31f936d62d08d8f03e1fbbf13eb88422c88174898,16000,67840
420,2404.300767374997,8.352918503792196,0.8285714285714286,0.2,0.28,False,id_8vrsyogndaqu.wav,c6bee0db39b97208b861826c936d7448d7c25e33213d0815b81746e4d56fd38f,16000,67584
414,2535.381307121278,19.889568840703582,0.6570048309178744,0.0,0.89,False,id_jdyxgqi86r7x.wav,ccd16cac0da1e0b7de911c9c5c7d784cadea28b57b52da3448d2a03c13f48bbd,16000,66560
406,6219.008809890849,39.354628331402886,0.6970443349753694,0.41000000000000003,0.0,False,id_1maaphk2zo6r.wav,40fa78cb572ff83bbea40313835a2bd77d45d5118d5ac65eafcde1461ccb6261,16000,65280
654,2163.61840905461,196.21029681749496,0.0,0.0,0.0,False,id_gkzjupd1gsr7.wav,5220e56d7e2e7f3a9839fbf64df2ab8e0a01584d6a5b82a95f47dfe6b0deb341,16000,104960
472,5482.307324019695,199.60691689619483,0.00423728813559322,0.01,0.0,False,id_muq4ob47z6st.wav,89c39e5dc94471c5dd47c18d018118fbe80286f89feab606a3d89df8af34f4fc,16000,75776
550,4228.312261115539,22.293815721652017,0.7836363636363637,0.0,0.05,False,id_dxeoia0bfpg7.wav,940e441bdb9dca2a857edc743ea08594bb0f65d5d850b9fa0d2d21dd7b9d962b,16000,88320
502,8112.060740496215,157.17665403761697,0.10956175298804781,0.1,0.0,False,id_ycpc7jwr5lpo.wav,f543acea22cbab4cf2cccacc6e37c1be13a397639ea1de16b901169ad26bb152,16000,80640
438,4580.8256171786325,14.694344148507371,0.8264840182648402,1.72,1.9000000000000001,False,id_gbthfnt4w0ty.wav,34c6be1e5353a87e1e1ab34391319dfab6e5b087ce6bc76ac25b92bfcedf714d,16000,70400
420,2665.1943231216746,13.100286256066905,0.8476190476190476,0.0,1.68,False,id_pwkm53rvdcs8.wav,69c165b50244e0cb339397a29bb4e2a09789d9ca73d8c92dd8f6186a74cd0d90,16000,67584
334,5476.994484432133,7.666804928909943,0.844311377245509,0.8200000000000001,1.27,False,id_te7oyrse2zin.wav,8ab03b9334dd751ab3eebd97a208353a47f30ea00e03b6e0cf3f90b91745253b,16000,53760
350,1970.7025041847387,128.48358407846774,0.06285714285714286,0.22,0.0,False,id_lrf0h0g1mj25.wav,34135ae497407673d3f3b74993a13b00b0ce0506f8faac97df4864431cbcaef8,16000,56320
366,2196.123915561233,0.7842193570679061,0.8852459016393442,1.57,1.67,False,id_015rhcvf0g0y.wav,4c628b0ea1cf4520e35c417603cd247cc00c420a44dfae8cb13d62040c627887,16000,58880
446,3063.449660105418,25.20283231086718,0.6233183856502242,0.03,0.28,False,id_mpkun7ncjpq5.wav,f4e2508cfaaf46a0a7578f029e687f7764a18291094ca4827f00138edcdf01af,16000,71680
430,5413.102231391903,66.52086603001206,0.39069767441860465,0.04,0.0,False,id_xhfms7h6fgbt.wav,8914159cb3c8b3d00a2da586a73b9a96cc029ce80031186e1ce8d514e0af8f81,16000,69120
398,2285.362568062232,23.411007162584195,0.4849246231155779,0.16,0.05,False,id_gjma0aokd92t.wav,cd89e12d12bbefc3f2a0b880b3741aeaf7df283a773e9399f6c621e8b223720b,16000,64000
414,3429.709757034843,5.936531834331466,0.8429951690821256,1.43,1.92,False,id_56m81volv0bp.wav,ac8b3ebbe3470007c0f6c6cbda41f8c722a648e8a1095c27d1c675daac02a607,16000,66560
590,15063.965673088876,314.8837051477068,0.3711864406779661,0.79,1.0,False,id_s0l2eqc0e522.wav,e245dfa8d49482bf5308f4c14f7f738ba31cc23fe1500629cb5dad402a320af3,16000,94720
510,4994.968928832291,45.73632307887024,0.611764705882353,0.13,0.04,False,id_y0l7vc5uhs8x.wav,3f8952d436fd64a66e81085cfc13755575be22a9135c5be9b6b3135ddf57973c,16000,81920
548,5096.8117728144525,16.65457715577633,0.8813868613138686,2.0300000000000002,0.48,False,id_q9q0wovsxcum.wav,c09567eecd4798d55e06499a6cb7f8d74fea3a1a8d0e556bb317d8e12c114fa3,16000,88064
470,2253.2686696219785,111.70712634209741,0.00425531914893617,0.02,0.0,False,id_syfemfprvnb6.wav,466fa6c4f21eceffa6dfc0f408d2ffdfbbb9bface3bcdaeaf649e26a56e265ea,16000,75520
366,6483.955437848104,160.38894241288017,0.10655737704918032,0.03,0.0,False,id_05okk5z91k29.wav,b011a433739ff2bcf235eb1f516399deee6fc82c16c2ac5e67da570de8569c53,16000,58880
358,4168.018423963598,27.167012467223888,0.6480446927374302,0.2,1.0,False,id_jkb7ol8fhe2g.wav,284c1611eaf5abcda9c3e99a304454e834a504ad3ded431bf3655bc2a4498ef7,16000,57600
398,6832.599860228901,382.65931132209425,0.002512562814070352,0.01,0.0,False,id_5fz73bcfhvhi.wav,aaa457e2588ec62d878578919cc83e03eb302c73317030dad489551bace8c7a2,16000,64000
374,2874.3309525870536,4.578345752810703,0.8342245989304813,1.67,0.08,False,id_i9k0a3o4w7db.wav,3a2d925d115d226d40f39ceb76ba1d8090f2910c68b87255f8d5157ee3f08c80,16000,60160
459,4964.196997501207,36.18642701345354,0.6688453159041394,0.36,0.62,False,id_0g5sc48b7r8w.wav,5233054139d0fdc8d624137708ffdd141e4a6e09d1bb0f68dca18a650598fffe,16000,73728
6206,624.7646436859243,15.5171679041759,0.00338382210763777,0.0,0.0,False,id_e8ul9vf9y9p9.wav,c972a0f191262dc3f0acb8aa6dea39332fe5353766bdbeb030626f7163b78014,16000,993280
766,6415.789642748584,220.91567737114275,0.10704960835509138,0.18,0.0,False,id_clwgq3est1zy.wav,dd0a07d43c8a7db6538b2785180f0d9bc5418d68d03216a85257e3f2bbb0e1ae,16000,122880
390,5540.146187827538,27.170323256212285,0.8564102564102564,0.25,1.55,False,id_1kssnhj05g5f.wav,b5be46726fa067cd41b5ed7d204d11e00ef355fa2a24d572f397435c14df360c,16000,62720
310,2424.177840526557,211.91401205539293,0.0967741935483871,0.04,0.0,False,id_f26rd0c7qh5l.wav,92e37974cd19cecde3bd6a3e1f3783a460b435939f297e9dd4801c682764dc3d,16000,49920
318,805.4109867018204,86.19128767735779,0.031446540880503145,0.0,0.0,False,id_lfvm75i7hxjc.wav,2b15fdb5aee62caa30ed37474e36b356f3e3aa4cfc9ed244ecdf3566bf9d82cc,16000,51200
414,5691.653924827124,92.59572850927695,0.2826086956521739,0.1,0.2,False,id_drcdgho36xw4.wav,f62ca6d3e2d3d8dc604d5636a54d81b641d85e875305e5b5488d6b266cf88b65,16000,66560
382,3739.9675155674813,25.798404559736596,0.6465968586387435,0.23,0.51,False,id_9492e87ffbmc.wav,ff6e1d7ae0c8f81bd5317d1688d60e8dc6f6d7015b799630c01f5863459caca2,16000,61440
446,14510.194162467296,83.25525222336127,0.8295964125560538,0.19,2.0,False,id_zm930btj4pw0.wav,33df644828ae11338237c48e11b87dd72c0e8a2996896ee714e10bcdc992f663,16000,71680
406,5296.674678748922,37.42272557607618,0.6921182266009852,0.13,1.02,False,id_pccow9n7eze1.wav,1c8ba2bbcb7b190accbc4bfdad9cbe39b52ab512e60dc65c754929396220b1d0,16000,65280
358,10347.978548731147,42.73043343794409,0.8100558659217877,1.73,0.0,False,id_s6cm9xfaxt1v.wav,c4490d1fa6fae534a4fb7d8a4f5f9a6af0f859690c026e000d2ca5f9d895115d,16000,57600
382,3724.6403269309103,52.27961752771954,0.06806282722513089,0.07,0.0,False,id_1foec7rnfn3q.wav,364ae5847960b12ae91b762f9fa23d5b53d380f13fd7a652a459f36a51266b49,16000,61440
414,6327.54727303558,31.20529787730148,0.8647342995169082,0.79,0.65,False,id_ode62ax9rxm7.wav,6b3e6066a924127da9ae02cc9c7fac8602f32a549af06ffa8d055da3bc68c041,16000,66560
566,2319.3065483027467,85.80092034056496,0.012367491166077738,0.07,0.0,False,id_w4rcv3550arz.wav,6ab62020981017a792d516416330ccc59b19697cea7c1d1be32a3e536ea63276,16000,90880
406,3380.2646886005837,5.9862340301287364,0.8201970443349754,1.52,1.81,False,id_5hp81dg8be5s.wav,1f13147aa4c49f705496ee96d7c8ce3bfdf7ae809d1e0b46b07130ff64a0ae45,16000,65280
342,7864.3976519184225,6.245397379106885,0.8918128654970761,1.47,1.58,False,id_bhq93sbm8xah.wav,7b8d818874994ea1b5c668e22298761a6938a56463b83bb96b06fe9afa43631c,16000,55040
390,4668.6031195101605,87.44062676678466,0.09487179487179487,0.25,0.0,False,id_ylru3nde99bu.wav,9ff7437bd8531fbb1664ea5002a41cec1c3a757bf850c931ba7a6e473454c08d,16000,62720
318,3669.463096966639,319.1848130607607,0.031446540880503145,0.1,0.0,False,id_hzelabwwanej.wav,c199b07752e3160de3631b871b8aa0eb84f4ce1c7a4f04d4dce85aa64db6d786,16000,51200
390,6035.379954899277,20.54259708829464,0.8615384615384616,0.39,1.56,False,id_dv7yhamgq0wo.wav,4ce46e2753dee06b21203b8260713e9b06ebf063aa82c2d68fbe523bf3931396,16000,62720
342,4593.728773828511,11.231698103340776,0.7573099415204678,0.23,1.31,False,id_otyapezu5vzc.wav,861b1db25f971a5704aeb66108d2e8ca693bfb5e55dd62ffff543e8f1e2585ec,16000,55040
369,5445.718212274667,86.26963544608265,0.26287262872628725,0.17,0.0,False,id_r7ue4qd24ylr.wav,73acd242a651a9f45750d72a85b50d03dd86d77329b552cfbc9ebc74ec592a02,16000,59392
382,4072.0934425673486,39.07713057610422,0.5314136125654451,0.77,0.23,False,id_akrt06xniwwt.wav,99088e404d9353789fb1f10d38fcde353bab1f7cf81153fb74174e464b34d57e,16000,61440
374,5576.16262025239,6.373774364836439,0.8422459893048129,1.6,1.55,False,id_vo9nfsx311w2.wav,402acbc7280ddebf29d1c164ce0135f6e7ed82cbb181b888654e5c3c277d3d31,16000,60160
302,7635.315011346945,17.922332398272914,0.847682119205298,1.3,1.1400000000000001,False,id_fele9uv6zxj8.wav,182addd84d8f687da05415b49685aa8f71c4d041d89b099b0387ffab720e2db1,16000,48640
358,2187.004206671766,0.7802239154983301,0.8715083798882681,1.44,1.68,False,id_b13a0tpphg4g.wav,ccae3bb4ce2af8d2248628e328eeb3f0f91a8288a5248acf9569d1ae775f69d7,16000,57600
438,3554.5986088446048,58.85129560460793,0.2009132420091324,0.18,0.0,False,id_5gs9hjwf0nlc.wav,c4d667dbd618f9c51d79c655ef2c328dbc7fc95addd57720f3ca0d71e86687ba,16000,70400
446,3803.944592130648,31.275152460581783,0.6816143497757847,0.33,0.38,False,id_bb66y0viihas.wav,9fd22d4f4e7cf05e20484090135a0eeee87895f2f7c8b6bb5a0609b19591ee4f,16000,71680
382,9529.86302131358,13.266809662414444,0.612565445026178,1.34,0.88,False,id_5azm8ertofsk.wav,5a0592c9ee7a222e4dbc338e8aad16f4e4ab8459f9102c7d836a80d5f842a046,16000,61440
470,8553.625203678263,59.91151688949225,0.7106382978723405,0.19,0.28,False,id_bx475p64gffj.wav,fa6ec1b4fc2bdead08486e328ce27b374d2d727fe1253ab04191cc296e0b21e1,16000,75520
454,1967.130770945338,52.19371556290382,0.019823788546255508,0.0,0.0,False,id_cb68wjhspcfw.wav,fad3870a45d6124b97f5022a3ca8bf63574d1660a787757f1bb21ea22844ca8d,16000,72960
382,3276.542701156205,6.688608676669077,0.8089005235602095,1.42,1.59,False,id_yo837plt1gmv.wav,ba1f83de8018bcbcb1f6366fd5aba1867c3571e4d38b842cc7989503ebb51105,16000,61440
1294,5944.00085821831,146.88221971705178,0.0,0.0,0.0,False,id_tgiav3vin4vn.wav,2ad1b88e123b98495883fff29a263efa395965c00f97c614ca055329eb38a99d,16000,207360
686,3718.764574425222,24.193180538755545,0.8411078717201166,1.82,0.12,False,id_tt5gemihii8n.wav,25fbfe874c17a4d999148d9e97c6a039c19b7613096fd90cfd6ff2bc4eb8887c,16000,110080
430,3061.032477776085,6.793011091942519,0.8511627906976744,1.59,0.28,False,id_uhr1078s9cro.wav,7143e087bdd7012b87e302eae3e58fb950e52428f5182216da8315952d9676e0,16000,69120
414,3602.246307861249,41.11008589795155,0.3309178743961353,0.26,0.0,False,id_e7ztggp8fxo1.wav,cb05d2df276b87dae6b4161e8e2fdaf9e4a67b11b715f69a75a7de70be5d9194,16000,66560
478,8003.911432231119,112.23086921811299,0.18200836820083682,0.05,0.0,False,id_9a1akumeinco.wav,83e45f71f0590668d485aba97dc5591c5bd6308b40423d0bc8e18d68014d5c38,16000,76800
262,1640.8979180619372,259.9301968017559,0.04198473282442748,0.1,0.0,False,id_f44ovneaoaqi.wav,5e9c2a2dfe34ce80c81dcc6775da27729870ca7c2ca4152b3e54ec190d83a5f7,16000,42240
550,4281.920284171577,8.603119168573064,0.8818181818181818,1.16,2.75,False,id_2m3doy7pq5l7.wav,1eba4c5a0ff37dfc9b9e3604eb9aba5a3c7e7ddafbf89f1d9c49d686d067eb39,16000,88320
358,3379.716219595959,1.603121195696409,0.8743016759776536,1.6500000000000001,1.48,False,id_j3uh8xdpwgm1.wav,cc0368f644cdd1654902bfba353965cdf657ed7fdd1e5cf9873929a33252830f,16000,57600
398,888.2830081117166,33.25937581726923,0.002512562814070352,0.01,0.0,False,id_s0m1m50njt88.wav,1c9628c03673e27c258b18c0f590c388875c366a766d318f0f7c403d0746dc67,16000,64000
526,8178.241759388139,16.765664196436077,0.8269961977186312,0.0,1.33,False,id_4aozzgfhs6og.wav,05247e7fba1cd07b311964ab04adc888bdc2b8e5c1487b605aa20048dab1dabd,16000,84480
622,1885.7175438012978,17.141530505552872,0.5819935691318328,0.05,0.06,False,id_ytan54us1bg1.wav,4033954b9f73ca9bc6e598b2f81a0d691974808ddcccde4f10db2bed62a6f937,16000,99840
646,7522.647218898411,14.51210674448867,0.8900928792569659,3.87,1.3900000000000001,False,id_pk7poaz80pyu.wav,a43f6fbbe58e6a0675618c6bace482152e2acd90a3b67ba7d9a14c0f65b92b02,16000,103680
342,3446.798761169558,17.343765409345096,0.6345029239766082,0.01,0.54,False,id_bsnarmple4cd.wav,bd8f00a47b5350f3a73ad92c55406db7fc72ebc16ecc3bd4c5ea5b413d9933bb,16000,55040
302,7868.42155073049,106.51586582940334,0.2781456953642384,0.07,0.0,False,id_8mg7qdm9qdox.wav,0ab42f97754700ff08d5b11e14d3b9fa6f224a6feb404504611a961150a2f08f,16000,48640
558,2820.9848967160387,18.509962938153713,0.7383512544802867,1.53,1.69,False,id_8kcyhec4kfvb.wav,05afeec2772f742ced444355eea860819e88f14b263e3ef912a4ceed7c8420ec,16000,89600
382,2394.4035368959844,112.37430610447593,0.005235602094240838,0.02,0.0,False,id_iqglqsjaogo0.wav,3116406dfe95cbc6d29ec99fdd0712ca72797a2f57888b739180d50ccb7f0555,16000,61440
414,1756.2071539257547,18.14351785345176,0.4855072463768116,0.28,0.09,False,id_yqnrxkvuoirc.wav,4642aeec2e5d6ca8e1466eed4d0cc3f180553f277d03af8b68a323626b0a22fd,16000,66560
438,3498.56866482566,54.95109211024378,0.07077625570776255,0.01,0.0,False,id_h6dyvojfegv6.wav,85324fff26a2812b6aed792e05ffb6451034b1c708fab7e9452cb58180f2174d,16000,70400
398,2275.977094019182,12.423011753260171,0.7060301507537688,0.17,0.26,False,id_xxct1hhne0p0.wav,62145a5c4bf5ae1676e53ef2dba496dfbde81f8568806276aa7ee24a0cb90e65,16000,64000
342,8212.099427825993,229.13766795494462,0.1608187134502924,0.02,0.0,False,id_uoxfh9q2v0fk.wav,52573d0ebb44207fd40fe61ee4f0f1ae0c1351bd14c4b49fe02b4992b1cb5146,16000,55040
350,9873.818794164697,11.61318919651037,0.84,1.55,1.3900000000000001,False,id_dcp33feobjf6.wav,972778b22272a035dc99a756db6e357882665b9bb4caaa53105188cf181afd5a,16000,56320
486,11152.038770556708,61.46096512768099,0.757201646090535,0.17,2.38,False,id_2ei1g4i35afh.wav,3e7820dbeb4ff79dd4ff950636dc5673e75d59f855a06b7a18473a76b1de4df2,16000,78080
366,3216.455386757292,4.357321365890689,0.8469945355191257,1.6,1.5,False,id_oi5ddptg1ckt.wav,7ab5d63c3ca7332a805d383924a531045028c5810d3974213f93c9cc42235310,16000,58880
334,881.7925648926736,72.11717686021413,0.03293413173652695,0.0,0.0,False,id_ohsr7rwo6b7x.wav,8b1912d1a11337e2cb8599bde96436b227986822a464dbe2718c88cfc7c4a356,16000,53760
478,13453.10129161674,7.74071947211071,0.891213389121339,2.07,2.19,False,id_vk7rcglyfm35.wav,cf8e8380d09200cd4cf63337a1f579c70f5fd0375a5cb27aa61768d4d4b51e26,16000,76800
374,5873.581841176643,85.71458077502402,0.32620320855614976,0.04,0.02,False,id_9m9azhmysge8.wav,b1b3e5b6d0a255b46e8f093af692ea8823ab0dc14cec66eb8e7b290f29d98ac4,16000,60160
574,8003.342977156483,113.21906165523258,0.3989547038327526,0.0,0.0,False,id_wez0d5p7o7nw.wav,a793f097d6b182ce1e5ef89fbb79487abba415b855add94a150e0e3d87b4be6b,16000,92160
422,17336.054922400886,19.381792661608607,0.8199052132701422,1.8800000000000001,1.57,False,id_d4aggzm19xp1.wav,34514da4998f758e4ccc07c69b647d039bfbd5732a9455f17935efa13681e2a9,16000,67840
358,8896.675369344439,262.96196605783916,0.0111731843575419,0.04,0.0,False,id_1tpz9rx2d27g.wav,783d3e3e89c1250c28b7283f1273a228b42a5739054c2516af8c397526588b34,16000,57600
486,2685.022167506257,1.6136127941344856,0.7633744855967078,2.09,1.62,False,id_6owrqt6wtx5m.wav,f8e6135a45bbf28f0fece0837b24d761105e97db3a298369340f77cfe6ad4616,16000,78080
494,6168.924346877662,163.97791710320286,0.030364372469635626,0.11,0.0,False,id_3nd4wdwtvdyd.wav,ebcc0fb8636408d6e80eb0a5ab3d3f2804264bc812401af03b44cb5ae4b0509d,16000,79360
366,5386.0854284442985,18.910753347825842,0.855191256830601,0.0,0.51,False,id_x9fn2dgmlhci.wav,fc2feec7ab4b0fe8f36987c6d0f78a40176811bee17a98e483ed2695610ac6d4,16000,58880
374,7273.635284539637,1.89802517535289,0.8368983957219251,1.49,1.6400000000000001,False,id_fxywi03j4a6i.wav,bb6ad5f4ba4c358c585347e17431fc04bb88e7942bcb90565b6b469fd329c9bd,16000,60160
838,4730.037441448007,96.21491665447414,0.1360381861575179,0.03,0.0,False,id_rcxfau5y6jc7.wav,e0fda73e0cd0c9a542a6cf3f54e8506ee7fc6b148b9f9d8f53a770a11335e9b5,16000,134400
398,2956.326848895433,192.21680744365602,0.007537688442211055,0.03,0.0,False,id_g5wlx0re0k3g.wav,19eeec174b2c539143d5feeac2564237fcd917b2fff506d3778214df06e51618,16000,64000
478,4770.751822564238,172.94144325126533,0.19874476987447698,0.21,0.01,False,id_xf02grhew135.wav,3c11c0d5dbd03b5bdcb78b83ffce6f6c4ea31256d65d11ec332f2c7615b184fd,16000,76800
334,12661.784051526862,55.91305527349023,0.6916167664670658,0.29,0.78,False,id_q8pawbfbipzz.wav,42acf275b02225ec349f018aa8f804e188dc0b20a682b4a6653c109d1f336922,16000,53760
342,6302.784781546963,164.4805382224249,0.13450292397660818,0.06,0.0,False,id_403k3cg33626.wav,ec874a0e36308e96507a1cf9ab2d205f54f0ef84b09683a8c1f84010788f4718,16000,55040
369,3429.730192741114,15.497580456316399,0.7506775067750677,0.0,0.46,False,id_16hjj117dhj3.wav,c4a4f4891feb2179a1ae4d3e87f99d35516f230c54e2dea8b1186bd5b1900d4c,16000,59392
430,2324.045065182687,45.85297864817655,0.11162790697674418,0.0,0.02,False,id_he5pdekacsqq.wav,7a44982b6a8c44c1931b72382832ba888b0c53ee9d973669c2a49ce18b71b779,16000,69120
342,9138.493426298452,97.29301901000645,0.4269005847953216,0.11,0.0,False,id_rqb3v3beovf7.wav,f40550aaaca22ff28aeb48c0769b60a4397f59f9907758389eec2acb0501f31d,16000,55040
430,1142.9927854103016,12.991336873671022,0.23953488372093024,0.0,0.0,False,id_z9fuax5ks3go.wav,2f0426810908d3e16914173280aafe07614bf89dd5ff63b6ab76fb5576d19ebe,16000,69120
358,8208.07387134765,276.39281400219795,0.0670391061452514,0.03,0.0,False,id_2hc592b81qap.wav,0edf4a18fe62db81670de816577edec92caef0a6b737c86bc72582cd826f5d2e,16000,57600
518,13356.048458844405,37.75617760144235,0.777992277992278,1.58,0.27,False,id_p0xzrytwlh1k.wav,90578ddff029c5ffeb4a8d315245694507a8c4bfc20de5449c0e8dd063efb763,16000,83200
366,6579.468300326403,17.343801181202107,0.7896174863387978,1.37,1.27,False,id_x8d7cnlq6vv7.wav,e2f03ea486b4d72b3a5387462d013e698ce9dc5d5ce9e75587f83fa6849aa0a0,16000,58880
422,3029.981095650598,8.281907683283766,0.8175355450236966,0.54,0.13,False,id_e6zny2bnoclv.wav,15c742f8de544a31a98dbd3733922485b73e9099fa7c92a490e2f511538f07bc,16000,67840
398,695.5289605760496,35.16755553665675,0.0,0.0,0.0,False,id_9h4yvld84c15.wav,d2dade741577894cb3ad3d2f8b5d8c971e5c86b8ba15fbbd39f5f0597fdee856,16000,64000
486,1270.5412330971396,19.357289920747377,0.06790123456790123,0.04,0.0,False,id_tuptx3hjv00w.wav,86ee13cb995bc89a5ac8823a570b364d30ab8d3ab7b19fbde83cd856799cb7c8,16000,78080
750,5022.373790848308,14.99220495181088,0.8506666666666667,0.4,2.66,False,id_wbzqm829h2ir.wav,06c20a1accb51d5639acc4f01db82ae7f703e99bbe44d51dde7e11b05e55ce3b,16000,120320
326,2159.278435033333,4.133399640995643,0.7699386503067485,0.12,1.06,False,id_uvijab3h4pfp.wav,e71e7697a59e22e0a1d1b0b6765da6e151d9b41182e496130dbea4bc30664a68,16000,52480
470,4433.58982343879,21.614711807165136,0.7595744680851064,0.41000000000000003,0.05,False,id_e48h1k2imhcu.wav,edb1729e6fceb407a444af6c86eaf25db5dfee4d5de0587553e4eb23bea66698,16000,75520
438,5359.448894709231,35.02328962706879,0.7511415525114156,0.16,0.07,False,id_b90xbcdf9dqj.wav,cc9580917298b8d2d5d328edd94af6e8924225e92307206db0508b5d5d2863b6,16000,70400
262,2055.651427163662,363.08008908839895,0.05725190839694656,0.15,0.0,False,id_iwl8rzhslz8d.wav,e777ed17f32b47b405e47e5b0f1fe2f72d79305a4289086c019029bc14cb9435,16000,42240
462,4868.838367105649,24.355132734540625,0.8354978354978355,1.43,2.16,False,id_ckiqpghhkvfc.wav,eb202cf44bbb660aa853bd19917736225e26cad6fb2e9a4d7c6e08aabb7e0743,16000,74240
270,1665.9549731310267,206.16224767481992,0.02962962962962963,0.08,0.0,False,id_6kjj6t5dz4s4.wav,2fbe26435e3582c95c4f108ad071763e1a0491d56977b87ce21163627f8869e3,16000,43520
486,1918.985511930718,22.83911240480045,0.4897119341563786,0.27,2.11,False,id_i2xuwmee0vqw.wav,bb6c99c3399c69cd42e319d7cc3eefad81e5ebbd95691fc434bdd0dd575b5a73,16000,78080
478,5233.739494376846,117.57145594469182,0.010460251046025104,0.05,0.0,False,id_ljz9n71f45ec.wav,e2e10e1001e1e276b054e0207c2b74fa9bacdf7fda35805ca09364813cb4071e,16000,76800
582,3695.774032594525,18.447343316894152,0.865979381443299,2.3000000000000003,2.0100000000000002,False,id_fqk0h15nlb40.wav,5a882ed60036c300b42aad65afca007820506ad731035f0b9c38dd50dcbebf54,16000,93440
470,2500.4167142698434,50.73427091146291,0.059574468085106386,0.01,0.0,False,id_ecd39gerr49y.wav,701697639e4c7fc7ca87a002087acc5197b1c477e2fc7581b79e43771587a66c,16000,75520
1112,6955.545393245594,76.36006783971646,0.335431654676259,0.0,0.0,False,id_ymlcr4kf124h.wav,f9ea03caf9feab5981787c31973c083f1e6285bb04bfd48ea300265ed42ef36d,16000,178176
422,4365.489080561307,8.911000792155669,0.7796208530805687,1.6400000000000001,1.05,False,id_pub7jdwi5as0.wav,c4419fd4e401aa7b2323c32c42aad9aecd605bc4680f30e1f5d63f957b4d2c98,16000,67840
342,2115.020982756436,7.566286638520523,0.7602339181286549,1.4000000000000001,0.18,False,id_ptfoyzzcqq6w.wav,75108c302eb34fe77db42090a938605ba42b78397f4e174d50117c5cc86e10b6,16000,55040
686,3839.952080755696,115.79268523273274,0.0,0.0,0.0,False,id_hd3lumujpdpd.wav,58644688f90fef3a61397c9f59e57d6155cce504ce92c0611a5395c83f072abe,16000,110080
1022,2827.866672953306,6.4486430321839485,0.9354207436399217,2.19,7.3500000000000005,False,id_mcmfpml75fxs.wav,312538356c1f2a3a311d96222dda6f83bc18ae7aefb7966021449fad6c3cdda0,16000,163840
566,9529.914325296948,102.94833042460422,0.3657243816254417,0.24,0.03,False,id_jv6j42bjy72h.wav,ee2991dc2dc6e3dcb1f32d4002b393b7c4d9f3a60bd37352c896c487d3c3ca23,16000,90880
382,12073.78000006626,114.97091954583334,0.5602094240837696,0.59,1.07,False,id_w45c80rkvi2h.wav,af8c1d183f141ac5143235643f57111c6818616cea3be3ae753c77174f2cc96f,16000,61440
470,5407.654689188281,41.789278506944214,0.7382978723404255,0.51,0.08,False,id_lgt649tjg0gr.wav,2ed879e5e81fc8336a617fa25ffbbe7b39e360d8d480fabfad84793424d8ea87,16000,75520
526,3334.7994448692116,121.60187675405464,0.053231939163498096,0.28,0.0,False,id_0gap2cnvxldz.wav,ff4415260a1cc16d28f4f6fd191fd926605a6a04a0f6d430c492244b92e45c2b,16000,84480
406,4342.7716688193495,21.30863104463485,0.7413793103448276,0.38,0.03,False,id_bn2k6z1gdom4.wav,95e69aa9c984ccca4b19b0e3e4c5aebf2f07cf1f6a061ef2fc2c130487c633db,16000,65280
472,4457.884812329722,22.69609180061064,0.701271186440678,0.26,0.45,False,id_3c93skhlwx4r.wav,ab3f97347e975ea5e25f909b3ff0f7eb8e841cebac37a1627dd81bc1c532e273,16000,75776
510,5733.095511152766,27.53786016483997,0.8647058823529412,2.25,1.74,False,id_9la5u1m1chsr.wav,3afa382935d9bfdee77e27591e15fc5cde0a057e5d59a1011f9adf56376e4f9b,16000,81920
494,5418.758919254482,53.20468701068566,0.5182186234817814,0.28,0.04,False,id_83ejon715fgi.wav,6bda657800c3450f3d8aa19aefeff5e0b54d59e746e02f71342187f0e5452e70,16000,79360
430,1216.0682022403184,21.39617164305112,0.06744186046511629,0.04,0.0,False,id_q1goc7ccwym3.wav,ba7a96a06162dbb7824fe75f70c64941f884aec8b50ca545cc63648c3bdd9518,16000,69120
662,4985.782505284401,18.536751362307086,0.9229607250755287,3.0500000000000003,1.11,False,id_u8zgolwmag70.wav,3a1a586b0664cade1180bd1a8621de287c5e08ea9e75176ab1aa03213bb1b005,16000,106240
550,1431.4483434619638,5.661050928137629,0.88,1.75,3.09,False,id_occvnmu342oh.wav,b11398216c04170c938a16e100a811f4d5b457ba9591b4a52fa86bfa03203163,16000,88320
398,3108.8701569058812,51.70415466915976,0.314070351758794,0.02,0.0,False,id_vp44gv1hygmh.wav,d209aa6398f650eb87ed0dc1546cc6b2c2f152857bd51755bb35184a88098de2,16000,64000
766,6881.416297536431,55.44461250716189,0.597911227154047,0.0,0.51,False,id_rv49f04idek5.wav,884f6e57544e045f012cd00684c9fef1169551e56c9e6c6d8f4994706788e225,16000,122880
886,1342.791897503109,69.77215545861552,0.010158013544018058,0.09,0.0,False,id_tsumlqgjrphf.wav,9edd95bd31f52c91bfb41385c607ff840b862be53ec384ad567c8ba532a04c79,16000,142080
374,3705.4328110896845,9.829628512897568,0.8342245989304813,0.19,0.0,False,id_ifdbnlzhtzqo.wav,d6d3a0b578e46091361155b0a60f4b9aef46c318a0404847efef4276c6c1d4ab,16000,60160
622,8628.354848405344,112.90053513497877,0.31189710610932475,0.0,0.09,False,id_ibj5crkxsfwk.wav,bea8ef068d4276d5e5fc7111399d77815af01bdf288ec173a482d2e0f89a1790,16000,99840
550,912.0526684353267,30.037787529830222,0.038181818181818185,0.0,0.0,False,id_wf5ue13h9my7.wav,7b45372484a2d94ae8bee3a167c3ca6337debeb1db5929f033b7a60c520f0f91,16000,88320
326,1933.4102784975569,166.79150976287139,0.09815950920245399,0.32,0.0,False,id_ef5nru3qmc8j.wav,bd0dfaf780f5d78ad8e13eea7d8a9bbe8fcd0549a2dc99d1a84e9ba0efbdd390,16000,52480
574,5366.047398691145,44.044953724487954,0.5905923344947736,0.0,0.13,False,id_9t3i4nc9z2yw.wav,3dc42f7077123d0692788f32d4fda50111557a9c011ef8a1240d11df256e29f1,16000,92160
438,7803.499376241405,47.52105874843414,0.8698630136986302,1.0,2.04,False,id_nei5husv4unt.wav,7a7b482237731817139e8ad1e54293a618d7c36d1d66becc4bd3c8074f3aa8c7,16000,70400
406,2366.221160944175,3.1872711461121135,0.8177339901477833,1.93,1.0,False,id_91bmjlbx63wm.wav,792dd47c95580ee8b22cf10d322354d9efd7c560786e5a5e80d2a4a32f594cdc,16000,65280
459,2995.37390195281,16.975423411508768,0.7908496732026143,0.35000000000000003,1.02,False,id_mawvgiqkg5fu.wav,5e005090a23daff02b0dd4aff75c5d876b41a65d77ab62f4ff83326ed5468a98,16000,73728
422,6329.908461423435,74.28606524338079,0.42890995260663506,0.29,0.31,False,id_6421zw0t0aq6.wav,04bfe6ee82602e3b727d0eb80c456291e5e968f6e35dd5c9fa0a87c7552c3a7c,16000,67840
318,6911.861717185899,153.30647222650117,0.10062893081761007,0.02,0.0,False,id_w5bdg02qe8b5.wav,3cbde901f986d916a53de81e65f67e371fa6ecc54c550cac7b4458c5e0b37469,16000,51200
420,4245.409366303797,22.025234817116303,0.7404761904761905,1.2,0.85,False,id_bd7i6m10vkbb.wav,7185999576a115891ef04b6c17d2d5b9e7dfb29b88661ee489a29c5b8dca9e74,16000,67584
494,5144.866364882571,6.5826347915935575,0.9048582995951417,1.96,2.0300000000000002,False,id_hlk2jd7p534s.wav,77145dd1ddde0145e247ee4cac3b6af4cd5ab8c50dd2f8ed8fe1091e91773899,16000,79360
366,4513.2880552874085,8.025814447751278,0.8224043715846995,1.27,1.57,False,id_fl1nx6m6hz0f.wav,602ab63576ecb4b5230fce062718706638fc80a56bb5bb759fd3a518b59039be,16000,58880
406,5464.856200990104,92.16227498532362,0.35714285714285715,0.05,0.0,False,id_53r0qxsng1dt.wav,e2894883518e8f55a1d95c7e4c9935d270828c40713a2e3d3b3f129865402d60,16000,65280
470,3964.0097650611306,180.48466102114543,0.2148936170212766,0.0,0.0,False,id_wvylssogi6hf.wav,fbc3300c298db88d9e8f51479db0d75566a25713938794f8a35c4437d470f05c,16000,75520
374,6429.695279327007,17.497214578180987,0.8368983957219251,0.31,0.02,False,id_a2davyfjue9s.wav,4025c4297ff0c2112545a925d11cf6a0da07996f294ff979912fff0d68f5f0f2,16000,60160
398,4791.399894863713,59.42551221389836,0.33668341708542715,0.18,0.0,False,id_l9a53er9lgfc.wav,179b1b2c1c3109f17395763324979145354f0ed66100a711eb15232a2ac2fa13,16000,64000
472,7033.403588946108,155.37756412511558,0.00211864406779661,0.0,0.0,False,id_rd39hay6u7le.wav,ea2193b1a7c6ffe733d7b83fe22f78bf21cc1df43fde443eefc8895d7b92835b,16000,75776
478,9832.856547946787,91.44042245481629,0.5104602510460251,0.04,0.02,False,id_79f6o7fw3qg6.wav,9f2c3055f9c5f167261a9942d9d849746e899e11900d6426fd100df65e28c631,16000,76800
331,2933.1183414584552,56.65174313293458,0.13595166163141995,0.0,0.04,False,id_36yv5tnmda47.wav,3e5cbc29d9839c1d0cfaf610255b665275f10af47a96e3a320433f32b03118bd,16000,53248
406,9853.142636362269,19.748473884602344,0.8669950738916257,1.6,1.85,False,id_w0mmdjwwj5fm.wav,9c6a47407c80b3d10340167c9ce70541ee333aeb1aacacada236f0d64ad88553,16000,65280
462,6003.496011075546,265.99388144288343,0.03463203463203463,0.13,0.0,False,id_6jzoj99e18kx.wav,80543a6845d6518933f8a7d581828d43cf1e98aa85ecca16fca4cdbcedad5a75,16000,74240
566,5896.921966161668,30.32321354624149,0.7720848056537103,0.12,1.05,False,id_h9y09ew0ur5p.wav,730ab8251042356b3a8c64db76bc36c4ac5574b9324a7c9cbbdcb52a002b88cc,16000,90880
382,16320.720766023172,98.72945540914318,0.7277486910994765,0.0,1.3900000000000001,False,id_7yasp4h37xt0.wav,4f7e055bb24c0e7467502016744c9bd8c38ee18b2a48641bf4bbcc70baf79941,16000,61440
1227,3995.675750420697,6.702797923255631,0.9193154034229829,2.4,5.59,False,id_9veklpx04a0w.wav,136d84203316b29257985296c17cba16f129e8a8c57d3b60dea5fb1e689f6b3e,16000,196608
366,6435.656120008278,115.13969612287897,0.16393442622950818,0.03,0.0,False,id_pmsvitbxfq4x.wav,c656698282486933eb9222d752148662efd1f0fdde10ac75eff28337d5802efb,16000,58880
470,3790.537858932423,6.401073585739044,0.8212765957446808,1.9100000000000001,1.95,False,id_edw0zopujz1g.wav,3a28976e91463ee141af1fffaa369c8904652cbd8b882a4ee10b47499db8ae65,16000,75520
433,3874.155459258185,18.626325456192372,0.8083140877598153,1.96,0.5700000000000001,False,id_y3h9r1e5pz0p.wav,f79639844a48fc289daeea22fed1303e1e143d8260b0a50202c3cb38cbf53378,16000,69632
398,3993.21586631627,36.80653811879639,0.5678391959798995,0.1,0.13,False,id_mfup5yifi6b5.wav,247c24ca8cc292404c28da05dcb45c7a66e17a878163edd843bc0d55e6ab14f8,16000,64000
326,2347.606863914825,210.99393025818986,0.05214723926380368,0.01,0.0,False,id_te0qxia3npv6.wav,9ab6f3686f37dbead3d58762f0399aa74c505bbc52dea7fda6dfb599448a456f,16000,52480
366,927.5445663147405,8.276548135321018,0.5273224043715847,0.08,0.39,False,id_2jn14xf83r98.wav,af7eea46892f1f702a0607c06dfe3f22887240d77e173173ebf4ef1480c98985,16000,58880
382,4782.9180669336165,19.373854619836962,0.7094240837696335,0.58,0.25,False,id_fzjww5hpbusy.wav,c9c3c1b72be1ec45e7f43032a9ed7e1832821fa9093fc765697cc5e3552fae0f,16000,61440
446,7660.200886726144,80.50146527415428,0.4484304932735426,0.18,0.0,False,id_954vvpbvtn4s.wav,83050912b092e277b968f50215696df2e5f096b86c1d046a41a3a5095348f3bd,16000,71680
566,5706.455975252941,129.8137094495528,0.026501766784452298,0.11,0.0,False,id_cw566zi9ut9x.wav,d32866051e85b091b30d615cc9902bc2cf1bf423cb911a03b94aa350000b5a35,16000,90880
478,4292.376902719518,28.213127648159112,0.6924686192468619,1.58,0.16,False,id_kh4dx5b6vh1k.wav,bcf9ebd3dfffadd65511d456e33401d3f67fba53b7c4fa1ddfb793697945770d,16000,76800
630,2399.4754405911303,9.384867623653632,0.9031746031746032,2.48,2.89,False,id_g9ehlqzxcb9p.wav,9ea48beefb50686f6562de7446a3ed9b3572e9f7138ec9f39576c6b6684948a8,16000,101120
406,3979.856360787409,166.29796684256792,0.0,0.0,0.0,False,id_gu09mvqnzv18.wav,1243d48e55af4d32f8c40607d80019f21d2334d70567037b2865d3f39aab98d1,16000,65280
870,2687.6544783509653,20.45745577680964,0.7701149425287356,1.82,0.02,False,id_yhab5phwm4kv.wav,9bea1024ded56fc5778827774baaae7e0a532642f100c710a4d20a054608aee4,16000,139520
414,7562.021576767684,6.512295923459433,0.8599033816425121,1.6,1.96,False,id_ydxyx1phm70t.wav,79de9d3934af9c79064b6776bae0ed0760671f1094f2c572244db3935ad6a72e,16000,66560
1649,7431.265643549556,251.12381408381006,0.0006064281382656155,0.0,0.0,False,id_cp7zw1pep2zj.wav,7acf964bd1c89b795a10129e9a1ec554378be993b733b5aa135d051b583b6eab,16000,264192
310,1807.152277064664,103.56122084423585,0.02903225806451613,0.09,0.0,False,id_yo0fjz1tsib4.wav,580b5662f36e8033e6265548ac8bd2d3866a65ab2375eb47503679bfa4dd654f,16000,49920
406,4876.011498909739,18.893482916555794,0.7463054187192119,1.48,1.31,False,id_ym1bdxr888nr.wav,1faed14c00ce9834333999b01a70bf7ed76dbe87c6c0bc3d0337acee3e6e4cdc,16000,65280
718,2656.673003495161,79.04861265815526,0.026462395543175487,0.19,0.0,False,id_lu72023pt7tw.wav,6552d676b47c3da3a63c022b5e493428556697d44b158b421db994e5e7a46c55,16000,115200
366,8884.107311795598,11.791233346934055,0.8333333333333334,1.4000000000000001,1.41,False,id_0mnfgv0d5pdt.wav,b96f0a6a3d7f3cdb5fd3cc51f0582c1b800ca239752c74b536627daea5c68aa4,16000,58880
342,12832.868533769059,121.38590360857192,0.5087719298245614,1.06,0.0,False,id_66heh9ihea4l.wav,bcf1773fa576c4fa2a94ed2afc6562e5fa1d9e1d7dd38a6114b18ee91d516bd9,16000,55040
534,3501.2028233165815,48.38074274908738,0.1853932584269663,0.24,0.09,False,id_43hskuczqt8f.wav,4d7c9184e874feedff468b9a45304f38576917c6b5d0f802113bc1255bad0132,16000,85760
526,11626.635239182488,100.34534869503327,0.6026615969581749,0.1,1.56,False,id_9hejg0blciu3.wav,043e1138f1a08d41c9d982fa564d6d0f4aaf69d8247e990ac66990068adc70c0,16000,84480
358,2806.373524675573,26.94009142682994,0.5307262569832403,0.13,0.08,False,id_c180vq2vofuy.wav,880eaab600101de167e8c5d8be4e77eae94fccc3b6c6d55cc59766fa89f87d42,16000,57600
534,7763.54326966753,36.96651154712803,0.6816479400749064,0.8,0.74,False,id_q78n1x8g08o3.wav,6e073e0262bfead20d142966e1476f7161c8e7dd59f0566b403fcf2d92637a87,16000,85760
438,1076.4240463218946,3.3966892458911158,0.8242009132420092,0.76,1.0,False,id_9a75rmdtjge4.wav,a703b1eb33a09c540795622da9c92b539b99f3690d7366b5d97c4d9ebde72e1a,16000,70400
462,1594.208360754641,21.723173986583184,0.13852813852813853,0.01,0.0,False,id_ixb9ds8r35uo.wav,94a7d0770c89ba3f370ada19eb47d24f9651bc6f68ebd2624a7843376a993f7c,16000,74240
350,6178.566605208687,153.87472832045896,0.08857142857142856,0.02,0.0,False,id_puh6xvv68eo3.wav,771da83d5f8481a418a26662b0939825f0440c8771270218e92278995f3fa1f6,16000,56320
398,3350.561491377229,127.98624771904801,0.04773869346733668,0.01,0.0,False,id_i26ny0vtfqmx.wav,9490f7a5b7300e76cf5fa08f32a12f0519bf7faea65a39482d6281c2c9604722,16000,64000
438,3345.9061653758313,23.433101163066326,0.723744292237443,0.34,0.17,False,id_fl5q50ap00zu.wav,fc44f828bfd9b3fb781e330393bb476424a50ec57e7b36a4718ae78480f4fb21,16000,70400
438,1248.9301381582559,11.912702800362986,0.5342465753424658,0.19,0.0,False,id_i7bhjngq0udn.wav,ba67b2caf56a37e9019a909541373243149c09c4da4c612f268e81af9e35439c,16000,70400
342,5428.880586732406,4.856031908877428,0.8245614035087719,0.36,1.33,False,id_czwf1qyxy71g.wav,9ecdbda5d8783e07e5eac2944d905cb8c514e200ec363dea1a91d592d8adfefa,16000,55040
342,7003.26490163695,7.491720240323175,0.8742690058479532,1.54,1.45,False,id_5pe0ig9camtz.wav,f0e75cf1914da85047be785ad871fd99bb75cdb774c508b5173673e1fa27dccd,16000,55040
478,2440.9734743540334,49.38805815112269,0.027196652719665274,0.13,0.0,False,id_3oz0vfuf7xw6.wav,6197c975e72a55ad314fbd308273a8e6843dabce2cc2586fc47ccafa4296bc36,16000,76800
382,4813.246703110074,22.253889151813308,0.6858638743455497,0.24,0.02,False,id_o6j7nuvbvl6a.wav,376c9de25f86d0d466e40cbe9541623853b225b02c208ec2e9eba9d552bbdbfd,16000,61440
358,6541.416759387832,21.699797853075857,0.8463687150837989,1.68,1.32,False,id_5fqeifq0m583.wav,d852025b54e2fd69165784a7b7882299d3754aea2ff3c5aeb93c87bc757451fe,16000,57600
478,3083.4448191106,13.98369548276147,0.7698744769874477,0.55,2.06,False,id_05g7is2vj1sh.wav,c67f24369ebd0ad2201fc5434e55b69edee52d3fcd098073c0671d55a1d3c6b3,16000,76800
494,2071.796840305535,3.822956621154863,0.8299595141700404,2.11,1.07,False,id_qdtuf1xl3a2z.wav,1e73805ebd92abff202f37b045b2cf7fe75a8c7a9d30ae4eb151d1caae2576d3,16000,79360
502,4188.075344355686,70.18248523421438,0.12151394422310757,0.12,0.0,False,id_p3ica0wyw7cs.wav,4ec313cf5c31b29f93fc4e9bde182d9d0172447bfe8e8632231f28b45076bb6c,16000,80640
454,7454.595896324629,21.207665816982477,0.8083700440528634,1.23,0.28,False,id_arn2z1tgxeit.wav,64f7c2501826ab74a59590942b2567630ff6c4239ccc14d47e1e7e5d6cdbe72e,16000,72960
486,1186.6881203585044,11.755477244600478,0.5123456790123457,0.21,0.0,False,id_l73lul19wbev.wav,fc20f5ec11f01aea527ee09c57600f0c49a83b9e5809355abb74754964ea646a,16000,78080
390,1646.8584008651137,0.7721718363570454,0.9025641025641026,1.62,1.9000000000000001,False,id_dhl5kxzw5h4f.wav,7f9c7999342789a8e994921acc79f41846740308a64c8e0c7734cb303e58770c,16000,62720
414,1021.5387816916203,19.346307638717793,0.07246376811594203,0.02,0.0,False,id_rph3s7ugehp9.wav,4a9a148125daa721baf0b2d32321a6c86605cec95521af6381118c4bcbff7457,16000,66560
454,2924.9043052722254,9.215806484865269,0.8392070484581498,0.09,1.2,False,id_816lgrfg6870.wav,296624b4d6d1f32acd30b34e709b5dc0f89a0fd9b44b7151bace2b006b5683fd,16000,72960
398,12844.874787342227,35.227918488182134,0.821608040201005,1.44,1.75,False,id_3wrw0hik9l07.wav,2090e1b8b3b08bb15cb7160d6758a67baaf42d5d753095424c178a9a346195dc,16000,64000
414,2457.823504647964,0.8351646544245033,0.9033816425120773,1.6400000000000001,1.85,False,id_nwfq4z8zcz9r.wav,5914b175cc1f11f76e1aa42ae54dc6d093a558122dbeb294828663cdf0ab9ad5,16000,66560
350,2780.701631782885,7.224657484690695,0.8057142857142857,0.78,1.32,False,id_r7m2e44fptlo.wav,314ddf775a2a97bb81690ac462761727353774761bab2185a941dca78ec637f1,16000,56320
278,1579.4737280182915,499.3856359977828,0.02877697841726619,0.08,0.0,False,id_wjt2c3pk86tf.wav,bba6e71da065839cba45007bd488d1975be816651b6b5382474a9c847041cc4c,16000,44800
406,3216.7715410796586,20.075326866894883,0.7364532019704434,0.0,0.02,False,id_j5uwtvg8j5ei.wav,49cec5057f34ddb46e711142facb5f062a671953ea308a78d6e36e937c838010,16000,65280
550,1528.0626860505429,14.545745871876328,0.5418181818181819,0.01,0.0,False,id_u7efdu3pf8m0.wav,868226460001745f9e9efddd151ac32b56f2b84be29ee1558683ce02e63e0595,16000,88320
454,2545.1119169891135,10.39380618638074,0.7026431718061674,0.62,1.02,False,id_vfjmaux1unfj.wav,e5009a0b9bcb594e1dbc9308238fd0c380065ddbca7b4386fb4067093fa65aad,16000,72960
369,4911.059522648855,18.610212250267324,0.7262872628726287,0.99,0.0,False,id_9ze5g8403wcs.wav,34dc274f04c3cbcc5ad67eabad917b30ddbb9e883b12e99d4037ce4e60136810,16000,59392
374,3191.799192070203,11.305031594848273,0.7807486631016043,0.0,0.19,False,id_tbg1vd2edtvr.wav,34f1222167be1bb9e0731c580eb904e1d42b8392357ca8e91b9918c60292bf23,16000,60160
398,7276.62289183657,15.683351598626455,0.821608040201005,1.34,1.81,False,id_tjugwmr0744u.wav,e7fd385ceb32b6794840a1f48034e4a391426bafa125e1a0efb898f9d58e1a91,16000,64000
414,5537.736050273614,40.67232810136103,0.6594202898550725,0.61,1.03,False,id_wnr1cmhl6yv9.wav,efab92f22552e91e44c8f092d33f51725d8ec6ddbba838a04000e10e2b609163,16000,66560
472,3841.953077212162,181.4660642335,0.03389830508474576,0.0,0.0,False,id_y9kg3r1ph6vl.wav,2681ecfd5dabbdac6615158e0f90c00ede823085543c8087ad3b42832079f803,16000,75776
462,1998.662247604632,14.478736907079284,0.512987012987013,0.27,2.1,False,id_m76fnilzrycc.wav,372d88cdfd6a12e9a6d31339d3c2ee354271e5b5aa7bfbc9dd40c1f69be64e06,16000,74240
326,2409.2630527819083,7.3406104175166895,0.8159509202453987,1.57,1.09,False,id_cze9fkz5avjz.wav,f3f8a2f526c517ce9bfc0a0d5ebf02cb8a204383ec216bae8fc9b5165a03db1f,16000,52480
358,1909.052944525112,6.219085848424248,0.776536312849162,1.3900000000000001,0.29,False,id_ilcnsba13as4.wav,ae09b528fbc9b44489e7cf0973115963cec258cebc2c007c8a896756e85d24cc,16000,57600
342,3249.546558367798,71.19207425632098,0.3888888888888889,0.2,0.0,False,id_vk8z1hxjrqpl.wav,1fc24e06f4797a76d41a5b8b87c32a8dffa211b7789c2278f6a3a4b52b4906a5,16000,55040
518,4001.5440851001504,16.697305138900177,0.7915057915057915,1.9000000000000001,0.21,False,id_t6iq5dxildyj.wav,463695b86670bb6da0e5e5ace410c7344b6b3e6aa477d7a86fdcbf3b04cc5867,16000,83200
398,5311.164160756095,108.58656678562612,0.13819095477386933,0.28,0.0,False,id_e861ybwel9u4.wav,cf0aed1227fd8b70d8cde5120f158a00e3cb50d076aa9efdde9a500c0edb3128,16000,64000
382,3117.9371181119095,36.93182696154545,0.32722513089005234,0.0,0.02,False,id_pefhp826n70s.wav,33c7acb5b8386082574cce542280434f88ac18fde952b42abf6186c92af868f5,16000,61440
782,6101.168926525474,30.462507122065237,0.6994884910485933,0.44,0.46,False,id_j1x6uhu3n2we.wav,281fec3a1839a66d141b732eb58ced45b5365ecf22cefdc00b4612e7875b2b03,16000,125440
550,5502.992591990289,22.06858122723434,0.7218181818181818,0.09,0.26,False,id_s5mosdj9h487.wav,850cd97caf2a5a21b72518a2dcb0cc7f5c92a2386c965907b87378c4cdec21c0,16000,88320
510,9849.112150848929,33.855944581500566,0.8960784313725491,2.2800000000000002,2.29,False,id_0jyz56np458l.wav,afe9db6d30e503397cb3d18b5e98393a2a2705b95301a3ed95eda6a14bd6617c,16000,81920
470,4120.374140475596,1.8006941767325912,0.8702127659574468,2.0300000000000002,2.06,False,id_3sln4kr5edsr.wav,0b1ee52ffa036a43f40f74289d9aa52daf788761336375d281391f0fa150049b,16000,75520
395,3547.670505416195,16.299769937026717,0.8075949367088607,0.5,0.05,False,id_5nyf2ux6j4t5.wav,2a4b348e220d23f4f7650cb2c89f6724b4aff6f66e9fe2991c7e21c2ffa06b9b,16000,63488
395,6082.549408759455,46.2129581394656,0.6430379746835443,0.37,0.37,False,id_7oen5v0ao3ny.wav,12e186c3fef7d5bb45efe4e162f378fc6717c5e1ea40d7977c9ea6ab3605f51f,16000,63488
433,1988.8762002698911,8.910387196974103,0.7413394919168591,1.49,0.22,False,id_4z4n9sg2cmwl.wav,3667fd41225a649ce36f586d406455283b7ab6b49cd62e28ea84b4783284dfc4,16000,69632
414,5075.631918293524,98.05272098458707,0.0,0.0,0.0,False,id_814fhho3sn0f.wav,2ab460c5f8dbd0fff4d0a00e0f7781de1a778af32e4dc4e4db498b8adcf633c2,16000,66560
350,5556.253417771727,298.84546050514666,0.03142857142857143,0.11,0.0,False,id_m1yd88qmqlfu.wav,c6dbe3fc9e9e3252ff7f1db32d17e5ae785654f1860fe9bebe58d41b5fb68e29,16000,56320
574,15525.4186035353,52.10055006329374,0.8641114982578397,2.89,2.07,False,id_56coxbl871c0.wav,2f8649f1a0831cf267bef7113545597e81b4ce1ce6b89568da6fcd6f9b25eb91,16000,92160
390,13009.644725068398,18.703102839364785,0.8435897435897436,1.37,1.74,False,id_f88l231shy8k.wav,39fa2dd1dd52feaa539cd6cdbe3c9aee00c0274ec928acefcc8128113a51c5bd,16000,62720
374,6998.0903847049585,38.775163190912025,0.679144385026738,0.21,0.26,False,id_l1ht58cf4nxm.wav,de1d0fa6879226e0b8f2dfa6746c6d726a20bb9fa63a0078ba860550168ba3e5,16000,60160
366,3049.9617792687172,5.6939641483281935,0.8497267759562842,1.79,1.12,False,id_9dco88ww4u9l.wav,1410bc9cc35933eb8061833d2bf1b254f0a7cc1a27864d31fb42714426a3300c,16000,58880
446,6613.505439628821,33.45027671616377,0.8183856502242153,0.32,0.41000000000000003,False,id_d45stns0l9oj.wav,0274d98281c3a25c38c081c463002986258876fdba8246a9c95a577bfdcf3f63,16000,71680
494,1920.125409315756,28.07772994618454,0.37044534412955465,0.19,0.0,False,id_rni1z58czazz.wav,e174335522887d6315abe3f8542ffb8a30272e4852f73730e1d6527f8b927dd2,16000,79360
478,6136.6675398786265,23.777278460583837,0.7761506276150628,0.93,1.83,False,id_c0r9a35792to.wav,d1f2cf3f74a2c617f480c1c191cc30e88e6c38fe2c3db03145c3365cfb7d0b74,16000,76800
414,4553.742270923993,249.42964125176923,0.10144927536231885,0.15,0.0,False,id_jesalmts95r8.wav,6875a3241afb09f884242551a2e1b3490feccb7fb2c2ad41756cad6cdb360d69,16000,66560
374,6384.280988294609,190.68476960174925,0.0053475935828877,0.02,0.0,False,id_4y7dncvvsbo3.wav,a62dc868ef8628c8a01bd6fa69cfe64245b1cd0361b5a3b67d2705e86ad8449f,16000,60160
542,5530.693395949554,62.74098487781477,0.4280442804428044,0.15,0.12,False,id_jendv356sait.wav,a968e8663577b2c15da130ccfa49f598f3eaba86684e027d6001933acc58ee44,16000,87040
614,2222.618630692184,22.996607977687372,0.4527687296416938,0.12,0.03,False,id_8fr4njq9pm3n.wav,89e5776c879e92d4857a3830721a7f9fd0f2d11ad57dc45bd7b27d7885dc8178,16000,98560
342,3108.5289229794853,38.21910837370209,0.2894736842105263,0.12,0.0,False,id_k5hzdycm1w8j.wav,8990e855df03e5e3c4e1540abae45db8395eda3d8acc4acb6876207bbe3494a1,16000,55040
420,4071.7044038706936,16.66159506131799,0.8023809523809524,1.7,0.71,False,id_ks828kefydox.wav,dc5ecf0dce88c91f19ec418b5b25b0fbb9a54ee6b4ab1ed79bf79369d41dfc66,16000,67584
494,1395.9764056029028,44.97880380620741,0.24493927125506074,0.0,0.0,False,id_91xb3mfvzw71.wav,38928f63186670f20c2d12dd91bd1cae6d86029842fe8791b266e02ab0ddd5bc,16000,79360
350,6310.263713189806,144.5966351751419,0.03142857142857143,0.0,0.0,False,id_dycws2jxbnaw.wav,18339a7739905e1a5a9ec300ee4a347726cf90ce0603e83ccadeadd5c33b5906,16000,56320
433,8194.64045642028,83.36636012205403,0.48036951501154734,0.0,0.1,False,id_6bjhars22gjw.wav,a17f4fcaaa5beb0de9a334ebf365e6207f9328e6d1fc155a9f861c38f625ab06,16000,69632
670,4083.8590971041103,56.707471436431476,0.27611940298507465,0.31,0.0,False,id_42lrgbcw4b6z.wav,a13d8972dfa627ea617bd725e4e27cb027d72467cf5b2d5be8801de7ce444df4,16000,107520
494,8412.260407435091,183.12118003054047,0.05668016194331984,0.04,0.0,False,id_r5olf0tucpg0.wav,97d3e970c7590ebfc2b7e344f58bd424cb1424090acbbcac8ab45d1cdd42e59a,16000,79360
334,6958.425978804402,49.312453009578604,0.7125748502994012,0.41000000000000003,0.23,False,id_oybx7sw06823.wav,9ce0bc92f7e8cd5031c43b8a97bf67875b391f327b3116157af4d8dc86059fc3,16000,53760
518,1462.1417125231058,12.69074461275223,0.6718146718146718,0.58,0.8,False,id_06bwknarur5e.wav,3a23cecde04dffb4807ab65d45a03446122a66d1932dcc6b977fb0f4bf57a580,16000,83200
398,3125.6305259899164,66.37553850839682,0.2562814070351759,0.49,0.0,False,id_qz4hcu0umoyh.wav,614f5c022b772f7f270e2ad0e0e249a5441c4e05e146e344fb0467bede021e44,16000,64000
446,5709.0496461757975,25.540825148504027,0.7331838565022422,0.11,0.28,False,id_xdpytxi6ok5l.wav,44d40dc7a6eb37e5091dde9a41c601df6f98d91d91ac0657896b62aa29fa703c,16000,71680
454,1090.6784196086398,7.060630203577539,0.6277533039647577,0.08,1.1300000000000001,False,id_h6s4al80nd3y.wav,0fd81a0a64a60a2bd49698cc44a8fcf9aaac028eb391822a4415b0375b7dd475,16000,72960
262,1467.027838011263,157.80903303361754,0.030534351145038167,0.08,0.0,False,id_issqtkgf50tl.wav,9a9c782b4e288f6a4722dc4de707795b57fe076eb7c9944831d61aa9e135603c,16000,42240
470,2809.9187083437128,63.227986601218426,0.16382978723404254,0.0,0.0,False,id_zyrztnzd2qul.wav,f2e6abc768ea4ef68912a44cb956d12a85c99b364b7f73761e413a201eeb354a,16000,75520
470,2708.7470650653227,16.286342815346888,0.7021276595744681,0.0,1.12,False,id_asix0cglk0y1.wav,d8eb64ca41b063fafb055ce199b9efd5d49f4006a4f2d4919df3726774cd5b42,16000,75520
454,3170.1175676148036,11.112602665488476,0.8414096916299559,1.7,1.6,False,id_dqpq10c6c6hm.wav,7a1593a095166406ba7fc8c92a52766ad8ced8494353dee414ad8755fec30fbc,16000,72960
326,2212.729544024755,27.28807634709421,0.13496932515337423,0.14,0.0,False,id_1ee5v6u6c9lw.wav,697bb5d8fc6dde9c2948aa187da0b8f35b81632c822ef0a565fed157b095991a,16000,52480
438,5513.3506085229155,19.76246440897271,0.8881278538812786,1.6300000000000001,2.2600000000000002,False,id_3lfht0x3r0j7.wav,d4583025d00da97fa687640ed152b06c339b83ddc726af470588b5645955c109,16000,70400
382,5506.812726069409,20.20527510871775,0.8691099476439791,1.79,1.44,False,id_b2x765r7ybf5.wav,4f9b94898fd37426529ac6166ec9e2357fb7d1b3f5b23d907ed88fe3dc05cad3,16000,61440
334,8211.629547172717,18.080314801565798,0.8173652694610778,1.26,1.4000000000000001,False,id_0azqblnuutdw.wav,4d82666a0e208aea7ae0b72a5d0e9e5e34c86f96e0deeeeb1d4ee70fb49dcfe5,16000,53760
470,11389.191539898695,6.1454251066479735,0.8680851063829788,1.75,2.33,False,id_5rgtd8djrdjf.wav,6fd92ce3de455f10bd1b883ba22ace0e51f5549144d61609b63f5355d79e545f,16000,75520
472,6678.601268791243,20.587404928311997,0.8305084745762712,1.75,0.1,False,id_8ed8cx3maikq.wav,e2a2a2ba845a82a72d0ef064438d21abc336b9155705f0d663e80d02acd707dd,16000,75776
342,9820.855631639231,97.76556345997051,0.5029239766081871,0.46,0.0,False,id_29iq973dnak1.wav,9f02a201f3e0a78972612d03ef2f06fd5728f51695745e13e1937b11df0d52ab,16000,55040
462,9772.022893188492,7.513487648951402,0.8852813852813853,1.92,2.13,False,id_rbeojr4a0uf7.wav,39e3767d0a9ddffa0fbd5c3c70cccdfd5d68c45f3b221541b8ae6219daf9fc9b,16000,74240
414,9872.513151548595,86.55303735020242,0.6666666666666666,0.19,1.2,False,id_1ij74vcnen10.wav,ab62d7d4243730b48c570858a990c08abb77d2b5d6fc46152dde679dccf71df3,16000,66560
472,2429.453110269881,90.96165754836993,0.1228813559322034,0.0,0.0,False,id_j09p922to3cn.wav,3f136bfa5302e90525b684649f8339e9da72ba1a3cc82bc92e0ceb5e4ed87c25,16000,75776
478,5571.732514891575,10.83033918948496,0.8807531380753139,1.7,2.18,False,id_0hc8wdnn31eb.wav,2c57c10afadfba00ce9393ab22260db334c2ac70ad7364c8efb2bb5be13c7d36,16000,76800
342,6561.411880837843,276.79937100531913,0.023391812865497075,0.0,0.03,False,id_foh6ysweha61.wav,2c17a1d88a9b5cfc323dc66c09b4b1cbc7357b1f2f07a9002f2f24f28ccd3be3,16000,55040
734,3823.8727054518954,11.578535753631996,0.8310626702997275,2.96,0.0,False,id_nirrcao72424.wav,40bc6992f07717a7af4a7fbc9c1044e66010556cb8df21a08aadcb4f17da4552,16000,117760
350,1570.2012753147285,0.8085477119410539,0.8914285714285715,1.57,1.55,False,id_rb4lbdt9p5u5.wav,fea350e0515c8a29fb5846de586984b5b784efb6f375617bfef9efd1cc9b53c4,16000,56320
462,2171.1284519806745,2.7840849483235734,0.8787878787878788,2.43,1.1500000000000001,False,id_hroo1ri8bfv5.wav,0887529e7ab004ecf0d8b32aeb4a2d75831010445a6c121354df9d51e8bed86a,16000,74240
414,2782.99115162086,1.8227724843549535,0.8478260869565217,1.67,1.84,False,id_b6trhsu70slg.wav,ae4434e0ad8524560cc0256cc62071e9366b0ac98a10c7398cf3c241d758b30f,16000,66560
278,1424.4675443828125,277.42471973033764,0.025179856115107913,0.07,0.0,False,id_kpwferr98xvm.wav,52854544b45f05643b1b260f0f969cbfcbb328692f3bebe1c28a4943b005d4aa,16000,44800
382,4163.495701330794,19.57736329366476,0.7617801047120419,0.0,1.21,False,id_nfcim4gb6j2i.wav,4d25e12a8e54dc41179249795572db15050ae8e7d86a3a71c93876cac7f435d9,16000,61440
902,17686.705064468624,74.70627340879415,0.8647450110864745,3.42,2.91,False,id_nayv0kax33pq.wav,f9676242fdbd7badf0870d97d2acc0a575f4d2cfd46b8e82fe0a21f884821159,16000,144640
430,4524.3644672484115,221.97887654602835,0.05581395348837209,0.11,0.0,False,id_3r10qw08vbbr.wav,fee2fb7684d8cc85007cbaa45a6c579db48a0ce13a26a4bb26b6c3e900111b3c,16000,69120
350,6964.920460062699,176.39443737556857,0.29714285714285715,0.13,0.46,False,id_frsxid5gjsb8.wav,ed540720c805d6396d6b3aba278d300ac9f90afb741ec158ee54d814d43d31d5,16000,56320
382,5664.858860333592,45.13628648547845,0.599476439790576,0.16,0.76,False,id_2x9ki31ohouo.wav,b4e547396d7daf55ae65c16660390aa055c629efe10f00b24a30a5c92dd00b39,16000,61440
590,4253.47135290694,123.31575878386158,0.03220338983050847,0.18,0.0,False,id_3mnqaj2ux725.wav,01427d86ec320024f1727480cfbc8b9a99199072b0a3e935a0686d5d02e62563,16000,94720
926,6071.019535876984,38.590184060158336,0.58207343412527,0.18,0.13,False,id_giz3tlgpqr4k.wav,c1bf24ce94b49cadd16ec4d54dafb04cffe500cf398b6f374081b45dccfe32b9,16000,148480
536,5550.12393375139,11.979138050444814,0.8078358208955224,1.01,2.69,False,id_i4ct5vw7d8i3.wav,9420be1804866a64ed20b8f669311a0eeba905cb60b357a03f36d499a91c409e,16000,86016
502,3503.9126152060358,30.268949354712717,0.547808764940239,0.36,0.03,False,id_8lde9l9y724b.wav,d2dd0b301c05a2c2abb8f211fd4edb12e67fd01b52f05bc4e004f9b528b600b3,16000,80640
414,13065.438304549909,427.200109679492,0.026570048309178744,0.08,0.0,False,id_wc10x6oi4r6l.wav,a329dfbad9d54aff1b5af6780007aef14e87ff2e3e3a8fbbc7dd5a3f24e4993b,16000,66560
326,2504.1004128229365,183.42544424965035,0.03067484662576687,0.1,0.0,False,id_bfk9fp7ufjzw.wav,ccbbb0885391e67a256f5e31a72a7841c695cbed59e8a93529918c8c57f78998,16000,52480
420,3451.0359216472957,19.643158737827527,0.7642857142857142,0.0,0.9,False,id_dzqiug5bh3ga.wav,44a67d1badb0582ce8e300543a369dda66c8474003c54334d199ec84e4da1223,16000,67584
1166,11046.580608043378,70.26180358929399,0.8782161234991424,0.0,1.02,False,id_ysplfm575v5a.wav,8302a1f949d8b3bf7dfd26a95fe891e247dbb11c4b4346f96afb4bcb1cf388b4,16000,186880
446,989.9389716038055,4.291252768668468,0.6704035874439462,0.13,0.65,False,id_qadk0hle9idg.wav,054393af0e83215ed8b4dc18e3785feaef2d14279304240406ab8ea937e22cb7,16000,71680
566,6536.675810953148,18.186671814245436,0.8074204946996466,0.28,2.7800000000000002,False,id_a2zkgtgmao8f.wav,0344fbadab0fcb3efabe1185b5adc7c7b226ab9eb6e5558b554cebbd02da94b0,16000,90880
390,4589.782905541394,57.066864472037814,0.4025641025641026,0.03,0.16,False,id_l00e9q3r0tlm.wav,59b0098bc0b85605fd54be96ed90f30997a466da777a31eca95850d30b09be57,16000,62720
398,8288.291487393526,312.154579964885,0.0,0.0,0.0,False,id_43mlsv2niicw.wav,d13594e81bc01446c80f99de2b7592593a947dfb0a22a5ad0338695872a2be5d,16000,64000
446,2341.043120064216,9.509797361096247,0.8609865470852018,0.22,1.07,False,id_23ee9p738uak.wav,b94a426f18de40d0bd4c2301a47907817b499aee5924e1c79ba47f2b75404a85,16000,71680
526,3050.7172144431875,19.708168418957527,0.6863117870722434,0.13,0.02,False,id_dkx6g782c0tp.wav,10e823a6b15d007fdc60196185d7dc758115f336f271391a15bc38524675ed45,16000,84480
606,1072.0857066951316,67.77573307185946,0.06765676567656766,0.17,0.0,False,id_9276znj8ldma.wav,fe97aad85ba7f63270c52086ba1e3b643d9e10dab501d44c38edacbe0a425518,16000,97280
342,4198.606951120812,6.671557777602992,0.7807017543859649,1.32,1.2,False,id_ei6057zwyga5.wav,cdeb083f0063d9a48993d3ea59b7ec0720dd17b8d4cef68fd6ebbb9683980644,16000,55040
395,2353.2343843102412,12.90852431535069,0.7848101265822784,0.3,1.05,False,id_s5sfzeb06yrv.wav,8e92581dc1779b89cdb9de681da5b3e40b35aadd826a74d323e11768b46fd0a5,16000,63488
374,4093.798123381269,16.34956933701116,0.8770053475935828,1.35,1.45,False,id_rzeuxvglk56n.wav,0f3a477396b956ab4fb69b1fa79a9d6543468fd2d183249b520905c2b2d151e4,16000,60160
459,9251.531420391977,138.86051454607247,0.0457516339869281,0.0,0.0,False,id_znj997p5gj97.wav,698725d4e7f4bcfe47081fec09125ea564071c3c6acca1ba7a25cbf8cb7538e1,16000,73728
846,4828.448616015294,305.35752633573355,0.0,0.0,0.0,False,id_p5vb0zpateyu.wav,e356e77ecb5d6e1742e3394b91b2df02e44b667f904fe17b2ddbb471b1d3ae5c,16000,135680
518,5813.769902782531,101.68343677488883,0.3301158301158301,0.03,0.0,False,id_rjweuxpntwsk.wav,fe3b9d8d1a31dac1e677d501c3c6e3bf483303094dc5f50954205e82448ec21d,16000,83200
566,4464.30618153594,37.814885600257995,0.5406360424028268,0.08,0.2,False,id_h5974rcsqjoh.wav,08be03c831154c3afdf0e934172f3422f0fccd1fe13ad02c7a1b509996d32fc4,16000,90880
414,6112.402305967761,7.837440049136431,0.8405797101449275,1.55,1.1300000000000001,False,id_awb61cpzu597.wav,77eeacb1883edcac5c1594e7b183840b6c284d358501ff860e738750007817ee,16000,66560
462,3560.8649188083505,6.414435536570506,0.8571428571428571,2.07,1.8800000000000001,False,id_jta143ep5khy.wav,44fe3807c6c9359b217b1b0533ad16858bc50fdbb34066ff48044f8f0d0c1af5,16000,74240
342,8736.519839730234,163.87770929104323,0.28362573099415206,0.12,0.0,False,id_ga0d2b6a06an.wav,2d361a967507ebd560601e1579df0c5e039550f27c4ca0bba4df1352ecf20697,16000,55040
526,3602.0181353652288,2.9278371598548527,0.7832699619771863,1.4000000000000001,1.77,False,id_zzcv29ytz8rq.wav,c52f4d849132e742f199dcc7c162a3e1229bc4841ffa2e7cca7c0b2571cb1d5d,16000,84480
342,3434.475749659619,20.46853135947388,0.6988304093567251,0.27,0.0,False,id_cqmqhjphla61.wav,442ae0dcb154bd73fddbcd1d2779a0039d094178d32b9686f85e6dbb76ed2026,16000,55040
662,4794.78694886436,39.757370264637515,0.6948640483383686,2.06,0.15,False,id_3esgnjkbzg35.wav,3dcbc8e5769e8f8b6d6e68371e38da9255df115f581649d7b40646c4667f1638,16000,106240
486,3055.46578486816,24.195956840415263,0.7160493827160493,0.18,0.05,False,id_fjrk0qgzz3z1.wav,05e5674703331b5acd9145a3b26ec4670251496c97a1d8d23a6b8cac80aac271,16000,78080
406,6837.668754955887,12.19553042103796,0.8645320197044335,1.51,2.0,False,id_ryed7929rxjd.wav,19e26b29b5d141fb64886adf2df2c2f6a0c210347e714a1f8c87baf9a4860360,16000,65280
422,3951.3818244381296,5.641366552797897,0.7274881516587678,1.56,0.0,False,id_61k1lxirgcov.wav,71c78e629bc106e5980993b170e95a710243f8ce7a972441fcb1b6820539e724,16000,67840
342,3745.4562769441054,10.108794599522753,0.804093567251462,0.0,1.09,False,id_57izdga8m2xx.wav,6951434f9c9870a28432d3218758cf21679218c32f46a3d5c1a7afad3c4efeae,16000,55040
302,3961.940652003763,273.45028268254373,0.039735099337748346,0.01,0.0,False,id_niumeh5x3fcz.wav,18239b1aa579408f1a809c430abae2ede713d845360ea635d393e61f989eb51a,16000,48640
502,486.37246529794425,28.318563879132018,0.0,0.0,0.0,False,id_wtooo8h1x7sb.wav,17de6c18824f0dd85a0148e341e8c9952aea4419bdccad9a756c5efce10b1d0e,16000,80640
366,8334.30966487327,156.96182081796235,0.1448087431693989,0.02,0.0,False,id_t9wazifl58jw.wav,f5aee8ef64ee52d0124091af2d7671fb1a57dc8e9eaf64eac5b30b7cba871c16,16000,58880
294,1302.3420902358948,110.86957877844421,0.06802721088435375,0.2,0.0,False,id_m8en5npqnjpa.wav,b42c68393fa284f2d045df88e6a401d833a38efdcaaea0125daaef8db05c52fa,16000,47360
406,6989.728291929522,6.771998763855695,0.8275862068965517,1.1300000000000001,2.23,False,id_1otefnp108jd.wav,6d50d3db4b19508981192ffb2472e1ead645413b441e0875045e5481057f76b2,16000,65280
454,2649.294412197331,114.1014452485934,0.01762114537444934,0.08,0.0,False,id_379vcigcz4s9.wav,b80ae679bf3ca11550c0a9afad987622c693f480f704dbc8d0e2d48ab3cef065,16000,72960
510,3041.4932549653963,37.84511159039711,0.3588235294117647,0.0,0.0,False,id_gd5h7t7bvsmp.wav,83beed4a379f3a9e3bc90de33a6a92e25920234cdef5d13d1b420891cc7115cb,16000,81920
422,6418.9126816774815,27.964390694442383,0.7559241706161137,0.29,1.69,False,id_zptrczm3f962.wav,2c2d53c8e4520289a51953fc6ccccf548f4c4cad928187b44fdf5c2cb01b2ac3,16000,67840
366,5035.148451138258,17.366670383146428,0.8688524590163934,1.69,1.48,False,id_942ai7i5ggmg.wav,d305ed777c541d5f23733891e9996b8d28cab13731eb4e56c96583c637e007fd,16000,58880
470,12590.215710920127,60.49213780895964,0.7851063829787234,0.27,0.0,False,id_9boy3279md48.wav,55788433659e8204d73c953d5cf5586afb7e4396561f857bf72602da299a392d,16000,75520
502,4642.324407826321,17.446097397603253,0.6972111553784861,0.06,1.61,False,id_bw0sf4ipjtte.wav,74d4e2eef682d25264baf6ce4fe13f9574b16d5f79c0a515d89c4c045b5bca79,16000,80640
433,9329.586088755492,103.82132488077775,0.394919168591224,0.0,0.02,False,id_u4mhsn66okrk.wav,1430f64ca35931a67534792f8a55f5bd519eceba4a7719c5ba423bbce8c4b58b,16000,69632
686,6565.414716527815,92.33489331290625,0.2099125364431487,0.32,0.0,False,id_gdsq75tugviw.wav,ca1d58b1b96e17c4aec7cb40454c00fc15777d7298b4e16d636064a220463461,16000,110080
526,6496.060475395838,55.77146787116442,0.5950570342205324,1.28,0.63,False,id_gdwvn4v9f7cg.wav,c817c0430442b6c13c08dd18506c44d706f9c749851c776e486171057438883f,16000,84480
542,4637.003248327523,49.224381601586146,0.46494464944649444,0.24,0.15,False,id_kz9yow4d11lh.wav,3f66cea92ac1eeff2ef727ecabc1d493e5b0a30e5f45cf83a144af6dcd891c38,16000,87040
395,4673.8469032479015,20.54811426871089,0.7265822784810126,0.2,0.9500000000000001,False,id_fi1pmqpe24na.wav,49d7cbf289f4bddd9a50f17040dae3330936ef2059bc6816fd51d8a6ef51edae,16000,63488
446,2737.0531534846014,17.999049971164432,0.7847533632286996,1.78,0.0,False,id_2eggz0p188zu.wav,b6a3952b487ccdcce744e1386a268472a8f24f49441bb8d37afa3dd93f248387,16000,71680
534,3516.9382412120913,9.98354863823155,0.8576779026217228,1.62,0.06,False,id_0iqsfj46c9zd.wav,52a31402bd7af71ba98171716a66c0711ee5f1376144d5e2186f735ee748ced9,16000,85760
430,3139.312168294195,3.139766052561918,0.8558139534883721,0.0,1.87,False,id_2c8zo2ytl8dc.wav,ad6a8433879f19ecf77cdf341da3507d50485bf9d693cfe97029b6208164e663,16000,69120
358,1926.5445414004837,0.814708175659995,0.8994413407821229,1.62,1.6,False,id_9z9xnaozdw28.wav,6c1039e7ad7c5bb4dba9de86a7a7cb655a0cbe4c098970c4d61e0411947d0ddc,16000,57600
470,7451.873273043497,13.023733897428233,0.8382978723404255,0.0,2.13,False,id_h33jm6xcym59.wav,0590f703d51c12f10cad8b1765a1ea920aa6da04dfccb230c138dcc362a40698,16000,75520
390,9347.690168966878,188.3971203118502,0.1717948717948718,0.19,0.0,False,id_9pza28p8eet3.wav,c9cc833259e21edd98ddfe0782044c8bc23e4f663c52f9db6fd986e6f6d6b343,16000,62720
358,13479.912333821017,27.041426524860753,0.8016759776536313,1.26,1.44,False,id_5kiyfcxneb3t.wav,681e594c3d25b95d1cf841f41fb40e31f1c9709da79c315c94776b035346da37,16000,57600
510,3795.629771197396,42.180598688421895,0.43529411764705883,0.31,0.0,False,id_zf5ku6kbcgbu.wav,1b31345ec5c5108f31cd2085c0662db7f6e88ea8de5155331623efd3096c9cab,16000,81920
342,4686.144254875217,5.571129313380638,0.8538011695906432,1.35,1.3,False,id_5qj69902gext.wav,00cba6c5240b2ab75bf4d7c81d009063c64141fe63cfbe72f4696f92170aeacc,16000,55040
326,10279.329992149294,416.94950918576876,0.024539877300613498,0.06,0.0,False,id_fsfd0db509v3.wav,c368f23584c1f79bb621d403bbf4724a76698b6b7a54bb5115a1626c00f61da6,16000,52480
326,2290.8041524757195,43.834361896914906,0.03680981595092025,0.03,0.0,False,id_s02sfvx1qo1d.wav,178cf3cc1971d3a0b0d4db0b766fd42e827e6a5f1827dd3ea241de7a93d8a8da,16000,52480
582,3236.897089034497,12.57017629588291,0.8350515463917526,2.0300000000000002,1.9000000000000001,False,id_ewy8yecuel5m.wav,422913dd41d3a0d3be200364c8a4ca8cbbf2cd093c29168d3cf9300b6fb0eee7,16000,93440
374,4546.574693106889,32.225999709108486,0.7165775401069518,0.09,0.37,False,id_kjsatd6p7394.wav,01c56b45e3a688d58f14ffc570f511cb40ba5670816ceaae460be239a300c9d5,16000,60160
478,865.4400773594899,18.788294216276405,0.043933054393305436,0.2,0.0,False,id_09salta40fqu.wav,e24a2913d13994928c79d2949eec7faa73f6ff280254381ee5fc1ae6dbf78ebd,16000,76800
462,1532.6948766796345,30.00065202297701,0.09740259740259741,0.26,0.0,False,id_lm7y433y5fro.wav,2283c33b74cee9daa6eb5dbc18e4ab0b8199a0ef177b3c5e8bf70ca21cdbc186,16000,74240
414,6761.111397728927,24.42198870760476,0.8599033816425121,0.02,1.52,False,id_32ljffjeq9hv.wav,96470803c21252c10fd18f84b9f6c701e10d8ed8ac79369e665d1881df71b024,16000,66560
318,2119.9456107409924,104.08583403637306,0.1069182389937107,0.34,0.0,False,id_5wt0vrzlrwgh.wav,12d3539c40d032095d37c796b51969984881ccaebedff4bd55b18e3219695a79,16000,51200
548,4754.572774708575,295.0531387501371,0.0,0.0,0.0,False,id_s21qmi27sjyr.wav,bc5511d49685471bde59deae5834269aa7d112f558746302d5feb17867101ebf,16000,88064
676,3933.5620873452604,19.20959904455225,0.8875739644970414,0.0,1.32,False,id_xkfpbo2wo4ma.wav,30c826f7915aebe2ea63433530cfe1399a9b687c28e76cf4d5d0e36f0a539c4d,16000,108544
2865,2883.6864592046063,6.355509420966977,0.9675392670157068,2.67,25.05,False,id_dto4107nn7uo.wav,7e66cc380ff25d6a3c6a0c89be55115f6e67ded1138a64f1c28eb392702aae09,16000,458752
366,1968.1136406467997,0.7921489758877429,0.9016393442622951,1.6600000000000001,1.6400000000000001,False,id_1p2hi8wt0qpo.wav,f7c1d99005609bf19f06d880aeacffdf1b9609e1d5c8039ac0ac5bec9e6365db,16000,58880
654,2183.0224838512313,20.12246842226066,0.6131498470948012,0.67,0.01,False,id_u6qe47vvnf0n.wav,a74cba170968aa54a0acc97f013f08eaf99d05842c19a30d8ab715200ea4fcb8,16000,104960
422,9810.211653042965,238.9736190882979,0.0071090047393364926,0.02,0.0,False,id_amenj9l3ayyu.wav,7bcecf7a93dd9f37cec70170672f42fa37c5cc448f3ceafc9ed3ff08ea8f5631,16000,67840
782,3826.622064889607,45.80987280217349,0.4194373401534527,0.6900000000000001,0.0,False,id_5t6wkc7o4hi5.wav,b9b2fe56b4cdfb45eac0f99bfd2728d8c2cab5e3238551315afaa04ccf45835e,16000,125440
382,9245.237807920357,170.57206791343094,0.0549738219895288,0.0,0.0,False,id_gc1gsrlo0m5w.wav,2754d246a9f7f5c887040a416ee0cd55a9baa0a737902e0c3e5e914a830be9b1,16000,61440
510,3602.0134123153957,59.456635275064244,0.027450980392156862,0.01,0.0,False,id_0rpsvdfvbc18.wav,854c6f0e631efdc46b0fa516d4ce91837f1ac79da5b6821d1126a31d6316d487,16000,81920
406,5581.192826134929,46.028530164929414,0.5985221674876847,0.2,0.15,False,id_f9u0m1q7uh1t.wav,21e6234d71d3c8ce2445ca4121bd6abaa7996f7c645c1c982c8bb8c1862b0524,16000,65280
486,6940.424148061846,1.1499994863148697,0.8353909465020576,2.35,1.71,False,id_a4bweeb779z3.wav,03854f0db472cad9463d1647597f74535acb62496cb93ccb5eb106162c785460,16000,78080
374,6500.6420719418165,49.11202346960729,0.6764705882352942,0.08,0.04,False,id_wo1vquxc2gmu.wav,ecde795b065c2b92b90fd84bb1a2c26718cedce126e24ce3244183360b787feb,16000,60160
526,2436.5845691253976,70.57878112792497,0.02091254752851711,0.0,0.0,False,id_qgkm1kzcigz7.wav,e356372a2c6e20caef825da24ec152f81e787235a8d378fffe346d2b5d1c29e4,16000,84480
454,4335.09279687298,23.549004046395467,0.7709251101321586,0.3,1.4000000000000001,False,id_nr2agzca6wvr.wav,08637851a5a2da1e5fa2797cd50f565f8ec08b85674e77c88d1266ef4d7fdc69,16000,72960
398,10122.427100379631,69.79141627576004,0.7386934673366834,1.34,0.0,False,id_hmz7xmwoikdc.wav,c487bebf814054e61ff66383a89f16c9312e3999b74aabbc3a913a1750a11ff4,16000,64000
518,2018.348015704923,35.87587431353806,0.09073359073359073,0.0,0.0,False,id_b0090s60q5mo.wav,568d6eff3393478cf378c90c8012360a84e70431ffe61abecd5f15330bc80918,16000,83200
414,2852.60910615177,13.521926637556291,0.7946859903381642,0.0,1.53,False,id_4bw97g4jnt2r.wav,819e1e8bff44615f2eed77572600000c4eefd73ffa36e17ff80c0b3b6c92ddbb,16000,66560
430,4589.867826256002,141.81343795252792,0.044186046511627906,0.19,0.0,False,id_p4l05fylbeht.wav,adb3de2af11b472f7bffaccfbee800f432b432ae1f80efc6348cf59068f2c142,16000,69120
662,9775.014931446396,122.10235802752938,0.3413897280966767,0.11,0.07,False,id_gwiokuy33zhv.wav,e41fcd116f58fcff11a0e916b72e27075d9b45a611869e4ba7db8675e9dcd14e,16000,106240
510,3433.909038180831,82.45394805168131,0.11372549019607843,0.09,0.0,False,id_98900curmmwt.wav,a5d102acc22d49937e123407f4158167e93742fdccb5f5fd9a0ae3ef04525adb,16000,81920
422,1868.877499998328,14.052593753410303,0.6445497630331753,0.21,0.2,False,id_fxrbiyarlwfr.wav,d0c0fa5c5c37d7cf72474d2766d646c2a27e389f44e5e218042ea22aad576d8b,16000,67840
414,1387.2440754964498,15.316288757704843,0.38405797101449274,0.16,0.18,False,id_9vqxiiue9my0.wav,ad7e57cc6560743cd64416334bb447d862b3f2a73782300388b1890b7e5e7bcb,16000,66560
358,1747.3303093576783,76.28991226606217,0.030726256983240222,0.05,0.0,False,id_4birzk2y5nqm.wav,8ec5e9f5b8d11578fada4ecfe39f5b7d4344c3c809b5c9dd8c4b5552791d8e11,16000,57600
374,8838.306702502465,197.46443465262993,0.05614973262032086,0.02,0.0,False,id_co4hs9s4bw0c.wav,631770a7259cbd9e4ecbf6c4d7a48131d56931e3e99e3e4c55c5113fdc6e7196,16000,60160
382,5256.486212528289,39.91115316704417,0.5104712041884817,1.24,0.0,False,id_a1x8mlwzetfo.wav,cfa66fad063aee5d46db23c97de731044333951ff5fe1f592431283e03ccc112,16000,61440
262,2124.316531263644,224.75552121963693,0.026717557251908396,0.07,0.0,False,id_dbfyn4wlu3qv.wav,0f91b077a9d8a5b084c1f93357b808efdc10c74b7ce36cf98c594c91afd24346,16000,42240
430,2501.728911173231,64.90450639450374,0.05581395348837209,0.22,0.0,False,id_zi44b1tsl0mv.wav,3a99b62368d52584641fa83863f32845c1b5079be53f817000022375457c504a,16000,69120
670,3334.122899279509,19.17439681450744,0.8820895522388059,3.73,1.02,False,id_otnyptopsdiw.wav,67e6a9b67ebfbdba483d59094245bc02a24f14b80dbc0b630eff929e033f06d2,16000,107520
398,3913.825878855624,63.48828353539236,0.44472361809045224,0.33,0.03,False,id_hjxmk8dldnik.wav,62d4c066873a481c061b7dc685dc62df52d3baadbb9eeb4b967e06a0ff18165e,16000,64000
326,45.5057139269345,17.62788829140134,0.0,0.0,0.0,False,id_m0e18colnz1i.wav,05407ca8498912b0e8ea4b70fa5739010cff1d3ef90a31d82181b576ceca5083,16000,52480
334,2036.9684484547129,30.18820037379303,0.25449101796407186,0.22,0.07,False,id_wgpj1590jty7.wav,ded85116b2264de5f1a60488a8c1c3a872b5bf5929cfdeedc61da55f6e878442,16000,53760
262,1357.2885065453108,135.44797742711978,0.03435114503816794,0.09,0.0,False,id_evd7xby7fw8z.wav,8bfdac2de02244e6e22318246ba662326124ebbab7819b34c7b2175cbade9364,16000,42240
366,10640.40124619368,24.087458908189724,0.8661202185792349,1.73,1.44,False,id_046k2bj5x87z.wav,d3c5bbdb2590f798bf8b6b98cfa99b579a5f36660213a4cab077d659fd47b06a,16000,58880
534,9309.037647227558,94.85596357533635,0.49063670411985016,0.06,0.01,False,id_d25u6o1j60pv.wav,b09bb8fb5ead3eb0046392da7d23e0dd64c47cdbde2e55dc4caf0d05766a17c5,16000,85760
366,5657.04001864049,130.1881183922829,0.1994535519125683,0.04,0.0,False,id_nlenwbk65y7r.wav,a0afbd6df03a682c5f334a47856f29479918817aee816377ab36ad76aaf6b03c,16000,58880
382,5600.229304457095,14.989011294018098,0.8455497382198953,1.54,1.48,False,id_3wzazhlrpq5n.wav,299e13736f42ec853ad278eacb7b08af08628f9c350a36a2f3b0c5b584354484,16000,61440
318,2007.055240271179,314.15364610247536,0.0,0.0,0.0,False,id_vsl52wjsq41j.wav,78bd475074bf1ba8ae240a2be92491199053150ea2c92efc957999fa2a149d85,16000,51200
454,11264.685911511247,55.45223110273889,0.6828193832599119,2.08,0.38,False,id_tb68okcyj5se.wav,3d47da8c039633ced8aeb8bde2cccc3cac40b04e70eb97b269233eec026c1e04,16000,72960
334,3593.367051596594,1.03198552868878,0.8862275449101796,1.25,1.3,False,id_0kqntv93ikec.wav,eba353cd6f8c267b50041c831bbd99c482e913f82ebf5bc3f39462709d5dcfcf,16000,53760
398,1660.7753445303792,73.30078760824665,0.04522613065326633,0.18,0.0,False,id_9kysooszd258.wav,49d887e5bd7681707a41ade2e65f18bf2a671fb02a8f42a59126b67b323a6547,16000,64000
366,1979.9020095701705,1.0080920670360474,0.8989071038251366,1.62,1.67,False,id_xjggoacrog77.wav,b24c825489eaf49f7b5d06133ed0a7a7c81a2223215accebe676957f11043c27,16000,58880
686,3459.421855960906,139.21458845263749,0.02040816326530612,0.13,0.0,False,id_oox89jn1a9zr.wav,f958d297a3337c127b72e74c1e27052ed795453fe8689cf5bf7c52482584203b,16000,110080
406,2717.6122543512347,5.898244396192542,0.8522167487684729,1.43,2.0300000000000002,False,id_rov4dfpgzdxq.wav,4cee67285dbb65f80c6da788604e214ee0df49387e332f45b84f7263ed02e613,16000,65280
310,2202.293686137251,80.71174325192703,0.04516129032258064,0.1,0.0,False,id_g6hsce7h537v.wav,9bfae0f1eecc2a322a0e580b64e9e77a04b89dc801bc56a04059e86112408b8f,16000,49920
334,1513.1885143629659,0.8746416166127053,0.8892215568862275,1.5,1.47,False,id_vp197e2iq48j.wav,10c7c030723ebedffd28148e9da1f13661baff23a80a5a9a8910ab0eff9644e0,16000,53760
502,5434.1350268464985,11.389678965659021,0.8645418326693227,0.0,2.17,False,id_ojxa8071i1n5.wav,349fe726572b123ca43c820eb70e44cdda7917060764fa70e7f120ad83f311fa,16000,80640
358,3668.398983548545,8.776947599073994,0.8491620111731844,1.41,1.6,False,id_pc6mnkqq5mxs.wav,0d6824995a959240be4b504bd4409666152872c171d54b6d7847c6dd33162df2,16000,57600
414,1378.0007302247702,21.745802199137415,0.06521739130434782,0.04,0.0,False,id_yk3xctzpsbkt.wav,59f736b55d32051613dae23cd2bb9f051f595b64027d32d3866079a1a740133b,16000,66560
470,9007.42954996041,150.32471176297264,0.16170212765957448,0.32,0.02,False,id_5wo3gxs4lve4.wav,e62f58f87b258c2c8267546a0aba7e094ac88cb2a963460a4a1c9f0dee372844,16000,75520
374,4089.003819086013,12.475811871542344,0.8048128342245989,0.31,1.46,False,id_84dub5txii70.wav,8b5ca42771cf0d6581e99bb3495fb6702eec41d394f65038b17944f5ad167a3d,16000,60160
558,9709.728190325412,43.228045532317736,0.6505376344086021,0.45,0.65,False,id_7mnr01di9okg.wav,31eb4a760a24ca74e1ab4ebcc69750341f0f43d8b480bdfd747a0fc4cb148529,16000,89600
446,4818.774938197467,23.25792613317721,0.7197309417040358,0.42,0.92,False,id_0sorl8u4tk8o.wav,4840e85b08886fe74c4cb39661bc885b314203384ef3d3b350567ffd6dbf675f,16000,71680
430,9466.89196991283,6.875588344906939,0.8651162790697674,1.6600000000000001,2.06,False,id_d2mpp2vbv7nk.wav,cf29bd947bd8b634ee3539762d40c63b4246939c47a38b0250060a5186cfa703,16000,69120
510,2188.2210782962493,22.579165982086735,0.44313725490196076,0.02,0.0,False,id_s7n6b45986zb.wav,f06e7602a8e1f00c172a589a39d523c4a8b1631460aa141ea1d0337c93587238,16000,81920
534,4427.655037375879,11.731581277620432,0.8820224719101124,0.0,1.68,False,id_71i5cqkkhqlj.wav,b32f5464fd158d2f8faa7b2ce9ec8a8d692d2c39c9d3b3181e072ea4f696dd8c,16000,85760
374,9172.293555867038,28.49796179499853,0.8048128342245989,0.19,1.58,False,id_7rwtj7s4zl7v.wav,15a4067372f07067d2704c4c81d06e312c3fa95a78f9fa3ab078d8e34c901a1f,16000,60160
678,4113.364935183845,106.20741035693965,0.22123893805309736,0.07,0.0,False,id_y4vdh5mfrwey.wav,36efc0ad009959fd55ebca86bdbbc03d8b09cdd4ff1944c7a9af7c6262071179,16000,108800
486,9254.849555908513,16.1555116265234,0.8641975308641975,0.09,1.69,False,id_hojx06ejprq1.wav,b35002fcc181dc3ad2a087c6d3406865bacecf19536fc928b4c6c0ec98ff18c6,16000,78080
651,5986.829841410226,18.656500207702408,0.8817204301075269,3.09,0.37,False,id_heskmq5sn9f6.wav,5a8ae542f917fcbc4c083dc713452d72abbf59c854d5c8c8b19c2df4ec154486,16000,104448
484,5681.286667868468,39.44768250729085,0.5826446280991735,0.41000000000000003,0.13,False,id_zye4lne5dsoa.wav,46482acf8b64107bc73c6a4f4841b2fe52210c8dc02194c2c0c3320965cc8900,16000,77824
542,3186.289556835662,15.447607826871845,0.7583025830258303,2.16,0.04,False,id_0yn2o7jrnw1r.wav,454c49153d8068513fbf48bdc0cc24394526019c84e942128960acd360ad129c,16000,87040
486,5368.015649660496,8.897457637722475,0.8148148148148148,1.3900000000000001,1.1300000000000001,False,id_pltowd7g4tvm.wav,ba9844ed14a5e8814f3aecaf97faff55d4611a5b741aec2458d985b3badf7cbe,16000,78080
366,11596.1081990899,13.209509626935528,0.8087431693989071,1.47,1.49,False,id_ctamqssqlgnz.wav,1cbfa19e72db19c4e3e4fb52121d31d9c6822e2c44084cd97460fa99d338eba5,16000,58880
478,4715.20683586627,44.39409543806936,0.5606694560669456,0.29,0.29,False,id_uz5fxtizfclq.wav,d0850770c7dcee254bf82fe64dea0b8363ec280fb03d67a0a4389279cab7de53,16000,76800
726,8016.793717565645,137.20971669004297,0.1790633608815427,0.0,0.0,False,id_f5yzh0otn33t.wav,159d025d63da5b28ff8c2bae8248c2cfa5894550824fd17c90e7522cc99fe590,16000,116480
326,2958.9746839065724,99.76409028782606,0.015337423312883436,0.05,0.0,False,id_wga77chh1o10.wav,cc113dffe0d049219de326bf1192b98f752110c8722d99ae74a376141735b415,16000,52480
382,2775.232321356178,16.774382262560284,0.6335078534031413,0.07,0.08,False,id_pl4olos7kpgj.wav,5ee393791ecb0431ab89a2335018441e9c5382c4e7326f9b7c5f3f6340358152,16000,61440
382,1875.6505678030758,1.0043652785531627,0.9031413612565445,1.71,1.74,False,id_u7yodv7rxvbo.wav,90989c97c37d9d9c974d808c0df7a1700b934a016f138da047d8adef14109112,16000,61440
302,10002.637926317237,317.7049291525842,0.04304635761589404,0.04,0.0,False,id_z5eqiru0by7a.wav,50f3aa74cb5ba92e901910abce8d5b75d0b77a4f26f2da24f772d947013ae850,16000,48640
494,2944.5066433105562,28.179082377230984,0.5263157894736842,0.26,0.08,False,id_0sf6b4b7vsrg.wav,7a78c3cadfd32c2fc811c51d4e0924381908ec8e261600f5813ca436d0af5960,16000,79360
398,4994.773536658094,11.52545747208061,0.8819095477386935,1.94,1.57,False,id_00cn4kcmk98r.wav,cf19c74ded20e2c885e15a0bbd3cd2be51cdde76ae39bac178990f73cf37475a,16000,64000
625,1790.8843925558122,27.921452326123724,0.1168,0.0,0.0,False,id_n6vrd3lm3noi.wav,16e704551ede71828f372c9bd5fbd7f30f6f45a88ff9b958883f6e422c821ad5,16000,100352
382,4368.317946589968,29.965748626917435,0.612565445026178,0.38,0.0,False,id_nspigpdvm6ts.wav,9fbf5b368f3f8174ce93c5237403071ce85fa94d76b5eb6a7e862511470250c1,16000,61440
342,2962.5918255811075,20.085659043804366,0.7105263157894737,0.44,0.07,False,id_sw6fkw0sgymm.wav,23aace511a9197ec2fb3928c4ab1da8660eecb96d171167a542a24ee8e9ae156,16000,55040
502,8617.64732293565,20.388321831590382,0.8625498007968128,2.63,1.7,False,id_bhug3onllgti.wav,cc07c4f3c7952c5bd8260a0d263f3cd0912c3c1722cf23728a7bc7d3dfb4cf1d,16000,80640
534,3150.9457846018236,7.007940969323565,0.8801498127340824,0.26,2.54,False,id_w01nihjvhlbp.wav,5f3b9571920e2c5a76c9f41b3a3183288244a35a63829d899b251a5b3e5b5362,16000,85760
374,2997.2208714907883,9.35554595634853,0.8181818181818182,1.31,1.58,False,id_gc9tjh27qmkh.wav,b74257ed8a89e3871c2c70fc2d29e8f5c35826f89f05a3bc1f83e90f0a197cea,16000,60160
454,1980.0369731396431,49.248678338238825,0.22026431718061673,0.15,0.06,False,id_pwhgk2wlgz7o.wav,119144b29e506017df43fa7cf05197c186037117857494ddea9958203e7695bb,16000,72960
472,801.3089822284535,12.674621481356828,0.012711864406779662,0.01,0.0,False,id_vau0wkebslsc.wav,6a95812c9a8cfbc4d6ce8b4892a231c97700459a43c1b00457c7ce2c8614233b,16000,75776
406,3698.156666164915,84.6904081636236,0.07635467980295567,0.29,0.0,False,id_u8adh4pf3n1m.wav,a3c5d2ece3ff174b173055e5329ce4849bb8692f4613abe98f3c8614e1e3cfd8,16000,65280
390,3710.6907510597,29.558014857686764,0.7256410256410256,0.19,1.22,False,id_1cs2y9oxnt2h.wav,f8a4ecba9e50faf657e24723c4234e5ddb47921516122ba61b613e3b5c7a06bd,16000,62720
446,1057.2965915484642,15.195104850738852,0.12780269058295965,0.25,0.0,False,id_xzr6m3xtfs61.wav,23116b56854b46a9fdea1ccc7a6442d28a2129e9fd7de0f702b0addfc5d69d53,16000,71680
497,5237.123084767056,10.819195903578049,0.8611670020120724,1.8,1.84,False,id_y9yx6hxz4jfn.wav,3ddc46b800c8179e47b8916b7da90a3e163404c5e0d2961ef39ff5d2a12212bb,16000,79872
438,9337.87316376165,174.19725831078966,0.14383561643835616,0.33,0.0,False,id_q4jqug1outk0.wav,fb98e7bcadd23a7772617cdfee8f852c50f5e4822e9ac790dc088517a58a7961,16000,70400
550,3283.167190762603,106.33835825892771,0.0,0.0,0.0,False,id_wlqjfqzlc7jk.wav,d76ea40e78cde5e9ba871985740e2622e9d07a4459752bb97d57587138530a86,16000,88320
382,5784.821965929461,23.72967429763002,0.8167539267015707,1.17,0.29,False,id_nls0quhv7yg1.wav,d2ffaf4e75682790aa77abc69c4cd8cad694cf4348758175f68761606bf66aa1,16000,61440
406,1336.8173388687028,18.97191787686476,0.4088669950738916,1.62,0.0,False,id_fgtxguvptih7.wav,10962d8b82c8c62b46450d8f157c539c14ab4fb622959cd0660559f2cf727823,16000,65280
414,10607.546256439327,26.705612634159642,0.7584541062801933,0.19,1.46,False,id_ln9340r4eec8.wav,3fbafbf4e7b93835d411321f86ffa49e9d61cf40bcfd7ce037062067334f6dbe,16000,66560
414,14014.259585240314,25.97208736403438,0.8888888888888888,1.27,2.16,False,id_or9fsoes3222.wav,6df458ae4d07075d8337bd925ba34a5c8d72c8bd251e3428813110697a93e4fe,16000,66560
846,21533.578315621395,48.87746155910247,0.8959810874704491,2.61,4.08,False,id_zabkht2n4a2w.wav,0b633114e37dd92602c322fdaa9a46cb3eb29deb34012dbcd095b0461b16c895,16000,135680
510,3819.15516344911,22.04798218150718,0.8647058823529412,1.18,0.18,False,id_wl1a6217cpmz.wav,525492f3111633cff20010b233a3df91d167771fb447352df57bd8293ab33225,16000,81920
422,8531.648752878895,187.5521363797484,0.2037914691943128,0.08,0.0,False,id_loj3cao4ouob.wav,6b8785326d57a4d9b1c3d501e214cdd956c58c1f46a9c674b9d59dba9bf0d593,16000,67840
486,10998.16051164921,4.601351277732242,0.8765432098765432,1.54,2.72,False,id_n29pv8mz429g.wav,50a0a53a509bbfe9b5e6bc4120014fe55eee675b8644f2893505ce6495c4b06c,16000,78080
422,3856.622531438616,11.787174224695448,0.7701421800947867,1.68,1.1,False,id_auvi9ux6aats.wav,0fab377e72555f20bc9490579bc39762cfb04aa51da0cf4075735b7c34e87e39,16000,67840
630,6621.318888446621,4.884669890024691,0.8412698412698413,1.9100000000000001,2.0100000000000002,False,id_4pu66fizcyax.wav,4a3a01ef7b002d13f70ade701bf0406c39d2fce5f52f7ce10a0b2cb224918565,16000,101120
414,1970.6949218486357,4.0905377592157315,0.8429951690821256,0.0,1.77,False,id_ht7nqabyx1fo.wav,5116efc824e1711aaa56424b16c6ad66f13336624bd6e3ea08aebc6c5d5cfa94,16000,66560
270,1391.7613795115885,84.31155098763467,0.02962962962962963,0.08,0.0,False,id_ko76wwl6qw5b.wav,51be8bdc1d5ef7bb43b10446cc5a5e6d786c279585cf9b39a0e5ba15189ebde4,16000,43520
366,4680.508663062167,4.691199182096117,0.8469945355191257,0.2,1.26,False,id_91vze8m49hcs.wav,4a302f982316c1b21f2e0b4b420f1a0aff1a16bdea7948136d9cb1d7e2e0d61d,16000,58880
358,5255.6503569967435,76.65502309828472,0.07541899441340782,0.12,0.0,False,id_v23kn9by3fb7.wav,9398ad617dfd4d5b430fda84bfb44bd5456d55a962bb463b7f22118acfb15b1d,16000,57600
414,6332.959151139378,163.20988757760358,0.014492753623188406,0.04,0.0,False,id_vblalo9yt6kg.wav,099c266c4881c585134c0c0e57add634f7d7d93f4e1fce98e84f15c26d2d1caa,16000,66560
398,3842.873490956995,61.89771804167209,0.20854271356783918,0.03,0.0,False,id_ar60qo60bco2.wav,5010812538c76cc9d9a8568582a1d9ce8ad77f8e4e3f4bf126ec6e9d26db0505,16000,64000
446,6247.7393515574895,149.15552394634653,0.033632286995515695,0.0,0.0,False,id_s6tzfyrrdji4.wav,e58fa53f886a9c999854a09755d0bf9a1a9ab4ea93a088bce7520848055f96f9,16000,71680
454,4962.9700890696495,174.76675611491345,0.0,0.0,0.0,False,id_vjza0y38lsuk.wav,bd6efa4cb08ca8abd5da7bc8cc3ddc3e6a93f434b2f73847cec86c194ae750dc,16000,72960
406,8905.30120700586,24.07108606659728,0.8004926108374384,2.0300000000000002,0.23,False,id_sp9ejkpo6jsu.wav,b60d28784c209eda3c076b4ca4b85b506273a5df846aaaa6504ef3a00bf63905,16000,65280
438,5817.778596895898,48.184917097242014,0.639269406392694,0.37,0.0,False,id_nj39pwaasl9u.wav,577515759659dc950c0dfb8f42f80fdaec355b2b352bc5965c8bc9d0f78b523f,16000,70400
350,1851.0073622219875,92.39350546121183,0.10571428571428572,0.37,0.0,False,id_xff2oqsjji90.wav,27980edb83d38eb358ca27f9ad244fece8694afbe696072dab2a7b51b18ed6cf,16000,56320
310,4416.069626658982,104.31342048199491,0.07419354838709677,0.19,0.0,False,id_6khyytl5tcja.wav,ee87c5a3b6ef2922d420a87c214f7b764045c0788432596001987d667e2ae80d,16000,49920
350,7185.587306720307,229.1016288523016,0.008571428571428572,0.03,0.0,False,id_r0z95xxbfbku.wav,5cdee3f7372a983470761c4c1626742a574d3b97ad04055cc49c4ef956f76f54,16000,56320
510,6061.003056838034,18.539584094604436,0.8235294117647058,0.0,0.0,False,id_uaiuoie3u6sq.wav,85ef0c2c785402fd44a120a3c6460523929a9bf11d67827b0bc9bc691c5dc89a,16000,81920
414,1612.0343273330132,0.7826237921249264,0.9082125603864735,1.78,1.98,False,id_rsyd6inzcj33.wav,fa93862544db12f0795626a07d26aacadd7844f1272db2beb070c014f7831781,16000,66560
574,6290.085891106734,21.52692850429728,0.9128919860627178,0.21,0.42,False,id_d29nll886520.wav,765c1ec3811cead0a265da3ff6c64c0c1e35ccaf16c8df2ed12636ab3ca193e3,16000,92160
350,14730.690407869552,13.453345262679264,0.8542857142857143,1.51,1.48,False,id_oxr2xgxjwdof.wav,e98f4f9854a91a4544548e171e5f486221773aa7afb069cfb7e3e2fe73a2524f,16000,56320
414,5417.09931813143,122.28986375857,0.10144927536231885,0.36,0.0,False,id_ahmrg3hf8ulz.wav,dafbb9e7fe843cdf18c03456ecde5fc978488ccbccb652edb3bc0539c336bb24,16000,66560
302,2907.363726385125,158.35700691038602,0.076158940397351,0.23,0.0,False,id_gt45539c55n6.wav,72cb73384eaf972868cb9a7c24c4251f3b3e9d5cdeeff0cc30db759e9443a086,16000,48640
398,7372.014823472617,8.19164155499707,0.8618090452261307,1.31,1.32,False,id_e2sehuac48lq.wav,3603da7fecaacfc6cf312bf655078d2af4c75ca47e207edacc5c4944010d7308,16000,64000
766,6032.541095798685,103.53109928607819,0.007832898172323759,0.0,0.0,False,id_itgbd4u4jq1d.wav,f54b1ec7f07605bd30e395fc0c66f0ff68ba92bebfac4d42fb5b91e6674d3ca8,16000,122880
342,4646.403310895428,8.035730469352155,0.8713450292397661,0.36,1.41,False,id_eir4zy1xw023.wav,86bffa8f2369b0834b0acf0672e9f0bfe7db659fa715652246f18b6c45e448b8,16000,55040
526,2162.73902840819,2.2332700211715633,0.6958174904942965,1.29,1.01,False,id_1ql8dauqjt9h.wav,756644c659eaaacad2e1b2e0d7596dfe1e32fc309f059d8fdb05764427e378d1,16000,84480
542,1005.4636902941846,12.389713356584185,0.15867158671586715,0.29,0.0,False,id_rkwu6ocdbsfw.wav,f31cfca6c074cc81e109ecd346bdc972dd0475fa177cb1e92af2c1b8939b74eb,16000,87040
382,5835.653500251707,232.42654775414275,0.0,0.0,0.0,False,id_mrb5as033w4j.wav,1aea3d8b98fb457073e0a66a1eb7d13717ef8da4dc63626649b52e9c74e918c9,16000,61440
398,2150.796640782201,7.292718971183188,0.871859296482412,1.68,1.79,False,id_if8t1w94pan7.wav,ff06605173d9103356cbfc1aec372b7cb431e33bb1e13396ba854850c45ea399,16000,64000
478,2953.9951497929037,161.53162235211616,0.12133891213389121,0.58,0.0,False,id_b7ogapuzjlz7.wav,832fe354631bb1fc859c310925fd7dc4a365e477171ebd60a70efbefe5a3f80f,16000,76800
446,9811.85920315309,76.53385685955294,0.7399103139013453,0.08,0.02,False,id_d6k42wlqexub.wav,53950e41b13166917f5aa7deb486362f5ad859f51f341e0f3353bc87a4fa166a,16000,71680
422,9727.772790315366,23.49294845115473,0.8578199052132701,1.67,1.95,False,id_jjoerv7cg916.wav,d40d15c51ff475a172e49c4406256dee18c5ca23c171001d800ade5eeab2c2cd,16000,67840
422,1363.1862812910053,15.315270079081394,0.41232227488151657,0.01,0.0,False,id_r2xle0g56kgy.wav,ef3c8d2b588386212e45a1ddbb8f18a9b3e627a0762f3d66b8b5c41c32768d8e,16000,67840
414,3453.397902790815,21.02220924297596,0.6835748792270532,1.79,0.0,False,id_vrsc6hlkfik6.wav,71227376dbff52c8c5957d7b7d8c0acaf5e307cc3226aaa76de1b248f00fce09,16000,66560
358,8535.628051438278,81.6409106236397,0.5363128491620112,0.14,0.0,False,id_c38093r5atk7.wav,54bac10281f1028c1064f411b8ed2f339b244e0d571c5ec22cbd21c7a3a57290,16000,57600
302,3701.51757188859,344.52456363667636,0.04304635761589404,0.13,0.0,False,id_9pckacd0g3zj.wav,3dbf19620b8a34199fa7bdfd014a48486ee0bfa8ea20a704996658cbf57adcdb,16000,48640
598,9985.323768035767,14.16698501807052,0.8595317725752508,1.79,1.5,False,id_x82dye5nonxa.wav,f0837a7b38bb47bde105917c21a27701ecb6370a0d9f33e49ade80b64bebbadc,16000,96000
358,5563.179123262165,7.471273075657025,0.8072625698324022,1.21,1.31,False,id_j4ep3uymicbg.wav,225da42578776086fac4caa754793a3e8b82cd626c85f167442057a88a19e976,16000,57600
497,5076.128583133016,22.167543842293398,0.7122736418511066,1.01,0.0,False,id_xr5iyzzzanrh.wav,89643b8febe044e57a5ee74a2ced06615e3a4c98cf60269225a22c4c3930b77c,16000,79872
420,3988.6861868916185,24.110949044230612,0.6785714285714286,0.0,0.67,False,id_cbhrhkedajb0.wav,0e5700462a124e7c79f8792650d49dbb13f969185c82e06269c751fc154455c0,16000,67584
334,6260.617246925418,347.8809473004759,0.02694610778443114,0.09,0.0,False,id_nnrg7lf4fygf.wav,da63bb2488905c7ec8f6d8be5fe4fe526d45ea7363021974d430edcfe7021b98,16000,53760
422,942.9290005085219,65.42771604662056,0.06635071090047394,0.0,0.01,False,id_d6h63oa4csuu.wav,bc778b2c344b4a14410e83d0f68240f8e1a309ed0576d86b8fcd9c5ecdc2a222,16000,67840
494,2724.117759936233,22.925122678685234,0.5668016194331984,0.0,0.0,False,id_3opl9t97kb8b.wav,7b7d6ba0017e6f6659a33ce608e8d35382497c10417b28d8c1fde41a71958d9a,16000,79360
414,8246.698208828791,54.02507695016866,0.7777777777777778,1.27,0.34,False,id_rud6460r35x5.wav,3b0ea426d3ef4c41243e70140f5304fbeecc9062d5d242662c9781ba4af587e8,16000,66560
446,6388.476006646656,52.53604257341611,0.5515695067264574,0.32,0.0,False,id_wdmv71x28qgb.wav,b0bcb89d505a7b71f053de3501c6c8874bdeae6de010edf00eaf74e8161f3fd7,16000,71680
472,4803.882214678041,46.44167784069694,0.5423728813559322,0.13,0.18,False,id_mrd9ilyh9bq9.wav,c5255def7570f63d011fc69758d7acad816ce33a12dc2fa4fec5618946d8a51c,16000,75776
356,3327.1483972765627,15.099377966129666,0.7865168539325843,0.0,1.12,False,id_e5ze0nyd4xx2.wav,9721b09c5f63588a6865b720a0455cf4634bed8560d5e47a554a497eadacae60,16000,57344
366,2232.5773883563365,50.89507986733935,0.07103825136612021,0.03,0.0,False,id_o5ps9a0gbeaa.wav,6c681dd82399525c1a76c847b7a76a4c5d0ae6d14ff6b249d95b6b7e9693b5c5,16000,58880
350,7937.248287819904,7.517471375701235,0.8657142857142858,1.32,1.56,False,id_idsj0gubpvyr.wav,63e705827a8ca1d5752ebd1465b41bf047d6985188adda1f06c57eb43ff328a9,16000,56320
334,1432.4936518183947,0.8023399486522602,0.8952095808383234,1.3800000000000001,1.61,False,id_ifj709a7zw00.wav,63fee8a03f42f053ad50d3d4ffa1f9958af4a5c21c99bd282200a8f872d9c4ea,16000,53760
382,2387.4313492747806,10.141972017348817,0.8612565445026178,1.54,1.04,False,id_s414mt0fagfz.wav,34046b950c7ff0d027e0bc76fd2e508cb5da9a5c35f74cfb9ab072adf8009b6b,16000,61440
310,2179.9303240012055,133.9004195050936,0.06774193548387097,0.19,0.0,False,id_x1lqwlty7xe4.wav,194b24defc7fd4bc0172637baba453502ab8eeb5d53eb283a03afdf954d5a253,16000,49920
502,4608.985587957506,68.0659582227928,0.05179282868525897,0.14,0.0,False,id_g7dbo1ck5lur.wav,e16d4472af5b410e841f238f75bc73227d43673292f101e94e655ff8f9e9f3b0,16000,80640
422,5376.662640755881,63.92237180081531,0.471563981042654,0.47000000000000003,0.0,False,id_ry77kts8apn8.wav,aabe770a04f911697430ca3e7455c6b18716bf671d253a24f4cc13d3a398f8e8,16000,67840
654,9042.648411140399,7.826716697371017,0.8333333333333334,1.6,1.04,False,id_2k4wo9up6r9n.wav,2d517bc4827dff267ea94a926f68e0b50f478fc47ebe1a17d71fd19b147c310b,16000,104960
310,2469.118387704405,154.78315176144366,0.07096774193548387,0.22,0.0,False,id_zm9escyq1mx4.wav,9ac866d122351ca6969d5fd39fa32bcb5600159c8a9d3f4a8376628aea7ec2b0,16000,49920
406,10369.94887619992,400.96740383792644,0.014778325123152709,0.02,0.0,False,id_kbja27bq84kq.wav,e2afa1b19a2c48a0fb27b14afd45aba5df0b6566d65edb14f666139d8de4b514,16000,65280
318,4954.175008767857,213.08958757057866,0.031446540880503145,0.1,0.0,False,id_f122ze0ts1cd.wav,ad6854fd7e69dccabe40787f9a9645a94ae923d4886bb17aa9d7ff39f4e0bff2,16000,51200
438,6181.776558967495,8.353961379924446,0.8356164383561644,1.54,0.46,False,id_hnsywr8cukwq.wav,a8eea69ba98f0be386ce1aae8a8c58299e1b9abfe6a7be2ffd57ef4822c81257,16000,70400
534,3898.206542757836,15.159273523318125,0.8726591760299626,2.17,1.93,False,id_loyt0onxf6dv.wav,758047d73e5b325749d19980cc7d2b184a905bb711c95ac474110e907881ae87,16000,85760
518,1587.9371374522354,20.469336819458942,0.42277992277992277,0.0,0.0,False,id_ghykygteyi33.wav,0875569a0c6d184750d65002dd96ac0623a916828295933b2c7128889b21a3aa,16000,83200
606,5531.4276703668465,228.68023245448921,0.01485148514851485,0.09,0.0,False,id_1q835ieht39j.wav,81ad52cc4cde2290a0736fb3c622bf4ecba9974f476f8fdecea6aff9b703752b,16000,97280
542,19749.753021873465,43.02315712408231,0.8856088560885609,2.72,2.08,False,id_yzhsrfdkl3kl.wav,1350830bbdff3988a1ddf5283e4ca6a5c4a6ac58d3c7878cbe4ce1a60382f370,16000,87040
382,4461.272953989702,24.436652637944583,0.7879581151832461,0.28,1.07,False,id_t18f74l6vmbp.wav,a3a3248a89e00c528ac2fbdd856c5ca0919ab7ec05c6ef8d611f230658aae666,16000,61440
395,1692.8914355327101,28.085939542767658,0.07088607594936709,0.0,0.0,False,id_5csagw7engwe.wav,6f2ff488d425833a3cb66e04e37df8299e9559f9e6dc5d8290c3ddb44edf0276,16000,63488
318,4010.2725075735193,29.777634310931738,0.6163522012578616,0.11,0.2,False,id_5ym7luykk2xy.wav,8fce7774b57c1cd9e77cd9ed8fbfa8c1911cdd7eb7e81f55b443dd0f9608713d,16000,51200
382,14817.84102965071,191.29255823054405,0.23298429319371727,0.03,0.0,False,id_7iszpismmext.wav,2cf58c000b2d8cf8b5273451f21ee27375d472888f0fcdadd6e90702f1948af3,16000,61440
350,7599.720288438252,193.83148263733327,0.005714285714285714,0.02,0.0,False,id_isfckkm13lko.wav,708d4f2a2c0cf0f2dca148e534ca99a340f3075679025d82bd86eaf1e7494086,16000,56320
398,1141.8893970083093,32.30237003866938,0.12562814070351758,0.06,0.0,False,id_wci1tzeka1tu.wav,f446eed9aa08e75967e4e4495b76aa3ceea81adb29cbe6e61a2f47f9211dbfbe,16000,64000
462,8937.449858320884,18.63538097174535,0.7705627705627706,0.0,0.86,False,id_fs3xtdik8wjd.wav,8f7fa1ead057a38e529f54defcbcf7f1c19cbabceee771b0c9404ec9980c04e5,16000,74240
334,2387.413838235843,11.587169715771758,0.7904191616766467,1.32,1.19,False,id_xec3x2oeoefw.wav,47e170a6563c1a13aef72bd90b5fb26956255479d9f028e9705b0f3793ca2615,16000,53760
366,1446.056868695004,1.4300306902259279,0.860655737704918,1.67,1.46,False,id_u889nzpu8857.wav,5b5f56d7fc65153a59393381521da0c9097c01864e506f0ada131688d804f43b,16000,58880
606,1795.4609582221497,39.230176958181126,0.0165016501650165,0.04,0.0,False,id_7t9x52klwwnk.wav,e5c32d29f1f7fafeef02c62a364bcf791a6377930cd34cb79429421e5f9a4c35,16000,97280
318,1614.9651079822127,99.68300880480115,0.0440251572327044,0.11,0.0,False,id_qcht2vd1mc75.wav,936dea37db9d0a590426e43d11ce95ddc0361cb55ccfbf69aa9488f795899318,16000,51200
478,1083.5340476883964,31.72662224853142,0.008368200836820083,0.04,0.0,False,id_2026cz7qe8rt.wav,809bbc586029816404f7060a7ac2aec76e6e4a909c6a6be725a434f4427d27c5,16000,76800
358,3016.58323231765,23.553024060683754,0.5921787709497207,0.18,0.59,False,id_dkjcji4ofxp6.wav,53b84489a098560347a9379ad9c0ac614cab0e9c98c67b63bed71dc68c484019,16000,57600
454,2897.9022671580906,26.91796176877693,0.5374449339207048,0.61,0.05,False,id_h4v4dpiy7l4y.wav,0cf155f9125d1b8fb6830598b5850e28875c20224a2a8fc5e44fe9a151799664,16000,72960
574,11958.002244626818,125.39140184859536,0.4895470383275261,0.26,0.0,False,id_xxqyzf12fhip.wav,24b9a702aece03b6b42f56a3b9a4f760d0541b78d021e8c2baf87765d27006dd,16000,92160
390,2526.4757345955254,4.397868781379426,0.8641025641025641,0.0,1.6500000000000001,False,id_hzzzpsqwoq3o.wav,68b61b34aabbad6d291f1298ee14764d0873697f9f1a0ad1df5825152ce984da,16000,62720
334,1647.4204313107205,0.8403838540148232,0.7604790419161677,1.51,0.0,False,id_jjb1v315me3z.wav,52c7b38f4a06c00ea507071e170301d8592ffc245061c741ffb8c00485c562e4,16000,53760
390,2625.1208838832545,51.79367553288249,0.3923076923076923,0.35000000000000003,0.0,False,id_2ia11palltqy.wav,4343567d3a97e9d5e938bbc660479c297873f6e74656c91b387c8c5b7deaf361,16000,62720
582,13972.357151533166,31.534183147169546,0.8900343642611683,1.36,0.97,False,id_o9o5lt1x1ak5.wav,422972778228a79bd39aacf292e8f80673c4ce65093529a28e8fd25a409b3f85,16000,93440
433,4141.601101627244,11.143608033307704,0.76905311778291,1.54,0.67,False,id_solcjuh0w6sn.wav,a5ddc04cde3fbc8daadc6fe7cddaee9e228a882c910a75e3e57b77c1cf5d4492,16000,69632
484,3377.246784364447,51.75446333913369,0.07024793388429752,0.0,0.0,False,id_ghrgzuhl8mbj.wav,35bba49ede31515a9779b14508fa354ae3b2749f878682dde876237154787627,16000,77824
542,5580.643242718531,2.056999143500426,0.8819188191881919,2.06,2.72,False,id_nwe4kmfdp6iv.wav,27e5eb63280b637d064b48e5dc2041e226199dc0da4b6725f7a9998e12562609,16000,87040
334,9232.048527547935,9.698308988791204,0.781437125748503,1.01,1.12,False,id_zqoy2o0zve6t.wav,c66bde5eccf4c6387ec42c3c639fe30ab3bfc9c72f5d3dcdc7dfebe47900806a,16000,53760
478,5885.526232207279,29.34099413222161,0.7887029288702929,0.29,0.65,False,id_hqxf01pc53ur.wav,2569e03f6436be45b0c001ff532ade43100175fffe9a98ba4980616e0dd07fb7,16000,76800
414,1875.2320569732162,55.63013890889165,0.012077294685990338,0.0,0.0,False,id_39eqo7zuhrw5.wav,7a1641dff4271603d34c0160a3dae9104991ddb5fc337b4289849918246e8b74,16000,66560
446,4747.331204213584,22.618410550231324,0.7443946188340808,0.0,1.06,False,id_36t5xwy2dgg2.wav,9a7bb446b4fad4c9af44fbade47bb7f80c6727ec34beb9204bd98d60e6377475,16000,71680
478,6532.400348072674,19.43514795690927,0.9079497907949791,1.69,2.65,False,id_172scgpa6j7j.wav,b22fe098eb482456bbc62b0f8d5be9c9dbd137ed967f8dbabb20f88146cdf8e8,16000,76800
459,3271.39424710627,17.16944961261135,0.6514161220043573,0.23,0.19,False,id_3o4tslbwf02d.wav,edb4ff30f00f7871df161e4be494f50bead68d1099cc8852050a126dfd0f317f,16000,73728
510,3728.2541483917107,61.949017847383324,0.307843137254902,0.0,0.0,False,id_lrduy4kd0l9m.wav,160369b15c23ba73e3db01fb8c3734b695882c1422de918e4303e656f3027619,16000,81920
702,2946.0522241637195,203.83878957257713,0.014245014245014245,0.0,0.0,False,id_pp4ttrnkdkgf.wav,c4afffb32dc1363cf01c5ba2c46d74885c53e57559a6551022a90e6666177550,16000,112640
446,4788.960446694042,159.68151462566624,0.002242152466367713,0.01,0.0,False,id_84ldvfqkl16q.wav,22d9c7522c8088d7c4501b69dbb6e6b3c79ae928e6b7e643cb5d4564561b7bf2,16000,71680
342,2888.044868505335,339.3931058777204,0.049707602339181284,0.17,0.0,False,id_qbe85f3t4cav.wav,91cce22e1478bd4f978ca9f46bb25dac1128e483d62a0f3ab6b5753aaa1375d8,16000,55040
395,4058.9523506688274,16.331181831086198,0.7493670886075949,0.45,1.34,False,id_nflxbdqlkxqb.wav,241e357e723f99b41398c04292ef9ae88315f90f12e5bc8ca71941c75b7d3425,16000,63488
326,2074.0182569109656,8.826932921856901,0.6840490797546013,1.29,0.0,False,id_gasvodh0egsu.wav,0145cb72e43ca0d20adfdbd014d93b19f967953908a1894e113389345e3792ae,16000,52480
382,4824.936149577526,9.31257150346093,0.7513089005235603,0.26,1.72,False,id_3bjfm0pzhivx.wav,8b63a01b8f2bf92db57eca82949238d911917b20b3fdd59da1bfde6410b36e49,16000,61440
566,5223.504129174208,7.7080037934527645,0.8869257950530035,1.76,2.69,False,id_ju5cqfzl8586.wav,db8e08472b1b1fd697f29f9c74d022e68045b2d7548c0f3a3c6cda83c6f2afa2,16000,90880
438,1646.0235774435312,71.5677167160967,0.05251141552511415,0.23,0.0,False,id_hh0ubh21vg5d.wav,eebaf265853cf306552604df4173a6e45c2fefe642d87aecffd8761190744f10,16000,70400
782,4432.559541337262,35.414596358629886,0.6381074168797954,1.37,0.1,False,id_khr4zl9x8pek.wav,31d3a92ef589ed8d49aa82ab52e202a8e639c0874e3086b47d1b795e892f539d,16000,125440
494,7248.43240259575,159.58281335364742,0.2611336032388664,0.16,0.0,False,id_ajss1tkmdd7z.wav,3ac777cba4a59bd9d50c193b5f6093853b339cdbf189b39e21b6fe8b5d030e77,16000,79360
590,3905.165340929882,45.698409927655675,0.4576271186440678,0.48,0.0,False,id_2f202evzhjwk.wav,5f9dcbf1fe77681510051d7b07b7db2fe90e25563b83a82d483a3cc4f33785a3,16000,94720
326,5281.912006319302,18.212730554822144,0.7638036809815951,1.34,1.1500000000000001,False,id_7kalzf8g2hq5.wav,331b644ac5432b45f5b6981f4bba8369ff77b1ce8e5c3ca5e7c8c26bca2f4868,16000,52480
430,6031.488185970357,203.85675444211182,0.15348837209302327,0.18,0.0,False,id_epor36n7bdh3.wav,88be0b36b1fa2077a32b88262cf335fa2d9cc5d8fac301b9f8c93739e3d442a2,16000,69120
446,4827.279178792128,16.44832732228113,0.804932735426009,1.62,1.36,False,id_klfy3aux9myg.wav,8f725a534820258d5b875d3f84105c2580340ccea8ef59f0c1cdced81e5a6f5e,16000,71680
408,3047.5944673627428,12.123782320225466,0.7426470588235294,0.35000000000000003,1.3900000000000001,False,id_mc9o31oe6q7u.wav,2796858536cbfb27e46446379f5b0d45ef8a13ed1d42903bd5a93f7990738ce6,16000,65536
369,3567.882038759129,15.88143570336133,0.8075880758807588,1.34,1.07,False,id_6lcykyju2a1f.wav,c967d1f8433f5091af26f29597983302650203ab1ab568dc654f43e1a71db66e,16000,59392
395,4203.466570284579,27.64163526276982,0.6835443037974683,0.13,0.14,False,id_0jakfzax43oe.wav,9e5196c69aea070e06a364ca574c7c0b219a9eabae08bad6514ffdd8fc1ce149,16000,63488
470,10723.942315095694,18.371713220523706,0.8148936170212766,0.09,0.0,False,id_9ak07reekdi3.wav,c45d6d9a560a30919a0c45be425821a9c0f10422da52de54c056055a8eede506,16000,75520
358,2483.0930031917856,0.8185352771872451,0.8994413407821229,1.6300000000000001,1.59,False,id_nxnhmkp8903z.wav,c8f18b10c6bde06c68b8acb9f7e4e6f178f32019c54b6e0cec9d1fc737f944a2,16000,57600
625,3874.125843980807,48.58775565921933,0.3728,0.33,0.1,False,id_yjvonez9ka7g.wav,ffdbc043a8c3c5474e4b1ff846e53e62947dfe0c19df97372b064449f9183b62,16000,100352
398,6231.295695720112,32.00579706492235,0.6959798994974874,0.12,1.18,False,id_ra35013g0wt7.wav,b1dc75415de0554de3a3aaf0966cb4fc56ffe8410959905584913e304ed0379f,16000,64000
510,2467.4460014354922,158.27082940978198,0.03529411764705882,0.18,0.0,False,id_596447eup9oy.wav,6996d6d96ace2f409ff18702e26c680c6aa2a7f8fc49a895bd8fe1450b0b1737,16000,81920
382,4853.708796374171,5.982891981662419,0.774869109947644,0.75,1.37,False,id_7pof02w7dlbl.wav,1c6b17ab3ef3cb024d74557a78cd04f28e54c3f750a45ec2820e36d723b40a57,16000,61440
350,3385.2923618204677,9.166908589308608,0.8142857142857143,1.49,1.29,False,id_ajws25c9xwdk.wav,e07b31dcc2de1948f65bc337ed1a23d7ee74d4dfed02dac14d0c2495423573a1,16000,56320
486,6478.387411810134,59.88602091150976,0.5370370370370371,0.21,0.02,False,id_cjz8yq10supd.wav,ecbdf8ccf037cb56a13b878c021b1e16c5231fe4e885272969d60f2d95d42db1,16000,78080
1502,13571.002281887657,197.30428511272146,0.21837549933422104,0.0,0.09,False,id_o2569sbuxrlu.wav,ad177c456a95ea758355545c3c7e9143d6afb298a0328505a31705c7d12383be,16000,240640
430,12558.793384119352,44.265275816383685,0.8813953488372093,1.94,1.85,False,id_p8w11anz1gir.wav,6a85ecc8ab5973d23493c2aec48171a58adf0343da8a9fea138960b06ac71e30,16000,69120
395,4554.167048429383,22.17025033688163,0.8253164556962025,1.72,1.54,False,id_v235vddtg1sm.wav,7a9f7210029dc6b66d8f728f60ff55f5063b0ed7249b41c1366bbc786d17e274,16000,63488
856,2830.2366592742737,14.147565016554768,0.6401869158878505,1.6500000000000001,0.42,False,id_ca1e1rlyiwa5.wav,7931b355c47a56d34c211e0ae2ee07dc545de6b77d0f8e545cc05baf2fc908eb,16000,137216
502,4733.326415693302,7.780745465570764,0.8565737051792829,2.0100000000000002,1.11,False,id_4nhaqhmpro2d.wav,7ea59a150091ed8ea35d6a0f9439f2ff5e9b639d1e71d87ce5c1ed5272ee438f,16000,80640
558,8329.717869621996,271.82455558503113,0.06272401433691756,0.33,0.0,False,id_hgxk47sqmr8w.wav,dbcace1969dda27ac1416304cb5934b96b0247a2ca7e718190cf6ebccef54876,16000,89600
374,4064.295213195026,84.71445253068694,0.00267379679144385,0.0,0.0,False,id_rgtqo0juem25.wav,baec8f047ad5c6f54665c0ce1f47822746ce48d7d2ac01fb8ace94536f3c21b8,16000,60160
430,2135.5389220288166,28.781569616742992,0.2837209302325581,0.0,0.03,False,id_uaf1xkdkgdjo.wav,92e1aa80abf32d9b86547635314b0adef13d55d33422c84d42ba19db6e4ac30b,16000,69120
462,863.5282117568597,3.519410421671095,0.8225108225108225,0.16,0.86,False,id_f9j91igsst7f.wav,d5a234eeb7c0543402520dff3efff2f08dd3080e2c765223b5ca777495a2cb2e,16000,74240
446,2258.0715444821494,78.18675014354552,0.05605381165919283,0.25,0.0,False,id_cjr4iqlhz49g.wav,0c2a6663fbebbaff8539534c41f3c2232c49520d88c8ee0f26c8fdd22e752deb,16000,71680
502,5801.692233305728,56.92134114320637,0.5139442231075697,0.18,0.0,False,id_jfsvn2kv57dy.wav,232fefd4906951928e1dc592ae2ea8d8f17dac3b720334ca96ce3f3a057144c9,16000,80640
740,6409.874752676529,13.816339569334145,0.9283783783783783,2.67,4.1,False,id_02yh4h2au53z.wav,4a7f9a27cd8f4878504adcba371ed67a6bc793c0fdce6627740a770a0279ad32,16000,118784
598,7531.48960647892,6.222733391682186,0.8010033444816054,1.95,1.45,False,id_w01qk78vteti.wav,6856139d40816b618a183def8b315a7f4ae543e3d75b53dae189b0cefebd42d6,16000,96000
510,4436.6359696846885,80.33075253327019,0.09215686274509804,0.38,0.0,False,id_3rk92s4rcgd4.wav,76f7833301cef9311a97a80b5e7b90fbf9c4ce43e270adc7d357bbe40988a292,16000,81920
526,1692.7841054015128,71.79418345338198,0.0,0.0,0.0,False,id_1y15yyn3ymhp.wav,0ccd17e19452c53e34438c29857c5afc5a5a618bd91ebe24ac082c5cd9c76ca4,16000,84480
430,6830.433383212225,65.12492282523091,0.5279069767441861,0.68,0.07,False,id_maih0d0aw7s2.wav,010b3b846a5714371472c04762c5b96586360559479a1c51fa51568cb740a966,16000,69120
446,3430.183268427505,14.548840090890417,0.7914798206278026,0.53,2.0,False,id_kdigr9fmz5pi.wav,7a4ad94f61d978994c3e88479bb614b33f0dc44cf92c7b9840b68533ab08ed92,16000,71680
478,9369.177618526612,63.30138490374091,0.604602510460251,0.2,0.0,False,id_j48unplyz5xk.wav,d9d7dfd4feb181eabfb10a4c39a2d712a304944fadb9a8db7201317759fecdbe,16000,76800
420,6733.163962803817,62.99216262897765,0.530952380952381,0.49,0.04,False,id_lk9l4v4n8oto.wav,4e1a5f3ac934583c174cffe19b314f4c0c64982bb59b6a2786d1edd85936cf04,16000,67584
702,3757.6707602582746,49.552664571398026,0.2962962962962963,0.44,0.0,False,id_ungdog8wgeaa.wav,ac6d87ac4a170ec506390475191fd6845e1621e5f317a1750535f9522bfca58f,16000,112640
534,4804.256176558449,106.8257485960207,0.018726591760299626,0.07,0.0,False,id_634gu2bx6dx7.wav,03b5cadacec938d91c65a0159c9f8ea16887b57f7c471574f06b7213ec366606,16000,85760
510,1422.1057274337938,35.991353925414046,0.0392156862745098,0.05,0.0,False,id_92pd0g53n3c9.wav,3f78cfdba6484d039a633a9b47d2915a5d755248f2ba15b948a00173a1e9af39,16000,81920
598,4043.731768428762,39.963310088511406,0.5100334448160535,0.85,0.23,False,id_3oj2j7dal77u.wav,fca44228ff0bfa250cf1dfcd4af09985c514a842c4a3b6e3e2573077d40a02ce,16000,96000
414,5475.851354812327,211.83004645433815,0.0821256038647343,0.05,0.0,False,id_zbfnf75160ry.wav,a66c9543284a3326e7d23cc452a4164a909fb09add5311688f94b01cf3e99a26,16000,66560
838,23384.35864520342,73.40890613365005,0.883054892601432,2.74,3.7,False,id_qux9rzi96eeu.wav,49da998f5ab30510d15798f44a2499dff8ad052b5824a9d79d4fcc553591374e,16000,134400
486,689.1124690498642,8.495413531591957,0.18106995884773663,0.15,0.02,False,id_0wvftak173os.wav,69c7d60107a28db300984188f047db7017c9f59f28e68275bd994c535a0ccdd0,16000,78080
334,7365.346367619109,85.11209242047303,0.2634730538922156,0.0,0.0,False,id_597j4jnuuqjy.wav,bfdca53b229569e89bf4cb3fc4065d37bdba9ba955057df6267158d3b4932eb4,16000,53760
462,6334.712494462555,278.9435845867827,0.12121212121212122,0.18,0.03,False,id_st6776aatgol.wav,267b918370941e01847f89c60e0e58504f405d8cfd58b9263139497885def85b,16000,74240
446,4615.811903934128,73.92626107558439,0.2645739910313901,0.03,0.0,False,id_p2oau0luxhww.wav,7feb4b88ebfd0140f8da71e30d0ac8e62d28d524b0017a794e97550d20a1d681,16000,71680
454,4663.897848634766,25.183534353485648,0.8105726872246696,0.41000000000000003,1.69,False,id_z5idkrwyr29q.wav,99e37540d8a886771ebd274fbcb5fccf81be524f350cc16ff24b640580c3fcbf,16000,72960
395,2515.018267329285,16.293250136176024,0.8126582278481013,0.05,0.71,False,id_wztyx3ykba9f.wav,8f07a4db1201d0f3f4bbd97d6299bbba238c787b743a081eabc084b914cf2849,16000,63488
420,5418.0629303746555,30.58039112566711,0.6452380952380953,0.01,0.81,False,id_u89ydp3i4jw4.wav,0015ce31ab81a51b6feb0bfd66679bcff7714a40c8e97c5816d3af79a3a69821,16000,67584
486,2329.6559515301824,37.69068852208072,0.35185185185185186,0.03,0.0,False,id_xmicfkcwsx3y.wav,2e6864db226f0a4bdd7d125ab3b0aff55a4b57d49f8722061bd2067c0e71e282,16000,78080
398,11875.565449274405,94.55227355010884,0.5804020100502513,0.43,0.08,False,id_s56xvoran4l2.wav,5333f3a133641b919527a7165c14ff2fabea02c95a7ed855799b4c99b3c54af7,16000,64000
646,3079.1673549841357,24.581844004559827,0.7569659442724458,1.9000000000000001,0.06,False,id_6m0z2hx369mx.wav,fe0fa09d031a8235c70fbf9e2e9d1fefea8eeed8ef720871bfda7a9cf88b21c9,16000,103680
542,8115.240655550518,131.97240556738666,0.25276752767527677,0.18,0.05,False,id_ieo1nynohd9s.wav,03ff45b537be4a98d62ac592e2280e2fb1830aefe5505b59d52900e24288c527,16000,87040
382,4895.482762455609,116.60360975444826,0.08638743455497382,0.11,0.0,False,id_6k2m2e85zkr7.wav,0545e69c9e4a926448460fcf265715e69358062db40c65fd96a014e3f4d6d743,16000,61440
838,2599.677854081155,58.68001824100298,0.08472553699284009,0.01,0.0,False,id_h6bon83fm46q.wav,490fffb8b34a0391db3e8503198fd2c48524b4893032518e9d14382714bd22dd,16000,134400
414,5950.859699866902,162.0237286245079,0.014492753623188406,0.01,0.0,False,id_k18jsiu2wqz4.wav,bbde20bbceff2d55df49a4e5986f39c28bae6b90ecfbb5e71de2287032484f4d,16000,66560
470,9689.769855755088,24.98144308858481,0.8680851063829788,1.83,2.21,False,id_14lz38onupm6.wav,8f535a078303e8dcd4530519f6421fed58bb9849f2e5941093e665e532ab501e,16000,75520
510,7503.333577150892,152.30595817152943,0.052941176470588235,0.0,0.0,False,id_iozm8o4cy8l6.wav,a8b48c8b0a2b4852fb3235fef3de2c41af3034bdc14cabe615f5656ecd6da608,16000,81920
550,1556.6190197026374,74.55648267143532,0.012727272727272728,0.01,0.0,False,id_jyxzwy6hqpz1.wav,3745383e27057537286e125d5e3a8cf3332c8aaa4aa4bcd8679418fea7b7669d,16000,88320
422,5873.521169835008,84.53526627046385,0.08293838862559241,0.06,0.0,False,id_v4hhr7mgflj9.wav,ada0377bd00b3231e27db06b5461983f8f829cee81448226323191b9f71d350b,16000,67840
414,3286.3335360246074,21.727608913484,0.6763285024154589,1.69,0.26,False,id_rx7vw6cjk520.wav,93fca4c195f539d189c95d3b7fdd67a3208920c5d8fc9c9faebeb2224971daf7,16000,66560
422,6093.318570573838,27.885052068984443,0.8625592417061612,0.26,0.0,False,id_8ii3xrw5x671.wav,d967954ab8b9be7f5f979ff24753d410505f1b2e2bed90b934e59c4b3a7d89b0,16000,67840
548,3078.4652718521934,27.376483537296785,0.5985401459854015,0.0,0.13,False,id_ismvn86we6rj.wav,94050090a538c56581d85999a822e91fbf1efe2f4d69d05388ec4c1ee3f65094,16000,88064
686,2536.7759972059025,119.07939995044921,0.0029154518950437317,0.02,0.0,False,id_iws4cs9wbc4r.wav,aaec720026e876f2b2734ab0464514d7d07387f6614da7bbf4a38e1ed2e86493,16000,110080
358,2610.7192505131607,86.78001962388882,0.01675977653631285,0.06,0.0,False,id_lmh1r56kmqm1.wav,b8bb9262d9d754f9df4cd039120aea75c3fe7c9d26d1e5ad1e54774c981720e0,16000,57600
366,6107.904944004941,47.1333057805707,0.6693989071038251,0.38,0.0,False,id_qf6siymb8v1s.wav,a3ebe330a813557dec1b36f716c36b7940c8e3ac8ae4d3a0c44c2bbf5d68add9,16000,58880
270,2604.5671852536266,166.38835220544524,0.007407407407407408,0.02,0.0,False,id_r8pi5tvnjr7y.wav,2364469ac782d14d2f16c5978f369232df50929986aa0d3690eced447b11457b,16000,43520
422,3546.1918419623044,121.70493262099177,0.0071090047393364926,0.03,0.0,False,id_sgaub2w8qc7m.wav,333e83e0688be214516bc354dcb97bc6a88e87b737ce1f2c4b52be3056d58722,16000,67840
422,3151.482870411959,109.20589137948608,0.002369668246445498,0.0,0.0,False,id_ty32bi0251ku.wav,cf2eb0929c3cab29ebfaf7bf69ee07b012c942bdc5b272d8dd0703166e737800,16000,67840
494,7307.9466991419695,236.27313732869953,0.05465587044534413,0.05,0.0,False,id_flehbkhti0eg.wav,2aafa478349aefafb93ffebc9406b08fae176ae8f6b33b8d46bc9b1882ff7d79,16000,79360
414,3152.4967105454684,23.196103165238636,0.6739130434782609,0.14,0.43,False,id_kmsqrdwia7t5.wav,1f69f68074646aa72e0d8bebc09336f2dfa102755ab1c1da3c7b7f30d742e629,16000,66560
326,1412.4171258873916,5.778840030036437,0.7668711656441718,1.22,1.03,False,id_h53tg8ngcvn1.wav,ec15d8499e2c27ed85e48563093cfc8da998987d9a55901e17ac784673b8dd3f,16000,52480
438,4509.601332989425,14.786215108565772,0.7785388127853882,1.45,1.77,False,id_dhizjualnvo8.wav,789ef0da8ded167212358f9a9536aa8fe8a409a26263e6756b7b39aca1e6229c,16000,70400
422,4101.940202818661,50.26934352934548,0.3815165876777251,0.43,0.18,False,id_o5lzo8ncu7rh.wav,d2d34b1c267a9cb5ea45aaa64f63859f4e83c11ec4ede6d4cbbe3359b68d9139,16000,67840
574,4432.419624482772,28.308618452060102,0.8466898954703833,1.52,0.29,False,id_slpwkzjay0w9.wav,8dc67773601229cc2e1a13d7f703bd48eb72ecec61d775a709259c726f57cf9a,16000,92160
278,928.3655866629266,175.12695610993188,0.02877697841726619,0.08,0.0,False,id_ejg9julgwcxl.wav,a631011a9688b83b8c065f3d1c460551b0fb87bf12ad9acfda6ca777965437ec,16000,44800
398,3967.2926432896274,27.664326089133347,0.7361809045226131,0.88,1.1500000000000001,False,id_6onfy14u6ztv.wav,43d7ecbd3320cad4d9822d0aa53829299266cb008b4eae16e88028941c4cf63a,16000,64000
395,4891.091450790917,23.507339279467594,0.7924050632911392,0.58,0.06,False,id_xbhxfpu2auxo.wav,e9d180e179bbe7805df1c1fab9d6b8801718369ad4b641333aeecfea7f109b70,16000,63488
438,3085.9693165195276,97.14411911312945,0.02511415525114155,0.11,0.0,False,id_pbmx3ng14f12.wav,35f4b2f39688e27c17f2d29cc21b355096b3cf22a3cbfef68a9468dd77071f81,16000,70400
518,12341.211756954825,255.1804664821068,0.032818532818532815,0.02,0.0,False,id_glmx3wv0suxm.wav,9cd0e7b5bd1be254c272f8d21dc07b473dcc3f2149647c29dae20107dbfb2e77,16000,83200
398,1100.3178154515176,8.569194074522848,0.6959798994974874,0.3,1.12,False,id_pmg89uvhzz7q.wav,a08c8d291cf3240ebb326ba994d1c5d8db2327fa34061dc34ad252c41830147b,16000,64000
430,2288.1738865304796,73.23501913665494,0.02558139534883721,0.11,0.0,False,id_xlzbiirsq295.wav,99084d08aade4a6d5b596818cf7c650375fe0dc389851756f6e25c94ec051867,16000,69120
398,8499.64301206233,201.98744037860047,0.035175879396984924,0.14,0.0,False,id_pk54wchc7mk7.wav,8a3beceae9f1cda161eb420c194e478ee054201173d0b22830c60d0381b54048,16000,64000
438,4576.467078708203,5.996351818174007,0.7488584474885844,1.48,1.43,False,id_sf2g4k6d2k7c.wav,6f4764303a937dfd8b6c863f0a793b49dc04e812630e196d7e029e13b583fb3b,16000,70400
459,3949.7949203091543,42.667669259053746,0.4662309368191721,0.33,0.0,False,id_9i9azhs6u6dj.wav,79bb2d00cf6e063cf8126e5bbe55bb1768e158ed947631107b5942b6edd2c3b2,16000,73728
438,2296.002357359417,187.4598708026732,0.00684931506849315,0.03,0.0,False,id_ypyewm9khlq6.wav,d281081e77afc80a9486a01e661bdfb5a5bc96009b0212b915086fb71268c38e,16000,70400
398,2077.0395969985743,47.38211753412705,0.24120603015075376,0.0,0.0,False,id_340o949reb8z.wav,fc0d0a05868e1757c856981628def5745c8ea3e4b979aaf162cc0dadb2d25a38,16000,64000
462,5149.350499577592,29.512712073271572,0.7792207792207793,0.27,0.18,False,id_ilkmfbcv2rq6.wav,0d79f70c9db6cec2ae895f943c3cbd8df7d9683d50dbd8ee52be5e9a52f42dcf,16000,74240
398,3726.8529357891225,14.323403060001667,0.8115577889447236,0.8,0.11,False,id_5prc3lwxgzl1.wav,fcd3f4b9d6c2829fca7854380065e426c53266bbc644c85db2ccb5814502485c,16000,64000
454,3725.15109827776,14.212588058812072,0.8788546255506607,1.54,0.96,False,id_rh60wbu37m4e.wav,43217ff253b936996d6155450b46d4454e9b183ce5c7fb681f549db586cc3f6e,16000,72960
318,2555.598093402012,69.05026231164504,0.12578616352201258,0.4,0.0,False,id_13wgoppzfqb3.wav,14ebe5ea640519955b0f59f061901e5c994d9bc2b6a93da83c84f82d2801105b,16000,51200
382,1591.9952677379415,6.398144243563371,0.8219895287958116,0.1,1.82,False,id_erhi4t6tp394.wav,6d5cc8ffcc2bb13b74006865632d0513ba50f447fbf5a2d2a503a98c2fcfd33a,16000,61440
430,2267.251624765103,45.711472363760876,0.044186046511627906,0.04,0.0,False,id_w36i555nl4ww.wav,5e6fdb7106b9357fbd1454dad3c9a7ba5b16bca898e9356ccf5b2a33d8553b78,16000,69120
614,15678.3919533382,43.96370562744843,0.8876221498371335,2.58,0.4,False,id_m7mth6eiulae.wav,a1cced04becfd9c66f28b4b02268389a6639a1f1cbccbbd007e98bc7312ddbc1,16000,98560
406,11328.51113463283,136.06404733005047,0.3374384236453202,0.09,0.0,False,id_uqsbtcg0wpt1.wav,69916bd5657de3814b2afaff482263992c631008c1445cd1cd713e412f738002,16000,65280
342,1684.1502226642374,7.92053743762811,0.716374269005848,1.3900000000000001,0.58,False,id_4xvr6mnh173e.wav,c341659a76398a3666c284b8279655e725e7c72e27fb5450096830c53fc3c8bc,16000,55040
374,9310.30358675269,14.242232208017008,0.8101604278074866,1.6,1.43,False,id_jhr81qgdnztn.wav,098da514e999d7d71f2de320a8cef369ffc0fb96c24eecbf231e3f99acf90d6b,16000,60160
302,5000.0234816948605,19.7865377429648,0.8443708609271523,1.29,1.1500000000000001,False,id_bh7qgquar3i1.wav,700d41bbeaa04fbcd4941383c0b7b93cf3dac81fb21b8476e51dd09965e0bd0e,16000,48640
406,4690.461746726009,73.24987396163931,0.39655172413793105,0.0,0.0,False,id_7c1rifwlr08j.wav,cbc3a020f05dc4a92a6df751b580793ac8b6d13d15ec05d99db3d39ea995aed6,16000,65280
326,3275.166340050532,23.794877601646714,0.7239263803680982,0.42,0.0,False,id_ggnk24fsgmcm.wav,7261c014894cede404cbac84d36820ccce9434928eec8fb8861b052a61d7738f,16000,52480
326,6235.9770110625,261.73426396385446,0.003067484662576687,0.01,0.0,False,id_261p2v0a2s2e.wav,bcc9145d9da09b072e0f305e7dfde61a7a619eba0c125fbde2f1685f0a42d858,16000,52480
950,1260.755006930371,62.16268857220808,0.0,0.0,0.0,False,id_x8zq6vko7xab.wav,458f9c8f1598936d31fdd3e0fa9451a679516aa9aebc905e3a215a774b73432f,16000,152320
294,2084.397062102132,125.13692201455962,0.023809523809523808,0.07,0.0,False,id_385q2v9dcn68.wav,439548e602f45c36935c350b23a45e0000895dcb4d0f712c26017c8764fb7190,16000,47360
518,1796.7295372425979,28.212211927940757,0.138996138996139,0.26,0.0,False,id_je1lzuhwo7ug.wav,f939d8f5b4e00c793686129094bae6cd5716eef113b8b5251fb1406c68e90987,16000,83200
350,1687.8499533430097,0.8440971508067067,0.8571428571428571,1.47,1.48,False,id_rlk2q99qj786.wav,1e15aa2831b989e2003bbdc0290567ee752f754a8bff05c814aead7a0eaaa349,16000,56320
390,5241.712186394823,81.81351816313816,0.23846153846153847,0.07,0.0,False,id_wgwri94sgyy1.wav,99e7f1b0a079a8aec125de163373c55018cbb7aa968c6a83ae93ea65b676e42d,16000,62720
502,13507.331250010122,19.888219129734168,0.8645418326693227,1.31,2.67,False,id_fea72rvrhn38.wav,c56ba369c6867d1ad9ea4f6594f6f58e028251f58e02f2be80c69676efce58c7,16000,80640
414,3979.667778533781,23.662820489918126,0.7270531400966184,1.68,0.11,False,id_y0yr1wzqrnc1.wav,b2871506355421a466bd783effd7a02ce99ed90bb19551c4012c1ec5df1054a6,16000,66560
446,7112.1313832422975,27.577352725745413,0.874439461883408,0.25,2.12,False,id_tdzhalnp8pbv.wav,a0a5d4fd6b6d828db42afb0e612b76ddadf031620c7968b783fd56e93de2239c,16000,71680
1222,12502.526954580022,313.6303929347547,0.019639934533551555,0.04,0.0,False,id_poszu5k0wknu.wav,bfd8533554a6b69d72376dd09af3b248dbb0213ee7c575847c42887866f10d5a,16000,195840
934,1319.1903748132793,10.558112974201082,0.917558886509636,0.39,2.84,False,id_6ar5dj3ebsum.wav,7ad244bb39fc14545c80414c648ae0a304491e9b193bea8628407d2cd26f6eeb,16000,149760
430,2460.2367665531706,31.278659246687198,0.34186046511627904,0.13,0.29,False,id_j0uu2dx8i4qr.wav,65b6ffa2278d5f46ee24ffaf2b32b1f1450c6fef502a1fd751ef26fb97577d31,16000,69120
625,1861.9778711091064,17.280480317398588,0.6176,0.0,0.1,False,id_5ux5nzox3dhj.wav,59323d281f7b57f1b8ae01c52fa2f9cf8b65c412b7050bb64b125da19c6561b8,16000,100352
420,4716.508111940443,15.732838004886398,0.8428571428571429,0.84,1.29,False,id_4izq1cxeamkh.wav,ab04854385cd61cca7125af39c47f73d689edb87bc12bd100abc5a13a5a45c80,16000,67584
438,4572.7459567529,7.054872265298792,0.8812785388127854,1.6400000000000001,2.21,False,id_9n5hetpohwsp.wav,7d54fadd515592c031d7e9e7e6161b057c2387a6562cda9859c0a5fbf9a6fd7a,16000,70400
510,2251.68062400066,4.230389252453817,0.8568627450980392,1.85,0.01,False,id_arpzxwhl3714.wav,47ceeb79992b9fca5cee074820bb3a766ffc0454d1bae87762ccafffdd1b2af6,16000,81920
606,10727.641230951005,62.97879124532011,0.5973597359735974,0.02,0.48,False,id_q65izqe31eoq.wav,19b2f9c86665e2212dd8b718b931cae975dbe1bd546e6a196ba58eaaf20162c4,16000,97280
358,7750.3307381040195,65.2405526079533,0.6508379888268156,0.16,0.01,False,id_0knj7xl1b47j.wav,14b79ab6a61c981be974d3a15ab06c13952e914a9f0ba42b376d16a0769e41fa,16000,57600
478,1556.7359217285377,187.58351160147436,0.03765690376569038,0.18,0.0,False,id_7e5vu6pd6lkm.wav,73de7e7d607a2ddcafd7f0213b426f1d15f1e47b2bc0f74f383fc9b881baae84,16000,76800
462,4970.966563707706,268.28905584473387,0.06060606060606061,0.28,0.0,False,id_0ob70n4arevf.wav,31fd00fd8d8903be82fd90c0f825bf675e5a76ba0733314b7804631ec2c3cb4c,16000,74240
398,3130.870006084571,100.83284094304247,0.17587939698492464,0.02,0.0,False,id_mpllng5tdj7q.wav,8c94dac0fd83a783666b9465f9282a39356289aa0170163f551b5c61782c4b22,16000,64000
395,3753.2610887067262,13.817199426801366,0.8227848101265823,1.59,1.6600000000000001,False,id_660is7g565c3.wav,a947cd643cddba48296cb9dd858345e79317a46236bdb05d6230b99482283f04,16000,63488
390,2028.517755653127,47.97624760898512,0.03076923076923077,0.0,0.0,False,id_ao6sqm031m70.wav,2d92ee4d00d96fdc1d102e18584e7d2ef18a3b02ed6515d578c7597fbff02d57,16000,62720
478,7962.309747491616,16.443956389288587,0.8430962343096234,0.0,1.29,False,id_gfhus61l6300.wav,84ab668d100355dad91d218d711045739abb42047df0e38b15f579b562a38c5c,16000,76800
462,8540.46167824082,205.16203553803803,0.049783549783549784,0.0,0.0,False,id_m9tmesm3zx7a.wav,0c3ba7bd7e08c58f7042a724a8c75419069a66735f85835ac839bffebcdda857,16000,74240
518,8285.172299355036,93.97959905506863,0.49613899613899615,0.12,0.01,False,id_dietxzcwpeut.wav,f6281e5f42d6077a5438c060690655e570cd4af6985d41583fbaccbfc382c215,16000,83200
470,2112.391223826685,23.44181458487666,0.4,1.68,0.0,False,id_qibuogfz57oe.wav,8e3ab6b8569a026cddda6af4212d834d4fd0f66cda335db2e6728b2dd10c1c74,16000,75520
420,1397.6454056734133,12.909433068256137,0.5404761904761904,0.24,0.61,False,id_k8jsyqs9zjh8.wav,aa2845eae7dc4e745966f0b092ecf51b58eb2966966ececa5dd03b6586d4ab82,16000,67584
766,2335.301321029044,20.86830631528296,0.52088772845953,0.51,0.59,False,id_sevjnb1kbt3d.wav,7d1d35912c4e89e501fdbc4c077ec3c457c883a6bd3a934f15323b4711e16655,16000,122880
518,831.585808861599,23.756265890137612,0.4015444015444015,0.27,0.97,False,id_j4u9jxt3qows.wav,6f1bff9487e7e0b4e3aa8e9f0ea653c6a3ab1ecf6a296e3f3b65e8f315434fb5,16000,83200
470,7325.39655087013,124.27715226996943,0.33617021276595743,0.11,0.0,False,id_upptook8ny0m.wav,912219d0e465e11f9074baa666636230ac0f4f13cdc9aa33ad48fcf35ec2582d,16000,75520
374,1258.2934425244375,3.6477730962233768,0.8181818181818182,1.6,1.06,False,id_xi8w5woehel0.wav,9bae86b1e629e0e179e91ef8350fd6f84f04719d4d5ed411a47c9ed5bbfaced8,16000,60160
614,7263.842070488592,86.42039623425926,0.3729641693811075,0.35000000000000003,0.0,False,id_tgngyxhsdqb0.wav,d9d58b96c2f2369ec8a8466bd58057623f4ea57f4ba03059ab0b9d884fbb0da9,16000,98560
438,6694.685657669073,47.444764877628444,0.6301369863013698,0.04,0.0,False,id_m1v6l6xxu4qr.wav,5c846a4e1f037d2e157e5c59a2bb8f4ee87177da5fffc57ebe9322b9fd2ac8c9,16000,70400
390,2199.601610519505,6.02949877006472,0.8871794871794871,1.68,1.78,False,id_lpckfn0jmlp3.wav,15070af971db3bc1535a48d418e2d4602f39e7cc1b8b89b84a02d2704fcc44c2,16000,62720
374,3647.0192801793632,4.075228658103544,0.8422459893048129,1.52,1.06,False,id_8tusxl6mau8m.wav,59a1a8b167b3906ae20ff0053665dabe4de1b09d255a0b68a4b825209cad8526,16000,60160
462,873.8580934568266,32.18006443115556,0.0,0.0,0.0,False,id_4x7u0i132hsy.wav,9bb496d05073c2610faad8851785339714ed9d46d7dd663cf4a45ae6e505cd7d,16000,74240
390,8720.912688474757,7.969627962733757,0.8102564102564103,1.57,1.59,False,id_jr5jb638ithv.wav,6fc84afc7b8c2cb0664ebc7c38c9e8c2ab1a6c69681dd7150d54c9dc49ce9356,16000,62720
566,7414.4780982885095,36.16340746183711,0.8586572438162544,0.18,0.71,False,id_ytf30g86rzs0.wav,2eb972e568ed20184068d27ce129657c555aa3a2030bf51bdad26285ed90006e,16000,90880
350,8901.014977096713,208.78441914269513,0.03142857142857143,0.0,0.0,False,id_ug62m8m2bhwz.wav,c356352560773e140f71df3498e94f66ecd0301124131b5add8bfc767bcb79db,16000,56320
430,3684.5890727461046,51.94589351883987,0.2069767441860465,0.15,0.0,False,id_zcn6n6b4j6t7.wav,019beb4f28c56b2d91a521c18483bc37250dfcd800f9fe5ffaf830aa2db234d2,16000,69120
420,6905.727461317888,25.541409879089088,0.8285714285714286,0.25,1.77,False,id_ngfknlut9qlh.wav,a381d03c1112c67843231e47cb588dc452dcba4a095df0ad02a8ab6ac9970970,16000,67584
342,1448.2068429613223,7.009069096913332,0.716374269005848,0.34,0.29,False,id_t0i0gqcro6fd.wav,75062fb25ad7e1f6980d53d6419cb34544c33caaa1fe5e6d312e735e19c5fd8e,16000,55040
406,4388.149935337215,82.69825596984009,0.33251231527093594,0.05,0.51,False,id_imvf7j5djhfy.wav,8dd8d2f53d8b9f6577bf35a7160eb566dd38000d691d3307abf59ab51d52700f,16000,65280
454,2574.2214094751057,21.199591757875247,0.724669603524229,0.19,0.26,False,id_756zyn35i0aq.wav,0a88149d9f5a04855bae660fd1e2086e4aec6836d5d4a52cabb26092b797afa2,16000,72960
374,2017.0280650005839,22.018069477566478,0.4625668449197861,0.07,0.22,False,id_kpyuqxodvomt.wav,5ec95f8a81ddaf3281b2753ef10972e2c9f34ece20a3e224885f1d23ab7ec37a,16000,60160
446,4836.908301539321,35.27559125187729,0.6434977578475336,0.49,1.93,False,id_h7fz8fuxx0jb.wav,802770378fc431ae47d682336973357c2f5affef860fd88ba0427836986e653b,16000,71680
318,5763.015300821264,104.76499234482827,0.3018867924528302,0.03,0.0,False,id_5x0ht0zjmu3l.wav,314f547617a66baf1deec75030896bd10dea899c1c16143c813d715bc831a47e,16000,51200
622,4203.902498572012,37.526335901969844,0.6189710610932476,1.02,0.25,False,id_9algfkobymge.wav,d8f0ef5391d118043224dc8d54d366e0450482c07ea5c324f67e096a3e4c8236,16000,99840
414,1073.936338895374,5.192780993457836,0.7874396135265701,0.19,1.47,False,id_n18aro100dmq.wav,8c8fa5f138e8cb7ccf37966faad222fcee7210c394022f18af916f69edcd65cb,16000,66560
408,4431.285959233504,25.988529706177566,0.6985294117647058,1.21,0.1,False,id_tbbzxy9n6e72.wav,c36a3040348eb6a45960a152c3df816894f640640d4b7856f2000a32c3455e94,16000,65536
406,1994.455142388517,144.01698250607677,0.054187192118226604,0.13,0.0,False,id_n7szgr5esy13.wav,f92889efa268d7dff8eb9a39c67fdea946f9f51fc21986b0e6ef4f4ec9809c07,16000,65280
806,1734.7570680069298,93.42702705211704,0.022332506203473945,0.18,0.0,False,id_qg6p4zhexyrs.wav,872953954c2f916794870c23f5d905166bd41adcdefc9291c99b740bfed85096,16000,129280
382,8783.44670715887,154.35536693197872,0.4581151832460733,1.62,0.04,False,id_a8htpzcodyha.wav,0d255fa442cf102e079a57ccef73172eccc6d95ab0a99a49ce5c114f89da3209,16000,61440
422,3957.9292745702264,168.5973786763336,0.2109004739336493,0.0,0.0,False,id_3k3kl3r96mou.wav,d8abaed2f9c66b82459824c02e0ce9714d0f19964374647f9d55418f649e16c6,16000,67840
438,923.0250294547814,15.254289058859289,0.23059360730593606,0.02,0.01,False,id_cpl3c1bxg2u0.wav,fa1ad768ba89ab8cb87b2a8ba0591a33671090ab746c9fda9d657a6cf773cf34,16000,70400
414,7795.609606214257,35.60432003014287,0.8429951690821256,0.49,1.19,False,id_61a4qi5zhlnw.wav,96eeccefd783c7d95cffcfc6619245e8c2acd82e3472508cbce4d2265c158597,16000,66560
638,6795.187392191624,32.02441175543843,0.7304075235109718,1.69,1.1500000000000001,False,id_tzm32rr48n5w.wav,fe65b669162ba778cb15487f5736510a729b5209adaa87e42bf6533ac98e08fc,16000,102400
356,6944.729765080856,77.01395256703086,0.45786516853932585,0.36,0.06,False,id_jsdrswtj3udn.wav,9677a81d5c7def874ef7934d8433cb50b2830b8f4d4ffa5ea4192cc218e91bf5,16000,57344
1150,4035.0487416510846,6.336106719084013,0.92,2.59,7.890000000000001,False,id_fdsizrw8s6aw.wav,f527afe6e24d541fa85cae27e09d2366db1f2582c841e173ac9f2634077fdaf4,16000,184320
470,15765.383527605663,34.039123400929235,0.8148936170212766,0.54,1.18,False,id_0itjjnswiixc.wav,d790a9e76703ede2d06c363a0e4ef7295e2e16b8d855189480c28c6479389f5a,16000,75520
454,1953.6131129269172,90.88867382501462,0.01762114537444934,0.08,0.0,False,id_fu4oeu8yxagw.wav,f0ab62f2125fb676377e78ce7d57bcd76932847b12f04ff5664dab271538007d,16000,72960
406,7750.7036098344,15.820888956057544,0.8226600985221675,1.55,1.79,False,id_5aept469ixxv.wav,ec4bf736d34b3a3e30f5173861175387dd395005dae994a5fef98fa515df5826,16000,65280
374,5182.708283802977,60.584415249825454,0.3850267379679144,0.17,0.09,False,id_daou7rpax24t.wav,5b396e10832704ba553a8f66a791532091096c3a12df5661b4ec22aa52c5d27a,16000,60160
438,2501.137402762991,15.208032887201359,0.6940639269406392,0.14,0.5700000000000001,False,id_meaomzzggp3b.wav,7b667ebe45dcbd5c7f16cd0e21d4ca90f0e4fd43d34e5f85848313c3cc97315d,16000,70400
430,5407.775303440409,15.951376619562534,0.7651162790697674,0.24,1.78,False,id_0zmmsigc8qay.wav,3e46cf2afc749d06a3f0762bc0466b0dac4533ba74d7ec2f5c7918cffcf77ade,16000,69120
430,4464.34577877879,11.141644800657819,0.8209302325581396,1.06,1.26,False,id_3muewbqjgx97.wav,3b12d1cfeb49fd62a3040c183b570f699aa7a38c53fe6e031a70cd02e5bd001b,16000,69120
523,4117.541587525256,14.926402781648363,0.8910133843212237,2.7800000000000002,1.86,False,id_cjhhxujadkd1.wav,fe37b9ba715a845cda5f400866e8cc9d94ff9ef4763099f387455638ab68a69c,16000,83968
494,7477.302236936795,11.952038824360608,0.8299595141700404,0.32,0.58,False,id_snlc878z8yxm.wav,691394350036c7f90f5a13bc04d3ba242adb88c3bee0fce40834559fe3b895a6,16000,79360
430,5130.245816966279,75.49902404830348,0.11627906976744186,0.32,0.0,False,id_hdmkykank22v.wav,c87ec9a728fea8e1638b7c5e885c9d161330179a9c7d7a9373a9a6c943adc156,16000,69120
342,2032.2298713482194,144.8783919759648,0.011695906432748537,0.04,0.0,False,id_oec7fzpa444h.wav,38dbe15642f75965996ec9981ef3262bb1b76ee74bacad3a202c8a2ca8a57356,16000,55040
414,10990.366744335695,12.51178409652431,0.7898550724637681,1.5,1.33,False,id_8wx1jiwdu9cb.wav,d1fe5e958f5ec8f73ce48c755337827252b9e16d7ca2dae7197681ba2b3c25e1,16000,66560
422,4056.951420401778,29.38744504931931,0.6398104265402843,0.08,0.05,False,id_4qz9309xnmut.wav,ccccfcc861f67e5d906e80fb7a67882d785e4e7870967ab5753a1a5346d6e6c8,16000,67840
420,2653.8852141718567,18.59931437847418,0.6761904761904762,0.9400000000000001,0.07,False,id_0hbpuk3vsbh7.wav,68bf2e68021776c32f2ba917b6c853b086e0ea2d3afae19ceabe740f3292c23a,16000,67584
462,5270.236852836882,26.01286922460456,0.79004329004329,0.29,1.8,False,id_3ueye0th313i.wav,6da04f04af36b9b7eb5cb82e25c8be980c41bac8787a7d703b7059db3c13f8cb,16000,74240
462,5825.555551833661,120.2472746130514,0.3051948051948052,0.43,0.0,False,id_hr94bh5q9wez.wav,0b57ae0313e1b89bce89adc0cf1b488fc7beca8907d1d6d1c18c6c806a837f5c,16000,74240
510,4276.467010278461,25.739340844047007,0.6980392156862745,0.51,0.54,False,id_k8u4moha573y.wav,66403f722dec22d11799d784bd596978ae84ef59188fcf4e603ae506e46bba91,16000,81920
638,3305.363605944133,35.27376779612893,0.4717868338557994,0.78,0.97,False,id_4u9ga349wjbo.wav,6520e5c0c23bcc89c7852036087315cea95d3fb6c5ffd624db717877fd2bcd1f,16000,102400
358,3806.7281742330906,9.638648486260012,0.7905027932960894,1.31,0.36,False,id_hslf9h2g3c31.wav,609ed52f550196a910ac0466821b1437997d77c605cc3bc00833a4b51df8f212,16000,57600
446,5311.636920950075,80.21887230897843,0.39461883408071746,0.15,0.0,False,id_swh7ynisx48d.wav,f7204b69b54623b3cf19ea7a925d59a193fa7a598b09bcd26736bd7b399b5527,16000,71680
548,1997.8819822502028,17.311844917674662,0.5894160583941606,0.0,0.1,False,id_de8vpt1smqkr.wav,286981e1859cb20cf190affb206cff2824313bcccc688c1c2b762b72e5158725,16000,88064
638,3511.4151805219503,31.476778070808226,0.5532915360501567,0.0,0.37,False,id_w4v4hsy9dg45.wav,c83eb48f494eced5f82989a6335463b236b4ebf740cc6601e5d15cdf00fff019,16000,102400
558,5898.347250289694,31.47120822454565,0.7849462365591398,0.72,0.1,False,id_a6f5bkswq8hs.wav,a71edd81ff7a756bee8ee7b411fa0b0b399f1afcd7decdeb00a75a3863c3dbe0,16000,89600
446,2638.4229740509763,13.664368548600567,0.804932735426009,0.0,1.5,False,id_v52asgqtlu7q.wav,4b08d69c60c7a254dfe60b4ee11733f7dd74b0cd7ad2deb232bd1d1fa6dc9885,16000,71680
366,1977.8445553177328,207.62739983589108,0.09016393442622951,0.33,0.0,False,id_yqn812fljnu9.wav,b497b6a9b52c917df7401ff5cb47b677b80074deaea0ef5bac6121aca27076d0,16000,58880
950,4756.355856903476,117.08306856908203,0.04421052631578947,0.08,0.0,False,id_qgi3xste6ghf.wav,6ce75ae11d874e1715f6f63651be635549bc0ffde1294ff902adb92043b01b11,16000,152320
334,1967.35564908839,34.78647351233825,0.0658682634730539,0.15,0.0,False,id_6gmf4f3o7aig.wav,5108ae50322b48870b7855492e5bf4c0c0cc4722bb6bc5f5f9329fa56b72510e,16000,53760
286,46.663556443974564,25.54903321953505,0.0,0.0,0.0,False,id_nt2tl73rh373.wav,b784468ccaf9eb16fcde8dcda9c53a37ae9e6c60893056d7efa1de0232695dd7,16000,46080
438,4516.584861374798,60.97910349725525,0.18493150684931506,0.14,0.09,False,id_wbha58xz7c3c.wav,be8514a291fabdc25a5e406cc62aa32ee7aca7407b7f7c1fc3e6d76ca5537d5b,16000,70400
470,5576.780696557827,8.185352492660543,0.8361702127659575,0.0,1.72,False,id_dgjhqldd2su6.wav,81e01df49d3eb791fe7b3d8d83a0e0bd278be4ac2e2398aad3e3de863b7bcbb3,16000,75520
646,5597.96405870027,24.41990204898883,0.7089783281733746,0.34,0.43,False,id_flddeq4k3v5m.wav,e11afa0b47eb541ffaf8c61f4dcb0e2813680b15620f42c859ac2e0f477a0198,16000,103680
406,5178.1442394935275,18.151317806403537,0.7857142857142857,1.55,1.6400000000000001,False,id_86fusq09iz8g.wav,6fca168200fec296d78f62e69ee9d7b472241e011708f4c4094c74d1d5133d52,16000,65280
406,4799.241898466882,48.549214253874524,0.49014778325123154,0.0,0.02,False,id_0tuabdgr711r.wav,3aa93fec3c5aa2f4b0752771ff18b95476d732563c834a342a7a1a99895a6391,16000,65280
518,5146.806064444239,174.2984629274681,0.03667953667953668,0.05,0.0,False,id_w5y5kqevftf0.wav,f3a7fc0aba3f74c428b6fdaa8479eafb7c22ae9fffeb856d7716196bdbe2bbfb,16000,83200
534,6620.25079037796,123.44549210721708,0.27153558052434457,0.01,0.08,False,id_xkxu2i1s1o02.wav,8642ae21d69049901241159ddd49fe7b9598f761d49c6d2e53bd34be1b5c8eef,16000,85760
462,1632.2053401762905,22.2510951650478,0.3333333333333333,0.19,0.0,False,id_1sp9nxhiq692.wav,d849b0fbfe6a22b8d8aba72eaa0a7e1f11054691d4507d9415adb6e5c866c85d,16000,74240
1166,3770.9222887113438,14.109305206106908,0.8542024013722127,1.9100000000000001,1.12,False,id_41xea6fn8t1c.wav,070aba7e0edee0f7842ae3d215301f78b9aca7bafc0e77e1768a0a6c09aa2de7,16000,186880
694,3642.040518720241,11.035848288668475,0.9034582132564841,2.27,3.56,False,id_z6hnmu664s27.wav,094934a05ffb353b9499bad18a08d02993fa79234c6a7634a80ec6811ce8204e,16000,111360
398,5434.311136657525,13.152281154134343,0.8693467336683417,1.82,1.6,False,id_t1gxyt89ob1o.wav,29ef6464e599a94cc12b44d6ed8229a23ccb759d3399111d1eced6f74159cb57,16000,64000
446,2406.9642986550507,8.198551442995312,0.7869955156950673,1.83,1.58,False,id_et9ywncc14ze.wav,85128e40e2c10e0e8030a324091240582cd549a4c67dee6f93da36429909569d,16000,71680
486,1694.9389856275063,20.702319782073374,0.2736625514403292,0.22,0.14,False,id_fbe9wuv0fxz5.wav,a1a026330e32a901ae9c2f46d9b9bab9feba62ec7045131583beba741ce39dc3,16000,78080
326,1630.023344924851,27.968485600108878,0.44171779141104295,1.28,0.0,False,id_i1dlon0nyll9.wav,8f260d577f68fc2d1130b6ce184dda3bd3383a15b9a9fc7ab464e8c53325054e,16000,52480
750,3438.3239717920706,44.05868244996057,0.3626666666666667,0.84,0.0,False,id_hdw2qouh6s5o.wav,a47e25ac62d63708af658d0ea70674d27c9289f53d595938629da5d0d0053aa4,16000,120320
326,4989.655500382767,174.8024280556836,0.03680981595092025,0.03,0.0,False,id_qbqgmrgv66h7.wav,9984c9500870b14b021e3ccf5ce1db2190d650c811d2fa05c878197101230c70,16000,52480
430,7894.988902620446,25.347350347875945,0.8558139534883721,1.35,1.81,False,id_k4sevc6lbx15.wav,85e81968fa2c0a21f27c5c5cb14b79b249713755ef89dfff879d0dd3548da25e,16000,69120
398,6537.28774129608,38.87785462517313,0.5904522613065326,0.05,0.64,False,id_n96zp5kqmiso.wav,de7753d248d552d826fe811609299a71d0443919f297c398c7816426a77e8d33,16000,64000
270,1125.169758303164,229.19375938072966,0.02962962962962963,0.08,0.0,False,id_1lrlnjt5yat0.wav,acde2e8ba27e51d2242b669f93838c0e37dc12a0a796f99e9905b04caa76612d,16000,43520
574,5589.077025323591,16.826649151250848,0.7909407665505227,0.2,1.71,False,id_e12cioljm5fg.wav,19c12f3a70896d2827f8afabce559b9001df0836e01eeb5215cfbf9d2d4e8c1e,16000,92160
374,11549.268368602403,70.79409199146701,0.6978609625668449,1.34,0.81,False,id_pwovq4goavqf.wav,746350225ce4d89d99ecb8c24bda6cf625deec09fd168c53042feaf1dc047da2,16000,60160
566,7830.924375512766,43.73844132957859,0.7561837455830389,0.22,0.26,False,id_p97ok5mxzcps.wav,54487a72702a7d51ada29fe096a7532eca90793eba8ff9398709b471a164ea58,16000,90880
484,4997.948933062442,31.82732718010701,0.7107438016528925,0.2,0.1,False,id_t4xbvwqx3qdu.wav,c4110824f8d754d3ab718c255275a10a30848c5f88e6fdd755c3a0fbe4a5ce44,16000,77824
486,4045.69021058212,18.981306516368516,0.8724279835390947,0.68,2.84,False,id_iibctj967t32.wav,d5062895972c2d33233b25cec6e7dd73649fde5319274097257313e2aba3e82d,16000,78080
974,4872.885315960145,45.23690190030241,0.6211498973305954,0.0,0.05,False,id_wj17bv5a18i2.wav,c85b82ab179d471fd5d31d0be312e83c35d809fa6472e981452c49de3a8dc51c,16000,156160
566,6300.67251926332,104.25853926005927,0.3763250883392226,0.0,0.0,False,id_5xep74er3b29.wav,e3485e830c4a7d9a55ba49952db2cf07726771102e06e6a947a98cc1259bbf6d,16000,90880
406,8849.173582035783,9.53041051063838,0.8522167487684729,1.71,1.75,False,id_zj21n1bb8z2a.wav,3ea02b76d429ce489feb2f15d48f0d7b0351ced0226eadf7fa236b15f6e9a40e,16000,65280
638,6694.843692350106,157.52753156192506,0.13636363636363635,0.01,0.0,False,id_6fdpysbf72mw.wav,88c2addda5c483a9bd4310cf26dae76ad05f55880b27858954bde73fab95ba89,16000,102400
430,7091.186767036954,139.71267006269457,0.27674418604651163,0.02,0.02,False,id_cphbes68fzfj.wav,62b591845a944bf2338176110fa403c4f8d03df49c8616498d0834913a2f1e79,16000,69120
430,5934.201187817953,29.31405699061821,0.772093023255814,0.28,0.33,False,id_e8eowdx49hg4.wav,723e2b157354921968c4abb690feeb36b7dc5ab98c2278c723747b4d86bc15ff,16000,69120
374,6930.058392611133,144.60782922481258,0.029411764705882353,0.02,0.0,False,id_8kriy4cqm8kf.wav,23e5d3dce907bbc9da59c236889fe2d2c8c4444b6bebca28bf282ad374005be0,16000,60160
358,4352.380022757664,16.761248406388034,0.8156424581005587,1.31,1.52,False,id_dkx40zcxwf33.wav,a4b73cfe85a8b7bab243eb134daeccccaf1344fb61e11fc0d808bd7ae4edcfb5,16000,57600
438,5183.8341406241,71.99578280043534,0.1461187214611872,0.1,0.0,False,id_pxty0t2fqbyp.wav,75f7d127bffeb946b45cd915f21d7eee745babfbc50b11039f2923808bac9b4b,16000,70400
574,3523.6886372805416,9.292537316488964,0.8153310104529616,0.17,2.74,False,id_h0afn7o8hno7.wav,f37f5bae456f1f4e92161fd79211f05466693f024c7817decf3b1713646f6554,16000,92160
446,10815.066692928898,23.524933270124357,0.899103139013453,2.21,1.8,False,id_1w5ir5qoyi3i.wav,5c10d7e08db6ead1157489f04a707a9c1a7e538cdd0a9f03dcf7a3618f8a99be,16000,71680
542,13524.947215701066,56.46297267139157,0.8154981549815498,0.97,1.6600000000000001,False,id_mrwa9fv0qu0s.wav,4bf435973e441aa6f4b6a5b6e2e051b14f7ebce5efd4d00b5bfdddd0d4a69b93,16000,87040
433,5683.1157132333665,41.47092354891557,0.7413394919168591,0.36,0.0,False,id_pn3841u3rbpo.wav,9affcea5379c86b181d2355ba0b7723f69b11592ad34c28c3d7a7a64a09ef005,16000,69632
686,4528.433161425704,21.415093561133972,0.7696793002915452,2.0300000000000002,0.51,False,id_g419eeqs1bb0.wav,6870d587e76a36b831b593a4db28f5de529bb0b133a707f86ba371127151923c,16000,110080
334,6189.877288363639,354.18948126791713,0.011976047904191617,0.0,0.0,False,id_krnj764xu7yx.wav,c53dc77e411c6e367e547266ebe2c0eefeb2e3e427409efb536ecd581dc77fa4,16000,53760
438,15886.959246658877,79.27792187525439,0.8972602739726028,1.6400000000000001,1.08,False,id_u9d8r4b9igf8.wav,51ac95b495338e4211587f5507a161cc795aa249788fe09c95c7d5a1892e72f7,16000,70400
374,6289.849778412836,5.333615149853591,0.8716577540106952,1.48,1.58,False,id_vb2o1oewmngb.wav,3f557ce63e8fe20a41a51ef3035541cff6ad3f1c6bed3157d4c4ed8820dc57e4,16000,60160
390,4112.7596607995465,29.947474848606547,0.7512820512820513,1.42,0.87,False,id_bd8xqn7cfod4.wav,f28da70f1f1f736200019e412a4cc434fce235a3871a5d16cd1d8135fbd8afad,16000,62720
334,3723.8380828790073,155.8951396711891,0.011976047904191617,0.04,0.0,False,id_5m2yibfhn7ss.wav,a38ac06aa2cee04eaf4bc6c9e4c9ab9dbc506d34e21e06b660cc465bb04c5d5a,16000,53760
422,2687.822278816068,19.417629675744372,0.6303317535545023,0.11,1.19,False,id_996icxksn4h2.wav,cff07cec3388e4ce6ffb79d8db41b4c4b4cd53e0ea8b57bdfa8d7628dfc21c5c,16000,67840
462,2962.442688053222,13.99245312286825,0.8961038961038961,0.0,1.8900000000000001,False,id_rlau1qiqnvm2.wav,27e90912d2dd3ec2444795ca50deff40b45e523a27a69d87c6df1217731bbcb1,16000,74240
446,1297.2543486147965,18.943830759617466,0.06950672645739911,0.04,0.0,False,id_yrcl5gq18chk.wav,cb2f7602078bf600775d6e5bac261cadb549b364e5f339667137987d068b01e9,16000,71680
414,12728.422155259464,109.29459210777208,0.6111111111111112,0.0,0.02,False,id_8z60pkg3baky.wav,46e345204f333b4e1d223b518891142bbb5ec01ea365abdaba410531f6ea3e43,16000,66560
566,746.6689360084562,41.39657292021177,0.0,0.0,0.0,False,id_hb6qwucth9b2.wav,3a1ce600163c058e742618890969b4112a79dcbdbc32d30d5e39bd28c434c480,16000,90880
366,2432.7569925909165,18.733481473056223,0.6857923497267759,0.36,0.36,False,id_zrcaxt5exauo.wav,a799f88052e24dda8c370fdf5603d0fc54a1c0ec270ae557eb7709947782b368,16000,58880
326,7091.95212635421,79.66574353078339,0.3098159509202454,0.13,0.0,False,id_um8apj5nb2dd.wav,c625df4658996020e80c9f64251386baf7c06f7443be1ec21a4009952b59aa87,16000,52480
702,6023.201304123912,2.628450102904634,0.8874643874643875,1.79,4.26,False,id_70bh729tyncq.wav,ce981cff80e8b5a62587d413ee944d8784269c6691e1a424beb49f6629f58693,16000,112640
350,8889.038053130384,155.46166091418115,0.18,0.04,0.0,False,id_xip0cthgyhk6.wav,77a71b14a634c3ae566b7f25930a5f1c4fd14ad726e5be73b08550600bd01886,16000,56320
302,703.4405802909014,72.58479976875398,0.016556291390728478,0.0,0.0,False,id_z4ju3oaexhpl.wav,1aa213808909da389ce60a6c9b78dd3f8c4782d239b5b13bbad1157dd709b0e1,16000,48640
438,2983.526068262183,3.90640415816352,0.8561643835616438,1.8,1.1,False,id_n9hutmr62qsa.wav,6c53a57550acdf391028ee90bc0e95420de841e1e01de99c848a5cb9cb987d52,16000,70400
395,2983.472266504249,25.49122398002889,0.6126582278481013,0.0,0.0,False,id_beqpnbstt014.wav,bad42e5556e0c0e9fef6e0bbc54158c66d69d6833866ac129fab36797c267e46,16000,63488
1142,6435.021462473921,50.256417492227634,0.6777583187390543,0.28,0.0,False,id_b2u2cogk1h6v.wav,c1e2051affcd8ed34664b6812563237a71d88cfa2e32f0ad058ffd43e45bc7dc,16000,183040
398,12072.093852973478,17.62733862941234,0.8844221105527639,1.74,1.78,False,id_37rxy8ilejyd.wav,59ea7f8465b2a4c68023bcf804cd98cdf4beaa8cba2e4a4a03a764056c894bd0,16000,64000
366,2584.975952015802,9.359794313995485,0.8497267759562842,1.52,1.59,False,id_chc9ydmytq5i.wav,6c73f5a507a11e5c46416537ce8b8191c5008b1a08b5220bc3a4bc8cb5590045,16000,58880
438,3562.8957517025387,93.68091438649631,0.0182648401826484,0.08,0.0,False,id_0plej5f4lbcg.wav,3e4aab17729cb1de91e159a208a8c8b5bff835131b3b992f7616ce7042718a3c,16000,70400
302,9604.919635530534,29.71696583820715,0.8609271523178808,1.3,1.3,False,id_o9qs0yr20nqp.wav,15108176d2fbebebe8f1898c2d70011fa638dbc7ea785f7a9fe9aeaec6ed6b00,16000,48640
590,4723.821327326003,31.812673159720593,0.8440677966101695,1.62,0.0,False,id_2lpkjo7vgfxc.wav,55f9091a4ae348a16390bdbaf8f0324ff3352b5eb16e19768db6bb5e85eee9b4,16000,94720
502,1778.9367807766525,33.50933055680737,0.09163346613545817,0.05,0.0,False,id_hz5i2qubwtii.wav,9e8de598d439c68938133f094cda77e3211f082701adc24788dc135056aa5881,16000,80640
486,4503.049206371167,163.8995186794426,0.0,0.0,0.0,False,id_2r4129830v9p.wav,444f17290b2db1868bed375775ae5f82bb1be7e24918cae37163a395bc7fc1cd,16000,78080
502,5006.5845441278625,255.48807427378918,0.035856573705179286,0.03,0.0,False,id_u4fwyx3l8010.wav,df764147f8f50a85c568e0860437252ae58904c9d99be6aba4612c803489905f,16000,80640
350,2080.211621446241,21.119575343995876,0.4942857142857143,0.43,0.29,False,id_ynr0q6778lyb.wav,cc59ef8626495075292c1c1fe273d691bb38e08c84d9ba98defadd2bc5f7251a,16000,56320
350,1682.1472936398882,45.919863831596714,0.014285714285714285,0.03,0.0,False,id_jiz09p5ucmlu.wav,1dbf92e59977bb0a93891ca860157b8cf596bb00662b2039d621941e751cc5f2,16000,56320
342,2859.902222104805,28.377315465309,0.5029239766081871,0.05,0.5700000000000001,False,id_5f8yctjj7al9.wav,4c7ecccf0a2957c50f3916031fc43881712ad27f53cb5a2a20503c637e531d27,16000,55040
550,4476.018921150803,66.74751150636769,0.01090909090909091,0.06,0.0,False,id_4w2kcae9ppr2.wav,10f59a4fdf7769adc85359dfcb9f36bb4237e7af4146967f55aa43d9d5d4d07a,16000,88320
470,13740.306611207772,127.32283957423863,0.625531914893617,0.26,0.11,False,id_bo3q87mwjvo5.wav,ba52d7096928c79680eeabd753648171573ca7aff6b8a8bea842c4b1f2f44990,16000,75520
342,6689.079581115776,43.87540579514216,0.695906432748538,0.8300000000000001,0.42,False,id_w33nxjq309ps.wav,d8ed187291f7ef5daf1d1b8b78bed533bd26e567f7f130da8c24308be1898bfb,16000,55040
446,10492.178458142045,90.7335394061489,0.6704035874439462,0.0,0.08,False,id_rmmdv487kr37.wav,a393a6fbfd92d4f37e234d459570d4f7ad5502ce17d47e239a4755f054d43e59,16000,71680
798,5892.469402763158,340.094053847592,0.0012531328320802004,0.0,0.0,False,id_tj4g0fqiu2c8.wav,b0b259e2ac0e2fa44c2085fe2a9eb35d34a46ad76c5c8a2a04d09ab912d81464,16000,128000
558,11761.246109787857,30.0248852648934,0.8781362007168458,1.6500000000000001,2.99,False,id_ywaknrt9lzm3.wav,5b9b2763f781a8441fdd161e35e9d6f19b7c97134406faf92eb55cfe27a4e355,16000,89600
334,18114.560379222567,14.296239703400062,0.8682634730538922,1.42,1.48,False,id_ebwouc9dh9ai.wav,e6e34e541b18ff748d044fecc47d7618b077072d7080b108d11ed3a05773b66f,16000,53760
654,2097.7480073879224,70.06980354789206,0.0290519877675841,0.19,0.0,False,id_g3g18bt9ut49.wav,0b8715949302e9dbc551d92fd2a5db18c50be10e12957a552d8fa11bb2aa2f28,16000,104960
366,15550.271566117422,18.752782372147834,0.8060109289617486,0.87,2.08,False,id_03gbgoj40xmf.wav,624276714d5cc396930c1bdb95e096d8d7b05d19a34499a84a915b9574f8a9d6,16000,58880
398,2363.00188108262,32.7842686958127,0.27386934673366836,0.04,0.09,False,id_sziahp5dpvtl.wav,33d6f46558f9b86306e794bc323b5e3a7777d071a031ce1d2925fe8053eef408,16000,64000
433,5150.327916987422,25.487742151865866,0.6905311778290993,0.15,0.16,False,id_n1si61ujqiis.wav,c363e4a92be7582afe0d9dab5be3bdf1917764538cf81bcd421aaa81c9a65cdd,16000,69632
342,2125.31840202827,12.455413778613828,0.6695906432748538,0.51,1.31,False,id_p21c4arem1k4.wav,6255e1214f51f07c520a3a321f58e473945c715b20af0a46994c6b36085630e3,16000,55040
422,2380.754442923503,15.131131100161104,0.7630331753554502,1.77,0.66,False,id_yd1av5i3tv3l.wav,a9bdf5bba6a8a0b597c8c9399dc3d6833b827075bba2f5ff933ba852e313f503,16000,67840
574,1249.1792345376223,38.811191484493406,0.0,0.0,0.0,False,id_44jsl0vpt5b2.wav,ea5c4f9b4ba22b9298797c11351390fef2c290e9fa680cfdeea6996c60f92c44,16000,92160
414,1726.195108468333,13.260081179331058,0.5821256038647343,0.04,0.02,False,id_e7wjk4tjr06l.wav,8a912368b300775555cf4cb52e7fbcf0901f0535c4aef2ef21f5ecabaea302d2,16000,66560
406,15597.043892193162,69.14185192218133,0.8817733990147784,1.75,0.0,False,id_vdabkaxbjinv.wav,a0519d7cbaf0cc9b3c67221bb9762925d8c1b274b27d6fd1ca3692f35d960254,16000,65280
534,3527.310252515364,154.2508897376057,0.15730337078651685,0.15,0.0,False,id_e5a5b7wxosay.wav,13b6fadcb66ac6863471aae8229a61b8a284d89bdcb63575bb46b720521d20cb,16000,85760
326,9402.983366331135,17.234073427522432,0.8650306748466258,0.27,1.46,False,id_ckbanly9aqvj.wav,4d3aa39828d98b6cfdfe79344997131d23f4e57733f6356a3bf73fb3133a8b8a,16000,52480
462,16647.696033986205,87.11811547324672,0.7943722943722944,0.17,2.11,False,id_8mn0mera5yjd.wav,495bff47226ea0b997de020599f56c185d01aa6ad69fb431f745364346d98d17,16000,74240
534,9594.075811796569,79.23132268443342,0.5730337078651685,0.19,0.97,False,id_nx1rxa4vf5th.wav,27e5d956f470722c677a9f715c176a608c5be0cfa31163af2c50cd4e795fdbce,16000,85760
694,1288.9281108735274,41.33038917680283,0.08789625360230548,0.0,0.0,False,id_ngup57bbw6q2.wav,f3008d6f0f9a864f8891fc58129ea3cc4492708bc0fe8fe948973e74f6d34e77,16000,111360
374,1627.965821969245,14.537404243910395,0.5508021390374331,0.28,0.12,False,id_gz425viwawqa.wav,65428168c33d7abd651ae6d3188bf8d2879857690c0c5cef967d8df7a9c194e9,16000,60160
326,9337.61387587857,147.40541010806334,0.3098159509202454,0.21,0.0,False,id_ylehl0vdhpcd.wav,0b62e689f9c6e11db3811b112bda25fb130f563afb3b27166642020faa361006,16000,52480
395,4535.056400421057,13.872815143293737,0.7949367088607595,1.62,1.28,False,id_tzmivhyc0xyv.wav,c9c78300b5daa767218b19667584fe476357a63bb2a582afd572d0c5cd2b4a43,16000,63488
395,4094.68737970312,14.997749831224683,0.8430379746835444,1.56,0.5,False,id_8me3g3wgerd3.wav,49b91702fd18bc43c3064cda37ad23b3647a49f9867a38f8a95dd7840f89a176,16000,63488
574,10302.305908023698,45.58848520769574,0.7578397212543554,0.0,0.45,False,id_nzl6ftey14wp.wav,18e7609e19e3b0fb5ca96c78b1fc092872fb8868e361046ef46ee51a3e84b429,16000,92160
486,3005.229613523732,16.08659978371668,0.720164609053498,0.75,0.0,False,id_vlncix0q7p3z.wav,214e1258524ca2fffed543605955a824701a1e056be6a720229424b76849fc02,16000,78080
518,7627.838117219059,30.27937801763683,0.8474903474903475,0.0,0.87,False,id_mwbzcltd42po.wav,9b9afff37c5d031bb03a5edb93a2f5d194e465c326e14169eb0d8b7e3263a024,16000,83200
606,2696.2470616581113,70.77664871751085,0.07920792079207921,0.05,0.0,False,id_sp7tx5oxcxql.wav,40d62350a34329703b1ddd282608329baad10d2bdf15f72deded74b9c7905e6f,16000,97280
470,8901.762695668764,61.65829481037591,0.6148936170212767,0.08,1.1300000000000001,False,id_t80o7sz4xdp8.wav,9ebd65f12aa0f47956e42935af987dab8b0a91046e3fa24255f2633b51e88ee5,16000,75520
430,10068.199938295822,44.24559228324184,0.8232558139534883,1.73,1.05,False,id_smtkiilr4v28.wav,68aafc13ce13e672c7c2f7217f38f3fb7fd25e9a1acbe52538181cd5af4babe4,16000,69120
494,6781.558556851072,9.262785899717986,0.888663967611336,1.62,2.18,False,id_e1g9u2cb1kdk.wav,f9a81bdde8a3d78c60962bdc7b1d11dcb8de1110922ccb4929f8ecf096528bcd,16000,79360
408,2819.2311172551995,75.2850566528004,0.09558823529411764,0.29,0.0,False,id_cr5s0vt9yfyp.wav,1fc00cdf3394c17e5e014c1b8e143e3564f20887ad1f94645085c0672ed04d9d,16000,65536
446,10062.6148841889,73.79285914828495,0.5986547085201793,0.26,0.46,False,id_jnfwif96wx9p.wav,3cf0da82f4ac952d1c5909f75da3a8f74a7c34a99c907a82aeb58a3c6d1c1ce7,16000,71680
790,5509.365786095528,13.913997979976623,0.8974683544303798,4.87,0.5700000000000001,False,id_g09dylquxayk.wav,5d8699f09c66a77b52c4a58957f54755cbe30e118f7b8a639dd61e6c46826fe9,16000,126720
342,9226.181254858371,170.0152543467559,0.11403508771929824,0.05,0.0,False,id_qxytmbyg50t0.wav,2f68c1cd0a300f34c959fd662c415d39cf363c2ac9269ea3fb2dc6210c7b86bf,16000,55040
446,2125.4747757854007,48.860924136493495,0.02914798206278027,0.02,0.0,False,id_hdkh86n6y47o.wav,dfe51b521ba2f10c6e7f9a5d5ecf471e0d0c95ffbb5345edff7f8083cc809d59,16000,71680
510,3047.5915240563327,29.09217989825921,0.5254901960784314,0.14,0.01,False,id_6uzw3xtmxl51.wav,362cde65ebeb4dae2142cb1eadbb016ade34c79aea08fa5bd7bd3128eb67a2f4,16000,81920
406,6246.85484724113,67.266791793656,0.41625615763546797,0.14,0.0,False,id_l82f23dfdno2.wav,49281fcba4f92b9c1d111c035deced69c133f3d6d748d50d5c2abe76111d9650,16000,65280
406,3907.0909114071046,262.6484171568419,0.012315270935960592,0.05,0.0,False,id_06poxcfxishj.wav,b2faea6dea6b7d80752a7e43d9d252a59a33e8e9481f9c4115d55b74cebe36f0,16000,65280
422,9262.32158762046,30.63014844692698,0.7962085308056872,0.09,0.37,False,id_8mjw8pfqfpz7.wav,533c53e17ec3db83f5f3e8aa159087a2264f1d7858022901597c4314e28ca2d3,16000,67840
358,1300.9388821155283,0.8381527307120105,0.8798882681564246,1.5,1.6,False,id_gxac79scauyh.wav,ce445df6d02a81782f4d2897d1d0fbd24eb1950f2be4d0c0467c352c943a14c6,16000,57600
270,1296.323033622407,124.10149380624003,0.02962962962962963,0.08,0.0,False,id_g8niq1662n07.wav,191f67230ba4caa04f0b057cf6056ec6ac517a16b573141886adf80b8917974b,16000,43520
430,6428.423754117334,290.4463531166824,0.10930232558139535,0.25,0.0,False,id_m4voy66nxi6l.wav,88236a79e018bc6da79194def211653a6f3b4ed0ef649ea7f5c55455f8ec9e57,16000,69120
598,8987.182110511614,226.64292262737715,0.15719063545150502,0.0,0.0,False,id_dbhyt6c8sg9z.wav,091796ee01a3534ff94437dcf3e5d95faddb7fb88b82683cc68b3a9af0f8e711,16000,96000
558,4502.4296546420355,84.6206689277145,0.18100358422939067,0.3,0.0,False,id_hse1p0a4v6h7.wav,a735dcb7e51030e16e22200a41775985ddb577071bca464a2c940ec3ce09c26f,16000,89600
462,11756.28632423947,3.233225891226474,0.9090909090909091,1.6500000000000001,2.5500000000000003,False,id_b7354yonq4qg.wav,8967a9b115c6f6d229424ee784981f675c5d7c0a1c14eb2d50d5f076907934b1,16000,74240
622,9161.856278478723,378.12662137913856,0.02090032154340836,0.04,0.0,False,id_xt313vl14byj.wav,4303dc44319ccafb2c79c74d94f14b32db8d32f62af752bf6fbbeec37418c678,16000,99840
486,2428.47618322684,17.903421253648144,0.6728395061728395,0.18,0.0,False,id_nfh0tlk17jna.wav,f576f7bcd5d2689686310885c505f831fd21a8a3c716749e516b2aeafdf65c93,16000,78080
598,3771.1482021395022,35.719112199747784,0.5785953177257525,0.4,0.0,False,id_tdq5nsp5nqkd.wav,ff489860ae1e5cd163c904794fdf2c8080a407ed85449c6c6ec6cf6f728746a0,16000,96000
548,4483.876254425405,252.7036245915843,0.0018248175182481751,0.01,0.0,False,id_9w9iuirwru6o.wav,3f7737f365678c649dff42a3b5adbf5af3c444bfa4cc6f840ae1b68c56561539,16000,88064
472,7441.971589740181,83.60426632991195,0.3241525423728814,0.0,0.0,False,id_d70n2ic961re.wav,bcd8b9d297137340a8771e4c18f057c07c8afe2709eba69f086ead9a815c116c,16000,75776
486,7427.903465648971,13.711945860418485,0.8765432098765432,0.85,2.38,False,id_7so7re7zmheg.wav,8c762df9f3afed8236aff83ee7c201c2f8f9e090c84aa7f21cbcb765a9d7cb58,16000,78080
454,11932.37395711767,424.3749784756736,0.02643171806167401,0.07,0.0,False,id_7jka4xxh9dej.wav,967478103bd5a87c7acb73bf6594a08c69ce23920714d2d563ae8c3357264a91,16000,72960
382,6769.841531749469,23.70168355201976,0.824607329842932,0.09,0.04,False,id_ez958orqds5u.wav,2c1e72814ce0717f586c833bc919e0b5f78330ff2cfb09b469aabc9670eceb11,16000,61440
398,3316.5455586347675,90.7531670493894,0.1708542713567839,0.49,0.0,False,id_a7j8s6x5y9o1.wav,ae2de53122a8f508f4adec8bf4578e43fcb58758f42b1c2eb06aa2b27c98633f,16000,64000
334,7563.220475928228,104.33242351435459,0.41317365269461076,0.03,0.21,False,id_c84hg0o9hvmr.wav,81e202be90427765b8d108c734de31f5dc3b6fdf894ec8275c6c7b9cba3cb543,16000,53760
382,4374.887871420249,19.54603193820249,0.7198952879581152,0.24,0.89,False,id_18p1yuzdif7j.wav,eb8e636977c2fdbb78078ce76f9f984a3756dc93d0f81b6cdc3f3eb25443c6b0,16000,61440
462,14027.676550662265,134.45594087843756,0.538961038961039,0.46,0.0,False,id_975397ruthla.wav,d1e1d7fd115a059bcb5383da3ebc1c4534016374f51b5a47c72064d2a123eabf,16000,74240
318,6005.988057971811,119.2403264684965,0.2169811320754717,0.01,0.06,False,id_5enu5fefig4g.wav,5942aee915156dc7e3704634b12d549ff7cc742f6c2f71672dc4e8e3b795e11c,16000,51200
502,3935.1665920898445,38.28367798372592,0.5318725099601593,0.19,0.0,False,id_cnhza1dbtb7j.wav,765a44f282290458ab0815dec90cff0dfe6d2d41fc690c640f76e759b71f7e2b,16000,80640
366,5461.518920364554,31.941967047237085,0.7841530054644809,0.09,0.19,False,id_dwpscsrrv9t3.wav,cac6a4f8d8b0eecfde06a65d21d6557ac7b858c18926e87e84e8619f2845c42a,16000,58880
358,3099.1021356999513,33.27028960939289,0.4776536312849162,0.11,0.45,False,id_xkz8z5pvctcd.wav,a220c0f5e394f71b71b7d6a97f5e46d209986392a119552ee2a7d60180bf0f1e,16000,57600
374,4499.160365557112,50.26594208818853,0.47058823529411764,0.47000000000000003,0.0,False,id_h57ucmv86cmm.wav,720901f6057a71dbf9927f751743bcf2b442c135d47d3e483c2e64373267efdc,16000,60160
494,2072.612809354415,19.017415090949143,0.611336032388664,0.24,0.23,False,id_igdyf7ms42ul.wav,2b615a5b5191092cf4b946ce48f85d0aa6a6c544cad3d0d4bab7b6cd2143c433,16000,79360
494,6039.401646479559,29.24454963103438,0.8137651821862348,1.54,0.31,False,id_w187d8zbuq4k.wav,5673fbbb0764347ed1aabe061b95927dc2298cda7561724220b3064f8c84c3e9,16000,79360
598,6688.4359608581135,28.56783769451545,0.9063545150501672,1.48,3.36,False,id_qig21eszzha3.wav,0a04c961bd53debcd4409b786b7de07f4f00c79dc000cc6cb1fc8674f925e449,16000,96000
459,5822.796290013931,69.97554930116662,0.41830065359477125,1.3800000000000001,0.0,False,id_7tteeikfcebl.wav,fe1aebf26f3700fc2ba78c3e0abcc00412b6da8f9271b6de8de88b4ad46f4599,16000,73728
622,9243.151307725087,35.25496358583676,0.860128617363344,0.0,0.21,False,id_xxn9im3phodn.wav,db6704ca39bc4dc8700fd75979a832991e65b0226c99c99b8c446cdf8fb0051b,16000,99840
470,3580.424471693266,14.243682213085927,0.7893617021276595,1.69,1.6,False,id_zj9j089zbeu9.wav,c1e24abb266b1ab530614be28b4b5dd0c8264e41008629392ca4af78e28536b3,16000,75520
534,6278.299652772238,186.32994761758647,0.16666666666666666,0.0,0.12,False,id_kr078ru2ybae.wav,65c1816a9d98dd2a41b8e85b693dd60518212c573f45d53083832764a6807b85,16000,85760
526,1804.7016782559936,4.009675494396266,0.8231939163498099,1.81,1.1300000000000001,False,id_vzlk6benugxk.wav,9d745b8d1c3e9f243d0048acc9d4db9f620414fa37110c0b642b6866f19eb96c,16000,84480
358,7352.195643989624,201.82273545735197,0.061452513966480445,0.0,0.0,False,id_lvxwr3nxmd66.wav,c68078756dd4a163a7c2fc85153762035567be13ccd1daac8aaf9adc1eb72258,16000,57600
414,5683.828958545463,46.108506709748,0.6473429951690821,0.42,0.05,False,id_e0dnfv6ggbzh.wav,c876a2eb4e46ffea75c146c35081fab116b945648ad05dd890fb99b4fc01f514,16000,66560
1054,8297.179274910239,165.5816163964024,0.0683111954459203,0.38,0.0,False,id_mk4t16i1t7mm.wav,6fff2e053fed6cbdb2ca4416f0eba7773a4fc137b66dfe1bcf2710825cca8e9c,16000,168960
478,3887.5017890671124,11.164216621860875,0.803347280334728,0.09,1.04,False,id_qms4q15m1iz9.wav,825f6b1b2d2f8bdaa3dbe3b5143cda31ea61838076695f7f3938937bb05b6260,16000,76800
395,4097.289520524514,26.708378835114647,0.5924050632911393,1.58,0.01,False,id_d0se9m96zne7.wav,7dafcf8133516c793d23da80b18e0f9250d9ebf9c36c26f59e330cca278c146d,16000,63488
408,5917.23673748989,33.74614686964002,0.7132352941176471,1.46,0.12,False,id_dbwqpm0viykb.wav,30ce9d1bee1950aa10b73a24e397b28f2a2300670a61973ca5409ae355ccb197,16000,65536
497,3518.621805835347,24.796723573891775,0.7062374245472837,0.0,0.08,False,id_999i01g5vky9.wav,c40d3b2f497114047e5c9b62e363d6db2d74d68747559929aba9bc8867ffaafd,16000,79872
614,2731.4125654137274,74.28070886172682,0.029315960912052116,0.18,0.0,False,id_p0oigtbidzfe.wav,f1dd0d522d1ad8fcaace170c00008ae9bc3028d399b3bb5388ac90424cc741f5,16000,98560
518,2919.3184474291256,8.603778161314075,0.8243243243243243,2.47,0.0,False,id_nz096zt4us7t.wav,a6ae6ddb7dbcc911a3d8a860f7f10a6eabf9f74d867d543fd215319a5d0066ce,16000,83200
638,7798.393521424781,18.31205564083554,0.6959247648902821,0.25,0.43,False,id_8h2qqnmzu34w.wav,ad26d28a226502c5607f2cf8522437556eca96b680e186d523fcf40db62b7a41,16000,102400
366,1555.0940582485678,3.7408219193382815,0.7513661202185792,1.43,1.2,False,id_37wc2c4doc5l.wav,c56fc9e47339b0d65553013aa8b41cf72384a94d5b94bf00e1e539c8d74ce7c4,16000,58880
838,3074.9579680054167,40.65422672306957,0.27923627684964203,0.04,0.0,False,id_mljjb5fvar0t.wav,9e18b58e79cc29eb7a7ed2f44057fc8b9f940700fae7b21205832d9d83ea6554,16000,134400
510,11307.847748356005,121.80063500062991,0.43137254901960786,0.0,0.01,False,id_j5bzocizvzla.wav,8351079776859d98c484a729912c7481c0750587a246f928536e664e53c64391,16000,81920
478,6155.6560998808245,46.67554881402108,0.5732217573221757,0.0,0.0,False,id_dotrv4vdeqqt.wav,cc5d157c42dd2f2ee2e9b6d41a35a8ddfef9b1fec8e70f755cbc1a8b2e887f0e,16000,76800
430,7542.037961983485,7.3097535157936075,0.8534883720930233,1.6,2.07,False,id_f6jh8j9k0fhl.wav,6532cca432323651efa76b0aa483f76179fae65cb3a1591f9353fac3ec434637,16000,69120
430,4239.070464441467,42.976170405726364,0.48604651162790696,0.24,0.0,False,id_9mvo2k0n97bv.wav,887a22d3032759bd63657ccb6ceeb5579338cf2085add4de10ab55ee5e201ebc,16000,69120
350,6131.1095482383935,26.761682273428214,0.7371428571428571,0.7000000000000001,1.22,False,id_m3q0uzr8ge1w.wav,7a51beaf8f077a0c9c684068472afad4ae1024509acbbeeca4965f2b237ea40b,16000,56320
414,15365.698451420943,20.995855662123525,0.8888888888888888,0.09,0.03,False,id_1pt4ceg6frfw.wav,748c19113095520b5d3aebc237f5079a0182ece258a5ef41cb4d88626b8aaf07,16000,66560
430,3750.7083917574823,96.72777026486459,0.12093023255813953,0.15,0.0,False,id_3ly3rgl0hkel.wav,76eb488228188cc2e1f65a485428e352073d4593b5b7a7d8569db3c1353bb79b,16000,69120
422,5417.721285512941,48.81771124780964,0.5687203791469194,0.21,0.4,False,id_ki0p49d51f3j.wav,b7694b0bfb290e713e02bcc6fdf8d9dbd1417844b1e4a14dc8171cb0038cdddd,16000,67840
534,2427.4810261874345,26.301512327400445,0.449438202247191,0.13,0.56,False,id_wascz07tt9id.wav,460906d38c4204dc26e7943d1487b91386364dc5c189704776291cdf8585f2bf,16000,85760
358,6796.654820571661,206.42875912762608,0.11173184357541899,0.01,0.11,False,id_t3u7yaflc1ko.wav,554383e47d84d45683dbbb42b2e09f48b2243438c6ab6f327252be5c7af89e54,16000,57600
390,8861.027786605795,48.570936827731984,0.735897435897436,0.9500000000000001,1.3800000000000001,False,id_tbouclvrl4cd.wav,963f94bd248598ec7e79475f4ff1809d3426381d09b794273a8fee04fd7aa2e7,16000,62720
366,3958.33722382265,96.90414200678211,0.15300546448087432,0.07,0.0,False,id_vdiuxb9j3ucx.wav,9955e8edeb882b9d42517fa77370b6180efb884c08285346c9c0c85f45336bfb,16000,58880
358,1205.565018984874,7.787650279936825,0.7067039106145251,0.0,0.51,False,id_inb2lg66ekbf.wav,5bdd96dd03689bf9b3c2c647d7ce74b4a2070e06db7cc5906e1cf18d20f6e370,16000,57600
430,4165.449055924223,14.920078710274275,0.8232558139534883,1.52,1.95,False,id_e7cz4t8zp3bi.wav,17ef1f7e6a1d6b6ef9f195e51bd429f4eef0f89a376f9d5c9387f70a8d8db121,16000,69120
395,3206.342070802802,16.366199925456122,0.7037974683544304,0.0,0.5,False,id_eocs2nc026xo.wav,1a7f8ae4d2bf652de227fbd3e1bfb9957fc21eb96b0d9e581a70d05637b873fa,16000,63488
846,2073.8244893191904,20.32338099918416,0.5130023640661938,0.48,0.43,False,id_sw9a948kzikb.wav,7937bdbdccf09d667f2597af5711f4769dedfb261e4b1354123846c15415fba6,16000,135680
484,1278.205387447573,31.61448646070569,0.03925619834710744,0.0,0.0,False,id_yvpt6g2adoh1.wav,c116820735d09cb07e33a57777295da8fddc615eb0da4ee95b28487289ba7f42,16000,77824
454,6426.584818354147,15.355656026082109,0.9074889867841409,1.45,2.67,False,id_uly4rk9xqb1b.wav,d6e63a0973a7040427f025ea4ecb61d6f3f33752064c012866b3b6af46f1ba61,16000,72960
398,9036.224681248248,208.55653291704286,0.005025125628140704,0.01,0.0,False,id_nc83ldehvx6k.wav,34bbfeb92fffd28326d9f3f22bd63796b09b7aea08a71b46d0febbdf38c58b25,16000,64000
358,7165.73986462668,166.69302426545238,0.0446927374301676,0.04,0.0,False,id_o9vh7mjxkjhw.wav,156fdf811b6acbbde6ecccd2cd68a53101a033c88efbf58e7ce1e56458928062,16000,57600
374,2933.4983292137736,0.8268914249776289,0.8877005347593583,1.72,1.6,False,id_51uefqfmx9rz.wav,2477e78689de9fa0be6204d6f4d5310385bbd9cf16fab5186a5a76e41fbdb30c,16000,60160
438,9728.242095697455,83.04126397476267,0.5844748858447488,0.74,0.0,False,id_faok7enuu1ne.wav,a8afd3a704739815b582249bf8b2e9eae59de30f9137f4b9ea3d9458cf58758f,16000,70400
374,8700.921514127109,38.54023505697775,0.6417112299465241,0.12,0.0,False,id_kvcjraomtgxe.wav,2f42f59f3031e693f28df212c02b7240320ed5564189072a7bd537ca6465f9aa,16000,60160
390,3066.1110213102197,106.21669919551447,0.002564102564102564,0.01,0.0,False,id_mxd8e0qaffwf.wav,cd403eac27a80f2ee5b4bf4bc0c00d397f793cbc05a147b2e7d1e3e3551ba9a2,16000,62720
470,2577.718638156616,39.49271887934293,0.029787234042553193,0.14,0.0,False,id_hax9jbsyx4kx.wav,fb77b63db8d1d6857b0821482f7dffd6d5626ccc0f43f3f1242a272e24262a17,16000,75520
558,4366.583108392648,64.43459706048716,0.1774193548387097,0.19,0.0,False,id_tf3fx45dvhf3.wav,f5cb5f0e1beefa51d0a07507fcec7fbf3f0fb27edb7cf7a43acafead1818ecb4,16000,89600
422,6385.517965286763,403.70060709658355,0.045023696682464455,0.09,0.0,False,id_hgsoabjwcfiq.wav,5bb31379df1d059742afe9323c9d6cdca9828d3821246c1c0ab80ed8646b3421,16000,67840
420,4755.884949459984,53.12029824609586,0.32857142857142857,0.08,0.0,False,id_xctcd7rijtix.wav,5eae55cfba277a6f7e9d37b4b267c1d8820dbb9bbd6c2ac0d81ed6a8b281c12a,16000,67584
395,2806.1407649118387,15.426924515275234,0.7341772151898734,0.0,0.89,False,id_ry7sq4bw46a1.wav,5df958d4933d3dc24426f8368c2ef9bbcbe37a487701bd508373a7543afe958c,16000,63488
406,7889.216342261125,21.19956586111639,0.7980295566502463,1.82,1.4000000000000001,False,id_tiiqh6uq6s2f.wav,0f0eeb43221513c38b445c4c7f4a94759a74d673958c2f14b5e869eb718cd1d8,16000,65280
422,3400.097482058419,6.094464025222118,0.7843601895734598,1.41,1.84,False,id_wug5kndcavtv.wav,78be7043a7a23c961102b5ea7808ac274c5c1764573068018b269af860fd0e05,16000,67840
534,17064.083450261838,28.368798325597723,0.8689138576779026,2.2,0.98,False,id_50detx17vfnl.wav,8b43a87fc7e6a9ca54d4a22222b2e0446561e584cfde4c675737241626b65900,16000,85760
318,1584.2916264059468,6.623159298362283,0.7484276729559748,1.41,0.67,False,id_xuqymciajqqz.wav,3ebe8b15312149173d3809699e0dc56d54e001d82ea99ef7a93559b5b192f496,16000,51200
484,5221.95096372036,18.22463712514154,0.8347107438016529,1.12,1.86,False,id_09yb6k6xebk5.wav,5281692b8d0f22fe0669ffef6fed14c2f71954b82b829b76801c600de5dcd24a,16000,77824
710,5772.134581331243,923.6450798393832,0.05211267605633803,0.37,0.0,False,id_ir2a4c48dytv.wav,287ad2f14064730cc543b7c3f97448acd4d730f372b337887d4584d477183def,16000,113920
2046,11581.953438215853,417.46466777926526,0.0,0.0,0.0,False,id_85e06krywulo.wav,3130fce1267671a1e2fbadf2186c4a868806d469bb2b2a09797ba63bfcdecc26,16000,327680
822,11834.69587378569,59.664382770687155,0.6277372262773723,0.16,0.28,False,id_pcitc6soxgo7.wav,c6b7358e17814c65477eaa4b3e7d907c435edfc6a8aafc2aacbfd064cad54948,16000,131840
726,5285.113128164808,17.441007470174128,0.9077134986225895,2.33,4.24,False,id_1izzii125db0.wav,e1e98d92c1c794f9b5ea97d309afb2d5379eb26d9566ec3fb79f0ddbb99b0b2d,16000,116480
518,1298.920584562428,18.829431589051794,0.05791505791505792,0.04,0.0,False,id_cdxl1wbdn9pn.wav,ec07fb4b18187f63b8a06620017af125ad6ec926e94de4dcae0da914455380e5,16000,83200
518,2461.689059873322,17.471409782744733,0.7722007722007722,0.66,0.0,False,id_15el2oang2ug.wav,de935ddb659d0f4ad57a2c9499869a97d39c2dab8bc0038f63ee14b96717a92e,16000,83200
502,3740.6709802520722,23.045492735485517,0.8147410358565738,1.05,0.0,False,id_f4mlh4tc7xiw.wav,b87e225434a7e940fa6d7bf849525b2e7aaea3bc7223d653f6ed4d1bc4f06715,16000,80640
350,3806.050641741384,11.744145742324287,0.8514285714285714,1.42,1.27,False,id_8d48a00flo5q.wav,0a2b5d36f996761edd0588ed78f3ddb7a810a53316423e4d1dc726c088d73012,16000,56320
382,5491.119786528063,20.95054397039233,0.6963350785340314,1.62,0.0,False,id_we6bkbqc8v11.wav,dba027c5cb903fbf6294c4f59614f82cdb98766cd54de15abec12a16f5d30ee2,16000,61440
326,6960.553865533978,174.00183616532536,0.18404907975460122,0.02,0.0,False,id_y9gsfsua1ca1.wav,6c8885e1451814296fed14bb116a2cdfc42cef51937eb4930f55a8cc720ca1bd,16000,52480
582,9999.85760261115,169.49502831250194,0.10309278350515463,0.0,0.0,False,id_50i17ma6pfuw.wav,f1980112fa30a8885110400999c904e5631d7c2c664768e07d38e48e8b29c680,16000,93440
430,9120.795891121565,9.376024541126394,0.8883720930232558,1.86,1.93,False,id_i6ps7d05do3h.wav,b1688d30aea97149c582be09c94a26d419719813987cf1522b1ecfe54a7f2a24,16000,69120
678,3909.843569121404,32.296631467010556,0.5825958702064897,0.02,0.07,False,id_0103ld0glclv.wav,8d8f634341d9fead7c72e9532c61b9b6db5a4397979561831bd70c4dc4cd5f6b,16000,108800
438,5527.940622646014,58.5788611018526,0.4200913242009132,0.15,0.0,False,id_q7uoc9lbv49g.wav,4a10a8bbf97a185056f4baa5fc9bc6cc3854ea6bcf19942fd258a9fb2e16f613,16000,70400
334,1865.301982253812,0.9082909358640858,0.8712574850299402,1.41,1.48,False,id_t4bve9r0rq8b.wav,190ba3ae337ab46b6e651ca70fdea4f467ec29d9061dfd1e96387652142ef460,16000,53760
438,5214.205625500398,4.624786770810886,0.9018264840182648,2.13,1.82,False,id_xhayxumxyll9.wav,d6fdb6e1b3e427c85369ddef5bff26269a1488bb9d60ac867bc9297b6452be4e,16000,70400
334,5299.146905634906,25.553370261318097,0.6407185628742516,0.47000000000000003,0.52,False,id_s7fu0t33l3d1.wav,6ceb9b5a008f4f63bde1e7a8b640729a9804ddbf3996ca86a0e65c09eac0654d,16000,53760
406,14190.407784574058,64.30320216619879,0.7463054187192119,1.58,0.36,False,id_euagjw23rgmv.wav,f042ee25e09f90b8f8042bb824da8fd23df5d6e077f26bcaf061cf976f952fa4,16000,65280
446,1768.957891669556,65.3895620864594,0.04932735426008968,0.22,0.0,False,id_224grqydiy3t.wav,5e9c0f8fe436339628e9ea5a0855fd3acb417b414957058c823b8f2da2d5ee5b,16000,71680
430,8319.499398401324,106.87293357106465,0.41627906976744183,0.18,0.47000000000000003,False,id_zy9s7sdnhb8n.wav,c48430e1a4afe092d18112a51ecc8e9607a511698fe4b20365850fb283e723f3,16000,69120
422,5387.973492882087,27.86274187933311,0.8199052132701422,1.69,1.77,False,id_i62hbq2pw2ya.wav,fcad4a2f59454ca850e87ee403a486534fdda4e9bdcd9a3596aca02e02817d42,16000,67840
420,4955.190562934992,40.826658999155256,0.719047619047619,0.3,0.28,False,id_qlil9t1q7x9r.wav,78ab7a3b5d1aef98b40216e7dcd8b2abd7a6b53bf60cb7d5f66c2464cda52829,16000,67584
318,7952.322402606675,158.26049065920887,0.1761006289308176,0.04,0.0,False,id_4byd70k92kjl.wav,628b305d03048d2c84d2012a1171b61cf1ab6486f563f11528f4c7766faef72c,16000,51200
358,3479.164127344383,63.048272512128364,0.20391061452513967,0.07,0.08,False,id_a03er93r6nbq.wav,84d4f82a3430bb6e9e07f3ab5f302a9723b22e36192386e53d1329f1bc6298d5,16000,57600
686,8021.639728727538,262.2853273959066,0.013119533527696793,0.09,0.0,False,id_y292nl3x6duc.wav,c633dd8eba159924a160d3c3b0c3fa269d2744771da222a012df80aeafa52a8d,16000,110080
382,2523.118327090507,18.81060100515235,0.6832460732984293,1.6500000000000001,0.01,False,id_tirelk3pxtsq.wav,794643196c9a595549512f279dfb351ad5ebcc355210d289ca63642f8d218585,16000,61440
358,4370.306124861278,4.387050543625415,0.8379888268156425,1.35,1.46,False,id_rbach60n862o.wav,23d0d5c9ac4f5d194bf1477bd2b12edd575fc05f83d06b8ecad3e996ba64b365,16000,57600
398,7031.229884237892,27.917351814563204,0.8040201005025126,0.09,1.83,False,id_rf0pt8feghep.wav,f1548afa632e6d16da639a527106d308675dbef59a45b65331ba4d52dd40a2ab,16000,64000
326,3086.9699775831964,158.75385084160706,0.09815950920245399,0.32,0.0,False,id_shqk4g5vqti4.wav,bb05af116533d791b578da1eaf4e28f4843e55f6cd752ec31ca91a6f44d82bdf,16000,52480
262,1540.5782007090713,255.28712510660748,0.030534351145038167,0.08,0.0,False,id_ta8zpg2e2ctb.wav,c33cb18f5ba4d6975f38043fd9552d08291d2552bc73b3b51bce1d79d3470c6b,16000,42240
382,2835.8778953791366,15.133859888459266,0.7801047120418848,1.74,1.24,False,id_svwbs6og58bd.wav,72c3e398a44035bde1a97bc3db12b667ab8fae47e7104dcd5ad6ef32ad7c21de,16000,61440
798,2441.6671507394285,10.298179135295133,0.7894736842105263,1.1,0.73,False,id_4gbdthllm11n.wav,a03cdcbd0b87e176c5ff6c94353c6d3bcdfc63a94ecffa960953f1ffee2341ba,16000,128000
446,13106.1754327874,127.51809912529083,0.5224215246636771,0.26,1.17,False,id_7g2w06r26ue9.wav,6a56b25133c3de096c967137f1a8a7043838a4b7e4658f9f53a334bd23d1c605,16000,71680
2926,9753.418998612742,31.114706461172716,0.9501025290498974,0.01,0.17,False,id_0pl250m9dm5j.wav,58f60698eefb0034fa49c027c7ed24148f8a660d31771b4982b4a5e603290d9a,16000,468480
502,6098.694914487853,168.82594798968495,0.01195219123505976,0.06,0.0,False,id_f34ewbljuj9s.wav,368a383e995f067ef0b5fa3ff6205a7aa04985095d4fdf1f9df3e0416f13c127,16000,80640
366,1527.9081197833855,24.03317555094872,0.0273224043715847,0.09,0.0,False,id_77g57wkqgp9o.wav,8653c6b4a4f55f13fba1e5d605a8893d7ddbde3fec9509c3a9e021d8c516d1ad,16000,58880
358,2638.5213088963296,0.812403840463596,0.8715083798882681,1.42,1.7,False,id_cisussicd4d4.wav,8d720905a2129b86f9f978e793aef123224474863040741f21c70df68e9864f5,16000,57600
358,7689.523954868728,28.398674143432096,0.7653631284916201,1.43,0.02,False,id_v52azydqljby.wav,6ba9341d1b00fb40f63000f8d652feb4616b71a8b280c65f750f8322f6a02e68,16000,57600
566,5130.567115095562,19.14706217065386,0.9328621908127208,1.77,3.5100000000000002,False,id_h6rd3p7tzhsg.wav,36191cec65c4bbaa655dfd7276cc321b333c04b3bf8f44b90fe9e8d484f3c057,16000,90880
454,11202.904789718603,91.14072887871166,0.6696035242290749,0.24,0.0,False,id_bzxj7tl9uqdk.wav,7a5e1d02998c8cecf56357a8bc7e5603c088fcaa709457253708a413ea4a9d62,16000,72960
518,5458.720147617021,13.633936206981158,0.8996138996138996,2.34,2.32,False,id_xyaoq32mwjnt.wav,65fa2a28bb640d3d1056a2c86f5270b09ad197b5816f16e4bff810301cf4913d,16000,83200
318,4565.591717127146,59.814117210378384,0.4088050314465409,0.05,0.0,False,id_4opne2cxrzu6.wav,aa71e813e7e145cbb9d511b8b3074e81019f9b92d82b4bc429abe15969be4ead,16000,51200
438,18204.66504182376,54.13701534076594,0.7100456621004566,0.16,0.5,False,id_5ko1fllrs0fr.wav,e5cb4fa34eff2a1c035b899da0893d1c5c8551ac9672cdd2154792b371b06c63,16000,70400
446,2440.902718258145,49.20163635773079,0.2040358744394619,0.19,0.0,False,id_fbsm9iga61nc.wav,1db12326e66eb0e975770eb4f78acc5210b880135be5a818e479ff369eeb318b,16000,71680
542,5899.956880986504,21.628157865367786,0.8118081180811808,0.0,1.05,False,id_5h7jzc0zij00.wav,440d86164ee5e979192175c1ceb43903a4358f5e01d0f7c17bc9d68198c39d5e,16000,87040
420,12803.733221018001,190.29774399015307,0.1380952380952381,0.0,0.0,False,id_zlqxorfrvppw.wav,f9f2ea08a7472905ce3294b43a24fa9a6124722c5369ba9cd9f447f8e4f5742c,16000,67584
406,3267.2945612540047,17.855938539368545,0.7389162561576355,0.16,0.61,False,id_ffwdefh486ns.wav,ebcc3e6c5bbf22db6ffa554a24b29672618f35cafefc08b031e15528270a4f7c,16000,65280
606,1853.023201419777,37.816888261564515,0.15676567656765678,0.0,0.0,False,id_gkzgdiaubypq.wav,955c9d780883c9313789076cf0e71e27bed15653561efc00e2badf56b5e443bb,16000,97280
662,5159.901355888502,66.66000415998545,0.3957703927492447,0.0,0.0,False,id_vorulw490ux9.wav,35c4858b682c17bfb9315f4856b02786b6eb3d04eb615c40d3673c11c23f804d,16000,106240
446,5836.343693829211,81.40774208488301,0.17488789237668162,0.29,0.0,False,id_4e8pojot18z8.wav,96ccdd25f93cd9e72f90bc448cdd2bedb422802af5b8c1f457aff704d60eac83,16000,71680
422,13015.824435470848,23.8868655307546,0.8578199052132701,1.33,0.12,False,id_rnwc1i7zfsch.wav,32f84ea4826d9bbfbedf96bb7f4a9d699e4d08116b74d7888b288b271a42cf09,16000,67840
358,11659.458828457691,280.7271288193424,0.008379888268156424,0.03,0.0,False,id_ixvuyrjedz0p.wav,5a5a0b50f3b27af2c4c683059948ebf6fd7679d45de67f1064806ec66ffd3911,16000,57600
422,3449.91555693759,6.87252496187827,0.7630331753554502,0.66,1.55,False,id_3yym80t1sb53.wav,d6dae54bdda014a9ed1c1a9f753230d996a01433ddd445afe6da6c4fe31db3a9,16000,67840
510,8201.209543872172,8.972658164565438,0.8588235294117647,2.37,0.0,False,id_qbey3wog334x.wav,90e82764636c6c338f4c905c13e5c4a3bbcf2a402926ce60f4d7c1679085ee87,16000,81920
2534,12464.515794646819,69.40272851149018,0.6527229676400947,0.05,0.0,False,id_9ul25izv4e3j.wav,64a63f9a55f8c59fe6606fdbe3411f19221c59947c55ac50d7e23199af21fb9c,16000,405760
526,3603.2071047887325,22.52142899902154,0.7091254752851711,0.49,0.43,False,id_d2i3waa34xwr.wav,43cb69c02bff63fb12c3ae5072fbba68126e383d496e2a8dda0cc7e602010acb,16000,84480
486,4979.673961967791,31.10066037366827,0.7716049382716049,0.97,0.03,False,id_egv3mx0ygdlc.wav,dadc410e0ca913bd213e32ef7734da780c4ecfbd89b30178b66839cf8a5941a2,16000,78080
494,1540.0214787463192,62.949722747255066,0.10526315789473684,0.0,0.0,False,id_5yfzsgchpxf3.wav,71186c3b7471dfb5c547b115d25133b0e9443f341c3992d761975ab00f66b820,16000,79360
350,1882.1341350977086,0.8522027118789595,0.8628571428571429,1.5,1.52,False,id_tj1zs66a1rmp.wav,c05d79839fe4385b1373e8c32aa8b5d8bea4162cd858024cc3a0d9452e8a25d3,16000,56320
638,3710.600861383504,182.28813967619104,0.03134796238244514,0.04,0.0,False,id_2wyqdsq0oajx.wav,2fcb96d538fb82abbc4e7833f92a3f32c23fc4ec2fadbb4a859834be2038870c,16000,102400
390,1289.5835238556672,9.455811480425314,0.6564102564102564,0.38,0.0,False,id_5dyvyhupwyil.wav,928a1fa1f2064351953ac98aea8087f57b38fc3a3aa2368e6098dd79766478e5,16000,62720
310,9524.25110691124,141.79569998776276,0.36451612903225805,0.09,0.05,False,id_ab7djeuvgxii.wav,e9cd51f0864dd1fcaa2c597f4dc6f202acc32f3ddf12ae53631cb6831b5cf386,16000,49920
574,11331.647875529843,31.998591500917946,0.8989547038327527,2.5500000000000003,2.61,False,id_drc8ugieob3g.wav,04a1aad62d2382ef672d0408a43b6654a35cbd4eea81f0853f4bd66726c900f3,16000,92160
406,4870.598034379351,128.09503183879968,0.09359605911330049,0.37,0.0,False,id_6afmf1lnuks3.wav,d9f8e30e3d654f82ac6b793c6ad3e6bf10e005dd56bd16c774cebced83f79afb,16000,65280
486,5816.35374740911,110.9566707751186,0.043209876543209874,0.11,0.0,False,id_f73ny8khxphc.wav,895a61bf410d25e1d50c147a2d7cf286d25ec5fc2d2155d7aa62b95fec481fb3,16000,78080
398,6075.775695333065,183.0890469253834,0.10301507537688442,0.37,0.0,False,id_edmgvsrdtu3r.wav,024bf45d80d04694b99e808b300d881a7d7d26dd74c19eca2afcb81963f304fa,16000,64000
406,1765.289975471452,4.149543113818295,0.8201970443349754,0.0,0.18,False,id_ena9f14dzgws.wav,d960d57b99542963f156d413786705a5d512c969aa81488a7dfbd90fe58716e3,16000,65280
395,3277.8355560491436,14.860602275816415,0.739240506329114,0.0,0.59,False,id_6cp1m2j1hygz.wav,d923da68e099e11b36e57dcd51d7f3826039eff24e0a2433ef1971bc8a800a23,16000,63488
382,986.4313483461482,5.631570207269408,0.7225130890052356,0.0,0.0,False,id_ypicpq5bl8yq.wav,c9c62ee7c6d65a30911725c0de03613bda8efa4b36067bbfc399e32bd9909fe4,16000,61440
446,5399.403074877815,65.97859265554887,0.4282511210762332,0.0,0.0,False,id_ie3qlq09l27v.wav,ecec1a770149868bacb99867c58cb02e59b2bddbb5158a3e003408b106cd2e52,16000,71680
310,3789.91737739756,77.4203633855778,0.06451612903225806,0.18,0.0,False,id_x94g6dvzz2y8.wav,aef7e1f7d8f0e1007a0aadbf09721549eb724af63ec52dfb7617a6b7158dc5a8,16000,49920
382,1189.9541010055807,17.640897070343375,0.07068062827225131,0.04,0.0,False,id_qt4n88i1um33.wav,2308c71a8082480aa970fc1d9340e55330197983172b2af62c66ae1f19b9cd4c,16000,61440
1230,4124.621466268147,185.61051336460503,0.0,0.0,0.0,False,id_5y7zx54bzvd7.wav,af84ee01c6d85272f1be873e6e51ffd498ec56f3f7f0d5b35103943cf4c155f0,16000,197120
334,9518.139537614481,90.50129811903307,0.5209580838323353,0.06,0.0,False,id_gqybbcl52nc3.wav,cfc43e932084ebcfc5e8a1cd58a975347f2b1db0d5a004a6f23e0c39888b1408,16000,53760
459,7053.944924650319,193.68822886277835,0.25272331154684097,0.0,0.0,False,id_720ll1ijy7er.wav,65be5b4671aed91cef19a5334f8f35b8610b4d77b470e04028dbb63ae88d6ff5,16000,73728
390,7472.530836671067,20.11956244347349,0.8179487179487179,1.6,0.0,False,id_fem35o39b8qv.wav,c5582354903d322a983bae3fcb6753cdea48f878978c358d7ad08e1fd77c977f,16000,62720
398,2377.923052792079,7.342595684729089,0.7185929648241206,1.53,0.33,False,id_4vmcphj7wzsx.wav,6fcab01b779b7bc89e6baf8e21ced82731d0e5f8116e9999afbadf37370b32d0,16000,64000
438,2376.580194838794,18.193903437039232,0.5639269406392694,1.76,0.0,False,id_v5tmm90dgjgx.wav,5d85693a548ba928ad492e42e9e57621e9dadc38102c1f6d7ad9dc1ad06e72bc,16000,70400
398,1807.9163054466874,53.76647491537604,0.0829145728643216,0.12,0.0,False,id_4egl7kxvhe2m.wav,1d5e96ba6dcbc6691e6809d261c8dd63bb932af1313ea4338d092ab45c772c91,16000,64000
454,4084.37276579893,34.671564018757536,0.5682819383259912,0.28,0.53,False,id_87e0gnt2af7y.wav,563db422d89294b2f8d5856a5713e60522d4d430c7d28e1cafb988352d59eb96,16000,72960
494,2563.787496556608,22.76954957261588,0.5789473684210527,0.0,0.0,False,id_n5n7rv0y1ar0.wav,4f84a668b15800bd36825b19f514cdf3deefe65d3edc146d002593aad953145f,16000,79360
446,3508.1402052939675,44.16467739744745,0.4080717488789238,0.0,0.0,False,id_lj5jy851eqik.wav,83239c974508fe90933f13f44d2cab2098dd34e33acf21ee733dae9a268d66f3,16000,71680
395,5729.017028688255,30.391734073593103,0.6708860759493671,0.91,0.33,False,id_z2hbv4h38cb1.wav,9fd8a7f8d4e4185989607e3da18facb66f98e7863b72748bd10d9a16cd791f0f,16000,63488
422,1284.6873929092633,2.712931954123398,0.8483412322274881,0.64,1.8900000000000001,False,id_0fh08ayr6x92.wav,7b65f2740b8f43d5412722e0cbae29ade2c54ecd8334fb981901b0c3a34ddd2f,16000,67840
526,4281.928989661084,16.530195795841955,0.8745247148288974,2.58,1.67,False,id_bm799pnqq0t9.wav,a97c3b0886de73dc6aa4e84d05eb0adc3e0e2439203e572dac3a98a2d105fcca,16000,84480
310,2715.208312450446,167.78056209847495,0.1,0.31,0.0,False,id_ycj5r0yz4nzl.wav,590e6be8615c0bfaf1a772e47f03bd3f9de57d135d17ca1bda7fe98b788e2002,16000,49920
430,3294.6812023320254,79.9612810222413,0.05813953488372093,0.25,0.0,False,id_3sq66j3fuo4l.wav,a99c1a24ba153daa8bd71ea73412cb37306cf74792b66e1943f176f544c6814f,16000,69120
398,6172.3386740764645,4.657520521365157,0.8793969849246231,1.8900000000000001,1.61,False,id_5qkh1q6nvexh.wav,625028f82fd0c88873e52a13bfbdb71a5ed3520f1ddbee4dd7b2d9a2e74979b6,16000,64000
566,2009.4100048272876,4.384774514340442,0.8745583038869258,2.17,2.7800000000000002,False,id_0g8u1xbirlkn.wav,f82dd878e6fb98683ba062b5ba9bdbee13c1934d66f81545aabda48bca7ada4f,16000,90880
478,2477.964341954904,98.29591431206521,0.010460251046025104,0.05,0.0,False,id_sge0guasg3q3.wav,207f64f022407eceaa8e615b59e746dad8899d9aa6c8c60c2a3bf3b7bafe7d34,16000,76800
398,3262.535418198552,0.8321658488546619,0.9271356783919598,1.8,1.87,False,id_5ir89fokml4w.wav,309c52dbe425d16d5f62fcf3002481aae086284986975afdc856ca88ef57b99c,16000,64000
446,3025.9427307865562,36.73672387866535,0.4260089686098655,0.1,0.0,False,id_po7cgm93ozwk.wav,80ff5759b04847a359855329943e912c59e7ed79d629e1db6edccbc8bb75f231,16000,71680
406,7693.987526309098,25.910753420303045,0.7315270935960592,0.48,0.48,False,id_6ib5ta59zs46.wav,7e942f0d0443d44ffe4e215c661b3aa9e1647f2329c327bc64316ec1970073c4,16000,65280
438,4451.798053876658,14.50425204965899,0.7922374429223744,1.45,1.05,False,id_1o9ol53exqhv.wav,6ca0d17d5004371a1b1a9fb9d102ac6fa4410e8531028c43b1fa5ae9df5b9aec,16000,70400
486,7211.676305998488,64.90731152727308,0.588477366255144,0.55,0.0,False,id_2mgapraafo2t.wav,785b3020fd1e2d5f1f6462ce405211743fd1dfea22bfe17131a4e0a8fc8c9da5,16000,78080
462,3011.372447074589,8.755574274297249,0.8008658008658008,0.5,0.18,False,id_mtpqg4tjsitl.wav,5939588ffae9f21950b8aa7642a1e79aff1ec32f1fb60328a7498742d5e0cc99,16000,74240
422,3998.7139673274955,239.00633238807842,0.0,0.0,0.0,False,id_kb1536xxb8rn.wav,ed859f49013c04de8518dc5cae5effe646846593e10c2556afacbb8b8a76ecd4,16000,67840
408,5297.327588039086,9.205025575788095,0.8578431372549019,1.74,1.11,False,id_2hb172lvpp6t.wav,1803923350d4a2b0111ba424d284416694196b0dd38d10f5ee6a9b4617c6c3e9,16000,65536
438,1089.86812963771,14.602465964317282,0.3287671232876712,0.22,0.0,False,id_pi5c6xbrm8gf.wav,80331e3742893ef35bf75efb7dcaefc690106667d3f993e76f473b3853d37617,16000,70400
459,3624.9172659524247,25.23979991996767,0.6318082788671024,0.0,0.0,False,id_6xgbwz7xb29x.wav,b013017c76b5796ad9d0cc524a54bfc24a3207ffd67457c2f44f4ed467ee283c,16000,73728
662,7683.599524799558,72.29998507512525,0.5181268882175226,0.18,0.0,False,id_nixkamn8js4o.wav,806dafe268a46cbb528041d1e9097751713f94b57c20f7c4770da6ef0b2badb0,16000,106240
382,10593.484450595093,150.9022254580176,0.2198952879581152,0.0,0.0,False,id_0k74npsz0bjr.wav,301aa5d46a55dbb1450039d2af286f07619c1a07b8bab3a5f660e89bd7cbc7e8,16000,61440
374,3858.4383116748154,35.906033282247705,0.5240641711229946,0.0,0.47000000000000003,False,id_hliy67bxu5kh.wav,24a32d8dafac970be7e46c56f7077154f5557094af4f90941639fc3b9a2b6b87,16000,60160
446,8023.1393589105755,20.264223367741543,0.8475336322869955,1.67,2.07,False,id_hv2gcfou5guf.wav,30a48b0530ea0c038416f37452635b707afe1b5800d4fdaf7aec83204a229d73,16000,71680
438,1827.8464972475122,13.483409312948737,0.8424657534246576,0.0,1.98,False,id_x02w4cpx9z0v.wav,13592689c876cbad2c44e45bb5df46ca393b33356ea11b3613a53ef299583bf6,16000,70400
438,3492.9749029301656,6.950060993344253,0.728310502283105,0.23,0.0,False,id_ngxzr6iphsxm.wav,a266f3e2f09629844d29e7475c01605e3f108d18828b7c4a26bddb4c02055164,16000,70400
408,2229.0098171609743,11.915273808486956,0.7696078431372549,1.56,0.11,False,id_q9fzvn0ie4qr.wav,2e7583b4ab6a857ba2ce7e712a3e19f42fd55c3c51b49854e405bbf4104ebbb9,16000,65536
502,4995.126236142586,221.68748264265975,0.0,0.0,0.0,False,id_gnyibp2q6ifk.wav,fe3e32c95f6ab341845f9efed91743d61ab21e962cc8d559a263912467040251,16000,80640
414,11295.517428608571,9.909509815901128,0.8623188405797102,1.46,2.11,False,id_cc8vxfipo0xl.wav,739aabafda2bfef78fb829209cc711e463f8fd7e09505e300ebccb0169c3288a,16000,66560
484,5919.707601942853,67.82075613043912,0.3987603305785124,0.2,0.67,False,id_ny179ruihwtb.wav,189b50bcaff28f3f9d021fcd731b4e16115c1450b5f6ffeb235eae247bf1b934,16000,77824
558,8300.43946336578,8.418401102332247,0.7508960573476703,0.06,1.35,False,id_m5nue756elr8.wav,2e93e6511730b52739e714fe72caaf97d9959d3d29013a01ac1d4db5d14fdc1f,16000,89600
326,1702.269084927527,10.237414273266833,0.8159509202453987,1.31,0.35000000000000003,False,id_bru5qqvk4pk6.wav,46726e91544a3f3c42ad05abac3ff712f78ffef4e877cbf7cd6a34172fa0ee4f,16000,52480
422,3697.0037324162927,11.307906252434485,0.9004739336492891,2.0100000000000002,1.79,False,id_owym10jkb4rc.wav,8a361f612773c9625807c45ba8a4ff258ddaea9eff0b1fb8b506f655893f72c7,16000,67840
350,4034.6339028467005,85.34684858052668,0.025714285714285714,0.0,0.0,False,id_az4y55khhnz3.wav,f2b2e296616a66702b598c96d17488dd6a9db1251112c5c162fb0d4e4219b50c,16000,56320
446,6071.496910976733,5.861827700270156,0.7623318385650224,1.41,0.07,False,id_l0jb1w58rrf4.wav,b98cdb484fc574bd9823dc12e28d1365b08cb14338166b344bb9e309a27245d3,16000,71680
342,4825.788886026822,87.14179615532976,0.22807017543859648,0.11,0.0,False,id_pwe22n5gqj0i.wav,37fccdad8de496dad6ac0fa5d8e7e587d2831cc7c38892342f553463948a9bbe,16000,55040
638,7101.030698778875,98.22171327582515,0.03605015673981191,0.14,0.0,False,id_aj6vlplkwue4.wav,c941a285fa7ef4cee96cc1abe02437ca8ee4ad6adacbf1a9a681b8c4210f0e62,16000,102400
622,1950.6152644742633,36.52364484339256,0.06430868167202572,0.03,0.0,False,id_mg90v0mjpp8o.wav,080b96fe9eb11bf258b1f897e849753fa2e1ea3b6ad750b8c19f76e6e00b2faa,16000,99840
438,3082.862109712337,12.605200485671656,0.6255707762557078,0.0,1.61,False,id_jg94jhjj77v8.wav,064cd011d17c275d97b20fe05202f73b9f0a4d3f3018c8890d11d4bc67cee416,16000,70400
334,2111.2480153927913,275.6143047797473,0.0,0.0,0.0,False,id_sucl0pu3d8fb.wav,655b8a0b85f0c4a93815f5296f9cbbb34f5df36ef5dbd644bcea1c3aaefc49eb,16000,53760
710,6686.44147491773,12.551286898618402,0.923943661971831,2.39,0.99,False,id_uu29npp28lkg.wav,3dae102ed785c0e8495580333933ea5b031153db3649bf0893da125003ba3745,16000,113920
350,4419.865097206022,14.18244138935855,0.8428571428571429,1.35,1.3800000000000001,False,id_nb4bvwqu32f6.wav,18952a1d225e7752e70df2b2e0942620b08a6ce4067afe7bdc1e62e17b5c996a,16000,56320
366,4524.945617352765,94.72770654180411,0.00546448087431694,0.02,0.0,False,id_dyck5493haas.wav,0cd391b18e3568c31d4931043f2df6fa29c09ea3be710f3a2ad02b2f92783309,16000,58880
454,5032.32193996966,241.53453449222002,0.030837004405286344,0.05,0.0,False,id_4qztrf2u64i4.wav,01ed9b0e654d690857a6e3a99834f41a0d0baa63900f0d027fe073e2038715e8,16000,72960
390,2657.9887744307725,19.65855398073699,0.7871794871794872,0.27,1.19,False,id_a0j6pmpx9oa9.wav,ff5452500e0386ff40844d40f5cd3596b20b0878295b8b478ed30144d413fc3d,16000,62720
390,4054.8746577422094,23.760628570506707,0.6230769230769231,0.1,0.26,False,id_037hi7s3a8la.wav,6a42b8dca707822930496643994723b3b0e988d75e418f18f6941c0ab9c2d122,16000,62720
518,5110.542413971339,240.1083169636845,0.003861003861003861,0.02,0.0,False,id_95op2xns4x7h.wav,7d66f1ada728c02f9c2e623bd6982e03c76891ad0ae61481bf1da781d889e4eb,16000,83200
318,2378.5032347045485,26.37836781746921,0.44025157232704404,0.17,0.35000000000000003,False,id_briuen99dlq7.wav,268823c35a9110f67ed3af53f21c49875be0dbb91842864b87c6a999f13b3a19,16000,51200
526,4764.580879521303,27.62543316043782,0.7015209125475285,0.3,0.6900000000000001,False,id_17jlu6m2k0la.wav,158c349a5e89b6c6d3927717e49bdbc0f1f6a6d59c5960789f5bfe7bf6a906b6,16000,84480
678,8495.297544377125,319.7375802344177,0.014749262536873156,0.1,0.0,False,id_qcakejjknfsw.wav,5365c38a42176a5b904025455ff7dd5a8e3a522706778aed25181bd4d6970633,16000,108800
414,1489.7201247214189,15.820200370407917,0.4613526570048309,0.03,0.04,False,id_4jnpmmh4imwl.wav,6eab566e465554b3358c336190c4c8256b5e8b2d4c0ae9fb4af6c7aaa471b4e6,16000,66560
334,667.1456081696109,4.522858556555711,0.6497005988023952,0.03,0.47000000000000003,False,id_x9gq7biop84i.wav,fe24a8780c0cdc375df028436dd7d1e52d52e364ce6c4eab3d2bc3ccf58d62cb,16000,53760
446,1830.771679511129,60.20293795156597,0.0,0.0,0.0,False,id_prbj5dx74jru.wav,8fd84cfce66e5dba1af51e476b1ce36f4309ffed986a46a4a43c3203ba75dc32,16000,71680
369,746.0659136430239,7.9300063051677325,0.3983739837398374,0.0,0.13,False,id_i3jn0w8fr1d2.wav,d61a72f4f07b6a353785cb78d6f527a6d8cdeb93f07a7b5f1599e28c51a12725,16000,59392
646,7371.42600502101,24.649435354318545,0.8405572755417957,0.25,4.19,False,id_nf8xmqfq4rwk.wav,e661d6b8ac6ca32919d4c6c0cb1a3f36c118df732572250f7c0d5f00a34811a7,16000,103680
462,4771.630629040768,188.84591920579584,0.0,0.0,0.0,False,id_o55alyxhdzou.wav,ef74bd0204fb6b24d1917d2de1ce82199c39e77f62c7b5c25c50cf485fddff95,16000,74240
587,3307.3616686869914,25.72863191077209,0.6609880749574105,0.2,0.35000000000000003,False,id_xmvgyc0cguis.wav,617ee3bd0bedd74ba1a937815b4dd3b3fe87f8a379ba91ae48877cec852efcca,16000,94208
350,8097.083142712566,217.54502302343008,0.10285714285714286,0.03,0.0,False,id_egaw9u9cr1qa.wav,cd99c23763c8ef1340ad9ee14ddb241212ab63470a4db8895465e47432362163,16000,56320
446,12491.51858882658,21.326192308781614,0.8654708520179372,1.68,2.18,False,id_0rwk70xuzujr.wav,4f8239635768a3672f5efe702020a0d378dc4e1b708b231d43a95616a5a16ee5,16000,71680
374,3442.179308955302,94.03351441090811,0.11497326203208556,0.04,0.0,False,id_2lw9vv1o5f1q.wav,135037aa9dec2adba0e60f899f9033bb917c93a5045963dc90e0c7157c0841aa,16000,60160
358,6421.4825130183135,7.15061068189293,0.8631284916201117,1.73,1.28,False,id_pewfkx63ta4i.wav,560d4eb5a213a5af3eb823e5db7fbecbbea528d00abf6695ecd351a00856fead,16000,57600
566,1032.227301760615,27.481227029116084,0.05653710247349823,0.01,0.0,False,id_1w5i2g7yiqim.wav,928103d0db14c933c5abe16a70bc11cbd18ef89f6f478da4a12d05faeb9f72d2,16000,90880
574,3674.2624290461345,10.127899138804045,0.8519163763066202,0.05,0.4,False,id_jlmxp80dttyz.wav,17d403ba59c2f397ad246aa352bec0b3665072e703d5d189c15c62f249132c3d,16000,92160
406,1790.4161129469317,58.834766398685545,0.0665024630541872,0.27,0.0,False,id_o3dzudeeq28b.wav,d45a5fd213fc8e9859dd6f47428bece0a935958004be9d486a49d616e0668dfb,16000,65280
374,2514.234169682689,16.22959240426405,0.7914438502673797,0.0,0.19,False,id_9fcqw2gfolqw.wav,77958aa000056635e1f724ea5cc1c74d37cd5c4725e1341b243c9f39e1b335db,16000,60160
310,3215.169516526306,24.269325725157977,0.6838709677419355,0.44,0.03,False,id_2vqv9u33zan3.wav,5db4db11a855226f22dc61b1fef8acb0b43e65383cfaa0260288b2e7d2298c6e,16000,49920
846,4508.307289327115,33.82890607105956,0.7210401891252955,0.26,0.06,False,id_1j02n5ymm8lz.wav,7c297e3cfbc6122863ce366341d4b9d661b7ad2fd090c3b296ba4ac4e8bb1513,16000,135680
550,7226.987034546278,16.139508937350755,0.8254545454545454,0.09,1.99,False,id_hk16q6vbxr6p.wav,a8083ca5883f5289fc63177015619f26c51498d937d4710c42acdd03d9d48f91,16000,88320
420,6829.208161456202,24.984287486769052,0.7738095238095238,1.52,0.41000000000000003,False,id_vflzr58se3n7.wav,7ad76a178ac7f2dab522a93161449c91a520437fd9994acc8634a9e4c31a5891,16000,67584
326,1686.9185427874104,6.106553578410105,0.6871165644171779,1.31,0.88,False,id_egxt8u8bv38p.wav,91a738cb09945ee1956f81a0d32c4fd177e76ef032e875c9f29838d28339e2aa,16000,52480
390,5637.611350563286,13.929734203032927,0.676923076923077,1.7,0.7000000000000001,False,id_33xt09xh6sn5.wav,09a59c8c31810db5c7172763816863553332f603d5075e3c948b934cd1207f8a,16000,62720
446,7577.921585764793,26.223587962097945,0.7847533632286996,1.78,0.0,False,id_wvc1mduv18y7.wav,4e9755a4867e650e071b1f30a632df538043eecb2e02baa6ecb5d7cb585d3592,16000,71680
310,7847.983922001879,6.52956331543148,0.8419354838709677,1.3,1.29,False,id_qh6u2ldf50mm.wav,cddcb175e17a35c1dfa4c55395eb6b7e92abdfc70d50c8c712459e70ebcc4c2d,16000,49920
478,8823.907993627314,175.09629815610765,0.25523012552301255,0.14,0.0,False,id_gvdolfou4xhp.wav,22626f0fbc69808b00f1e7b6708eeec67eb1d9322645dc31ae1dac1bbd9bcd88,16000,76800
478,8939.57513489875,13.41077752798699,0.7656903765690377,0.35000000000000003,2.0,False,id_mjbzh9sc3wse.wav,9131560c8a91627630d98071af8d6840f9915bd6c3022fb19808ffcc5554c0aa,16000,76800
310,5215.929385785433,192.00707342764457,0.00967741935483871,0.0,0.0,False,id_fxyt250m8rc2.wav,56a7488275b7e848559e68a3f5cd57ee80da624d2f61419aa626617a40d11669,16000,49920
462,10674.932679295922,74.31364322842866,0.7294372294372294,0.37,0.0,False,id_wary07bbrsnl.wav,505c9b8b6c19a95beb0aa1317c7f884574e4a59a2089a43bc887790a7c3e7e69,16000,74240
1182,10324.07037170902,24.596518040977898,0.9441624365482234,2.39,8.38,False,id_c8pphgfn613h.wav,2f7b11d412848fc18ff64ca651060f4f7ac2ca5ac1f192c9f04d2492636bc262,16000,189440
422,4353.335016685483,238.15793690988784,0.04265402843601896,0.18,0.0,False,id_hg4v37kwsa9g.wav,1aa8cd0bd44698852b24449ea8ce544692a0160ea9a8702a3aa8ee3f6ca72c1f,16000,67840
398,3919.0397194338307,78.60022793749366,0.01256281407035176,0.01,0.0,False,id_0j43xndx0wqg.wav,c9a5f857ea2d94c7c95b62c31969e2951de938d4bcbe7602aeb3601d1c621fd9,16000,64000
566,2809.7506949015956,44.445238493603426,0.17667844522968199,0.0,0.0,False,id_90pph43r621b.wav,28009c32c704017a4a77df0f6bd2f46c32ae4bff0b450bf8eb5f226f869d3bcd,16000,90880
454,5651.368129488646,19.21051136817375,0.8193832599118943,1.85,1.6600000000000001,False,id_he49180905f1.wav,18d29892ec867e74f3c24d0d6e73f965d04520e04e683f6105bb941fad2643d0,16000,72960
702,3933.249510900624,43.54092304739466,0.4515669515669516,1.6600000000000001,0.0,False,id_fnftlfofe015.wav,224d841941911bc07ea205bbc76fe25350406e6a0cf507699e94e07564e382cf,16000,112640
406,5103.413528218148,65.55919637558517,0.3842364532019704,0.35000000000000003,0.18,False,id_m1iypein5x8n.wav,f632754902f97786691d83e4ef2eb83329dc6c076a27e5da3945eb1e34d231c4,16000,65280
382,8396.373034679915,93.37267060668822,0.4581151832460733,0.21,0.0,False,id_zlisv15so550.wav,8d8875f34e61123598e03d28e747d72dc3f5c71d056872a159c99523b95992de,16000,61440
382,5056.998222760218,152.38438291950052,0.05759162303664921,0.14,0.0,False,id_a565oea8zt35.wav,b13a7f9bbcc80fefd7e4c64e77e5af331cf72ecfbb3beedd7f6147e49af54e8c,16000,61440
374,2978.2446600304684,57.17039644836261,0.0855614973262032,0.11,0.0,False,id_iunhxpn24h7f.wav,8a7032b5e53711846bf1d4bdb64f7086235e1e2c9edb9cca1e236c1abc19552f,16000,60160
470,5931.771229573845,10.725961491405592,0.8574468085106383,1.9000000000000001,1.1300000000000001,False,id_adx0ht2hzyk5.wav,5dce753a5e5ae4d6b517db3b7078110a02e64e32311d2295243bfbd7a87d7d7a,16000,75520
494,1286.8972462865868,51.69146509724557,0.04251012145748988,0.21,0.0,False,id_7jnq4b1eqquq.wav,a3cf3179382429e195bc11647f8097a6b10ca7f8e24df44d7310da32daeb0226,16000,79360
664,7939.633337094352,15.625482287692606,0.822289156626506,0.87,1.1,False,id_89vhyz1kzepp.wav,15d951eebc1f1e2245575dbb63c2a282cdf3e98af688c5470d1e866fa1cbac68,16000,106496
382,5812.309617957391,28.14101975846171,0.693717277486911,0.24,0.28,False,id_y5x3le7iyggo.wav,53d2aff7dcaaf64c909cf3c239dc14e6b3a2d13e3fef3b39d6816b3c89bc64b9,16000,61440
366,2612.729841085756,25.13294416584733,0.5191256830601093,0.03,0.24,False,id_nlwhtp8hfxeq.wav,138578bd0768b195442ab448b5164dcee06f5ccf70c10c3358dea954b3778b3c,16000,58880
350,8527.791788177054,200.3239139479988,0.1,0.03,0.0,False,id_lz1n81k5lao8.wav,a03c39dbf9f8b875cc3e9bf22b8d8df779b251dcf30d9cdf1f042ea07f9efae0,16000,56320
406,15226.809022575939,51.38559511343701,0.8103448275862069,0.14,0.84,False,id_smn1yoglyvhz.wav,54626cf1ceaafb11c59d8acf3c8620664af865c58acb872142bf40bda074ab57,16000,65280
430,2169.575675103314,7.404306155938572,0.8,1.4000000000000001,2.04,False,id_izklnf5y526t.wav,f7109409f3d474be5e537c63afe30e9f0806114dbe1efeb6a5b633ae1e34fa45,16000,69120
358,15223.819814274602,18.701925078538377,0.8435754189944135,0.09,1.56,False,id_yvke2nbdqnk0.wav,53621159b59dab820b8fb64ff68c440efcce5717932fa896549ac9272617fc67,16000,57600
454,4517.18018154025,279.61199039271196,0.0,0.0,0.0,False,id_1ojj7pyd271b.wav,2fe3b048db53cee7e2198f318c5aeeb2df1fac56b0d6e871f00deff87d30b04f,16000,72960
422,7858.6966180785985,43.8246910751451,0.7014218009478673,0.4,0.08,False,id_rc3m9tpazj6g.wav,525b88aa912a3ea80e66e5451d5684c9b0b535a35726acb52677ef66ccf35e6a,16000,67840
454,5251.415648422813,24.35654391813909,0.8854625550660793,1.49,2.5300000000000002,False,id_mdn6aobr92pf.wav,f6a946cd27f3d54a992f74de0c49ab6b1bf13b0354762db5ef4b2a0354055b08,16000,72960
433,2728.4771627228256,23.14978401627108,0.5796766743648961,0.0,0.14,False,id_oxmhzjvk662c.wav,079d775b23cf98d31c48f369298706f7985e98fbdc2a17f384eedd64e055f491,16000,69632
438,4847.649593101795,21.220956841175266,0.8767123287671232,1.43,2.38,False,id_k90fespenih0.wav,35b36edf6516bef0fcda57b488d4dd305c9bf898d4a9b52e28bd5c22c2d4594c,16000,70400
574,5507.077091570446,103.6296046096868,0.010452961672473868,0.03,0.0,False,id_yov0g91b2cto.wav,df258a3bea9ba55ac6e63042d7bb3431e4bf70da6ea5d3054b007467a2225d4d,16000,92160
542,5038.033557599631,115.825173758526,0.0,0.0,0.0,False,id_dd532clfsj8s.wav,1879e4d35d7770b013b9001a03ab0c7c331b7bc60646519bced8f354eabbd6c8,16000,87040
502,1503.1913974940117,26.757354319405557,0.08366533864541832,0.27,0.0,False,id_a7r1w5zoa4on.wav,7ca8c10b767b92c2cfcb5c8d373800d8c7ed13b606b9709dc2ad32f3511fe131,16000,80640
446,3193.3633887329515,50.058774646242405,0.1860986547085202,0.01,0.0,False,id_t1da9qa75ij7.wav,43ebdf38956de2008d34d1c2a869ad46e81e0bb9ecd5a126526983a9f75f3181,16000,71680
366,11574.510375389536,71.49500708186923,0.8278688524590164,0.84,0.26,False,id_1e1d7ahr4xly.wav,9ce4dbb4a41f4763be82bed423587fc640201bffb080a231660311a96412b3f4,16000,58880
408,2416.5786196604486,25.797528828387986,0.43137254901960786,0.0,0.0,False,id_88u02hzlncwd.wav,a47ff64cd6e238ebe615c5f4c6964068444a65299ba43a7eda385af66d3b8576,16000,65536
414,5533.547626974941,23.802081776985865,0.8454106280193237,0.53,1.84,False,id_vufwpwiy82la.wav,59b1060be3646e90775eac3d4b1398cd7852afdaf84043512be01ccb1568f239,16000,66560
374,6046.994239496182,22.71032613760334,0.7540106951871658,1.57,0.98,False,id_9nulh7pemzeg.wav,3c29e116554398f35800efd1b50e94186b142182fd5b1f5060f51a1c865b8a44,16000,60160
430,7255.41158136463,353.24014222947125,0.013953488372093023,0.03,0.0,False,id_f8sy4jq7q7i9.wav,8b01541118a613e807eb293ce82b61272a081caf4dbedc29c39d99dc228f0ab7,16000,69120
646,6273.346701920754,98.56493999012876,0.2631578947368421,0.01,0.0,False,id_4ghvrnt32pz4.wav,b67dbf3b27b2f5b9ac07978f869447a605b584fe28ac938077640fb1edab899d,16000,103680
534,16561.120723248172,415.28897028464985,0.028089887640449437,0.04,0.0,False,id_i4wm36h5jthm.wav,8e45fe0a370a7bc72c6145efc9f9f1e839e79345248d0ba14aea0044fc25329f,16000,85760
446,15977.69989618343,337.83285184663544,0.03587443946188341,0.04,0.0,False,id_hvzokke0mks8.wav,e945a7f88c15d16968d74e48ee8cf44a27aac6fae6cb299702d3339d77529982,16000,71680
350,5444.60033106196,125.31746127468017,0.10571428571428572,0.03,0.0,False,id_nde94v94qk45.wav,b09d0fe8fb9f6c345c762b00c4de197ef70df02e48ceb757f5ab3fcbc6b9c0fc,16000,56320
414,2517.122269576907,12.899466986382642,0.8719806763285024,0.0,1.6300000000000001,False,id_soblinbb75gz.wav,950292cbff98481a0f737bf2551c9835cf82d20e8251f978a6175fa5b657e7ea,16000,66560
390,3653.2006661966984,21.11330375485639,0.8256410256410256,0.0,0.8,False,id_d9vu7rxa8x63.wav,c034cb44fe0bf4039bfa3d6ee226b2d047419096da15ff3edb1d386b92bbf6da,16000,62720
302,2336.671276089129,182.05503086730133,0.076158940397351,0.22,0.0,False,id_l6mo4vmkntse.wav,62d53a8c1a99d393dee0f0fb142706c74db5613fbb9899fd3f005b71addf9124,16000,48640
270,1115.6842687337669,323.1828914679736,0.025925925925925925,0.07,0.0,False,id_n8nhb6tfsu1x.wav,55354c02c554c561f1a9ba0c6381df529643fb575f2c9db98eeee91e12676b86,16000,43520
366,10086.419954448655,123.36966756548009,0.36885245901639346,0.05,0.03,False,id_q7fxbd8dgh5o.wav,d679c3db5af9614ec38c4ab9ca218f6776876e98e744bf418dcd0fdd4227f838,16000,58880
390,897.8046836589793,30.65112857195608,0.023076923076923078,0.02,0.0,False,id_0as8zaj3f7e0.wav,0de91b0a4acbbe774501cea0b6e291b7cf9600f25403061b69f1747064a86876,16000,62720
478,3257.6074126573326,303.02607674320615,0.03765690376569038,0.18,0.0,False,id_7h6ajat6m4yo.wav,699ec7c06bb160e87d455c320fed062764cea84b9c08429d403cf3de921d491a,16000,76800
574,9899.097418325571,152.36747284288825,0.13414634146341464,0.37,0.0,False,id_n6n3ejhrfrnu.wav,6f7700b859ea899c77c6b5b0686408b68a69d237a116aa708925804f60e45646,16000,92160
414,3425.506682229652,10.74389282062171,0.7729468599033816,0.8,1.07,False,id_byhwq1ziwftc.wav,de7acab204535db45bea0639cf02b148d85f30d8fdadb2c310d913b43a43e6df,16000,66560
694,5614.069750412797,8.577721628940505,0.8933717579250721,3.85,2.35,False,id_c6kwfo9ll39r.wav,fc6710f54b734c77c9906a63de532efbf9561429f374c4d587cb35dbe35e6ea7,16000,111360
406,3635.2393789818025,38.275594210415896,0.458128078817734,0.1,0.0,False,id_91w9gz70pekg.wav,cccc1b70c66e72b2e67b643ef95c57d79c3f67ffec87688c7c5afd06abdb1340,16000,65280
590,7497.727657263899,60.793069407037436,0.5576271186440678,0.1,0.0,False,id_fwtshp5pwegd.wav,d8ef80599c5d5f7786e06731449cd8c1f2050e67d0df47f8f4300131ea1aca24,16000,94720
422,7687.368264399723,178.22261457268306,0.030805687203791468,0.0,0.0,False,id_vhgy8w3uceeq.wav,9eb924fcf1ae32f8ccb1dea19ea03d632cb7c932130a3bc40fbee238931a771e,16000,67840
600,2415.0477459048298,89.42865862108333,0.01,0.0,0.0,False,id_rf6o0w1uinfy.wav,96b1bef903920e06ebb23701c56577645aec8a9574c1ade0006f9c2d8a1af8e2,16000,96256
406,6020.927340119626,9.779186748629174,0.8793103448275862,1.77,1.07,False,id_98nea0yc6hj7.wav,03a955481cb93fa34cd2919bfbe42c4541beaa76c999938b8d40279d1c2c25ba,16000,65280
382,10119.008523071812,11.422281890816496,0.7539267015706806,0.31,1.5,False,id_9q1oxshrodwx.wav,8f0c3a89e4975a52fafa0f30343b23eae26e043ad829e5ceb15448e76a988ae3,16000,61440
366,6347.62623269518,64.33034178358156,0.4918032786885246,0.16,0.45,False,id_57qq31tiel2m.wav,dc86901c7025279b35ddd98e49ee4151707b997d3288ab7c77e35a5d4ef1d029,16000,58880
366,2730.6661646015978,5.295469490708611,0.819672131147541,0.23,1.49,False,id_n3dz8s6yhizc.wav,67ed7f3f2caae702ea4febeacfba258fc9326bde916d89a919b0ad4b0ce7a13e,16000,58880
420,3891.9353456859994,15.74892787372222,0.8761904761904762,2.04,1.6400000000000001,False,id_vixyzzbfnfnq.wav,f9d7746fabcbdba34f8614e1b56e9c160d5f244ac609f1d54ad210d2f357c8ff,16000,67584
358,2497.580528731756,6.782462361094835,0.8100558659217877,1.29,1.27,False,id_o0zfl0p4z3zi.wav,95c5209f3058020d309d1027de7cc5384a299594e472459057fe453169b28afb,16000,57600
438,1179.5645478311053,104.1434638064939,0.01598173515981735,0.07,0.0,False,id_bo3voxkx4890.wav,07f87d44241716afb135a6c8f2a6780af254cb756af393f30d52ea19f8c62d67,16000,70400
526,4769.371593564502,17.78298874529156,0.8155893536121673,1.28,0.72,False,id_vcc1uosd2ifq.wav,7928fad3982d73e9fe51ddc83dff12dfcb87a18b8056593fb58d7256f068d073,16000,84480
862,3853.4114447460706,70.63879722174019,0.1554524361948956,0.16,0.0,False,id_mldsa0piqngd.wav,3a757a32354134637efad70482b6b7a7fa4995b426acc9255407777fd7376918,16000,138240
438,2908.9538690910863,64.66967020094962,0.0730593607305936,0.0,0.0,False,id_wesg73e90shx.wav,5767d39c6642e61b412a5d5d7e59ef3a0ddc8cd01d2b020cc780f6d54d17ee58,16000,70400
398,10637.485447346096,37.873191942577634,0.821608040201005,0.01,0.0,False,id_1v9r4aaiby42.wav,cc33aac87beebca0f909906dda559da9f1d86a4ca958664e2598449901601dde,16000,64000
422,4994.291116114478,92.90001429342689,0.14218009478672985,0.35000000000000003,0.0,False,id_r51k50vi8lug.wav,0bc8eabb3144d0732fd3977e250d3ce8d1bf3f8720702be026957c8f9caa1368,16000,67840
390,5330.248112424037,141.06657109891972,0.07179487179487179,0.19,0.0,False,id_prc1roplyctc.wav,fb0589122ad51c8ce4b239cc9e55a6d286836d3ad10552e5e7b960a5c6125509,16000,62720
422,4742.8074982018825,1.919633614971095,0.8672985781990521,1.76,1.9000000000000001,False,id_cpumxfmailyh.wav,d647b00f81f6a207528a9f3ec07830d45b744606cd161b8c35dade0424afc83d,16000,67840
374,7851.671718812498,150.11633274235754,0.12566844919786097,0.19,0.0,False,id_kw9tj53fucj2.wav,da718ae0941b33dbea56b5ca1ac092cb68dd4db80c62ee6245d56f8e7355b8fa,16000,60160
334,7272.44682397197,57.50377610551453,0.6017964071856288,0.87,0.33,False,id_4d41hpl43uqz.wav,d1b95e171b0f724dcb4a5f9c67e856b7840d62efc72393f85b1f85372f44adb9,16000,53760
414,1432.7298480523116,107.19634564104231,0.0,0.0,0.0,False,id_f0sv0jhwp84l.wav,8a97d322ea3e1036b0cdd0eb93e30312dfe3269f434610c1dd9304999105b6a0,16000,66560
398,6776.647440844182,21.30803490234935,0.7763819095477387,0.13,0.23,False,id_rjl6li44m21s.wav,37cf5ebcb5cc3c2a919cf9feaaa8c8a0d37bf3e435878627cd2546e14fac7a7c,16000,64000
742,10683.235801829893,67.6577643982167,0.7425876010781671,0.1,0.12,False,id_1agr9423s1zz.wav,19834d83a20b06bd664c559d80a9b321e9779442f5c96d39c6e1680700821a80,16000,119040
942,4613.601360650918,16.69493704832256,0.8662420382165605,2.54,0.8200000000000001,False,id_ea88by7h1ri9.wav,1518ef1913b3435cda1b4b65a47f74e2e0a64afbb2a44b2bdd16aa29b0c7a7e1,16000,151040
766,4735.295909444309,89.25603275881188,0.08616187989556136,0.02,0.0,False,id_53w7q7thuvt3.wav,5cb947c2ddedec4d4a5a8ef17059717f315fbe03bc64cf8a7f6c08cf7d5425ac,16000,122880
382,5462.651321702677,21.101401831795464,0.7329842931937173,1.1300000000000001,0.66,False,id_t8gx0vs0w8k6.wav,2c84bec227d71a1649a6dcf89e5e188ed5d326c954a0c162e5b9697ca543e33c,16000,61440
526,11492.592531931166,82.88944170429895,0.7870722433460076,1.85,0.0,False,id_ioegla3yee4k.wav,b2452f782aba4a1a3cfdc213fc7ea7bb5f95df15775279873754e27693816832,16000,84480
414,8289.402030906693,17.32612553801909,0.8985507246376812,1.58,2.14,False,id_9ss628ewkgot.wav,ec65572648d7e8dbf809d8e245255f4204d20ae8eda131503f35c43db3c943e0,16000,66560
470,4030.192213778395,277.63808931052506,0.0,0.0,0.0,False,id_unysxjodb5fw.wav,9cc296695ddf553d5e9d1d57f905d1b5c9001c47aa6fddeb0bfb7f230402142b,16000,75520
534,1577.5332833255848,54.72903452916166,0.033707865168539325,0.17,0.0,False,id_lp7h524k9bo0.wav,c697d3638c6ba7adb32d6012aa2d4b16ba5ccfaaace185966ba642ef361b8e2f,16000,85760
630,4109.839878571914,147.28892778492497,0.02857142857142857,0.18,0.0,False,id_4en2cojs0k5n.wav,5b0b5b577af38f1eb343f65a867952346be58f0bc02fb87732d29414d7753f1d,16000,101120
518,4526.952371077036,109.4307648728981,0.032818532818532815,0.04,0.0,False,id_bcs18vwvn52w.wav,ecb65e9a544f85b06d821bdf0c789697475e3343590b5bd81ad330621085ec04,16000,83200
526,3310.7884865240185,78.76463366162469,0.045627376425855515,0.0,0.0,False,id_zayrunyhdyn4.wav,c8d414cc43bccb0511b256e6e06bdd9004b353c52226eb36ce8133a855efb433,16000,84480
318,1162.1982629913023,11.827947934843195,0.49056603773584906,0.27,0.34,False,id_gkha3rs38g3b.wav,ec2d8f75ac4116a03a46643ca9765e2f13c73b85932c995a6c3d2053eb9aa33f,16000,51200
486,6270.320831703909,300.8803598089062,0.00411522633744856,0.02,0.0,False,id_oxsp2rt7vsln.wav,59554c1bfb8f6feefb998dfe52515f97722c2809aa6837f4b864bf4661abaeac,16000,78080
630,10894.340793389016,48.1504833948276,0.7904761904761904,1.86,0.22,False,id_i92vyz2o5wqr.wav,f243e0373164519cddee1ec5560bdbf3720f76e05ae0a1d910795eb116712c25,16000,101120
478,7321.731277334617,20.879775860865852,0.8744769874476988,0.09,2.48,False,id_py6wxzyflrik.wav,fb24dc747048b326fde3ce0eaa7adb7d2847fab0687d119b37661bbc3d86eb15,16000,76800
374,3149.005197677514,272.4276956068211,0.034759358288770054,0.13,0.0,False,id_txhe9emant40.wav,529f85c9ae36e151d94ff736ce5b6b2dfb99b25cc9914e5bef0afb2a7478c543,16000,60160
382,8300.451742525824,171.04537908359316,0.31413612565445026,0.24,0.02,False,id_g9i17jyb5x53.wav,aab277505cf8e1457099853ddebad1ec6b343676e07c14b0777e9c6268cb3dca,16000,61440
766,7529.687476748288,5.874195435419118,0.8655352480417755,2.49,1.16,False,id_svr4u969sv4s.wav,8dd1ce46b5df492bc43b5721b8550564388f172dd020797af39691ff2bb084b9,16000,122880
390,5322.963749406904,51.53952905534297,0.5333333333333333,0.42,0.12,False,id_zx2mg0bsc57z.wav,9207cd683a7541270c83560a38b38c0635927f354ec66c980dc750a0049b0835,16000,62720
406,6124.225901899766,17.538917085998033,0.8793103448275862,1.03,2.0,False,id_0ktq3i2jpy2w.wav,4d87b58a09507517c8b5f35b2c56b1a30ec84a741f08bf64dcd460334f6fd5c2,16000,65280
395,6236.153334789003,12.056740853149329,0.8531645569620253,1.73,1.0,False,id_t4k4vmxpvwjx.wav,3cfbf9419203e6317db6979f2f2640eada4bd1b8f88f9687e1126e6e604e99cc,16000,63488
350,7884.012437363351,43.46852188779381,0.5485714285714286,0.78,0.22,False,id_9lwqho2wr3v5.wav,95dfb69ae97ea85ca53c758d60b9ed18f994b5fc96ef16e96561703cfcdf1c6a,16000,56320
420,2345.2167948827246,13.754702416262315,0.8142857142857143,0.0,0.03,False,id_zg9h0mf51y1c.wav,4a0539c0986a2655a439f24137192b936e31f28f4e91f76dc454ac8c1a99dc72,16000,67584
614,5716.0925860678635,27.804585240324954,0.8843648208469055,1.76,2.1,False,id_qlmg7xihk85z.wav,6294e7b257747898aebd4ccff9119374556aa53000208681a9acea4ac64e852c,16000,98560
350,5850.625395844448,186.553295814828,0.1742857142857143,0.03,0.04,False,id_s4wwj6499lwv.wav,4eb81cbbf9487823d42b42b73abb04bbd1759f8569a25cce78553635dd1b6550,16000,56320
438,2297.7690680309893,6.605055437807227,0.8036529680365296,0.22,1.01,False,id_7tq9dglnwqxg.wav,879605ac9d201cff83455d2b10faefa870a2a36b8e6c801813faf64f752530d0,16000,70400
486,7591.203759121474,373.3736036138799,0.006172839506172839,0.0,0.0,False,id_fzwlec9uy34d.wav,311ece91c76675abd1c4c2a71fec1a439406be113f5819ff7dc7e56fb3f9e7f1,16000,78080
358,2326.84186559809,43.52349986219021,0.2849162011173184,0.02,0.01,False,id_zhj12lzh80cn.wav,fc4c2a4be0796efaabf2c0d079069f7b8879574e49050cc8d787efe164e9e8f9,16000,57600
774,2493.254043413948,32.390932147804506,0.01937984496124031,0.14,0.0,False,id_iahtct4bqvcj.wav,9a471237dc89c8031692fafec1432a23c384c3247ee3dc4a0b45dae2f710a125,16000,124160
814,5484.564522138471,3.434083541678853,0.8968058968058968,4.15,0.07,False,id_fe1helxnfwvr.wav,22b15e92e506c2b412277b813d26bf2fe481ba6ae143a2fdcdcfe945bbe1bdfe,16000,130560
358,1740.6439627333327,90.30759257094365,0.07262569832402235,0.26,0.0,False,id_fqnfnz4v1slk.wav,b843b582fa1af67b96ddd6091791dcf6183878099611581cc7c7c24226ac283f,16000,57600
374,1539.090007926762,10.059421168985342,0.7245989304812834,1.51,0.06,False,id_edwbjsfr5u3b.wav,9a607c19fad9f1f2488fd575107d437b22fc457eda402441e77a47713f49097e,16000,60160
494,2202.223663709025,8.421823802197864,0.8238866396761133,1.35,2.13,False,id_qg274aw5ymk3.wav,2c547db8247a0be9fa03819d463d7568bb0fa751fc9508d20f9a776542a47549,16000,79360
478,3899.6179021155394,146.88944345053585,0.03765690376569038,0.18,0.0,False,id_u3dyny6lrf6j.wav,9aff0afdafe4402e77ca33fe16785d9a597da3779ff0e798eac05a103687ef5a,16000,76800
374,11445.432088938363,108.52277958943912,0.5668449197860963,0.44,0.04,False,id_tp10eb8fv47f.wav,d75520d9035d65a894ba04461f0a77f7704806adfab8b467b5983a828fce8326,16000,60160
358,835.5012327938242,153.1211513929636,0.019553072625698324,0.07,0.0,False,id_ldyz9jti0xyx.wav,0b195f56926282d325f6fab419db858d460e5123598168a4ed58e24ca0e998bc,16000,57600
326,1539.387368403418,8.26483381669572,0.7760736196319018,1.35,0.0,False,id_9a8av82hzwt5.wav,0da848e18068557a8d906948ae49fc9e406f5d6105bf6f6e3e923cb8e5d9720d,16000,52480
406,6481.6353775494035,24.699048808058574,0.7783251231527094,1.68,1.48,False,id_u2nwo5hc15gg.wav,6ebb73d24159002888f8c04a181d6f405dc83732fea836018441b424334910fc,16000,65280
422,7582.245771043035,30.700255274057756,0.8388625592417062,1.77,1.67,False,id_0n1wd4oqtij5.wav,a8979c8df30f2c01b8bb2f1b25f6575c0877f367c581daa35eea21c2f380df20,16000,67840
430,1634.6140347188996,6.380240749246338,0.7906976744186046,1.73,0.04,False,id_x6tdn33uk9yo.wav,0478d2501babc6da239f852ad760d69fa72a1b465b373ce7dc8eeef4b795cd43,16000,69120
438,2741.7242416953604,27.349626838460175,0.502283105022831,0.27,0.0,False,id_m8cyooxvaqew.wav,a12714cca2582cb1110d5e6d5bcb30e12c657ae2b237d3bc69b4791a457a7d7c,16000,70400
830,2789.8848766570995,110.02850478214316,0.02289156626506024,0.19,0.0,False,id_jp1tjxvnn19s.wav,e32be493fdd30d7805c8b0cee5c7e1673b159db919af86b4b940a53966ccdcb1,16000,133120
358,9214.878457825693,14.336031114744483,0.8743016759776536,1.47,1.59,False,id_mwrywe1rjt4g.wav,59dc61a727d0746a896119506ff1bf93ade1cf5ac37b175a17b1d722470c8100,16000,57600
414,7848.069488415606,6.226254756840987,0.8309178743961353,1.68,1.76,False,id_78qj5lgkf8xs.wav,e9cdfe72afc6728af497e982569210aa20e32d99a67fc0a5fbc728c28ef1b5f1,16000,66560
374,5157.161362125486,10.240174807219528,0.8636363636363636,1.52,1.51,False,id_1gt07oj1wsxw.wav,1322bab352d00bb3d7f3756cdbb37e548712196a072e9ea7cce99bb83adbdc0d,16000,60160
446,3651.021822038318,11.791573211337699,0.6704035874439462,0.42,0.0,False,id_frn36y98us5h.wav,f3de20a10aa571232cf311f4c983e96a265d6656d06f7edd936a1fe3a1d90ed6,16000,71680
382,4089.8457437292177,55.04065527245986,0.337696335078534,0.0,0.0,False,id_3wit13cyxzlk.wav,47ff920af54e97afa30b0129092923d102359606649ef2d93e77c9ac2cce3925,16000,61440
422,4827.986780222166,10.499045458872615,0.8981042654028436,1.53,2.2600000000000002,False,id_2wm6sq5lzkfv.wav,f190baed9a636813aedcd5798a0be3dac09a6d2a533b6b8f327d892372567ff8,16000,67840
382,6545.578782850299,134.79342315028572,0.09424083769633508,0.31,0.0,False,id_x8m7rt6npulf.wav,5319edf105eee817f32ab9b70aa868ee0b389286ebbf4d1338d3b7bb65bbdb0a,16000,61440
582,3997.727278091891,16.84911663902708,0.8178694158075601,2.87,0.0,False,id_azgef1qd82i3.wav,945d0453f2eef6f413d5649ad81e3e556403efa649c58dc0e0886aa92f9fb2d9,16000,93440
438,2812.925294066659,83.48538058595472,0.0776255707762557,0.34,0.0,False,id_z2d86p8r4i82.wav,4c4405bf866962d2ad27dd9165c69c27993b662d19c61bf1fd974c7434012522,16000,70400
310,1514.6068186166335,16.046689128177643,0.47096774193548385,0.18,0.62,False,id_fnwq0rai52go.wav,bd1908f86fc89a9f22ca03a975bd49641be6ab2abdb3053fc80879847c1a9b1e,16000,49920
486,3566.934929319569,126.96686463737659,0.037037037037037035,0.18,0.0,False,id_31m65hpbvm02.wav,8398707043db9ad7f47c0c196211a3427e837aa9ab375afc4319b950a0497d0f,16000,78080
486,9685.005969796817,74.99662808006143,0.6893004115226338,0.34,0.77,False,id_3rrcfnee8j5k.wav,9f9e12049140de7082348e2ab88dc27aeba4214c64cc89b7c8e78fc274af8989,16000,78080
294,5007.310706107621,207.30002361575092,0.013605442176870748,0.02,0.0,False,id_98f2vnendyqa.wav,f5f0db3be1c0d4835ff7962545af33eb11ac51fc0fde8ec3e86d855cbca7fc0b,16000,47360
414,15873.631985229467,9.323326395015993,0.8623188405797102,1.6500000000000001,1.92,False,id_rt0twzidbywk.wav,a4a9d93c602a51eaf13729d1a5f2325b2dabdeab4ad1ba4fe6bdd046ec7f0a26,16000,66560
502,8500.568736561101,16.776722100021487,0.8804780876494024,0.09,1.6300000000000001,False,id_v9h9sojyzwpc.wav,09f70ab74bad62282d3ea3f403f037df450baa3386024de0ea3aa0b1f6f7f51a,16000,80640
334,7288.518046386384,238.30922602033075,0.03293413173652695,0.01,0.0,False,id_vfdqneesmr7q.wav,e19c390502736c97d92c5b148756ae21052acdd3fd89ceac43414b4b3fb5d6e6,16000,53760
398,5010.211227333634,6.179502220921171,0.8241206030150754,1.3800000000000001,1.69,False,id_0ehxqtmcqrao.wav,1fef2b4087eb9f5d333648067ca853286a3f93dec82d01e75c16b56be9f06325,16000,64000
510,8464.337009181521,62.859297384008705,0.5941176470588235,0.08,0.0,False,id_cz5vtgjmhxk3.wav,46cac4fdd9b720753a4e143277ce740995f278755d360bd75641cfa2f42573cc,16000,81920
446,5858.837252603967,195.58647955728452,0.2533632286995516,0.0,0.0,False,id_d98uxce6yjlj.wav,16d1599b4513d19fbf48d5855f1709a12af0a14c29d808fa767d9dc638ee5074,16000,71680
446,6579.516746122013,4.821566135603659,0.8968609865470852,2.34,1.6600000000000001,False,id_79049ftc2bkz.wav,ae9a23b080e2533b7f29946284bbf85e5c5cd6fbae91e4b7feffcf6274d88993,16000,71680
446,11601.059235475008,188.55039313855121,0.23318385650224216,0.32,0.33,False,id_gjhqstrdhg21.wav,13a14dc50d727c0f1165dd116f423e78f66145f9342a7f05a298756c17ba746a,16000,71680
422,6501.0027734188825,37.8468656995568,0.6137440758293838,2.2,0.13,False,id_fsi3oeouywij.wav,21602e95c745411d783d23378fefd2aea4e626bca0c8a0118dd3641fc982834d,16000,67840
406,5913.350504155829,90.82893976682743,0.2044334975369458,0.18,0.0,False,id_oft79ndneun4.wav,a8196b6ff3ec833a94c3619948f4488fb5c569514f07655206b9d4b076bc7889,16000,65280
548,7080.120770332947,174.92267762060203,0.010948905109489052,0.0,0.0,False,id_kvftz2zupp8d.wav,ac41c25b027980a8b4499f8e20e9a45ede65a6ffef27719fdf85111ea44fba64,16000,88064
454,1516.2966942521507,27.04897901996325,0.09251101321585903,0.19,0.0,False,id_rhaqnk2m56oa.wav,623d0b3f4d96b517204992eb3f6dd27cb26bf0bc7293353930a613c3a5205402,16000,72960
382,4692.580515558577,119.5887483978382,0.020942408376963352,0.08,0.0,False,id_767106k9h94j.wav,003bb59b5343ea3128e1fe723dcb22205318b71c9342f569f32808ba9781a148,16000,61440
398,3683.133406150258,172.8036645176981,0.05527638190954774,0.03,0.0,False,id_4k7blv3zepva.wav,f60198477ec01c5dc32d4ff8265929a9b2ea0f7d9f794240ba257ad4faf42550,16000,64000
574,4840.947283848483,65.13349597597313,0.2857142857142857,0.07,0.0,False,id_yl6g02h3mmcq.wav,e40e163cc9becf231d404e37e57527c62b8ed0eeca8065007977ae7c3bb4c7d8,16000,92160
478,8083.881637864325,253.72802479958045,0.008368200836820083,0.0,0.0,False,id_gzig52ijr4yy.wav,70e7be8f8cf17fa6522bd59e6c6df2c107e8d52c566d7a20e3c10f7dd6879c35,16000,76800
406,9988.352825165919,67.52648048946611,0.7512315270935961,0.91,0.21,False,id_dd7sdcfau55z.wav,58b36b9b813b379822dbc63e11e143c6c194892e04d87456f56a2a13f26caa12,16000,65280
422,3221.428598075705,15.096853823416213,0.7938388625592417,0.0,1.69,False,id_9v64xxdbzlwd.wav,2c7481f9e8f6b1fd9a32f1e02e2bccc5e30dba2c80e19a17d963dbd2a344765c,16000,67840
438,398.776456802555,23.391632109595015,0.01598173515981735,0.07,0.0,False,id_36so4q33fykv.wav,6021aa7fe7eb1d68c5500290133c6a843c2772a0810a319f5ea68c299bb5061d,16000,70400
446,4048.318765858242,133.98745112495726,0.03139013452914798,0.14,0.0,False,id_xtwjbcibizfz.wav,f1baed2f50f7eba5d7c59138669e7453251cc18ce9a879aec64090c94c7ceb07,16000,71680
510,3514.644396663765,35.57558719878361,0.4980392156862745,0.05,1.02,False,id_v5xwsh9nmhn3.wav,221fa2ee176032eddc5c0003f6f15b7eb30a808fce273fc904a8612b4fd8a54f,16000,81920
542,1348.3547159408758,101.61521595003182,0.012915129151291513,0.07,0.0,False,id_n2k9f4nciumy.wav,30523f5c36c9c65ac2ed4de392ba3abd56ca4cf7436ccc9af212fd98beae2ca1,16000,87040
342,3065.6777064786183,18.088184712305743,0.7660818713450293,0.43,0.61,False,id_73n755ivrko2.wav,0aff2c017815ca356e306763b1babd164c93fe8c5d632bef1de777fe4ddcde92,16000,55040
420,5343.848444473328,9.925156780447672,0.8047619047619048,1.61,1.77,False,id_6raxm4w4urxk.wav,1f4f1e2dbed0b268471970eb63ee48a37f7bdda83c6e9d87754edf302e936bc4,16000,67584
1086,5255.079992492978,7.780262892837053,0.9208103130755064,0.0,7.86,False,id_rmdm5j2kienf.wav,3450401c24ed1d6e5e3e7bbf090ea82d76ce7b49424148357430595102e752b5,16000,174080
446,4107.050045653206,72.27057043151113,0.12331838565022421,0.02,0.0,False,id_vlyuravdp464.wav,b92cc814d817c26ce2f40c5256ffdb8486133d148a95ab09bb6976dc510dd718,16000,71680
459,5341.038984832446,90.57737024224097,0.25054466230936817,0.22,0.05,False,id_mq8or9kwdlg9.wav,229b91630a28f514a8b11066efb62d6e7d71d87867fe2f84dbbc06e72ab08a3d,16000,73728
430,8671.176525852763,20.739228194251844,0.7441860465116279,0.09,1.84,False,id_yvotvkq12670.wav,8cb5e798235c2026692c906ce409dfa7c80d0d6f9354ee1430f4a4e7a199adc4,16000,69120
566,7797.160356661904,157.51623660983336,0.02120141342756184,0.02,0.0,False,id_kbjg5j79vore.wav,6afab8bd0a8bf1562d3a11cfe028cd21967dffa405f003c01e2f4d58b4f1401b,16000,90880
462,14710.272964156715,389.3087304796662,0.049783549783549784,0.13,0.0,False,id_cipds94oxrla.wav,935dc127be834b73d751191119fdc092a32c3c2a47aa63a48cb5b646dc11421f,16000,74240
558,2530.417295131378,13.437447671418834,0.8189964157706093,2.33,0.0,False,id_5yjjx3ask638.wav,7f44772eda130cbf83e2b587be27327be1d6bc6c61b9c11dcdc7992aa0fc5ece,16000,89600
651,3738.4200262276577,62.91458495452386,0.3717357910906298,0.36,0.19,False,id_5degcjdtdfwz.wav,13c3855d19347c9438b1bc2fa2e64faec1be72b6aa983c907471e1b0809743bc,16000,104448
806,4504.717910979554,22.452339029222436,0.7915632754342432,0.29,0.0,False,id_lfw2u2ej7wpz.wav,badfd6f6bf31164275fe503d6236f34b421b6dbcf9c494216c2ac1f712aa7521,16000,129280
374,1099.0827289153442,5.473092092335804,0.7754010695187166,0.11,1.53,False,id_v2fge94lta9n.wav,b16c3c4b3d520f604e425ae5b02cd4fde3b6f6ca9ab1c9e36880a64fee6f3a75,16000,60160
398,5238.631452726942,26.918597736958365,0.7185929648241206,1.45,1.24,False,id_uvgbm4vxm0x0.wav,773dcab7d90d5c2ecf703025a60c9733fde7b9fcd57478dcb741396d95d2f986,16000,64000
318,7694.774826952378,185.00264839427,0.2672955974842767,0.01,0.31,False,id_8nubxuowynl2.wav,cedcd1968e0fd55f43bf5238946e12d73eb37f7c51798eb32c7a06d5e64a52b6,16000,51200
510,5927.1031476177295,30.563845962992428,0.8745098039215686,1.47,2.56,False,id_rnq8tbt3tzvr.wav,5d2ba16533e83119c65c1c80510d575f8901dc903c42a5093f053e6fca2c4881,16000,81920
358,1965.6556539740118,0.8215838362577492,0.8938547486033519,1.57,1.6300000000000001,False,id_pp62hwv5vo46.wav,3df10a5cccc1115702f55e2cb97232c86f3bd0878ccf01e66ed068c054a5fc39,16000,57600
454,2752.66688504076,32.3593062567822,0.33259911894273125,0.22,0.0,False,id_3wk9p7uby5yy.wav,1b8c74a5995628af1490763c057244f87da39efc1de39aac733657a822087da5,16000,72960
534,3367.044778065774,10.525974981197614,0.6722846441947565,1.07,0.13,False,id_w0ii9epsol9d.wav,53ce09eeaaf38e3c73d732b7d9f158f2fb1fa7a681d98e653422163473dab60c,16000,85760
854,8449.043035160845,16.256152666638954,0.8852459016393442,1.01,1.42,False,id_reiv0xlxylj1.wav,384cb22f14ad90272009359cc2a90c00cc206b89f44524cf090d8450411c50fe,16000,136960
358,5098.141649905385,47.56180250399953,0.5363128491620112,0.17,0.8,False,id_ftem57sjc89t.wav,9f105354ecbf077196dad18e1c7beee6acab1af9485be2ad6f3fd17ff9c07355,16000,57600
374,3339.4465986148066,30.472950430649377,0.5668449197860963,0.0,0.23,False,id_tdvbek9ztwfd.wav,fb89e04e752606afd830d971c5b0af2d1ac0b19edb7830196733bbf8cf358030,16000,60160
342,534.4049705045791,40.279600713003404,0.038011695906432746,0.02,0.0,False,id_n97rp5dp7cbv.wav,d0c9a815285b5d7e617fa02ea4bf5457222f91b001f72b64fa07e5ab788f6511,16000,55040
342,7113.924220147414,207.59842431109854,0.014619883040935672,0.0,0.0,False,id_6tgm86i06e96.wav,20ff8bdd4f7456c886afdb89bf348b492c36f8be9c27bc3d1490adb317271b11,16000,55040
318,2176.6582615330317,163.8439697698945,0.040880503144654086,0.12,0.0,False,id_pll4vw1cdpa3.wav,ef8cd9362b8293ed0b7a7b2ffab71f57539cd6df986864fd81be87769a46a054,16000,51200
1560,4237.008763856879,6.930818854353944,0.9083333333333333,1.44,1.21,False,id_srqxr3dsnexg.wav,2b149d8c89bf4d4a94de25fc92e49c209064d8dd1f0227559da0d8533c6c66b9,16000,249856
502,16344.926873574565,273.35167708183553,0.3426294820717131,0.17,0.19,False,id_w0xtgg7qmz6h.wav,db262e5571d222d03c5143bfdd8a38ce6188e4b1d604a8f3e5b874bf0358aee0,16000,80640
374,2251.526161295933,0.8388977559496719,0.9064171122994652,1.71,1.68,False,id_6nt8vhcb14cc.wav,8ba24584c01d381513ce9cb97b9243c19ca07c83cb0c6b7264260baf38defa5d,16000,60160
390,2917.512971265081,72.21780573550622,0.32564102564102565,0.08,0.0,False,id_59s6kxdzbxcw.wav,2a88d82de4c889892862308eaa8cfb0ccabe0bdfbba905ab2ca44f272633458a,16000,62720
590,2715.0772369308393,5.147690758865773,0.8847457627118644,1.04,3.66,False,id_mcyfw04niq80.wav,aabb77a7ee24c3ae9244c95a07987777ae1fbbd5f4a87cac2a2cb915cd670091,16000,94720
430,10792.951589810824,82.86605449006768,0.6139534883720931,0.5,0.02,False,id_4ejblan03vtr.wav,1cb2d1b5364395dccc16e5337765906b138376e611e422cf47bade9c29234746,16000,69120
318,2377.7562464432726,134.77475384382785,0.04716981132075472,0.15,0.0,False,id_wsxf4dvewzac.wav,0324f733c40508539e0c5fde45a9b2eba1159432f9f66c6b4d9e11766a275e9e,16000,51200
390,2664.3873188783946,54.0319972988099,0.23076923076923078,0.0,0.04,False,id_nhz8baiq0d4e.wav,957ee70f392951a2b1ee7e5734f3da8268b998a05ff3fda34fea02988e5092be,16000,62720
710,2294.494825119464,10.013535691551997,0.8690140845070422,0.86,1.68,False,id_j4ekrzmqnvze.wav,5a8c31463006108a00c207c4ed77dfcf62948030e9f4efbe8d6137e8a4196542,16000,113920
382,9005.649435493257,165.76318842229367,0.10471204188481675,0.05,0.0,False,id_rxwvus43l68w.wav,bb0ed58e464fb9b6b59bb658b5487ae1eeb16e5a75f4e7c9e14007ffa9b5b6f8,16000,61440
1060,1990.2719104433945,6.896647473824931,0.9358490566037736,2.46,4.09,False,id_5y7q286af79p.wav,fa3d4d690943af1dd714c0614fcf839e7904ba4c0ede7ece44fcaf3cbc750ec8,16000,169984
454,3626.8553048750096,103.00946225096857,0.08590308370044053,0.08,0.0,False,id_yo31p2exwbft.wav,4af942e5e7516ed8903637c5b3c2a60ab359ddb9ea161101730911ec54e8b349,16000,72960
446,5078.283421098117,30.68077489041648,0.7937219730941704,0.18,0.76,False,id_xj8f46q9vgwu.wav,741b605b1db249d036ec45910a855e379efa46e6bd730731fc445b151121fad1,16000,71680
342,11082.775696322651,14.705015696673033,0.8450292397660819,0.38,1.51,False,id_8ouy9rigwala.wav,9111a0271ea46c8c9708c56fd9d9278163612a6d87db4d493fcbe737aa34f229,16000,55040
430,3111.1940637800144,16.666963412640442,0.6627906976744186,0.35000000000000003,0.16,False,id_s7tff6jo4y7h.wav,b8c6bb211d4df7a5d2579f416a14def276e1259a3cd2411badba18976751c212,16000,69120
486,10078.42386189428,89.26170277663061,0.668724279835391,0.5,1.25,False,id_y0z1g77ond3a.wav,ba14087b3066d20c464d6dbe6e243a90b24d622176e9cebf8e0313c3d0230497,16000,78080
326,1253.927368311259,95.13664049028334,0.03374233128834356,0.11,0.0,False,id_llak9vwyp3sq.wav,08fbfef7a03622018cb8ce9801c0422d1a6e00ecd80c546fba5d7a88f36bc5ee,16000,52480
6206,1254.529910962668,14.920078422363362,0.4147599097647438,0.0,2.16,False,id_12kj458pm4wm.wav,937c917db524388279e94137bd30d47fb9f8c6362180a539fb360bf06edd87b3,16000,993280
310,2977.9485157571144,227.0578546120149,0.0032258064516129032,0.01,0.0,False,id_w2xk2kiuh85h.wav,9dc807eb50536f9ac58e2987ccd5317e9be9ccf7884fc751ba3a815b3b046ac4,16000,49920
326,1902.6890825881144,9.892272742335383,0.843558282208589,1.3,1.1300000000000001,False,id_7sanlvwvwtc5.wav,1ad62a332da1eff2172930c692c21584939353e28fb2300a17146e3144ced3ad,16000,52480
459,5691.781120835551,26.69349171614684,0.8213507625272332,0.01,1.56,False,id_ksqxnkp4pdac.wav,48413badc540c3cee6496f4ae14aea5a32e89c08aa5b79d416a68d9a242114a6,16000,73728
366,2891.1157504499884,35.74529429306976,0.4262295081967213,0.05,0.44,False,id_rx4x4kbpowd8.wav,f90e4c633068bae249f310f23323dda68454980d5171bac55f385a3bb19ab0af,16000,58880
302,1693.4119670062569,240.82583008324025,0.033112582781456956,0.1,0.0,False,id_9038uajavqlf.wav,c1e03c7572833d85fb633538ddd33650f1419101029a1604336e997e7cca6544,16000,48640
942,7037.654760110076,13.407224754781168,0.9182590233545648,0.09,6.59,False,id_rirgxj6qi733.wav,a9c5c1573abd6efe5908fc87c40506b5e97f5e7ba769904e7da0dcfec4683951,16000,151040
459,5068.629189189124,16.70014969992784,0.8322440087145969,1.86,0.87,False,id_5m8pgr9lvxr2.wav,6c9367ea3015f344bd4350737c7137302b7efe6fbe2b05199043bd940d1af7e9,16000,73728
454,7058.267194042742,41.64071008948088,0.775330396475771,0.31,1.57,False,id_l5p4qv4myo1n.wav,4ce2254d41fe57278f4fba7d38f1d7b9961a797bf60259891ebb4d8d5ef96dea,16000,72960
390,9254.442683381858,257.7167768171897,0.06666666666666667,0.12,0.0,False,id_l5x12wq8u6mb.wav,ed086edc29f127147b36824531fc011c425d2d079dae3837f460c33689ad2075,16000,62720
398,4727.0551866357555,8.702286928171652,0.7864321608040201,1.24,1.6600000000000001,False,id_o6f09yplmou6.wav,3914e2e5cead36db4decb6e6a5a760536af36e1e7595aa8c112f176546f44e26,16000,64000
920,2159.829027955685,6.363862801700396,0.9217391304347826,2.25,6.23,False,id_rysagj0hh4eo.wav,f2502a9f23786b8d953932e4a53c4e9ee1fabd27d7b7627b5e45acf6087bc24d,16000,147456
590,4497.80886793781,85.87869240348638,0.05084745762711865,0.3,0.0,False,id_1gk7jev99p3q.wav,4ec2e38a284944e3c744ce2656fb9ee99f624e2f81343dcc9cd47c5fd18a2029,16000,94720
374,4626.148620613048,10.274459617686297,0.8689839572192514,1.61,1.6400000000000001,False,id_6evryhlr4q5k.wav,04e95b3e2a016548f8344e6cffa3e8d9a1e667049524ed6d08b9e732fbbef7d5,16000,60160
715,2619.760339229526,6.904708538381616,0.9104895104895104,2.4,1.1,False,id_emdmuce9klz0.wav,edd8086e61cc76658fb060154331e1c00005f9f4e47b9484a11d46561ee25185,16000,114688
390,1168.6902508791627,48.93501241225242,0.020512820512820513,0.08,0.0,False,id_nxuz49ksvwvn.wav,799f7bf093a6248521d2551cabc1becb0974d5c55e10067503c5f2fe0fdf0750,16000,62720
438,8294.235637025271,187.15866318245634,0.0365296803652968,0.0,0.0,False,id_9qtimmbivvr9.wav,a0ed9293985d66565cecd562a32946375c58b083be506d3c37b5dcc470c16465,16000,70400
502,3452.7815290718872,28.49192625562715,0.6175298804780877,0.31,0.01,False,id_xuu3360pcyhx.wav,a48a94fbe44d13ff1e9f193163ca26e98a6df5b82c5842831c583858c4c00bd1,16000,80640
395,5744.488725726598,30.55605504642247,0.6911392405063291,1.21,1.52,False,id_f89js7r6m2ma.wav,7321cd675cca1fb2a6e6efbb528b7268e8e072781deb4af59152d9a251a1af36,16000,63488
286,757.6580528180242,159.27508142434021,0.03146853146853147,0.09,0.0,False,id_mwutny9klu6u.wav,4ade91fd71c12da6d5e2f00ff2707ebb6e1ef922c5e70e4f371481fb3dc6c992,16000,46080
369,2627.455398289379,8.798579430794497,0.8373983739837398,0.0,1.09,False,id_n6qzox1en7ly.wav,d2b754ce91056eff9f26ebfc50f124a6ab708767f192ca77dab9aec8ae92a285,16000,59392
430,6895.629986447939,20.113391814956742,0.8930232558139535,1.8900000000000001,1.95,False,id_jcmo4jlbpgzh.wav,ad0d7ebd09f703ba14eb6b27c1c9d17eb6b90a5a855eb0c45b530d08df7e723b,16000,69120
414,3188.115722491892,6.450300349859959,0.821256038647343,1.68,0.42,False,id_kkorak0m9pwl.wav,01c69a911576e4aa558db920042597aa54a6066ea689bb6529b7c2b0ebc20e39,16000,66560
494,1129.3558008882762,61.768867581889296,0.03643724696356275,0.18,0.0,False,id_map4q70pjdgb.wav,6fdef69eb081fddecb053ae3806cf7b2219e4d7d1aac63f0ed7547af670de996,16000,79360
446,2027.3820310933013,168.33080638288544,0.02914798206278027,0.0,0.0,False,id_i8onf09fupa0.wav,8a1f21683d8e6c47c4a14b15d142dcb33022e75a1dd2af29f7a2b5424bdf0f17,16000,71680
326,8965.865669861443,203.24178527342167,0.08282208588957055,0.06,0.0,False,id_6ybt2whk30bw.wav,30ead6bf66af712b747eb0be7e456a6a3224377991ef93b8c8e3374d9c475b2a,16000,52480
1062,3113.1713886324987,3.075912558590004,0.9067796610169492,0.17,0.0,False,id_7ag1n0tp90xa.wav,9999587937da1d20ecc0f557d208b66786fdea1f7bef7fb0c4dcf286a8d894a5,16000,170240
342,4739.787026861017,17.047059770339025,0.7982456140350878,0.4,0.79,False,id_92fc5499d0yi.wav,f3d8015ee792cfc14ebe4336394323c1412e0ed190549253722b8cbb188c6713,16000,55040
614,991.889959874582,77.18891043872233,0.029315960912052116,0.18,0.0,False,id_r0fw2xtim0cq.wav,d89bcddd797dc5390e05b449adf3d0d26613a3e20ef0fc3bb56998e249cc4e72,16000,98560
846,3995.953774757661,5.342835055186326,0.9137115839243499,0.42,1.06,False,id_ie4zythyuu4z.wav,6d8fac44f02e6ab057674ddb994c47efd07ecf53edf3b21edeb246e734dfc820,16000,135680
390,5136.386727067968,12.468460206037637,0.8051282051282052,1.58,1.56,False,id_cl4v1o8k7b49.wav,eac02d3aa39372ce2a90a9ed30be77bf25b08aff887994dd6818f1d816f9fc93,16000,62720
462,12762.270177558537,233.28733821662104,0.06926406926406926,0.15,0.0,False,id_us0uoqhr84f9.wav,909f65b95645b40435f25f61502261d700910ddd2fcb80abc67af15a60e9aaae,16000,74240
350,4827.467997563526,1.9615028682781044,0.8257142857142857,0.0,1.56,False,id_n5fe33qqvkvb.wav,e1551929f7ae86a55caa498099bdfed2f78a2666c6a12ab368105cca802ebd01,16000,56320
350,6236.437593490374,235.85393015633377,0.014285714285714285,0.0,0.0,False,id_x8zqgpd1hgxv.wav,4a8adf7f14d95cdca354da14768cc9b266c18890348c791e173fcf59bb2a9e74,16000,56320
502,8559.974175778803,19.639274181571558,0.8804780876494024,1.9000000000000001,2.41,False,id_x7pkadmez53t.wav,0877415c398f0c7c3e9c10669b02b775b82710df8e9b13c1821cb7d82562abec,16000,80640
369,3324.6884391623826,13.707114940788962,0.8075880758807588,0.0,0.63,False,id_7rpk9tzzpuny.wav,e35a5ac819330a78d808150a6eb901a37b6e5db54ab06bf92ef15e52e0b3736b,16000,59392
422,4309.714395119472,29.7478762133389,0.8388625592417062,1.75,1.56,False,id_a77kprea72hs.wav,5e1619d21c7840ed2d7e234b974040a95d62246309419e5a16d6919b0149b3bd,16000,67840
654,2218.8142458304164,84.21447768994638,0.027522935779816515,0.18,0.0,False,id_f1zp5wzc8m9r.wav,94f8f184fe08bf7deef021e44882851d1b44a5d2414f764dc1f86720418fa852,16000,104960
462,9268.741394736397,12.859479593486743,0.841991341991342,1.75,2.14,False,id_5y0elsyvrb1y.wav,18059c7fbf5230dc1c56bae94d92af7c3dbd0b9e471a491aecbd98eed2652e3a,16000,74240
462,2069.6649837594487,17.21537396445403,0.5800865800865801,0.21,0.25,False,id_r60nwjlx8bhg.wav,3d8ff52f6b81138bc322aa417e5f2fb65cfbce7e45781237f533256b8e89fe0a,16000,74240
390,10062.021021395254,15.960849741888051,0.8666666666666667,2.02,1.29,False,id_2umc263t0mkj.wav,228e412c13194f0c29929c2756808bd67f541f667d7caa040e72a65013e817a2,16000,62720
422,4069.4404010256744,15.097510096131398,0.7796208530805687,1.01,1.5,False,id_9s26ovhtcp7w.wav,63cd6035bd9f703aa449b693c90df12c0894fcaf3adffcc70708162eaf5e23ff,16000,67840
422,8759.677508618683,22.63285887470616,0.8412322274881516,0.09,1.78,False,id_ah2z92quev25.wav,8eb90a1a0bddbc37e0d6ee29251831a69e61e030942f28342525d763e7ca92b1,16000,67840
454,9853.872473931251,65.50836681357728,0.6872246696035242,0.17,1.78,False,id_379p8brdcgie.wav,e0609958bda93c81b5006b02ae0e6549cdab390f8623ad021118f6ef58af0e29,16000,72960
526,8722.594675467844,82.76955957472599,0.5114068441064639,0.16,0.0,False,id_7mw802r5vbqh.wav,f837b52492aa26a5ae1cf815d4466ac9aeafb80b6856a553e53bb595d7cebd7f,16000,84480
518,5474.032892666978,6.481608073748411,0.8648648648648649,1.78,0.32,False,id_3ib1e94te3o3.wav,d857b6ea4d840bbf3e069e003e827af2c64d9330600d7f1cdbbca411ef120802,16000,83200
462,9468.929019429812,71.02340584287826,0.5930735930735931,0.56,0.0,False,id_0r56x9samgcy.wav,e53b18592bf181582073d9f3e46ff007ed63748301005d1e53bd3887968b913c,16000,74240
398,6999.929928042137,72.4567866785851,0.4748743718592965,0.12,0.05,False,id_e2fxgexd97xy.wav,b7e193fae5cb9ae30610b3c672f9bcdc888eec5bf86eece5e4d40f9b1a5affd8,16000,64000
459,4779.055872502434,33.000871200621354,0.6470588235294118,0.15,0.61,False,id_yj6qzu7vgcj6.wav,f179eab9852815edfa62d1cff472a42865408ee38bf80b53a303a4828426a452,16000,73728
534,4266.324904997274,9.633532628537555,0.846441947565543,0.09,2.74,False,id_2r3acdpe8k4g.wav,b9a0f76a28f872d5376528755247ccabf81239d7669b77e40752e21a94e8532e,16000,85760
318,1811.2657618361807,11.124267373968827,0.6477987421383647,0.24,0.81,False,id_m9boyq5f10j5.wav,6286f6fc0082f76c22a301ecb5af1f4780c4843e04d986fe3e2813c3947251c8,16000,51200
523,5110.1566570898785,21.32674377395668,0.8852772466539197,2.5100000000000002,1.74,False,id_ymnn8mecy9xb.wav,e20a2884c741357961b629a5ce132b0705f38aea701ea98d63ed2350bc110648,16000,83968
590,9028.073743883577,288.76882377849176,0.023728813559322035,0.01,0.0,False,id_xox9ehp1pwnf.wav,10e195231cdb80ca9668edbd94a052c1f937572747334ecce456b4254f23650d,16000,94720
430,2800.8601192312335,102.58892680654097,0.06279069767441861,0.2,0.0,False,id_titz229joj6r.wav,8b5d1117f8ff773cd6bbfa697fb5d783615cb7edc63b30704d1f5f3e93b722ce,16000,69120
422,10449.63578683487,8.781651203657766,0.8862559241706162,1.6300000000000001,2.11,False,id_pzq10tdm03z6.wav,eb8ccf0c9bc6a01832c66cb9730d6d81f2f1f382cc4f0b3ff2ce02f4533fe804,16000,67840
430,5464.681190838126,45.07261455171287,0.5767441860465117,0.06,0.24,False,id_nh2s1tlgvy8h.wav,c6d0d3719f05c864e2dd21e2f7e7956786868462352e3c61fbc9dc174a1f2cea,16000,69120
462,5015.508390233237,27.105756544905105,0.8138528138528138,1.74,0.09,False,id_rcfe9n4m6eqb.wav,a4cf4723d571886f829e6140292017a320f01406bb9bd2d1d2f6faf9b001173c,16000,74240
494,9845.5737622294,32.39635341304133,0.7753036437246964,0.0,2.2600000000000002,False,id_rsf7nlh1xnq3.wav,c2ef86949b227888fe8966f0ec7efa4daad2194a56ac2c0a81cb4c56fa64af5b,16000,79360
270,2055.1925110558377,210.26632407381345,0.03333333333333333,0.09,0.0,False,id_a8suqbtwhysh.wav,d0631c5313ae93194c43c411051811b724a5ddf1f7ce282cb47b30279e27fbea,16000,43520
438,3325.3764771826964,5.676369128499802,0.7945205479452054,0.35000000000000003,2.5100000000000002,False,id_1enwxcstxph2.wav,b80801945017ae3f840f5bfcd1460fdb9c320519bb69f1a850d99c38c4f53dc2,16000,70400
286,1824.27390487284,189.0906964593201,0.0,0.0,0.0,False,id_v4ilg1oxc11z.wav,b94cec68e956e246bd54543256487c0c108fabf5a85155294a86fddc6b62316c,16000,46080
342,10203.707576048031,11.0753562527496,0.868421052631579,1.55,1.42,False,id_xj5mat84juyh.wav,0284c4f54f645c9aeaf84277748588054ee9d98ccd08e4a725a91babcf0f00ed,16000,55040
558,7464.863376680112,107.67485384044366,0.27419354838709675,0.19,0.0,False,id_5z31exr9urcf.wav,2d7577dda879d8fe6b308655e262c2545520731cef91f69f61c0f2bc2db0bfd3,16000,89600
710,5172.5180246181835,92.81882095969411,0.06619718309859154,0.1,0.0,False,id_htx9vb45vk8h.wav,5c81ec38b365c0b5a3b88a8685231f46ad82f9240f76b9e50daa74927884ef0a,16000,113920
510,5220.77833325645,16.98374176099691,0.8568627450980392,2.57,1.17,False,id_ojhyxw0eluq5.wav,0e93a2af7d4acfdb503766215ed4063cdf125555d3217e4fdac3725e28650ed9,16000,81920
510,9300.865500855283,221.7163280398952,0.03333333333333333,0.09,0.0,False,id_gmaozh4gx3tj.wav,c6cd147504d824c5d2a5cf03e51c1935391d0d0d3ddfed60d3313dc96c507b6f,16000,81920
582,1497.6937796158466,54.256287699119135,0.024054982817869417,0.01,0.0,False,id_3nyaznnpj0pd.wav,148efc176c31741756b472c4913292c786f511857ba651ca6820744d45482bba,16000,93440
630,7243.32703942049,152.4561935851998,0.015873015873015872,0.1,0.0,False,id_ctcdcixhf4nl.wav,09b8e14a5e81d3d0d388e80b9f3d4888ef3736c9eec2fc6240164c3dac95564d,16000,101120
726,1182.144662255851,72.5930490661078,0.012396694214876033,0.09,0.0,False,id_tpyw4om945kr.wav,132e755c9ffde4b086537f66d38e67ccf70ebd7616b29a9f140148c0343bda74,16000,116480
430,6763.544168555418,5.625711854414627,0.8488372093023255,1.22,0.38,False,id_mwk5b4xpfmm5.wav,ec38943b9c3ed73718c36c5bec50450b42df4a8bec7e3b94fe2ca5ecedb31a59,16000,69120
406,7163.249361846899,34.44435449107257,0.6206896551724138,0.26,0.16,False,id_7hzjjl1l3vjy.wav,30697e60f7267a1cf1b850e923473110e19201a6e6479b5671702d418260f31a,16000,65280
502,4501.847353031864,38.184910941444485,0.6633466135458167,0.17,0.04,False,id_cfkeh6x36kk1.wav,30ffad44e89b3d20d5c5842e2e4dc286d2e6ca638d3af942dac2b3738af6272f,16000,80640
406,3305.9618551187186,81.11629153839272,0.05172413793103448,0.0,0.0,False,id_aymt8v1bq9ln.wav,a95f2feb10b4474a828607df73a9215c89680d78b97015bc575abb456f135100,16000,65280
390,8871.644027039183,9.483374217745641,0.8717948717948718,1.3900000000000001,1.7,False,id_ll4lt8qyxhkd.wav,4394e66b6a036cebc2ea5218fedec8727055d7ca491b0743cba41fe51b85ba0b,16000,62720
534,3323.8412932178335,10.717567318885557,0.8576779026217228,2.0100000000000002,1.59,False,id_9o62ubv16j2p.wav,a40cd785cb3f342cc1e7594b1ab3531dd4db90469e1416cb5b9d057d9010e2d4,16000,85760
395,3133.4044707793473,31.108760823922253,0.5012658227848101,0.0,0.56,False,id_4j3e8cswgk3w.wav,79e293b682ed56384381bc5028a4454da69ca56421d0f6f6da82888ec85952e5,16000,63488
395,4649.038144336955,22.000568174481312,0.8075949367088607,1.62,0.41000000000000003,False,id_8k6crundu3kp.wav,8003d7bcabf043d4bf8255438d98290376de81c28e1ede1e42e5620b370916a7,16000,63488
558,3099.589505886223,95.90667744413537,0.01971326164874552,0.05,0.0,False,id_cgbv2sygmoo8.wav,74be394a544f3f35f9adcd3a772b6070b33db7554e5b80189ef0e5f5a65947b7,16000,89600
390,5319.844777575751,16.869671816671065,0.8153846153846154,1.41,0.52,False,id_ts9md191a6re.wav,88d93619e4229599f3d5ffda051226e9ffc31160a0c09273d41a46734c50b053,16000,62720
369,5389.288040409419,20.011746550463805,0.7479674796747967,0.15,1.25,False,id_da8mlgoov70o.wav,7b0d9f9a62f4c5e9684b8cd1f68a2f92745b4be471ce01057e9d1a17f8023628,16000,59392
433,5084.691962400476,14.654521486558338,0.7875288683602771,0.32,0.46,False,id_7ixopj8v9501.wav,33dd2e355e567b848f200652946ef131e08e71352121e66f6a781122a1369d89,16000,69632
342,3453.7298562568553,29.342496572487267,0.6345029239766082,0.43,0.9400000000000001,False,id_xt2pjfnyonml.wav,e453921fbf0fcf8cb0d047e721ce6c4c4a5d644d9a13c4d80e5f8b94b63dbad4,16000,55040
534,8221.123770811386,32.90036370798218,0.8295880149812734,0.27,0.92,False,id_ewaw96gd4srp.wav,556a3983cbea697d7887fb04826f574210d4bf27050a5e60866acc8dcdaef7a7,16000,85760
382,2673.2656143750473,7.699830650816139,0.8534031413612565,1.67,0.0,False,id_idydxrpcbqgz.wav,f00ca952881588725e5f128e5ae1a4881fedc3e0d1c9d2ca91513b02684867c7,16000,61440
414,7983.162894179224,33.45793586558933,0.7342995169082126,0.72,1.28,False,id_ahxkhjyzp5oq.wav,25be8ec8ad03387dfef29e375b275b78e01e8ca42397e93c8bb56e7b95b52cdf,16000,66560
390,8464.867788394571,6.088924284829991,0.8666666666666667,1.8,1.58,False,id_nbrsx68e9jr9.wav,330918620eb52b8f629961865ed9694103af781ced9de8828f1dd8227b584c75,16000,62720
398,2936.5158836621335,60.887046243936624,0.17839195979899497,0.06,0.0,False,id_5utdy6iz7xbs.wav,c4bb0e7d8545a37ae72069366e9f7167de759091cf064eba31402d1cd691730f,16000,64000
422,749.9163219986614,3.5195854637303707,0.7890995260663507,0.08,1.08,False,id_g94in2jg5qio.wav,f701662d2bc5267b4fa9a6b05e86bbbbb86a167c1086bb3ad83ee18e00d5cc68,16000,67840
486,4067.6426695937785,56.29299290107913,0.38271604938271603,0.18,0.04,False,id_wtxzjlyczxc0.wav,5dc1286ffd916721c9aa2061546c917e6f6bd8ed1b42636e5c83781305ef774c,16000,78080
334,1227.1395275191815,11.255092783809776,0.5748502994011976,0.02,0.0,False,id_2z35cs0s6z8p.wav,bbb9d9329f2a0f18d3d5d004b3376f6bceed30bb5444e75b264c1ed463944c48,16000,53760
854,8719.019021369319,12.730223805683694,0.8571428571428571,0.92,2.95,False,id_o0cg6uj5d83k.wav,35a91f57b0b5c9d41b372c36fc2b02640d9a2cfea35a3651bf85ce2acc1b183a,16000,136960
462,4369.09905873053,10.286883059794532,0.7965367965367965,1.57,0.0,False,id_ca6qn7p95089.wav,230dc57bb325a2f18e684378171c12ac8c51708e859b29fe99b80f3b7041eaa9,16000,74240
374,5136.985261074827,8.09073402488089,0.7807486631016043,1.3900000000000001,0.99,False,id_492h2dme124n.wav,2a4713d4fd3993cd99f96559bd9e036e4c79e57cd809fc175444b6a5fa070d38,16000,60160
414,4732.627504621508,6.555913336279922,0.893719806763285,1.41,2.16,False,id_04qv4abenujq.wav,aee8f535e1924d6df39fee8a8f87c3e2d292c85de8b520c9d1bdf43003874606,16000,66560
310,126.89956658712433,20.5553516851529,0.0,0.0,0.0,False,id_okczaxna9cbv.wav,17ac99bcbe07c43b9e61fb4a3b9dde871428ceec7d03e006447910239cae1433,16000,49920
358,3289.5081045651796,13.027824233559503,0.6955307262569832,0.34,1.05,False,id_zxam5i284ay7.wav,ac0f233c9934c0be1590d8d1c4294c75b5df16a15aa2ac105a6076e19f85280b,16000,57600
942,16133.522735596216,67.67541635517604,0.9076433121019108,3.04,4.11,False,id_cp2whd7hjw0n.wav,d7346b9d6d4f61a40ae199737084dac6509fb1682520eaebe6fbd66e9909b4fe,16000,151040
454,1811.2193523977155,4.294909775399666,0.7907488986784141,1.68,1.1,False,id_cnipb0z114p7.wav,b4090a19de2a1c00b6cd0e123f4ff4335e85e8647691f5d411552551d66317dd,16000,72960
382,6128.556958819915,62.10513213603862,0.49214659685863876,0.14,0.34,False,id_eh1ilyra2x00.wav,d3d4cdf9ff6504e8619b665d67819e4aff2b0d8083b76ec528a7119083eca7c7,16000,61440
408,5064.804365669023,14.802912711892782,0.8014705882352942,0.62,1.29,False,id_57erwnaniilp.wav,d395e1cce838d481a137f7279820d677091442028318558db45ea5a8127d1c5b,16000,65536
398,11121.572887074022,89.17746073648152,0.6155778894472361,0.05,0.07,False,id_dkltbstp37m9.wav,fb1a2ccc1a274d72d3b782f40bc29c06a9b8fd01a7d52acd64c368bf29f776c6,16000,64000
395,2381.971831802383,29.169418917763856,0.4151898734177215,0.24,0.02,False,id_ln9xdzqyq16b.wav,009e93c5d5f59dfdfd89d9b6ff8fdcf8c74caf8603e07072a2d7e111a1bf4ecc,16000,63488
630,5071.803514776573,43.67777921329258,0.5968253968253968,0.33,0.0,False,id_weqnc6puafu7.wav,a361c8ef1a5edfd37530833b3b793de10613f81ec4de9bea23e70aecaceb5063,16000,101120
422,3687.208368128929,8.27397836012317,0.8412322274881516,1.44,2.1,False,id_trh0x5j2fn3w.wav,966332d6ea14a618f5804115835957d8523e12e2706f561b65aa5faf2ce78bc2,16000,67840
502,8285.97875389504,75.52780721374575,0.5597609561752988,0.03,0.49,False,id_er4txz6j7jws.wav,490157e208c8fe65ac975870b5d760ea8c3a34ba0b78a859d28834d5e53275d5,16000,80640
438,3055.313268717301,19.47542248049776,0.8356164383561644,0.19,0.41000000000000003,False,id_svq0y3f26n4c.wav,0d63faf85edd63b9783e3e8ca7f6a02c8e72a6287e9add2ddc0f396d5ce8e94a,16000,70400
470,4089.5745539725767,157.4895139568349,0.00425531914893617,0.02,0.0,False,id_l8306oeu91kr.wav,1e54c3168fec8a9602d5c6afb9a0537183df3c0635c3c983d04ce27c0156ab22,16000,75520
398,7385.100278432244,359.7039468427394,0.010050251256281407,0.0,0.0,False,id_v7wh07s88fzy.wav,1d33f2a308f5a812d119d4eeee67dabbda0cb84dce7ff403502e23d9385df871,16000,64000
523,4777.6928710414195,10.135457562438905,0.8527724665391969,0.73,1.18,False,id_wrzb7o3szwls.wav,4f410963adce5c8b6ffbcd158a6f591d2896be392f94c9d780b560a4f309176d,16000,83968
382,758.7188510904418,7.793746898243022,0.43455497382198954,0.0,0.03,False,id_pn209e2s47tj.wav,699696cd5c6800f1fa6bad8a2e2c298b221473935b6010db4efa75dbe12d6812,16000,61440
414,8721.850226872735,10.808615034744832,0.8381642512077294,1.78,1.69,False,id_t54rk0m5mwoa.wav,a2d4216c1c03d70eab0e8b399b96514515c1f2c2ae1f6478eddf0cc29ceb7d69,16000,66560
294,1542.9150859655238,541.5944948728675,0.027210884353741496,0.08,0.0,False,id_kn21halmjk27.wav,e2e1aeb88f3fbaac2e8a7c6d01410ad6b3f8f591940e413fcafb72e19e956a59,16000,47360
374,10886.805040276968,9.804831948074227,0.8368983957219251,1.56,1.55,False,id_6yh7iggkchck.wav,72c153d6ef0d92dc0015f7db02dce61c4e9cbc59781ecd971ae2c3ad5630d6c5,16000,60160
390,7778.683313871314,54.81953139607724,0.6641025641025641,0.53,1.32,False,id_shwiw7ae6cou.wav,395b849d8d76ad38d2e9c388cec6e85ef48787b8873859d997ac331b4151ef9f,16000,62720
356,4735.655121522259,142.7615203027177,0.03651685393258427,0.12,0.0,False,id_isi4eatxmtne.wav,8618af52328de6c728c274177a9d1580e52611c050b7d4435b4308f6f46cac13,16000,57344
566,19985.577550448725,44.13019085534446,0.9045936395759717,2.91,2.21,False,id_ok4d5ylt5i4c.wav,52ca7d30b4e3b10486b6dffc4c771a626f6dfbce6c90a5bb8a1a9c0a4b021f0d,16000,90880
430,13625.423393238098,19.19738772842514,0.8813953488372093,0.09,1.95,False,id_5tg718rzbvjo.wav,a6e11fbe9a1d6f1ceb217b73c2416f6b922f8d2ea6471694cd217cabc046667b,16000,69120
433,6549.147516280267,17.841104225916062,0.6420323325635104,1.17,0.45,False,id_w5ul0lgei7rj.wav,e53a1443627d571fcb1f88e836b750bc180436a1b98b7032761d79d3804b2c4b,16000,69632
390,9770.086783391434,31.09629062776756,0.8512820512820513,1.56,1.6400000000000001,False,id_yabo4lfuotsz.wav,04a79035efb5a114bfa9a6ae565a18b1c26dac39ef34ceea5c6ff6d4d7d67ac3,16000,62720
398,8349.343957760993,21.394823038705496,0.8567839195979899,1.81,1.6,False,id_tk22j6xdgxyv.wav,86fc7d133bcf2bff34f29f8ebcb7ec38708926708e8c8a2481292928393ce3bf,16000,64000
374,3245.1911264977907,6.506920590211657,0.8368983957219251,1.52,1.09,False,id_6u1u98kkw0wf.wav,431b5faece59cd0f1824f0d80afc0f5b4232462aeb5ac3d75b23450a1d6580de,16000,60160
526,5447.958507551246,30.49033030025683,0.8498098859315589,1.3900000000000001,0.62,False,id_ig3m0k08xzp9.wav,c20d1ed39246442ae10ad241e89449ddad48e3a2f48a36a199d2c3a5c71ae76c,16000,84480
334,6435.382623045813,227.34560474013017,0.017964071856287425,0.0,0.0,False,id_szek25ganjxa.wav,d26e25a49ebc126fd67f0b5d8ea7ad16e1fbf3bda7a2f9f9de99c5b8062d1f64,16000,53760
598,3603.5521551657885,37.9523520342162,0.47324414715719065,0.0,0.0,False,id_90kxaeeie1mb.wav,a039e97d40fe54856c1aa14b59d8a448e4239f5a08b1be8cc621a3fd9f0a86ba,16000,96000
438,6538.376867770777,26.356092631734384,0.7465753424657534,0.3,0.68,False,id_09nethbsaeau.wav,91c168a6c579a4f1469342fda8f96eae8a8128bce6014a953d4076e667acc444,16000,70400
438,6949.126236081771,28.09268991950442,0.7420091324200914,0.29,0.2,False,id_u1e98cjp47jb.wav,d47ea1667181906944fee10b22460fcdfcff65d90d54378a1bfb0c1b26c3d8c9,16000,70400
438,3085.727136348903,12.646786621075172,0.8515981735159818,0.03,1.16,False,id_ed3yirtbaixe.wav,7fd9ff28c6c803147772ead945481b3782b63cac41d521276b49803217023c3b,16000,70400
566,6511.5892313244085,24.786789119024228,0.9134275618374559,1.48,3.18,False,id_l8qou4tdc9qr.wav,7f41868f1ba08a55d4e605d7481dd4c34e075f924b4fd6af4f359116311fe906,16000,90880
395,1678.7740325904497,14.76761659849009,0.6582278481012658,0.0,0.19,False,id_fofhuqacfuwg.wav,204421fbf662be188f6b1ae441e5d97e11c49d34c266ff11073ca81987e6dc23,16000,63488
6206,245.7236252377862,6.165326423435415,0.0,0.0,0.0,False,id_sdhl1scj68qk.wav,356aaac2829383c66bb186a9283783dd57131f1155f352cc23ad2270d7e8a8dd,16000,993280
430,10528.689921471712,197.90725124711355,0.12558139534883722,0.01,0.01,False,id_0ydbuxeoy8n8.wav,c9eabcc3fa2ac947c2b6a29ec59bcf89d94cbc028024e74b5dd28098e6dd3d30,16000,69120
462,1668.578845904502,21.208794354758375,0.4199134199134199,0.2,0.0,False,id_5hqas66lf9gw.wav,ce39ccc74c8c6f093aacf7154b89e8e51fc153c1d8997386c72027edd3abf4cc,16000,74240
478,2303.643152161376,11.051696535053361,0.8200836820083682,0.0,1.1400000000000001,False,id_p9b0k70y90q4.wav,e01eceb3b3686b3345ffc899614c5a93befcb16751ec6180875de9c05a4ac185,16000,76800
854,6562.616170209865,11.677489024973884,0.8466042154566745,2.37,2.5500000000000003,False,id_wndyeolegfxh.wav,efec58b9e292efd0a25998efcc40801bb43a5f963745f73a1a1a488338e881fb,16000,136960
566,845.4789751968999,34.149529861039476,0.00530035335689046,0.03,0.0,False,id_042goshgfe28.wav,2ce3f47d3871cb59e16b9604dfede0cf738edd22cf8a0c28ae897ad6ecc977cf,16000,90880
454,3854.7676966323143,36.96527024294968,0.5110132158590308,0.08,0.39,False,id_rr3ydfxeoaw5.wav,e5ad403290d76533a9d8df6d4e304fa4cee1ed981b1cce5ee340fbcccab9413c,16000,72960
294,1056.2925944074398,128.69808201761754,0.030612244897959183,0.09,0.0,False,id_44xwi67zevlr.wav,669d97daab34595e4532f24dbb3ba182f081b4a4e8729c69391a0b47b761a423,16000,47360
334,5348.638652498409,45.46155638576287,0.5988023952095808,0.78,0.9500000000000001,False,id_iz17jnkp15p1.wav,b8b784334dcab70bca4736ee5d54af590b5d709ba8ee0d9ecc427ab7d3bf5ce4,16000,53760
686,3220.4769235316685,52.116451997828094,0.0029154518950437317,0.01,0.0,False,id_ozee4bloecx8.wav,619f58d1ca88841d391802ad634d2d7deee48c0f56ee648ab541a66999fd5eab,16000,110080
438,1764.6039243977668,18.470916763495005,0.4817351598173516,0.06,0.0,False,id_b0jyjadp4pkh.wav,e7e6923a4cc5dbe24add42e53d3d201b08c4c35b7db50e4d7b84b2b1a09c489c,16000,70400
278,684.9437257906667,86.35228641170099,0.02877697841726619,0.08,0.0,False,id_9no3x3b6hu2c.wav,5294be07708d99fa626ad962aeae74bf741c0b504668b57773a3fee65c9eff11,16000,44800
294,1531.5781852390037,96.98377801502272,0.10204081632653061,0.3,0.0,False,id_h1qoy698wc3l.wav,1f8dbf35f3569e897f44bc11b37950f25ba09819c38f3cb9b8e86ca8c1668aa4,16000,47360
390,8064.73953733163,189.10370826832673,0.10512820512820513,0.09,0.0,False,id_7wbumizqe5uq.wav,86928a8fefbd428c4460f0728227d95ee9b92ebe5993bacb56faf50334f18aa8,16000,62720
390,4457.01254653832,28.477907776153696,0.7076923076923077,1.51,0.0,False,id_mylx1tis59h9.wav,4b5e8181bbdb23ac31bfaa840c8b60d1c7315a7feb6ead1551f95678ce33511a,16000,62720
334,8284.103939926154,90.55895493572184,0.4820359281437126,0.04,0.05,False,id_8v2e2gh9deo2.wav,4828f202140681e8fb6194842abe060dc4db5b76ecc8912d2f77bee188e1b6b2,16000,53760
534,4160.696337153194,22.973400827417933,0.8651685393258427,1.69,0.74,False,id_gmqhus6vjx3e.wav,90c696c235312df5439c1599116bf2f4c07d26abad99ce5e9e1e9f37e5bb29c8,16000,85760
590,3801.9735516570863,15.91693202635319,0.8355932203389831,0.68,0.97,False,id_pyljq4h1dk06.wav,ce11f68ea096fc5f33038ce436a0c8e472b86b2748dcc8c68c21c7f257bf6bab,16000,94720
382,2512.984749754761,25.389561866392157,0.4973821989528796,0.0,0.0,False,id_jzn83vlm09jg.wav,ec9293e05cf0db936b6e0c681b2776fcdb5066cf765bad9f2c93265be99ebccf,16000,61440
548,6798.973913760811,15.379180520557302,0.7773722627737226,1.04,0.49,False,id_d1p2uli2mlo5.wav,388d343312d5a0ff39ce09d4bf43587e0f9c638917a6c799752c52128c43e14c,16000,88064
342,2071.3218659831696,7.588229012562236,0.8070175438596491,1.04,1.1400000000000001,False,id_k0wh7jtx84js.wav,bde95effe7a773af0f98cd44609709c50d2afc4fa1b7155c210fa47e267f7b48,16000,55040
398,5725.973908864762,7.990932237102899,0.821608040201005,1.41,1.42,False,id_a46pet3qlqj2.wav,70b8d80c4e2884a52e8713d9054ecadce33e6c3d1a359f9e5b77fc55267aff8b,16000,64000
374,9975.1098847331,7.749435412528105,0.8449197860962567,1.48,1.61,False,id_c8577dgo3x1z.wav,c91a9285d1c20a3058c58c958d0e87e12f24d11085d94d24b4d490b15e9ba0e0,16000,60160
574,445.029661932775,12.5115422729681,0.050522648083623695,0.26,0.0,False,id_xybg1e3runiu.wav,10102c1f42ee4770707af2d300bb2d2a3c1d6e55aa580ecc89e81e5a000e1429,16000,92160
398,9055.398576263775,8.401562280602803,0.8341708542713567,1.58,1.74,False,id_8mshkuff9u9a.wav,ce50c140c5dc36ae66f9ac51bf42b173d8c255c7bb31ea35a35dfb64ac353e7d,16000,64000
454,13460.091291295166,83.8279263047996,0.7026431718061674,1.03,0.34,False,id_7nahw1stqite.wav,a43200bc0532c5f48888e5bdd0abac888ecb3ba1e3b49901a006018e0547e2f6,16000,72960
614,5233.095732929028,31.681625561995,0.7166123778501629,0.32,0.35000000000000003,False,id_2mp42y9eolei.wav,2f994dc8badaabbff54298d0176e692b7caffbe109c1c78bfe01ac1c5445df29,16000,98560
494,4532.083818454817,75.02748562377396,0.038461538461538464,0.19,0.0,False,id_7sqz1ssggfgc.wav,bfee8bfc0b421bd05147452cb2da42d2ebd79b2d581b9fa0721ba606a553750a,16000,79360
518,4492.1032523752165,34.153747588480584,0.7027027027027027,2.46,0.0,False,id_kpbmq5sg0jp0.wav,e2080b79a86f29ec0295507e6ac8f1661bb55b11517067ca781f6dc80fdfcb27,16000,83200
342,2318.7523008074836,6.9259469483905365,0.7894736842105263,1.23,1.11,False,id_uhvgzpnpg0p5.wav,968493861231637ca549055ee8ccd5b29113a42a19f130fcb67946d385a79aa0,16000,55040
342,7158.8272229115855,152.14495374501433,0.1871345029239766,0.0,0.0,False,id_2vy3652xifaa.wav,bf703035ad05f815d3a25de8ebab041aa3ba3a54a80e49303433e6ebbbba91c6,16000,55040
382,2550.709313602787,25.064270336792447,0.5209424083769634,0.05,0.09,False,id_5yfyfzf0g1c8.wav,c54c0a1c32113b3db36ca0bfae92638caf5a9e77debc83e13f41d306af5cd9ba,16000,61440
406,5146.043176315177,7.511696240959616,0.8399014778325123,1.81,1.41,False,id_ohmyl7h64fd6.wav,6488e079b46b8d99ba7b5525a9b96f600bea25af05a9e80f1c9af70ccdf0d322,16000,65280
462,6113.324567082956,37.81259618235625,0.6190476190476191,0.0,0.0,False,id_pngamjz9e3ke.wav,3c6ec63137aea6d5e0b99a1c9931d1d30d12519a46d94497f6b0f86f25ff2fc9,16000,74240
670,1191.0866089416,20.090847971143663,0.22835820895522388,0.0,0.0,False,id_xppgc48s2jj5.wav,3a7974e57416e25a341697512d5b46344dd5722465c30ad76642b2db3ca3f439,16000,107520
446,2601.773007008874,11.927059690642318,0.8565022421524664,1.72,1.67,False,id_phtq2xa1j67n.wav,323032e138a24e629e3d2fe08fa68750dca92770ba7d1491f926b7b24d66203d,16000,71680
526,3140.2437254136817,10.588793174199765,0.5399239543726235,0.28,2.43,False,id_5k2dphlfec2k.wav,482e0c2f2579b09117a9ccff455e511745ce921a765aea5624a909f97a7a8b1f,16000,84480
582,5303.7805957166065,66.67371014652355,0.2663230240549828,0.21,0.0,False,id_tgw14f3xv424.wav,aa39458ef65fab61a8efefd90fcf0cd40645e2ece9fe1050de43edd3669efb44,16000,93440
358,863.5828984527195,46.247251748947576,0.0,0.0,0.0,False,id_n0c3xzruos2u.wav,98e960b9c2e2fb3f1dfbb3649aceb1f7e9338a1fefaa7f6ab05aadf53d926bf5,16000,57600
446,12669.090772427198,22.819829668718384,0.8923766816143498,0.09,1.82,False,id_rpehhiq0ypx9.wav,4b61c6a1ecdd057d844074b41ad4652c9431fd7aaa5eabbd2cf5823fc870eae8,16000,71680
366,7998.7338512104525,182.3308318607656,0.20765027322404372,0.12,0.05,False,id_tuqin1rw60cc.wav,c6087e464dfc25fecb242e4ac0bbbab87a79e44affb175288fcfe83069e01a17,16000,58880
430,4496.9659026948375,13.986958060099282,0.7883720930232558,1.16,1.83,False,id_simgekq82lsp.wav,f70ae8759a763690fe4d5dd873c9773397cbb2d902de07b3b75fef0de8e53044,16000,69120
414,2721.4381133878464,9.231321565807402,0.8695652173913043,0.67,0.36,False,id_gq2jokwr04cc.wav,9f1428400950b9ecdbb8cbba0071a086209dc9df2e30775c31bd35cf6b0c1d5c,16000,66560
294,1559.5956639462677,237.20438463470842,0.023809523809523808,0.07,0.0,False,id_gjkontl43qo2.wav,ec9b1631960b1992a9c959f7760981bfcad393ee63bb5da56edd23b534b65c61,16000,47360
358,11889.050212695714,18.554904760690604,0.8519553072625698,1.31,1.6400000000000001,False,id_7ez4fyhevewi.wav,24e9c4e4e4403677d27d1b90518fc6f3a4f767d401ce8dd6b5638db09d2dbf51,16000,57600
574,893.8050458573167,2.5675852614277055,0.8885017421602788,0.0,3.3000000000000003,False,id_9p3calymljrq.wav,71f0368f94c3b00132b40fbf9165490635bfc995a711cdd0a16f4af719d0bbe5,16000,92160
382,6854.661653393258,26.390422162788727,0.8298429319371727,0.09,0.9400000000000001,False,id_mk2zy613b0vo.wav,a7e120b95b5f508261986bc7a758132f0bf8236d6e884c69d89b1ad03f98aa19,16000,61440
446,3250.060801738946,48.889553582725554,0.24663677130044842,0.0,0.0,False,id_ar2uymtuiv4u.wav,4d845777fc0d25f2dc91ee2f5f047293aced907dd0a6c80ff9b7176bece0abba,16000,71680
433,4901.731141137792,15.508868430675399,0.789838337182448,0.16,1.1500000000000001,False,id_pszed6n3z61e.wav,8199eec6776fe362d9c11b488cb661e665064330bcad704583c8293af0db5d72,16000,69632
582,5256.6675945888,90.94489741576191,0.04982817869415808,0.13,0.0,False,id_wcp86nwig4he.wav,887d76200c8bc581f83cdc2630ec6773f7574748a5b23750a3f4a37c53cd4536,16000,93440
446,1024.8457883994058,11.961291297551579,0.24887892376681614,0.02,0.06,False,id_1qkemzht1yxy.wav,a7532065fdfc6d95392ef465b2a9a84202e8636a687fb558c810a30087025a59,16000,71680
638,3614.300566845541,61.69822360800254,0.335423197492163,0.01,0.01,False,id_2h93m6fykfgm.wav,c180b40caab1e08e582ff095f1d8e85b3c898397a814cd2b0288f16e5c6a054b,16000,102400
526,1968.789037073297,4.7444688197869445,0.903041825095057,3.06,0.99,False,id_h8clthbp98oo.wav,f2fdecb0ad51a99d78299fdc2f7158afecd9815d7845b12cd35b8b209e614a64,16000,84480
398,11205.464470962372,268.074225590878,0.010050251256281407,0.01,0.0,False,id_nxjsea2t8y02.wav,3465b2442da61acca8664a1ca1507e9c5b82148428a7da68c81c8192003ddbbc,16000,64000
374,8024.208149717952,48.59805852995537,0.6470588235294118,1.1500000000000001,0.0,False,id_u1k3uiq2cijc.wav,bd5eccba2e22541e4e97b2ae8c88952ed4eec0d1691a24795c62b3212fb87f67,16000,60160
510,6886.255247592845,3.603122292025696,0.9313725490196079,1.9100000000000001,2.84,False,id_0rds13cppi5m.wav,0df5ad689bd2643e8de3ec7ce71e54075f6fdd39ba7968b78464f94478554fa8,16000,81920
446,4001.46058021318,16.813816442923617,0.8116591928251121,1.93,0.1,False,id_wp1gxi9viwil.wav,8803772f6b75c5260125199f34a077ac07c56567fd1dae71d4170a487104a2ef,16000,71680
382,3081.1409104421045,8.800497131006905,0.8350785340314136,0.0,1.1300000000000001,False,id_8jwehme77800.wav,ba770f208e66b757eab7f8ab6014dba86afa58cddfc409cfdad8a89c9fc01d06,16000,61440
470,7370.436277962112,77.89194299742665,0.4765957446808511,0.3,0.0,False,id_ifq54h8b42wa.wav,c3b8266f60aec22c99abdb2cf4a4c109348289e9c5bc88c0b522b13d6f353d3a,16000,75520
526,8980.058140958778,1.134680037017759,0.8878326996197718,2.3000000000000003,2.37,False,id_6scjjb5u1hy4.wav,f58792a81936322db9218da483377dc89fb3af37d51ef89d267a94df0d1f2293,16000,84480
342,10960.303659342655,244.407497173367,0.07017543859649122,0.1,0.0,False,id_nfjcckzsbq7l.wav,fe809d87281eba869d28b229882ff2990dd3762f04c9938bb2ac7fe6908f77b2,16000,55040
1238,14461.061887444504,45.535354622028414,0.8279483037156704,0.42,1.1300000000000001,False,id_s4w8cvq8m5r9.wav,a51d0aa8dfe99a0ab4f24a5130d8d9f754acacac710acf1275668768ae734a7a,16000,198400
454,4284.551803572925,16.66015598824555,0.7400881057268722,0.05,1.8800000000000001,False,id_q2drmnfcncwr.wav,4f9412ba7d0391183b3b97ddafb4a27e94819fa24eef700883ff75016d1dd2e2,16000,72960
414,10909.378159753194,6.4016595471548,0.8405797101449275,1.54,1.94,False,id_5riqzs5g5g5r.wav,c4b85456da0475eac06652af956b17505c54dddd758b496421610e3c54e1994e,16000,66560
518,881.063507926642,33.95365569234676,0.0019305019305019305,0.01,0.0,False,id_y6dfegje2hr9.wav,3d5ad286f2995baef3af5c1cf93f68bcb9158c4db69fb674dfe4c302bb925d8c,16000,83200
798,1177.0415084014667,28.188095203276475,0.22556390977443608,0.18,0.0,False,id_vi7bx98zjuk9.wav,528249fd7ad6eabe1684af97898cf6332522b017175bac302b4ed679a0d60ca5,16000,128000
430,12078.709647040117,92.57011209103948,0.6325581395348837,0.29,0.88,False,id_pe9t8thefxbf.wav,0f2a1e40adf5e07265d6bf49a79866f4534cbb6ebc5bcb175be9a37347da49e9,16000,69120
518,10098.06070589794,40.578890071193314,0.7027027027027027,0.33,0.0,False,id_b1zeupufy644.wav,b4ed57efd743f34b595004a02ce220b7c59dfa3513ae0fd170e12e7b3b71ff6a,16000,83200
510,4037.086772042434,135.60566900348005,0.03529411764705882,0.18,0.0,False,id_3q62kxbma49g.wav,67c2727fc8a8fefa80e013641fa6e46761d065d281c4e6faf9a0ff0c6e655984,16000,81920
702,4970.736831949565,37.43723076677336,0.6737891737891738,0.0,0.2,False,id_e27kxvgw6h0o.wav,8811afc4e10224192713afd06d50ab640ff6751cb25254836757c07829e16000,16000,112640
470,1044.5304938104966,16.24983626861637,0.09148936170212765,0.31,0.0,False,id_hp6sw9c20eaq.wav,6cd423f982cb0f9611ec46a42777262de4bf9d257a1b1f1de03d85277dc71ac8,16000,75520
398,5823.380660535597,47.648884621594505,0.6407035175879398,0.3,0.21,False,id_ow3mgyi890lk.wav,09cae6d3c534302077d886b17a101c4d1c25f51a3e0acc4cd53ecb11d52086e2,16000,64000
366,5356.448637390263,13.651919360047083,0.8797814207650273,1.6,1.1500000000000001,False,id_j6hsq1dcl82k.wav,a46bac9abbb82eb036ddcbd2495c06e27813245b79128c6502d4168a6c2e9b9a,16000,58880
510,3343.16968272626,103.01889150448457,0.049019607843137254,0.0,0.0,False,id_vpnjtosisawf.wav,9bd474dcce757202a5dd65581dc1f81bfb10e266c9163dc39e1eb417de34fe33,16000,81920
374,3185.6316343858716,30.662066465728195,0.5401069518716578,0.05,0.0,False,id_fkt1qmz90evv.wav,b8dcc55215ed5501b6506c654db9b5a97ba8a2ab9dbabb052733aae12983ed4d,16000,60160
646,2788.8387915044495,23.49539304585707,0.5356037151702786,0.29,0.0,False,id_ayqxbhu3i9n9.wav,a2bc2af6e6a6ca606ce745c806acc3ec248b5e6fcdf3687934f446816a22d571,16000,103680
366,2107.4704256525165,39.41344931235653,0.03551912568306011,0.1,0.0,False,id_vp98dmnic44b.wav,8126f2b00a6a3d046316627810f83dc3049b354c781d3b45f0ea682db09acf9e,16000,58880
422,1469.6593499855671,31.552666703525105,0.08056872037914692,0.25,0.0,False,id_zok499oi2fr9.wav,3b0635df43b9cd27735658577d7b76668cd05c782e5eda49a52df2a67ada8b10,16000,67840
446,4433.729873650401,61.510063783686974,0.3071748878923767,0.19,0.07,False,id_w0zjbgevmybk.wav,32e8209e6d08a967d98959be2240fc8a9c4ec260a99f6f123a37787708b4e804,16000,71680
422,4344.187198429644,46.2862768696684,0.46919431279620855,0.13,0.0,False,id_g08vgum8kvrr.wav,ea0af261e6804439c5efc41e590c0fab53879f40e01a3f4ff879053f6c2c00e8,16000,67840
438,12874.402447007007,301.8169696553834,0.3310502283105023,0.68,0.06,False,id_fprn1vm8vgo5.wav,5a43839abe803ba502831ec153b29e2387ea4fde9e1c81c16dfdff4b88a066a6,16000,70400
582,9616.116125026778,9.421451580833065,0.8350515463917526,1.97,2.63,False,id_hpt79h7fqly0.wav,9c81bcc97653fc5f6a9525712d05efac96789865df1f608cd7dcdc943adcd9e9,16000,93440
433,1577.5983138936222,13.882542994711018,0.6327944572748267,0.0,0.07,False,id_6q4s8cmk182z.wav,d6980c83f15912ce02048dc8f1da7644fda42b60753287c036775fd422257cb4,16000,69632
459,2073.8771715075122,28.53532898005558,0.1830065359477124,0.23,0.0,False,id_wjro813xbn2h.wav,1bfecf6fc2233cd0be0b1c6acb1a945365b24664bacefa0ccc3faad0116d8c41,16000,73728
886,2142.767851984904,82.3700100807294,0.020316027088036117,0.18,0.0,False,id_1b2chm7m97ca.wav,616167381e1bc2d0baae7e6eb1ad04399d66bb4f8e84c388c5ab6caafdfee80d,16000,142080
414,2181.995938928393,80.37230856428565,0.0821256038647343,0.0,0.0,False,id_4cdw0oguomx2.wav,9d1fff1866bf0f25c15d649cd9741f98c4c515ef059a6e33de239a5ebd46b3c2,16000,66560
486,4358.761870359518,333.8917487276593,0.0,0.0,0.0,False,id_t5erw5g91ahs.wav,cab9e31e2d41f9e28226fcb75bf9bf678f54730c1eba66259061cd1a8b1f565b,16000,78080
606,1486.5757380638229,20.941228655423167,0.39933993399339934,2.42,0.0,False,id_lyhwrvs3azr8.wav,6dbea704251c882d4eef653c5efa2623c8a2be1adcfaf6a42c071b917a9b88f6,16000,97280
390,3951.463251758771,18.581638448815205,0.8615384615384616,0.5,1.94,False,id_z9zj3ypkrqb4.wav,2a36f66803e2cbf45acc397170dd0bba931e5dcf5eae5e99b563f8532bcf8d4d,16000,62720
366,10606.81089477417,206.0600837452023,0.09562841530054644,0.04,0.0,False,id_jn38bc9wftor.wav,430bc929ea4468a0d23b4344881160f281b7e124a352df805accc5ee22b9b57b,16000,58880
414,9432.580865012502,9.384952664095735,0.855072463768116,1.34,2.2,False,id_g563fif4zhu5.wav,c83aea37d05a4bad17f5e28a3115e262124bf20eee5e418daf160d1d03a43eeb,16000,66560
430,1316.3415381275483,43.72225511330304,0.0,0.0,0.0,False,id_82sqsmfamjmw.wav,7188f19ce2137adf7490bd5f24db4b880a6e9a87de9d1071556ff9f9f6aa8fa2,16000,69120
510,6122.362570731988,9.126267633512823,0.8725490196078431,2.04,2.41,False,id_vouunsoc1ysl.wav,3b39b84a26eee6aa6c6e44a7972dc36d5cb5ce430c9b31232c74d1483ee24dd4,16000,81920
358,1572.928466269207,10.160682848500787,0.6201117318435754,0.17,1.6600000000000001,False,id_8mhalkwwm05w.wav,b5443c4bfd4580426c76f7892e02d4c47eb93d106ebfd9e47f0c3f3d170b34d7,16000,57600
622,6894.927915866851,51.523728261088664,0.6607717041800643,0.08,0.44,False,id_ht1g5tl4een4.wav,2a0a03ed97212c611e3b759ea36ce73906534b298e2b335f77e6571451f7b916,16000,99840
550,5284.118382237476,118.18312243697079,0.07272727272727272,0.14,0.0,False,id_ge8vvpceb4e1.wav,1875df37a55dcea60a05839f7ad1b48cfe6279942d243dd9c50868d690f94b54,16000,88320
518,8818.312525222726,69.69778444384576,0.6428571428571429,0.85,0.04,False,id_0so8tqf9upru.wav,3a0f018ffd599cacfac5adedb581ff4355a47097cd056239ba268a9733e1ffc3,16000,83200
462,7745.524871659763,8.878965083809774,0.8831168831168831,2.0100000000000002,0.29,False,id_ev8w65m741vk.wav,d284310c45b73a547554119ea0b6cc08664fa3e14a4040b78450191edda158e1,16000,74240
420,4565.0814738074505,43.37535133413712,0.5285714285714286,0.13,0.26,False,id_ar170bai82up.wav,9b7d71e830325c6099554c00cf0d3d19f2ee37820e64e750ca879eb90841e54a,16000,67584
774,7646.532593764314,8.15421568868457,0.8475452196382429,2.12,2.27,False,id_oi49r81nb2wp.wav,accaf3c069d9dfcc7e6da62157de94dbc59ec2c326187fff2c93d07d22f49b6d,16000,124160
398,7835.99109430326,5.651323382060891,0.8919597989949749,1.73,1.82,False,id_3jan432i3dai.wav,b572c6e7fd453affb3bb993eaa4cc1ea4305aa5e55661d960907d04d6f238f66,16000,64000
430,7374.887009981915,239.77621640374926,0.009302325581395349,0.01,0.0,False,id_u2ngp2f94ssc.wav,bc853ca47dfeb0f38c767884afb2519d51db07ba06acb3b139b5e42eaf199a39,16000,69120
342,6510.062466674187,195.90421019128843,0.017543859649122806,0.05,0.0,False,id_ifl3980chb7m.wav,5e467f7bad4e830970557db2856d32e8da1095a4cb8b76619e53bdd2c60d4281,16000,55040
494,1951.2965990592,9.233964293771042,0.8178137651821862,0.24,1.03,False,id_6i9sr6zoatgm.wav,61141c625118cb9074a27dfb600898d3ff54ee55918890025a28c027e92e7bbc,16000,79360
478,4361.463881829127,11.432857963149548,0.803347280334728,1.72,1.99,False,id_5rg8pcffeoxa.wav,30791d5815fbcc8b3f572d74047298c85dc54e5755e24d8c892ccaa738e78a2b,16000,76800
470,14199.609686449132,82.3294671785593,0.874468085106383,0.88,0.1,False,id_cgc2ycqq0lok.wav,c46864374f5585abf801243ae2b6346154bf63fac0c95a773e936782c2f5a561,16000,75520
566,8514.5223224794,29.639364815161464,0.8356890459363958,0.0,0.0,False,id_nnouhkspdeuv.wav,07acf16f86d32e21786d30662ba31d80ff5030395f4b7f170b09ba0acdcdf6a6,16000,90880
1078,2369.444719232757,80.31905709913946,0.1280148423005566,0.25,0.0,False,id_v2okjqke4zmb.wav,a0c74dc8d280c85e30a27ac5837d952a0ec24ae8818fbb8a48ac8ae35b3140bf,16000,172800
478,3414.6912213990886,67.38117214180284,0.10251046025104603,0.0,0.0,False,id_fekehmbnshy8.wav,f3d259f2ae0a6078fff75eea0732825636306e3ac49d003da555eee9b794752e,16000,76800
334,5003.133656769525,6.128723336879222,0.8353293413173652,1.36,1.43,False,id_15o767bgrusd.wav,c2ecec8535b2b66393d8e7ddd882c3935388e04904cb8bab23d756dff96fcf2c,16000,53760
310,1451.882931747598,293.63466550846135,0.025806451612903226,0.08,0.0,False,id_am0b297vlo83.wav,254c6515a90e94a6e555eaca07283e74dd6a79584ae41c22c5c291cc9a091d19,16000,49920
590,8475.781417367958,1.0173487555091234,0.8932203389830509,3.59,1.68,False,id_zr8xihw8b98w.wav,138f16a95adaaedbf3f614d92b11940ad991c7e751bc741270eb4bfc84afb25a,16000,94720
622,2370.004783223021,80.59129689642486,0.05787781350482315,0.0,0.0,False,id_gjn2u3cvf2xz.wav,68b146d245fe1064db83d8126831d7e464fd310681ed924d830ad7777b64335c,16000,99840
446,6820.701306867205,19.119950313295888,0.742152466367713,0.63,1.86,False,id_xlzq4q0eebpw.wav,3f6732659709e915eb3e8f2a01c64d1d21e2e1a0b621a212f520c5232d20a63f,16000,71680
494,2664.2548803558566,103.94450003212862,0.03643724696356275,0.1,0.02,False,id_b6joq1lskw9e.wav,12ec88bae00dcd9344f4cebc3f16fc527c351dc2c9e02e7ac179e2ab280e379d,16000,79360
422,1618.3003977939325,28.472881355897407,0.061611374407582936,0.0,0.01,False,id_de0jab6r8t7c.wav,5e7a690ca972c1a7d482438b102473f690a71f362280595237205d8bc7735ca2,16000,67840
590,2851.1815712963635,7.98401861662756,0.8271186440677966,0.02,1.17,False,id_dlnxuz5z61cg.wav,8dfd6b84f3747479ef159c063971d650d484e84b51666431921bbafcc988340c,16000,94720
358,3102.1106858879166,8.253936940869078,0.6703910614525139,1.27,1.03,False,id_5ta18s11zpg5.wav,73b777723cec4bf0f4fc30c9b3f427e42f9ca8bde8e93175bc297f67be19b682,16000,57600
438,2044.9700529592114,57.34657762331223,0.1598173515981735,0.15,0.0,False,id_tfm8c5hzwzfb.wav,36be6fa0526de3aef1aa263481fb22c3941f84ef3ee54db6b3fc5c5da34b2ab0,16000,70400
606,4364.258012824173,25.137867585823336,0.7508250825082509,1.98,0.1,False,id_yytpefi2ese4.wav,43df8bb7f66e7c2df73d31b6b813d4323efdcecc244a8f17d797c3fa27109538,16000,97280
358,7223.3863772471705,61.631091453051,0.5810055865921788,0.33,0.03,False,id_hyw8injv42y0.wav,90631a5778921941a63eb9965a32b5476e9876218d454581572fd2422da1e037,16000,57600
374,10307.117915183662,9.812874195859916,0.8796791443850267,1.57,1.72,False,id_x4z0rpfac3p5.wav,ae0b358aeac5c37d22cef17815dffdf83d1b8e528883f00bd100a6c035639809,16000,60160
270,1373.6713680862683,195.8026088453237,0.02962962962962963,0.08,0.0,False,id_es5wqle6eb37.wav,62881657a4c13c1b9798d5e73591e63b9cd18b2242a47e486acdfe31e086bb63,16000,43520
454,5849.459465839557,6.332357318639906,0.8700440528634361,1.76,2.19,False,id_qd9wfzwggis2.wav,6a903e783edce6571fa4bc9eabf75f4f4ad1d2e505195bcab006de743981ff85,16000,72960
438,8020.988488802362,26.15286704326841,0.7625570776255708,1.35,1.18,False,id_eldlv1h67tj6.wav,810c7631c19f4dff281870b259beee2a4b602009e53c53d133b640505c9d1866,16000,70400
526,2704.3284573069154,104.93703710274025,0.034220532319391636,0.18,0.0,False,id_9hvd1sdlifhh.wav,3a928bdafbef62c36bf5329f127ca74e0eb6e6ae3174db37c84ce3e5218d5522,16000,84480
262,1099.6577740369955,215.4064434028651,0.026717557251908396,0.07,0.0,False,id_0xjh7lix7cm8.wav,d9ac3d1002c132cb7d22fe9f8e509c5ecbbfcc2ba59d0379fba8397fa8215009,16000,42240
472,5871.805621357029,27.595775787119365,0.788135593220339,0.22,0.03,False,id_lkqjkdrv4t2g.wav,cec905a76c2a68e9f4501dcca4dbee9d74d7af07c71e9710a09a4c62ab674887,16000,75776
406,5687.750610302811,11.84160244315622,0.7660098522167488,0.07,0.6900000000000001,False,id_4jqzz1ekh1b9.wav,108532360c23ebd33011402f093bb61e5ecfcbd8919be8b2351a5528b89daba7,16000,65280
846,1114.4208428596444,61.195299461283014,0.0,0.0,0.0,False,id_ta1ytc871bx1.wav,e77a60aa0dbc7d78be8c5da365b2180962cf51dcf4c8164c4aacee32efaa65e4,16000,135680
366,4126.325178351798,60.971212272650064,0.11748633879781421,0.26,0.0,False,id_sx9c63jaui0k.wav,1aaa5ddbcd49a8d49d6abeabfa95fb39348a38566f361e958e99d1214eb82908,16000,58880
350,4159.493170147055,7.815448686756744,0.8342857142857143,1.56,0.98,False,id_m5kd2w03t2lg.wav,ec78372fd8b381a8b0358ea64022251f8c7ed63f9ffb3fec80e64b1d5ac6f484,16000,56320
390,3058.466552457293,15.386877785211553,0.7948717948717948,0.0,1.6,False,id_yey8vb7n5a6a.wav,831428705a0373fe2cb305d00d40524e384f3995c8458b68554681d877b21edd,16000,62720
462,10974.904224069565,17.374947554857464,0.8961038961038961,0.09,1.57,False,id_i2m6jf1xtwol.wav,7f736671aef9e92a19b5eac7aaa6a3d17e9e9486172be6cf59447643443f3ef3,16000,74240
582,3520.9626446470575,89.33672605184064,0.10996563573883161,0.02,0.0,False,id_oa35enkla6y6.wav,29d3108abf3810ea9a7a076436875aa63f267654c9b4ff88a7cf11e12ab11a74,16000,93440
390,12190.679207903062,90.43615825706313,0.6692307692307692,0.28,0.19,False,id_2hzcwnuz998g.wav,99b4de5f160b06e269ef6dfcc38e047690004d24e4e336e84d2cf21849200ded,16000,62720
390,4532.933959368921,20.49674008546846,0.6692307692307692,0.5700000000000001,0.16,False,id_vbgu1j3o4djk.wav,1ddb7c078bd4d0d501c5831b5e1be7cebf40b69e5a5bc921d62537586dcab4d9,16000,62720
342,1966.9236690832718,7.963102480905844,0.7573099415204678,0.28,0.27,False,id_rmm820ra2v8a.wav,0a1e8d9eb02ea49a6182d73a2abfd483edb0fdf41eacdc3203ad57bb13e2a189,16000,55040
358,7588.185672972163,38.42867131604955,0.8128491620111732,0.58,0.79,False,id_64obgqr6qss6.wav,4a9356bca3977fb962a7c922367506cc2731f129f916b36e70cb75e5eaefa451,16000,57600
614,4770.528501644236,2.1127273587849347,0.8990228013029316,3.13,2.34,False,id_ietts9gu2018.wav,3b2880d6ee2950c4617654905b22aecb52bda1d2a9442662191b7de53f72db9b,16000,98560
366,1641.6042260545019,94.99484745970585,0.02185792349726776,0.08,0.0,False,id_chsfjkns5u2h.wav,c0c9f5333f165049aa717d66c34bf350141858db504b163422cf927f3a7724a4,16000,58880
310,2359.8949807141844,117.55944413621916,0.054838709677419356,0.14,0.0,False,id_fetpuy1tyujk.wav,e86269c634fc10dfa7b436abd4c65d4983ef98521d4a396e5d65f966953a319e,16000,49920
494,3267.1092428934785,386.33029011963527,0.010121457489878543,0.05,0.0,False,id_ovvb2wnclkuc.wav,45d00ae63cf31a966b880697b7a2c9b20c6f45d54f1895869ba5dda81606e231,16000,79360
438,5846.649679731119,35.02558905314058,0.7808219178082192,0.74,0.49,False,id_couamyqxb9gw.wav,90bf827ed8cc9325fccd27936aec744cc7b8c07def3a8b9beed612df2f6f703f,16000,70400
302,3108.204693629427,268.8179934571933,0.026490066225165563,0.08,0.0,False,id_rm4p939ggzty.wav,85eafa3c47f0407aabf60327ece8dd16af5208a8705a6f0bdbb356e6fc9ba8e7,16000,48640
566,6356.490940959486,82.60193121282694,0.4028268551236749,0.09,0.0,False,id_phfkrqfvd2va.wav,e6efc492686f74d016aa0d5af4939e5abac6595104fa264d0102f8eed4e4c139,16000,90880
406,9100.251877420757,154.92417323510392,0.3793103448275862,0.09,0.0,False,id_wvevs98thkl7.wav,b4bdc9ac0021da19ad5b856b3f2b9fec92109b5bbf600c1e4beffbcc50b187a0,16000,65280
414,10291.268405303596,232.41080926541292,0.014492753623188406,0.01,0.0,False,id_c3vpgwyk9z57.wav,080e67653754d181a5b225dad4e57a5c788a40daabc8de30d7a42160f3ea206a,16000,66560
374,6816.594760765818,15.482636105328336,0.8636363636363636,1.9000000000000001,1.33,False,id_gjlvxjnawqpy.wav,a42a6de15da58fb8dd4df711390a22d73eb472cdd34a0f9723ab5590075d9330,16000,60160
390,502.8270005677897,39.19446668891621,0.0,0.0,0.0,False,id_s4xxifgzr3io.wav,50c8260384dfd20f69ed35946a4f18640a453514f14eb388946f61cf220952f2,16000,62720
454,15877.022448258364,16.885606725484546,0.8898678414096917,1.58,2.06,False,id_x57y1tayyhhf.wav,0a96688d2260760b373d9c4f4ef1e8c6df4b24d51459cc76b7954598e3efefda,16000,72960
374,1475.937293722196,16.725279665574554,0.393048128342246,0.02,0.09,False,id_xeau1v1f4kkl.wav,ee536c61b0353679663e5b462b7b4ac9f696ea10a8ec72a474696732ff934392,16000,60160
406,1457.5919696540593,57.58577754254545,0.014778325123152709,0.02,0.0,False,id_6rr2ct8rdzqe.wav,e07e0afbe0e58391faf5bfb0c340376355123a954761d38271e4852a674a8c2f,16000,65280
318,838.6244570724133,102.68030663658308,0.0220125786163522,0.07,0.0,False,id_5i7hzoouny3f.wav,246e81acc305b48d73419f091c4fa72948156bf38d9ee3cea55f319bfead0ce7,16000,51200
542,16025.697386463404,88.86432878911046,0.8284132841328413,0.36,0.1,False,id_mpv7dgpnejfe.wav,522baaaf4c67d9b54f2f26678dbb606c9eff944f3aed81c38d6cf096c882d1d0,16000,87040
438,4639.165463475085,22.615093096576953,0.9018264840182648,1.75,2.2,False,id_qr3s66u459b9.wav,3d62852b6c2f22d0888c276294f177c766bebbcbe6f633de0d195a2b4506447a,16000,70400
358,5183.72642169704,71.38007345375388,0.29608938547486036,0.17,0.45,False,id_3amwqazbl4y9.wav,b727441be6cf5b137d45092dabbd187cf2f1411a7e62ac100954bf13eb47b091,16000,57600
534,8528.681250492364,306.3920781175591,0.020599250936329586,0.11,0.0,False,id_bi87jp84idw8.wav,9d60290d3e154617273149daadca8ba8c5ca608108784f7322f68dca3825fde6,16000,85760
574,4760.100998928489,121.60238092554252,0.020905923344947737,0.12,0.0,False,id_vg8f0abczeu6.wav,e3e8209022bf6203aca9877cefe87fc0945297c7aa8167eaa14c2d1f28774aaa,16000,92160
502,2500.1554481671733,130.7222655988672,0.027888446215139442,0.0,0.0,False,id_feajgnmo46f4.wav,2d7a1539f18fc9c2f26dedb8ef0c34072a9efc6785e605f1f1f3656f7d5f3fac,16000,80640
408,1842.7618206105747,10.667178381877076,0.7009803921568627,0.42,0.68,False,id_qwc4jx9g002x.wav,eb42ad6a383bc4b1502abfc2a0b85249dc4af1151ca229cae8ec9c3685a79139,16000,65536
558,1489.6210550002306,5.674003816939472,0.7777777777777778,0.1,2.27,False,id_kalci7a2x4xl.wav,a6a1b8ce7438dddca46e2ee56b4f09b70b657db4c85d4a3083c8e3b530d17dd2,16000,89600
350,8333.326480613849,178.16904424702,0.05714285714285714,0.0,0.02,False,id_zoz8ybdijbx2.wav,625de0ec7ff6965fcc2594c8a4f3c178e0ffe3031d369145e5926fb9b884caf4,16000,56320
358,3535.2879698830757,20.06311909118532,0.6396648044692738,0.54,0.63,False,id_o0vjyoeky9qb.wav,c33aa61e38404f2b91a7c981663bce7425be2e1f695953348354fd3acacfc58b,16000,57600
433,2285.5121663425903,38.018580983513836,0.48729792147806006,1.97,0.0,False,id_01rtyjt9oqie.wav,3e463bacb94da14238d37f736fa11bd2e9a6447ee53a79d6bf53fb37fe421df8,16000,69632
342,5825.888426025682,80.61869209561542,0.14912280701754385,0.15,0.0,False,id_bmnmlf2e7u8c.wav,52e242682f77462b35af17d2673d38d4b658b0413acd1cf97411966ed26a66c5,16000,55040
438,2095.8525144914183,18.91192640453047,0.5662100456621004,0.27,0.0,False,id_x4e3npzd5tk4.wav,9a3a04271b55548413da36373b1540f5a5f7ce300e31f3f28bd77c57d0b93304,16000,70400
484,2045.1037614262998,23.468549955081023,0.38636363636363635,0.0,0.05,False,id_sd4w5u0eh272.wav,667cc04207860c190ed532c496338d21e664e08f46b9ee2ba297dee59cf07c65,16000,77824
382,2467.978188720476,18.83787640535552,0.6178010471204188,0.32,0.07,False,id_nmjl1vszeo7c.wav,441058f63ee3701aad0488aba6c6f63a947213f0b2b98640c915cc706119b878,16000,61440
390,2663.702415811496,70.9690849407097,0.05641025641025641,0.22,0.0,False,id_qxufg7e8qfj8.wav,632527cb9549741b9427fa02505cd464add18afe9fbcb3bdcc8bd451fb975e5d,16000,62720
358,7315.239876791465,185.1060776961166,0.0335195530726257,0.12,0.0,False,id_pqt5x5fl4mp2.wav,b72ab108ec756382ee178d343118e14d1bb8ad76ba155e16c03dcdfc6aa22028,16000,57600
262,629.9836942334301,69.59455380357231,0.030534351145038167,0.08,0.0,False,id_xqmbcvrooqw3.wav,30865f96ac3542a4ae758c86e896d67868d23cfb4cc2ab981204a91f309cce7c,16000,42240
614,5534.978889751975,215.54073616602892,0.02768729641693811,0.17,0.0,False,id_b061wnqqniqr.wav,5288b45c0a76b0c1f776d58fb423faba3acd0c37a33bfc4c2fc24a62087dcaa5,16000,98560
478,5496.52400363175,20.91921509723575,0.7845188284518828,0.32,0.27,False,id_pgt6cxxfn9w2.wav,4a456c75ffef58d5d1fb6393cf157af56a174747f7362a73dd8cf7c02da1e2fc,16000,76800
438,2291.3583225894636,13.94950442371022,0.821917808219178,0.32,1.86,False,id_x3ht55txdvph.wav,9631615172c4b9367b4bfda1e77b99160027f4530db7922fd8a5bea8a8f8650d,16000,70400
406,5747.080700451317,2.031304979531834,0.854679802955665,1.53,1.16,False,id_6o4gyb9ybzrp.wav,4fbfd0d805c2fa46da4e8a5bf9f3193d94ac91b85908a652eff1916fcf70d7d5,16000,65280
438,10354.177025118897,20.379089924080716,0.9018264840182648,1.56,2.0,False,id_lltzs8fhbxem.wav,b782d82e00693090241b1f55d55a00a6ae78b903aa43cb067116f445ea3abc4c,16000,70400
422,2408.81544124908,52.42318493231639,0.17298578199052134,0.02,0.0,False,id_b06mt4srxnvp.wav,84edae6a2cbf53cc1f20b8aecc9c254f71638be86d6c220be745add6076327d8,16000,67840
462,3696.43851159464,7.563314045187179,0.8593073593073594,1.72,2.21,False,id_l0pz6qczdewq.wav,c749ae1b62a47e6e819672c7c2b19d5480f9f44fbd8a06ebf45814cefe6c95f4,16000,74240
454,3300.287412862704,492.6267841717023,0.0947136563876652,0.34,0.0,False,id_swj9qdwxdan2.wav,0bd1efbe6533daf11a909f24e20e8500b280790068472a45195132ac9434112a,16000,72960
398,6657.059881434146,29.63350228532256,0.7939698492462312,0.35000000000000003,0.29,False,id_2gv46gzuig5m.wav,352182a19e2accc5b4a12ac80020481e8dae43d77aef850d2b64d4e10f38ae66,16000,64000
462,4170.532415351786,68.13073137827952,0.18614718614718614,0.22,0.0,False,id_uo3cuuwxufw0.wav,781242a5f3447d5506fb9294e74b66e657b85c8f2b87609cdff356f65c66dfa9,16000,74240
472,3287.4086154599036,47.09370964071973,0.07627118644067797,0.0,0.0,False,id_179zvdhnqa28.wav,399699411020db97d1c82c9f4fa93ca1b5ff80310296da574ea323986d3de38d,16000,75776
6193,313.87104836222153,8.660109699074257,0.00048441789116744714,0.0,0.0,False,id_w6a4a299a12e.wav,defff0f931a5978e9944c03179d12ce1327ba9ad41abe20f4cbbba7b978f6b54,16000,991232
510,6244.489059162487,26.26256525220711,0.9156862745098039,2.47,2.2,False,id_u4zt6g9mmaeb.wav,ed1efdeb7dbff5c63262899cfed941fe4f44173c8cc3f8ae28b50e5b717ba432,16000,81920
358,11466.510351780964,48.59539453643118,0.7905027932960894,0.58,2.04,False,id_q0sw4098a3bs.wav,8d22321c26b0f907fb2b2dbbcc374a7265ccdb93b6a725b304ce5ce4d5ab545f,16000,57600
558,4364.501748481721,56.08886502508878,0.4121863799283154,0.55,0.0,False,id_fkp3ppeph4mi.wav,41a95d34ddd5a8fd64ab5094bee132e62c5c845ee708cc9ae268d6a9667be298,16000,89600
678,8983.30453967247,94.5632576980419,0.4911504424778761,0.34,0.13,False,id_ng38qz7xsl8l.wav,8ea9aaf2fe958bf20ecc97a30efe0e7fc68a74f4671ea3d44c073537aed7e622,16000,108800
398,6504.118310924241,3.8813603946291315,0.7839195979899497,0.0,0.29,False,id_ih8l87227ioj.wav,724ec7b5e605f4465b57675b1bf32ea9694d5b3a8d36d6389f6e2efba46a5bac,16000,64000
510,11303.549101609637,148.1782309831534,0.33137254901960783,0.17,0.0,False,id_rccn48xbdm4t.wav,a6e80f3c863f3d988eeb57e33f266f6e2e66acf113df4336ace717b23f4612a9,16000,81920
356,900.1565155571558,7.773671922072939,0.75,0.0,0.38,False,id_rbs4t6u17ptu.wav,4834658c6ab8fb7c577a5c701e0858aab4ce6078f54c0bc7db3d58e60779259c,16000,57344
310,1558.7272003144103,9.141317371021774,0.6,1.2,0.0,False,id_lw161m5t8tss.wav,bf7ce461a5a43dfebff620ac62767e772a8bada5e54e6b4c33378b22fe9efeb5,16000,49920
382,8341.076930618732,12.836171678465675,0.856020942408377,1.67,1.6,False,id_dbfvqtr8ffnt.wav,811dcb08a4ee4e9c1cbdfa64befa9555c31470a15871bb2dcb7363d6424d55b0,16000,61440
395,4916.311911128097,37.722142038860945,0.5924050632911393,0.35000000000000003,0.0,False,id_ih5tqogqzs88.wav,e293403f46d7636ce238bd31c3eb2fd0ca8b470cbb114c5cf0c03796927ad9ee,16000,63488
350,2617.330833597465,53.395311081133556,0.037142857142857144,0.13,0.0,False,id_h338bhtb5g3l.wav,5a005f39793210d59c01210589aff1bc2cbb1943170c4dbfb2a8941f48c8240f,16000,56320
334,2688.910574935507,15.828201224227245,0.7904191616766467,1.41,1.23,False,id_s9ndj6swpjho.wav,8ac78fd5063e056c3a95c052c3c52592d4a1d48237e442b7023ddf424fa1f20b,16000,53760
518,6231.069004191817,50.2764836432696,0.6525096525096525,0.37,0.0,False,id_woziesc87qet.wav,5e995b9efc4326451af54a5c9fc7ab95ea4c4fd53cff0d906b8fb732517feeda,16000,83200
523,2894.568099475291,6.66352009076284,0.8967495219885278,1.8800000000000001,1.11,False,id_d4xfpn6axao4.wav,43ad5540d50ea5ce5e39665c086645a4be38bfa496c735f3bb70365167ef618f,16000,83968
390,10404.786610257801,11.338279101991503,0.6717948717948717,1.54,1.03,False,id_6ivjnyhwrhvg.wav,5a321e7bd4fdc1bd883d5e9aa4ba001557d241a73046ae790686510b398149a8,16000,62720
920,2736.6536714571685,6.398046573902828,0.9239130434782609,2.83,4.08,False,id_fjstah7pnc0g.wav,278b96b719c3c12b86b105d3725fe31e0a67e7de8f9876eeec7e3a4bb7da26c9,16000,147456
798,5879.870946925621,40.31412446297789,0.6729323308270677,0.63,2.08,False,id_pdh3vah5z5iy.wav,8cdef86013f51176041b45905f7b8fa4c16183a141970bd03e40ccbb143402d0,16000,128000
606,13820.62482650477,115.18838260320697,0.5775577557755776,1.81,0.1,False,id_njasco7rx7m8.wav,d56baf5af8d8bdc637190731c93f32f294b21e9838235627aee6189164bb749f,16000,97280
374,2109.679736358104,0.8366600265340756,0.8582887700534759,1.33,1.55,False,id_6imavdniztys.wav,de375a0e5ce586e0709607911d44e3d8c60cfd33f987cf01f411b1714acbb93d,16000,60160
294,3171.47545394884,156.53833087650958,0.10884353741496598,0.32,0.0,False,id_ue9g7804ztlw.wav,55ec8b99ebfd694aca05701b1463015ecc33dc1891bc3810a65ecaa9bd077fa2,16000,47360
310,1255.9931846948853,71.97361227128587,0.07419354838709677,0.23,0.0,False,id_tc73jphd6nx7.wav,2d5c11dc137b5f1d1c004843c48c3d82b9094e6c1a6d712a61b91bad73d29df9,16000,49920
478,1544.6156609331656,149.4153197955436,0.0,0.0,0.0,False,id_fqoirx2zklbb.wav,62bedba8a8e24f982d07bcbfc34f224875746a0e96019913154d6abca33f7526,16000,76800
462,2723.169475996674,13.165295055788032,0.8073593073593074,0.0,1.74,False,id_iarpqeld38os.wav,32b20f5e12d356fbbc9a6c7ec37872b6a866bdd9c25e4d1022cbee16664994b5,16000,74240
408,5292.948422193437,19.937525685717116,0.8284313725490197,1.6500000000000001,1.34,False,id_z3jesip9h54w.wav,0977d704e458ba2b513b5800405e095f57e00344143ba8040b2b35e1d68b55d3,16000,65536
318,4903.913343698072,16.520647280610632,0.7672955974842768,0.04,0.0,False,id_a50ah4b3103n.wav,477a24c951f2065949d70b843cd05b134e1f0946b494f33a62da0c8cb954de37,16000,51200
534,13798.200741672807,54.795318504354114,0.7883895131086143,0.43,0.04,False,id_o0usbfq59scd.wav,da1e110748ae8485b6dab1a0d77ad3af5efa0e3151d592b8d49344ea4d860849,16000,85760
318,1980.3049834558312,102.094699992238,0.06918238993710692,0.21,0.0,False,id_lwccwuu7b49c.wav,8f48d080d23b1ca732fc0c0bbe1b47d7aa383a405c6623e71a5fcc96809e4310,16000,51200
406,10902.935066302101,139.6603083864045,0.29310344827586204,0.03,0.0,False,id_is89bp93hnla.wav,f2a2ac5fd498b5f67bae3e0bb6f8738ad9c38f103cef12c4838efe39bdd1509f,16000,65280
502,16524.697579834858,92.11194223559343,0.850597609561753,0.17,2.25,False,id_xt6grkxj72el.wav,d13ebf6910f0a02edcefc3f4f9937f73ed82c5d09e04e77a2c0770c0ddf6642b,16000,80640
422,12645.547739125419,366.15923086536327,0.030805687203791468,0.03,0.0,False,id_hzetgk3fgbkg.wav,85ad12e4505cac1bd269d83389abf5fb5f45dcbaddfeee937d8002f49f5b3e80,16000,67840
382,4047.89257855245,42.35643141235364,0.4895287958115183,1.07,0.0,False,id_030vrrl6t1nv.wav,54a2013f7ab56d319e0de9f6acd3a172bff5567b57906d1363cb25de1ea67770,16000,61440
606,6355.897860058798,401.97378502394946,0.0,0.0,0.0,False,id_ye61r92p4sby.wav,74408baa869eccda966711fb8fa22a8afbce92f9002eadda976fcfc89e07db78,16000,97280
358,2242.7261162478135,0.7524953887923067,0.88268156424581,1.56,1.56,False,id_znz7qcu084sm.wav,18ed0624cd7c8fe378439000f74c14b3e4c80af94cb73cf4fef102bb760820cf,16000,57600
494,3676.40982549552,31.80298543947208,0.597165991902834,0.64,0.14,False,id_6pjxwq4uu08r.wav,1ea61c795d724ca885d9f042c4bd2b6b81d6036594d4a8ad9e007c9ec36690c6,16000,79360
462,1473.1803750729237,6.225107022916295,0.829004329004329,0.3,2.17,False,id_g6x3b2q1hmrc.wav,34c3027c1c1d85c9d13866136dc8a74953b240f116b2805d129185d346111360,16000,74240
478,5057.9743213069005,87.06663055289371,0.2175732217573222,0.09,0.26,False,id_jdxutbgdkgrk.wav,cb17f4f435f6ad353556ee627829ec0a81cfd813773c6be7d9301d5f509cf29a,16000,76800
358,7244.690548429243,56.12393085764177,0.7262569832402235,0.34,0.75,False,id_l5ykh0nqy6wb.wav,2520b87eecf438b06707c0a971f633f75bce4c5c57d8eea59f91941c1adb7271,16000,57600
438,6855.804342671981,21.635111490493212,0.819634703196347,2.32,0.24,False,id_tpudx7rnt5y4.wav,375c122f283edb8bca1093a3b37c670200f3c44fda30ed50f713edf776efdb77,16000,70400
334,2131.227743578804,7.701054711550995,0.781437125748503,1.42,1.01,False,id_87oaz9a8qkj2.wav,ccf87bcea99aae4afa318ade248a971d99855234d8e65a27fd4b76579b0b6a85,16000,53760
814,8225.323078305193,243.6211601087346,0.036855036855036855,0.01,0.0,False,id_kxsilzue946l.wav,5c51eba187d268a5236b0fc72fe449e604bbb1880ccf6b88e2169da16ac62b33,16000,130560
814,1709.6415830518395,23.68495694631319,0.41154791154791154,0.07,1.05,False,id_hg24k0g3jkj4.wav,ba6329fe972d2cf80adea8ce5d2732ad16c731776782d254cb5cf8a1c6459d9e,16000,130560
406,7580.385445839809,180.69068447890743,0.07389162561576355,0.06,0.0,False,id_vy4zqgbfe67l.wav,125790b1936a85619f5e23e05490f210754638427e84cef75a71e4d7709dc5f6,16000,65280
302,6715.828751911413,98.99757525114958,0.11589403973509933,0.17,0.0,False,id_9sm2j7k0cqv2.wav,a716d2904218f313c9a543b37a0f42513c9690ef5b785fd750e850e358926fda,16000,48640
358,2906.3874225574264,31.929532223864186,0.4692737430167598,0.01,0.0,False,id_0stlqxg50ium.wav,2bf6aced7304776a3715c2c781a9fa7e07bb57f63d93b39b018eaca81590634a,16000,57600
510,1828.7065490395116,14.676229521751685,0.5313725490196078,0.0,0.0,False,id_uwfvfv5644lr.wav,6f9c5f9d77058faea23afa616757c7494d6cf2ae9ca8294595a70e9cf027ca4e,16000,81920
462,2066.5651187417247,14.68953691309726,0.8095238095238095,1.1300000000000001,0.32,False,id_igolh47fxnmz.wav,bcfa7dc9abfaea3325c02f2efc16a40cf1afc3ed5db5e9748de4b0ccea7c3563,16000,74240
430,5270.639822640132,27.979835489217937,0.7930232558139535,0.1,1.81,False,id_xwsb8xlusaaq.wav,485d1adcdc5b0bef09723b6fa634f1dacfec09bbccbe51eab8de94a539c2937c,16000,69120
406,8288.911743709183,25.955767991256916,0.8596059113300493,1.6500000000000001,1.84,False,id_k3w40ac9hjua.wav,ad867cd86261497e840513bcf024d853e6130081de3069242b3a9a2798171c84,16000,65280
502,4235.6976131447345,24.324336983135666,0.7529880478087649,0.3,1.45,False,id_3q28g0rrl79t.wav,e78343a1b280f083cd865775a99a601d1768a3146afd680b208cd1ee4de55c91,16000,80640
454,889.3142695358036,19.676201494865154,0.015418502202643172,0.04,0.0,False,id_z4e1435zu1o7.wav,f2cdd74b70195b4b336239a5f1e77f495c927e60e4365bb7817e18fb4b500648,16000,72960
438,1607.1583859408506,15.084295986177006,0.5251141552511416,0.03,0.0,False,id_02rc7u12zorg.wav,8b0a2bd0ad79f8e17f13c920b48cefeeb128916532fea52d409607c0dd397627,16000,70400
374,6603.406180146728,5.58155444186128,0.8342245989304813,1.4000000000000001,1.52,False,id_6ii1zps6z1un.wav,cf8314707e4a028b056626b68cd5e44272e811bd48980c13994705244a06c069,16000,60160
534,7912.880954968297,65.19324186598948,0.5617977528089888,0.07,0.47000000000000003,False,id_dyos7pnij1zc.wav,2d53b62599649523d75e361241fad322dae6a0a49b2982ea2e250fdb55c9e0b6,16000,85760
262,1152.2235904979555,123.06296481188024,0.026717557251908396,0.07,0.0,False,id_znpcrtg23dcy.wav,9b08c1941f119fe05f3063bce61a748950571f7990e7805769e176a81e822d15,16000,42240
382,5457.3726451013035,14.85656177536414,0.8010471204188482,1.59,1.37,False,id_2wknh4vuposk.wav,03a97ce4d2ea1fd0383ded252159161941564be4d274ac17bb0f22ba28347660,16000,61440
366,6797.773106871102,14.288491701301039,0.7950819672131147,0.0,0.85,False,id_afskpoko8ea8.wav,c6d41e4de886d90e72fdc94de4cbebfc8575db09479765394ac39bb092ae7f47,16000,58880
406,4131.947507834532,110.20791772205158,0.009852216748768473,0.0,0.0,False,id_wpe6o56wyyqj.wav,e8360044dba02f1c92b2f5c151364c67017ade0b19a980a63c69f6c45d522525,16000,65280
582,5781.846912535821,49.16191608696823,0.6134020618556701,0.32,0.03,False,id_h70v1upj83zl.wav,af0ebaf1f796be31f8eed32a1ab52df334a94287c8d5cf84aad06b28422b0501,16000,93440
382,1778.3226549195172,2.2164157389206203,0.8926701570680629,1.6,1.81,False,id_m3itsl1xo8rj.wav,ad3054704e06aae7d2a17e40174a80c24b0365cddfa05cdeef54e00c3b8315b4,16000,61440
374,1546.1662151916269,18.05009408537177,0.42245989304812837,0.26,0.0,False,id_372o3rsz1hz9.wav,be67f01ead38f724377e5aff063727712be35dcb48bd44fb07e556e0f3f77684,16000,60160
422,4935.246632894855,31.148187672242067,0.6800947867298578,0.06,0.33,False,id_fx0rop6bu55g.wav,0a0cf0e2ea2f9e0d9ad660ed7061d7cbc1ffd1b0c91fe8ffed8f104f989d53dd,16000,67840
526,6164.247206269391,61.506875998357586,0.5038022813688213,0.27,0.04,False,id_k7l8oc4xyki9.wav,77c9cea48c62da054d10baff862783346fcdc2417b655528b22bbc105e676de1,16000,84480
382,10990.23442027057,141.1973780444889,0.2198952879581152,0.12,0.0,False,id_i85nebhcujvq.wav,ec4194dfd2b9280010c64d5b9794ba7e999397e0f64ff527487474bacb027119,16000,61440
910,12711.016596244377,60.65219662728562,0.8791208791208791,0.64,0.58,False,id_hba8rrxzcbya.wav,f001afd371f996e27a58b1f9812d63808ea7f30c9ae8acaa62daeeba3bd72620,16000,145920
446,1851.5729346963353,40.01799165361527,0.1726457399103139,0.09,0.0,False,id_e4sp157dvyk3.wav,416a79fb686744d48a2bd11e731fee3cf11090d7dcffab8886a8dd28d7cb0e05,16000,71680
414,3535.887378014181,17.632444948251756,0.8140096618357487,0.0,1.26,False,id_75bof7otgmfn.wav,20b502985047a36fd66fa14c3fcd31398015efff2ae768937e5e06fb175b63aa,16000,66560
454,5688.598152884417,7.609862015311046,0.8502202643171806,1.87,1.9100000000000001,False,id_k5kbwx3q24wx.wav,f6efbd4be3c562bcab7d421fb2c65ad9209af08492aa2f1e6e9c547d4340aac1,16000,72960
398,7090.454576753172,159.15427916023492,0.04020100502512563,0.09,0.0,False,id_9b7j5f1bx9h3.wav,b55370a57724ccdacb01ead7cf5a5374c04fe0ac5f24c454ab6540759fe23a9b,16000,64000
422,10843.364532399526,34.44004266177623,0.8530805687203792,2.06,1.1400000000000001,False,id_y1okvof6z6mj.wav,fb28903794b49c77c178c697bfacd1e5999f2ba9b802d915b72ce45b16226fa5,16000,67840
526,4371.233171543243,19.900187546642975,0.7889733840304183,0.0,0.25,False,id_33uwj9eb5wcn.wav,ace031dfd079daae21dbc657d98e01b041014355d22dc886583412da5de6cc53,16000,84480
510,1967.6812832621038,16.131478553474974,0.7705882352941177,1.3,0.0,False,id_v2iaailb1ts9.wav,ca1fe6321d362c3d6a527ad97271ee9c183053c2ccc55d7171eb22dcb466ad05,16000,81920
406,3432.8003047803404,9.563385221656354,0.8201970443349754,0.09,2.12,False,id_xvh2tt219fo5.wav,5bb7b54cd969dc77a9106de5c2526903e72c6cc1b66c7c803b6984cc0f5cd8f0,16000,65280
414,7079.56217413902,35.609159176717235,0.8647342995169082,0.38,1.43,False,id_09yk1xlz73wm.wav,481ae5b5023874b581346d0d925851d28c3ef83a2a0bb448e20ab8b8749312fd,16000,66560
430,6069.709013206481,114.2433549867985,0.01627906976744186,0.07,0.0,False,id_w05e2rk21cqt.wav,e52a97e574e21b561ffa6b1aef287123796454f681cf62fa6fb5d26e5d8582d0,16000,69120
414,7036.883831817888,115.21202411739878,0.16183574879227053,0.02,0.0,False,id_zz1foovk32zg.wav,d95ec5868eb9a0093748ca817cfdf18417b0520d3300b0ae4dad7e1a1d7807ed,16000,66560
518,5433.854820705094,72.79608070607662,0.3204633204633205,0.35000000000000003,0.0,False,id_xc8ub10i21q1.wav,6f7e557453a40bb4ceeee3806f4ca4eb04c96df9674bbd32ecad494a231f7804,16000,83200
438,9559.067435947924,60.639754058857456,0.7648401826484018,0.15,1.01,False,id_rvw33itc95fy.wav,2e04dad24c6a80110698f03a0f6ffbe79a863c29b92c1eb7382808eb8e923761,16000,70400
390,3059.664806804824,6.5653443724194815,0.8538461538461538,0.75,1.96,False,id_pxfur21570pp.wav,8974587b0e4ee083392eb1d6bb66e299edd97c65489abb6ea4d5006ba963b83a,16000,62720
406,1855.5172311245185,17.000581412102918,0.6157635467980296,0.12,0.07,False,id_57h6eu6h111s.wav,b2ebc23dcfa080207d2e9f80671c7d0e37bed6d142e56ad0fe7d543ac72bb9a1,16000,65280
558,5577.275709743961,12.316705150817562,0.9014336917562724,2.06,2.46,False,id_hl204k55hvuj.wav,f26e5127045a10717aa5f0988e48702f6d0552419c2daf0eed7a17242e20a208,16000,89600
326,1676.9639158312264,180.33231519841115,0.006134969325153374,0.01,0.0,False,id_n29febpyl76m.wav,b1777e12a10100fc68f9e2642331ef868293e2e08194dbd4f2ce65b4b7acca6b,16000,52480
430,5025.366312767657,10.811855637580706,0.7883720930232558,0.15,0.8200000000000001,False,id_i8vsdb2mvclz.wav,e966812d6d8505c65ed4511c7b41a2694b9c0af19e1b61f95da3f4cc1fc153bd,16000,69120
670,3934.9215652919943,33.15934972374223,0.5776119402985075,0.22,0.35000000000000003,False,id_wr0elj62q13i.wav,2e20e0fa93f04af6dd4357b79060bc14909410e577f4d115c467913db0b98a6c,16000,107520
430,2676.5288729061003,71.08442938061046,0.05116279069767442,0.0,0.0,False,id_pwvzavl2dl6q.wav,43ffc644ca93b613d44f7faacc7547176bce2bed9f0ee4fa6e773619a30e84fe,16000,69120
446,5961.343625811215,261.30203942089895,0.011210762331838564,0.05,0.0,False,id_bzvlih2xjnsy.wav,3102d5a4e0e8f02be8c969e007c9b833f0a4053ae99d288e227fa8a2cb595127,16000,71680
326,2449.838397221335,235.05254894805466,0.0,0.0,0.0,False,id_b9lizvfhrdod.wav,621b838b9de09ceea08eecc6124e4dfbfa2cfe8594e369327731ab545cf91f7f,16000,52480
270,1277.1081825749923,286.624944159189,0.025925925925925925,0.07,0.0,False,id_kcbxg1tpsoez.wav,fcafc687a7e88c82aa2564116c41a1ef66052f5af727f52f14666511f53546b8,16000,43520
358,9224.969960249193,13.421758650441863,0.8268156424581006,0.07,1.9000000000000001,False,id_q1xo5s271t3p.wav,4dd238a83baaa680b28b6e769a369dff474adaa3cbefd36fdaff14ab7f2fe65a,16000,57600
478,1895.7976513858223,44.375476999152895,0.006276150627615063,0.0,0.0,False,id_o8b2d8uq315e.wav,44c0c1677fe8559398266c5c52d53c0f2a64980ed113731edd512c5185afe55e,16000,76800
356,6267.246636881303,24.340829946688316,0.7752808988764045,0.07,1.24,False,id_vz7xfmgmk31d.wav,45ea99c36172a0ae022e1ce5b06f0995c3acbfe90627a3e9c36adf1edfb0373f,16000,57344
518,3537.5248144006,311.86986914256795,0.0,0.0,0.0,False,id_27mtulsaca9g.wav,6a5e75ed4f2124937a157e2faa21bc2a7e8245feb7b5b206f91324508b705075,16000,83200
374,4259.822406509455,77.2021311844002,0.03208556149732621,0.12,0.0,False,id_8c62z9hlhy70.wav,4f6f6ade0c83d3f8201be2be695c5df6ef4a5271664ee381faab6f7d034b453e,16000,60160
334,1943.958174704384,7.230297578290506,0.7934131736526946,1.35,1.09,False,id_k52jtroaa8cx.wav,aab0485812d441dd766b486cb9c53caf4f688e0a5cf46a6983b0ffc3cb598965,16000,53760
382,3663.4342204412515,491.61290080987567,0.031413612565445025,0.02,0.0,False,id_rpyvy5qz1nem.wav,fe96553f90869b6ab4b7d8d2ed5bad7c74223cc6a7fdeec521b73426834e808c,16000,61440
374,7879.452692763629,54.34960114934077,0.732620320855615,0.09,0.08,False,id_9ur53br1onh6.wav,2a378ec6cbd5ffeefee27d9af2ed844eb2430f67f59c2c3bbfbac486805a97a0,16000,60160
382,3071.185516620577,13.830083364494367,0.819371727748691,0.0,1.25,False,id_urbm5sfu6jm6.wav,d452346ce766ec5f0064d57367fa2e193a0b455532395fcdb86cb95374a55fe5,16000,61440
310,5227.106907745431,79.60112992469757,0.4064516129032258,0.02,0.0,False,id_8jv85kpf6al4.wav,e839b3f5474892011d9b60cbbfc73c0196ff36f08bf09afb12c9686158d3bdbf,16000,49920
454,2919.0698771183947,56.34305469634781,0.2577092511013216,0.14,0.0,False,id_8axwwjj8jfl3.wav,5b6b0509109be56d5343476a01c0cdc518cded821a403c35ff013db4f69fb6c0,16000,72960
518,1886.204156500563,12.870167742410494,0.8146718146718147,0.28,0.18,False,id_rfdsij4n7noc.wav,e1f84560562bbf8156c8712940da6196e346f528e08fad60b738a40db74149f5,16000,83200
310,1263.4926830021614,108.94924798226657,0.035483870967741936,0.11,0.0,False,id_gpndyj9dnq5q.wav,f5e73f520c51fcea91b4125267cc351e1f19f3a6b54a8215d9ad59282155826f,16000,49920
510,6286.262361292281,25.746383237015387,0.8196078431372549,0.23,2.29,False,id_vnv2lleaom6t.wav,e07d5e4b8e2d87974a92fe3274c847e7abf00fa3d018a55e700d9d8db0f3daec,16000,81920
470,4680.512433217115,117.51049942678934,0.002127659574468085,0.01,0.0,False,id_2dm5pi97k5pb.wav,fd6e531687ab8c063db11a65f43ce3bd0b89a834228b77025d6a01b518ca54b0,16000,75520
694,3782.4775947783223,19.149836649027783,0.7939481268011528,0.47000000000000003,0.14,False,id_okjcdazrxt1m.wav,9363b2a22d9d5da156c674f13ddc462e9e79f073859e73ac4e827fb9055afab1,16000,111360
484,4585.542478267975,28.739885193557537,0.6632231404958677,0.32,0.32,False,id_9f8x4e6upstk.wav,8e22fc5c5b5a18c17c47e93b9d207c3bed2c69aa2ca540a3a22357721a3527ec,16000,77824
702,3335.5753454239343,7.5737905435250354,0.8447293447293447,1.01,1.03,False,id_qhr6re0ujlqs.wav,b01b76bb852e0f4b55c9e84238c4c76e65132b8310844b29655bd66df685a1eb,16000,112640
646,5621.315885760202,18.50567457737749,0.9179566563467493,1.9100000000000001,4.0200000000000005,False,id_25k1gx7xcp8k.wav,f41ab6dc81baee873f6046ec04ff04e3a10f6073ff80977f2b655c6d56c37f7a,16000,103680
750,3531.979788659612,18.315021128896802,0.8546666666666667,0.42,2.94,False,id_b1nefsjg0fw3.wav,3a154ef963de7780a29ce44606af99889e98af61f74ff8e375d80c442a411116,16000,120320
406,10704.803305292442,22.199040056613004,0.8325123152709359,1.78,0.48,False,id_vz37xpvw6tgp.wav,32f91fe52edb83d3516850542e4523afb993702620881a02dfa6db050011bbcf,16000,65280
406,9483.20192537837,36.5348037111271,0.7758620689655172,1.56,1.1400000000000001,False,id_yfpfy4zjylht.wav,36e670bf72b57a966529b2c6278cf41de8a595daa7bc5ae4ad882e38407b80ef,16000,65280
414,15075.816221103916,71.7243093682325,0.7053140096618358,1.47,0.27,False,id_y8u2ssu5h9qn.wav,0b0952dfc4379fcbb48e01dae38201981b919353431f24afe7c8272a51201d7c,16000,66560
326,4229.479037659366,10.389241278180315,0.7975460122699386,0.48,1.22,False,id_t12fcrhkpbm9.wav,de87279cad5a78d5a31bec3769f8430cb2434cb4ad3a3cd18a44bb0c9f73fcd2,16000,52480
382,7899.185570044548,17.010916675597898,0.8507853403141361,1.56,1.08,False,id_brwf24pwgl9f.wav,d605fedf5cf2d1ee96520cd0b18f65486b58b6fa42cc611d93849dc34b8e3e33,16000,61440
310,3642.332606654697,339.6442278294552,0.03225806451612903,0.1,0.0,False,id_gtevr057d2aw.wav,b3a000fd80f2cc8dd4f664eed11d821159df8004773389a8968a25eb9004811b,16000,49920
334,6090.068512135147,130.99282059839746,0.08682634730538923,0.02,0.0,False,id_2xcqg0qthxze.wav,e59ad7616511d8e22b57bf014b893b1c00e8fc40548b7d491f6f637a70c27de9,16000,53760
638,5066.660512359201,166.78378363160115,0.017241379310344827,0.11,0.0,False,id_xmv3v7rtixle.wav,30d02bad8cb0ed9d55a92ef7786ab01359bc61da8844a76a35aa8af9fe8a5a49,16000,102400
382,5392.754652540759,48.11527868883726,0.5706806282722513,0.09,0.0,False,id_vy1i8brgjw3o.wav,ca59e606dec193c90a024e27b0373b23b80c31cc276d20d15421b3adca7577df,16000,61440
486,805.4460860293506,5.17903890875817,0.6625514403292181,0.03,0.02,False,id_5jqz43oi87uv.wav,c6481bacb8e1ed317552be7b2889b3a1ccc8a286cb5199d0ae8d298a2841f54a,16000,78080
646,2683.668252131772,69.746415529957,0.02786377708978328,0.18,0.0,False,id_v2m29r5lft8c.wav,0054f5ba1b532ad32f577b92e6e9742cbfdc31c4f59472c29c91d637e5bd7305,16000,103680
462,1127.2455001019077,7.569674385619502,0.5822510822510822,0.27,1.2,False,id_mjupolouwuwn.wav,1e45a63cd48deddbc13b54ecd5006614a1965c0fd3ba8ec6b25ed874077e6132,16000,74240
462,1981.2023987972557,16.945173441559284,0.5887445887445888,0.04,0.2,False,id_yt5b5vodhruu.wav,f13f9bcd725dc668efc6b1c87c24a536038884f6d18b0ab048088bfa67dfc46e,16000,74240
566,3934.1709730259563,15.344023649387793,0.8745583038869258,1.81,2.7800000000000002,False,id_fodcl1jx4lqe.wav,9431f1fbd74facfda80788e9a66e467442818ea90a82fd35acaae3bb896a9063,16000,90880
374,1721.067739805729,74.80458110175675,0.013368983957219251,0.05,0.0,False,id_l1zr6f6repht.wav,3afd5b30c2107f41fb1a6177226eff1409c97e248f0272c2bddb23908f825665,16000,60160
478,7585.876942878786,35.12359278839384,0.805439330543933,1.52,0.43,False,id_i0zjjjmcqt2a.wav,c8a8ef702de39bae937e2b0366df07c1c5b59fca2a38cf2ad06bdc02605dd1cf,16000,76800
454,13090.404174337016,30.979784874712223,0.8612334801762115,1.61,2.1,False,id_waxbvtaoj8og.wav,7ce409e37b3c0f8340fe1a77dc5eebe423bd99e7e0a11e012dcd74f0edaf1d31,16000,72960
374,2786.2080535200525,37.058273632564934,0.3983957219251337,0.02,0.28,False,id_u74t5kxb3kww.wav,56911f4ee964dc36edd86b8ed8422425e3596bdd805a8545c04b1259bc1ef270,16000,60160
350,4424.92985452877,257.6800542672647,0.0,0.0,0.0,False,id_ljf0h73ggt7p.wav,8829664aef56e4b6899e8bf5ab3ae945d553516f9237c546bcc2cc681d3d1872,16000,56320
438,1104.6468575974857,15.125761431857597,0.0776255707762557,0.16,0.0,False,id_olbt6h56jhrd.wav,d922008b028715827f67fe77f4dbb2e7ed23cd3c4caff5afa23bb2b0258a8994,16000,70400
494,13493.815944720753,20.35350036364091,0.8522267206477733,1.6500000000000001,2.06,False,id_8adolbe9tsya.wav,d07de7f2ca2004449f458eb546601aba3faf3bc81cc5312e8137cb8ca7b3e502,16000,79360
486,2620.85014976057,37.27655350671911,0.35185185185185186,0.09,0.0,False,id_piouf4mayjp6.wav,5828cb93032be3794ea50665b0145679fb93061fdbbc4082ee369f88c8a08ee9,16000,78080
734,6394.413980186144,60.20384793785908,0.5286103542234333,0.49,0.06,False,id_wywliv4601uc.wav,c7d069964745807394033c6c5c4eb2bba5d7445a8b31ebf6fa49d34b30ec43ee,16000,117760
414,9912.98019568283,80.99591387505993,0.606280193236715,0.67,0.77,False,id_wpertb70txre.wav,cd31671829337450136ebdcd1f7b7a64bdae8d8870025fe8893ee8a48df9599e,16000,66560
350,5193.082815390103,25.892783296292862,0.7771428571428571,0.16,1.21,False,id_d6xi6uedc7ve.wav,2d9a55df57b1af50bba8858198e8f3a022700b101613a97a644cceea576e2106,16000,56320
366,8360.119508416132,71.80494982805322,0.644808743169399,0.38,0.0,False,id_6ihvh5zv68gf.wav,acce028908931cb9e8adc74a839ee3bd72870678299f9468401549070e6fc3da,16000,58880
398,7746.100966454026,109.05859299714528,0.3442211055276382,0.06,0.03,False,id_h4q0uugsqjmx.wav,446bb2b066c97671c9d5f69e85c94b79f50c6ff3641bb92029969471c3b70d82,16000,64000
326,1718.5906857073326,144.54397740856388,0.003067484662576687,0.01,0.0,False,id_8ipkp20ob4v8.wav,5c6c875be8e6cd0e743f7e00e5ff50c2e5124eb9ccfd4d16891d447e10f84c8a,16000,52480
366,4713.063322564211,55.33208503974471,0.3524590163934426,0.15,0.27,False,id_s4ed2vqj950b.wav,7305f56f3920d109c5f5e34cd8d606b0fad5bfae1ee569889c61b3656ac05e28,16000,58880
470,5120.746607917638,15.212534996944846,0.8170212765957446,1.34,2.17,False,id_0209jfho3h3c.wav,c04a30d666403c8935b5087c47d6d692801c0a3d24c04804a5e9243cc13e2f8f,16000,75520
590,2309.8254961143707,69.87478978655297,0.030508474576271188,0.18,0.0,False,id_yff6vyqjrs2a.wav,fc98dc055d7041163d5cc5e7c22dd604f31bd03a72f01f26189935827d211ab3,16000,94720
486,5277.2841829391755,26.45358679176141,0.7119341563786008,0.3,0.48,False,id_o8vbtf1n409g.wav,9add0118cfaca4f6ce1ccf5234e1ac0ca47b255661b24ea29deed04dcf132149,16000,78080
406,7311.085221087223,44.47016784181234,0.8497536945812808,0.75,0.24,False,id_56a7xgljt2m0.wav,48ed55c6adfeeb2349eca922197627e48ef9d0351e1d4d9d275efb33e8f7af73,16000,65280
390,2248.080284932013,1.2313559096518572,0.5974358974358974,1.7,0.0,False,id_yuvloc47l42m.wav,55ea28073472a686f5a8ec2388cb34f3995fce5c423ae4dbba21a056be4d1cff,16000,62720
390,9521.49800897947,23.120553031833474,0.8512820512820513,0.34,1.94,False,id_4i56pnwxol3b.wav,adccb87fe96286d65b9dd49fd576d08281e5c6e28fbaa7ca158054d7888b9fc2,16000,62720
334,2241.5078005663954,8.894283816721194,0.7934131736526946,1.45,1.01,False,id_wljrineqw66m.wav,1944eef481a2467433ee662c27b69c82306002d2bc3d59b8d0e0b6957e7e7db9,16000,53760
459,3982.0632654441843,125.90829996469652,0.1721132897603486,0.21,0.11,False,id_rbe7r0qswata.wav,81b52cdac7c10788470520e77b0013b54f201a4f4064112ddf7d8f600bac4a1a,16000,73728
342,3771.5001044014302,8.149674815750206,0.7894736842105263,1.3900000000000001,0.49,False,id_boq5ozunfe4w.wav,3597bf6220ed3425f40a48219b4336aa537b41407215411d5fe96b15db3b87c4,16000,55040
422,8785.09852079076,316.63851619456443,0.002369668246445498,0.01,0.0,False,id_nq7p9c1veb00.wav,57c6198660c826357da586c25ad2aabf33a4df10f6b8ea3b0cc7d6cfdbf600ca,16000,67840
606,9644.214526725336,15.334900875713757,0.7854785478547854,0.02,2.19,False,id_rchtgjtjygmj.wav,88e63ae86cb1713f1268fae37ea05e93b8a42f4485a9058935fa4ca12845de74,16000,97280
550,2029.058664134677,52.16862957982541,0.1290909090909091,0.0,0.0,False,id_acqhi6st8drh.wav,5cf0075cba211a6d254d9584253ba0f5864a2e35abc47bc0a579ec707abaa914,16000,88320
422,6979.038831028239,279.1520577835345,0.011848341232227487,0.04,0.0,False,id_6ych2xotb7wb.wav,204d500acb72f2c28aaf3597b30b887302ff679cb922b78764328b31abea0629,16000,67840
406,3577.9518219227043,48.18780796805515,0.3522167487684729,0.26,0.07,False,id_tnbrn7mqurnb.wav,057c03a63f3c0a612e90c50378be41dd12b4103ecd2d9d2efd3c019811157dee,16000,65280
294,3751.020513806876,171.69924434173396,0.003401360544217687,0.01,0.0,False,id_mdsis8l4hlgt.wav,b5d2cff16f37c2571f8498d2771d1dcfa92b3bce72f08a988b480bfb2bd23cd5,16000,47360
326,12429.624621343155,12.017282280493106,0.8619631901840491,1.35,1.46,False,id_nstwipf7a8it.wav,60c305a265225d6d4e585f8f0c68932f74f3ca570194281b14570ed73cbf4cc6,16000,52480
950,5639.832131145395,12.606235103872368,0.8410526315789474,0.9500000000000001,3.84,False,id_krvca62bonfh.wav,04232c7af1b30658ed15962a6a683abfa3a06771cc6ae431c093bab6ddf5f7f5,16000,152320
406,3662.7285959377336,30.770698993847752,0.6576354679802956,0.33,1.54,False,id_8xoz8dm0mqcl.wav,1a2ce2c024ee86e4b65e3ef74e8d6d4ac7f4601ab04ccda15fa9ca3aa75a8636,16000,65280
406,12064.349303630097,11.696419290995564,0.7093596059113301,0.12,1.49,False,id_c9et56rpzifb.wav,34894d85143b4d75a290e5b568db6018f887f7eadd393e2f4deb730d78f968e4,16000,65280
486,2826.3013268227437,16.59136416372367,0.7078189300411523,0.6,1.4000000000000001,False,id_culi97ofngzy.wav,78492abb191dd58d47af3ce945fef0c9e7b08b3b9030bfe9c4f48b58d64c2c35,16000,78080
294,1313.365553644529,319.39740881473165,0.027210884353741496,0.08,0.0,False,id_9oept31917ox.wav,38dce5e4e2fb9e4e35b5970be55c9085ce8d6242a33d399c764e1ae2d92237b7,16000,47360
558,4498.1348429098925,231.02477411317489,0.0,0.0,0.0,False,id_87dixw9e219y.wav,237d85680258bc1c4a99fc277e3f7e2c231ab20491348255c7942e20a5e8d4df,16000,89600
395,5782.389639889378,33.85110781052815,0.610126582278481,0.02,0.6900000000000001,False,id_tr4hymlcrara.wav,64ec78ba219766f5a72e7272792f026076f87d475446fe03dc360a2eb065ffab,16000,63488
326,8208.948024412142,139.27273732193777,0.12576687116564417,0.08,0.03,False,id_hr9b0lyhjqdk.wav,1ac1ebfe292f57a9175bcbed558b8949ac2260350097aa9352210a98cdbf6440,16000,52480
478,2062.689795509737,33.47910599866005,0.28661087866108786,0.04,0.28,False,id_7hvgs4js0h1r.wav,5dad4cdad684703f91ecb4ba43768406e6743ca9169029f0e3aa1675baf55fc9,16000,76800
534,4510.173533523959,11.682281170661673,0.8295880149812734,0.0,2.97,False,id_lp7saki4becj.wav,ee42a6d18c4c3a816b86d7afe848e650a22a1bafc601aea3f11c3e459729fbef,16000,85760
534,5762.200072888827,23.560666791412793,0.6872659176029963,0.29,1.17,False,id_5r84zn34qrat.wav,6bb65acd02de59878bf4fcf15be4b468ff0c32e477ff117a55dd3d7fff4b9ea4,16000,85760
446,9818.123385861474,112.08872963690266,0.3744394618834081,0.02,0.0,False,id_zlyza31qc146.wav,d924718980d85008b13c80a28595546a69e2e7fef00bc4acc4fa974bf9d67e42,16000,71680
462,6651.981501966163,31.33399787781716,0.7792207792207793,0.18,0.91,False,id_6jnhwr379tgz.wav,0597691f4abc5775a59675a8a2fe48d1bf88b212c368847b2482aa23e4d64fb4,16000,74240
350,7077.124397133344,118.85867938512601,0.17142857142857143,0.01,0.0,False,id_aeguw9z55239.wav,75b62b8980776cd6b3070bd7dcf3bb880b481d267935d6e05f0b9c325dddf189,16000,56320
406,10475.560292533282,236.22212111062595,0.09113300492610837,0.2,0.0,False,id_l5k5b7lorja6.wav,e5c438758e2d24f1f97d6e9cc85e67560f6e74cd4b145b4947fe300af33b42e4,16000,65280
395,8125.458029705156,10.162430811572595,0.8531645569620253,1.68,1.04,False,id_l1y1hr5b1iaq.wav,2cfaf7f0ca964e15b57a5460a5bd1c64430dba587183969b2cbd4c71b6bfb2d2,16000,63488
420,2759.297095276259,21.750743086073047,0.7047619047619048,0.0,1.67,False,id_hbjvmj0cdpob.wav,1b535b90121c688ff9576e9748ec82bc7d1571e2b7d173ee3448190dd4e761fb,16000,67584
395,2349.4676487451366,97.7134586431163,0.10632911392405063,0.21,0.0,False,id_6qu3xe17vsko.wav,81d5eb409202c23d9b2bbe678387ff812818522adb0e10b0b46d8210c65a1a96,16000,63488
486,2077.778116763193,124.02373744896312,0.30246913580246915,1.43,0.0,False,id_14a888rxubfn.wav,5d5b7317b47e8cd10c2eea5bf6f3eb9b899b997fdb34ec0e6f9ffc2d814d7d30,16000,78080
334,4309.8061534133985,342.4398788398077,0.11377245508982035,0.38,0.0,False,id_lzcvvvxziuwk.wav,7b170b6d5dedcdfecba6834d9e3776a54479b3a390c90b50dce89425cec26ba4,16000,53760
430,1797.1970537478633,22.469921909551445,0.3395348837209302,0.11,0.01,False,id_ib4ndc7xtk72.wav,b9de75798b3632d02893ff7410a1122bd924a051f5e87c7ef1f140ab4dde5d26,16000,69120
484,5541.711672624262,39.87720058527348,0.6921487603305785,0.74,0.03,False,id_ghwdq6uh77yw.wav,52c7013e1b5881e05b0d494977747e03d51dced12e8af8e8abe995b283dc46fe,16000,77824
470,7092.469646921304,137.74114215628015,0.10638297872340426,0.26,0.0,False,id_azdmpe6u6nxj.wav,6adfca7304518e73e98b7808b776ee57f9201838460567aa2de785d81907dc06,16000,75520
420,6205.056658081375,47.354972506772036,0.6452380952380953,0.15,0.66,False,id_xki2dk89yptn.wav,5a805e9a6b50609a8852515920538882b255b5b69188403d2ea481afec60e8b3,16000,67584
390,2791.6129025171094,15.578469913648,0.7564102564102564,0.22,0.33,False,id_ord6ylm8ns32.wav,d2bad1e94ecfa7740afceea9762ea518b20f95f0d39eda5fba1a2a7bbcfb2b8e,16000,62720
566,5288.235291427566,126.00465005142709,0.3321554770318021,0.15,0.15,False,id_2cknvcbcdkii.wav,3b3315baad5a6e5680fe7613c5a75cd6837e66f231171e088bf0726e8ee9a444,16000,90880
534,2128.2421003025006,8.270728854100938,0.8277153558052435,1.32,0.5,False,id_a0b8t62walsy.wav,ee10fd1364977436f89f4cb2ec6ef44450cdd594322b84a83e97c750a5526a48,16000,85760
422,3552.46994533381,76.76856583993666,0.15402843601895735,0.0,0.0,False,id_xz7uwxt713px.wav,901d7ceabd6e0b75cd1e8f91d9b4bdc139e92db3f1b134b2790001eb3fa2e600,16000,67840
446,4298.46596619073,133.64729384468876,0.053811659192825115,0.24,0.0,False,id_b31dnahv2rhd.wav,ba9157e2f2587b5aec1af84fd8a5b3297cff5e811f5c38ccc41f3a0ac1e487c2,16000,71680
350,5821.559267713419,8.974825747980688,0.8028571428571428,1.42,0.42,False,id_s1or3c9oe9i8.wav,963f3abcbe7e5d22f350198cdba53d48c97de92e0993f969bbf43c58c0643aca,16000,56320
630,7215.000522869004,157.08022646079024,0.20634920634920634,0.18,0.0,False,id_vzb3kk3c2xth.wav,c8851b68c7501418a7f1a5e84d4922c567a8f1358e3bab38685af4cbd40e8492,16000,101120
518,5999.9349675642325,11.105572884127756,0.8841698841698842,1.9000000000000001,2.22,False,id_j7obvau6r5lc.wav,5138e38cc1f64043f92312425d2bdbdab2b4227e257343ac5f427130bb4aa636,16000,83200
406,8559.767635426793,71.42542657924265,0.6428571428571429,0.22,0.05,False,id_5uvfc7co52dc.wav,3075cb6896216686b4c9fe71e64a6de0072a7c33082aa1dca5cd27c3f262cb75,16000,65280
566,2207.199522018796,34.235799331149934,0.1784452296819788,0.21,0.36,False,id_syqjwrryqe4g.wav,9c6c792e72bd75b4e31a3f934a46e02030e5360639a1640ab1bba80ef8a7dd68,16000,90880
438,2720.084318546026,28.477837083756505,0.4657534246575342,0.09,0.39,False,id_9jhh5qilicjv.wav,3a52971cf932bf2bfe6ee2b4402d38551d3de3888152c48278f33d89a66c0f46,16000,70400
438,7636.211681848533,222.57787761334788,0.03881278538812785,0.01,0.01,False,id_x04cqytn8h7x.wav,800c4ae409933874acac5bfff897b23dd8d56290c10b1243ad473aa33229f17c,16000,70400
598,5958.976069762321,10.638079985207046,0.8160535117056856,1.6600000000000001,0.0,False,id_kh8rv76n4j5w.wav,18d8e41688825e64794e9231ed887e392899b7f5a970e809e415e8b103d335bc,16000,96000
446,8629.486004971559,45.737907832409604,0.672645739910314,1.1500000000000001,1.6500000000000001,False,id_4is67z1txumv.wav,8223655e83603699f926c64136a8e03ecf75d16255937a27e13f6102389f4509,16000,71680
422,3573.369115064941,50.09182496976545,0.17772511848341233,0.27,0.0,False,id_goqla5esyrp3.wav,ebbcc34ab9b243c1e727ad99d5aaabb72dd27840b796ecd1d87851e8710d1472,16000,67840
358,12944.82974202442,16.42589340047276,0.888268156424581,1.5,1.6500000000000001,False,id_y3a4la9dakw2.wav,d368a561aa802345b1dfbce6e34cf3f61b61bd52dc7380f489acf33d88b1fa7f,16000,57600
350,2150.193993573603,1.5945124291035353,0.88,1.49,1.59,False,id_91697eqiiex5.wav,35ea1ecaaa67df504dca30c6f1192e8839a1742eae01c793432b046b8a5047ee,16000,56320
478,2506.2628169248333,37.237530492169334,0.11506276150627615,0.0,0.08,False,id_belprd1sdela.wav,6d2d867ddde76d7f3993ce891609cdb707e2ca4d59f11210b4c8f1ddeb1bfb6b,16000,76800
246,1172.8093568436432,276.86174591543966,0.028455284552845527,0.07,0.0,False,id_54acpxzvh5dm.wav,cc6fb4ff1f82a7f8e4e192c572c9e45e5fa3c468cb48edc6e46a21f1f63cf0ed,16000,39680
414,2395.4926424433033,15.23795869341066,0.644927536231884,0.07,0.48,False,id_h0l8v1nrftff.wav,975964a1f9aecceecf87a17c22676f89aab4aab0ddee36e1303099497d045ea8,16000,66560
470,3158.009447420954,27.0284842626914,0.5829787234042553,0.6,0.0,False,id_oemh4gasc6cp.wav,5db4213eb91432417c7eff39377e8c5ca94cb1ce0c02395282de9f05f0942e5f,16000,75520
582,5124.907385260733,126.93482892905246,0.19072164948453607,0.16,0.03,False,id_auwsldpmtnqx.wav,cf3eed8cb4d7a7baa83399e30444300c0da1877c375cef45b455ee416381b69d,16000,93440
438,7870.980015696901,6.60823341882176,0.8264840182648402,1.74,0.26,False,id_1lfqvu0tzm17.wav,c4bfaecb5c533ae8abe1cd3bf7a6b55ffcb0bd31dac28ab4d42cb8c7b1387842,16000,70400
390,3434.1672160073977,5.725136438097449,0.8923076923076924,1.6400000000000001,1.84,False,id_trb1i5i8633z.wav,81ab5e534d8bc5eb76307a29e8720a91ac8ff02f6ab166c5fd25cf381e8fd15b,16000,62720
462,6755.20036878996,14.159577697270127,0.8722943722943723,1.46,2.57,False,id_z2blz8e4wew3.wav,59404d1716f4758a49ead3e7a51cc9f7d933575ce5db3eaadf73bfd32c8b95e6,16000,74240
574,7606.653141822624,88.61617699932998,0.32752613240418116,0.0,0.0,False,id_njas808bf0z4.wav,b1e9b71f669185431f4c2f1ab4d8b544577f57af97e9ec4224d69a115cf2a98f,16000,92160
494,2794.2403180471074,14.382541308596744,0.8299595141700404,0.0,2.09,False,id_rurd1t1e4tol.wav,786329356ee6e7c7e0f7457ed5526a673d38c0860fc5c340d3e78f6fd10aac78,16000,79360
398,6457.326962451259,26.234202386381313,0.7412060301507538,0.29,1.6,False,id_ng6ypw5ey2yy.wav,cdf119596c6e8812634532e4a0499ba9597b96688701b9ef7afb41b61c148351,16000,64000
390,11055.14843805817,27.102451400003623,0.8051282051282052,1.47,0.0,False,id_e6ymg5ire7dl.wav,376ee7e121c5e80234a86eebde9e34f393d318767325f6a3ea1a8bb736a831c3,16000,62720
334,6405.730824621029,113.16239186476997,0.32934131736526945,0.05,0.0,False,id_ng2t8nqvi3cu.wav,0fdbeb55b1258a9676d33f645ccc6135456929140d06fde7efd5ef35b3876ad2,16000,53760
518,4504.8746997003145,118.04844596439652,0.032818532818532815,0.04,0.0,False,id_1kmsyljii35i.wav,95b105da00d6e4f594afdf002c25b0ff9a13b23aa51a6d9e48dc9d6b4937b5b6,16000,83200
382,7702.518825845218,198.68937081733992,0.1099476439790576,0.0,0.0,False,id_m4zh9xjilejy.wav,80edc0eab6b20c703e8625e3085625bf6cf0dc4a3fc288e8706aaec03fa17f9c,16000,61440
406,5269.597015901691,48.38141904054362,0.5591133004926109,0.0,0.18,False,id_ldllg7b963k8.wav,022c844bc5f0a5fa67365947f002175d392f065c2aecb691deaec6a32e54c453,16000,65280
350,1599.4690603447132,20.192226651488042,0.24285714285714285,0.05,0.0,False,id_ta8l6focakvr.wav,7dc60d792935e7bac34f9cc457a509380b0fd9e6e8febaa03cd244110e56296b,16000,56320
382,3316.51872902898,21.34549641182715,0.6073298429319371,0.36,0.61,False,id_w5e7dgkl0v0f.wav,2302858fa4ee3bd833a2cb287a6369907d9c09246aeb994390e3822d490e3e27,16000,61440
454,2073.6419121921704,22.799443386684388,0.44273127753303965,1.3900000000000001,0.28,False,id_03j13ry5yo13.wav,fb0f15fd80fad6c4fcc56f037f9146a5287bb5e0248c3ec7d585f00d5cecbc4d,16000,72960
454,4835.982231925589,199.82816179194413,0.04185022026431718,0.19,0.0,False,id_595am4enqevu.wav,4250437dc3d5d2376222de45f1f4f02299c78034f3c662d46d0c752eef08a900,16000,72960
310,1443.2149987094786,105.9231021926977,0.025806451612903226,0.08,0.0,False,id_hfzkutnntkry.wav,eddfdc4e1b6b9c63ded9119cd8545999f7a250d0d97465979c0728edd4abae6f,16000,49920
414,4774.778868178086,11.406935736205146,0.7318840579710145,1.53,1.07,False,id_xor6zrapgca9.wav,da824f0f93d0178988819858569870e1358f94f7698068f0391313831746b637,16000,66560
342,5513.405515650014,53.81541653457137,0.5497076023391813,0.42,0.13,False,id_08yb1zjkmsqb.wav,0dd6664c3be8f6e98ed9fd79fbd823c677a15a919098a622540bfbe74c1f7594,16000,55040
510,8291.579506191809,177.63026137750478,0.12549019607843137,0.0,0.0,False,id_d8ns9mvfmets.wav,754d6ad12d0f5e313ddb86c39a259722a6d52c5a1b6e59587d16748bb97b2d65,16000,81920
438,5114.262232228613,7.024671349697169,0.8447488584474886,1.4000000000000001,2.0300000000000002,False,id_q71c9xumgucq.wav,5ef5aa7468c61a0fc03d0b4dffc67be357f2289a09a2843ec03d6a6d85242104,16000,70400
422,4180.349524561314,36.94455548833092,0.5592417061611374,0.09,0.02,False,id_cw0zwcnsoftg.wav,fdc66fd9d88d0c27670f6efba163c714a2e952242ac165418d74f3df7011d030,16000,67840
526,4327.321719897886,50.60391159495321,0.4619771863117871,0.86,0.0,False,id_sov7xl5lboq1.wav,9551f9d9217051f13de0f4cf3082e3674d9848e6dcb500bf3e633fb8193d8685,16000,84480
523,9303.138169456584,160.6896543029451,0.045889101338432124,0.0,0.0,False,id_k14ze58z9vyt.wav,2367051dc3d281fd8042a2e9e8786d12b1b9c6aa0459cb08668ef99582ec3148,16000,83968
558,4771.788781473882,20.850893548665333,0.8405017921146953,2.14,1.17,False,id_p1hsg76myrgj.wav,995dc5b661064693692ea77a459746f8431c4c2d87db7f551100abc3cfeebe03,16000,89600
422,1333.2454181432613,33.021789353031984,0.08056872037914692,0.05,0.0,False,id_syxtdgknf2me.wav,92fd7d24b2d9e8ea7f558451e25c6afaed4cd337f1a462d940f5231fc31c4424,16000,67840
974,5975.390707309439,22.905503422773613,0.768993839835729,2.11,1.32,False,id_zjq7iuv99h7o.wav,9c82ebc87ee450bc0a8c83701108ad8644ec81f233218a8e2e349e89d5c25b54,16000,156160
478,7012.352836780248,75.05054124363204,0.4497907949790795,0.32,0.01,False,id_g5v91dy97g9q.wav,52ebf69e437008e8604ae97654ada689057b7b32d92aaa0ded3e2ff4f06b1785,16000,76800
430,11274.461894587253,18.280252699775506,0.8209302325581396,1.41,0.88,False,id_v7xteji6zaqq.wav,388308f3f11e8cbad6fb02b6afa77f7515f382df71ccdc84b191fd62ab24c73e,16000,69120
486,6832.76226847532,9.640344298485928,0.8395061728395061,0.85,1.98,False,id_kilth8oc8fgf.wav,c5dc96997c91ad48340465956a588e8ce5f88510f2cb750df9afe1c79448f4c2,16000,78080
478,1578.7022067191774,98.12787600665953,0.05439330543933055,0.0,0.0,False,id_m25g64xq6nko.wav,4277f926d933c3a3767cb1fac51d19de47c968deaf369fdb1ba5ddf513a5dbe4,16000,76800
414,4665.97208682178,20.848567117163547,0.6835748792270532,0.38,0.66,False,id_ux7wyqip0oeo.wav,95d37d9181c9133f092a4dfac809e84f035cd65f07f65c6fcd32e3ef96f0d797,16000,66560
462,3324.9514391190737,17.647688871033473,0.8484848484848485,1.84,1.08,False,id_a7o2b7trerdy.wav,3cc0231261f3355ea387726d6339ae72c563f548a5806df8b3f51aad923dd165,16000,74240
438,13033.461339183847,255.77736880437897,0.0273972602739726,0.12,0.0,False,id_vzpm6dzyyzwo.wav,37efaed069bd3b057dfaabbd9f6dd2cb8cb859d89716146e90a462074ab4fdb9,16000,70400
462,10056.604825436863,8.378320141399795,0.8636363636363636,1.99,2.0,False,id_jdpv3kqyrcb5.wav,1c94dc098662572e4b1fee0aed6e1af74cef3beeb87da04be4e2cfe294096c9e,16000,74240
414,6883.573237607049,53.07523134353494,0.5942028985507246,0.34,0.0,False,id_wa5aix9s91n9.wav,fcf4837372d913a9f706e3ff9c93c09731a92830c8a262c0d1ecec4faf67adcc,16000,66560
382,5417.403711650074,24.533569491054067,0.837696335078534,0.03,1.59,False,id_no8u2tvobi1m.wav,aa910c8380d98e7ed68370f290f90b1dc141dad042b46dcdc19afdc58cafeecb,16000,61440
843,2242.5488818529684,12.480785231707179,0.7603795966785291,0.75,0.07,False,id_34tesyac293p.wav,7298c56cc65701f8cbfd68abc93cabf8ad762949e48ecd07545e34b442077a1b,16000,135168
350,5514.902593201443,44.57051968441523,0.6714285714285714,0.24,0.09,False,id_l3qrdjozytly.wav,50842f8057e52b0b6b1d0144affc12ae6c70e58bb1c0842331c598b806976ff0,16000,56320
510,10964.061534509006,104.88698455767579,0.5431372549019607,0.38,0.09,False,id_me2oldhjvjqo.wav,a44bc5a3c416f2e6eeb2748f1ce3a6c7a2f74c7e7749120e564052014c847f43,16000,81920
662,11313.017978417607,27.867493341016797,0.7492447129909365,0.12,0.05,False,id_kdvvqhl70f34.wav,75191963e5ab2b12e1c51f8c21dd393b356eb4f73835682458a44cdbaabf3c05,16000,106240
374,10368.462724049308,9.59061221210719,0.8181818181818182,1.7,1.1500000000000001,False,id_swcr0lylg97j.wav,9056c659426fc4b45000592408bb34165878e289e58c52627ae0c9f31abf94c8,16000,60160
462,6584.538216344408,40.324966167855514,0.7705627705627706,0.75,0.41000000000000003,False,id_8z0bmxw2dpd4.wav,32e13bf9f719186c4631bd8ce1069fa51f15dd2f838cca341706eecb8fea75e0,16000,74240
454,6220.573291104285,22.814609154494754,0.8920704845814978,1.78,2.27,False,id_q4rwb6udjhj2.wav,f515205e6a5d783641192f6e0c90408de784a379ce6090498d99ecbd62bf67d3,16000,72960
278,1569.8504379398694,193.83806612186197,0.02877697841726619,0.08,0.0,False,id_6crruebvvst4.wav,64d2c8862c8e0aa75f35999764bae0320aab3c58aa910e57bb53722678f56d1f,16000,44800
446,2096.951996350894,14.672715686309648,0.7600896860986547,1.79,0.32,False,id_mumde96dnvts.wav,778ae37ef2f304a4083af342d4b995cb00ce8fde9d0e008c907f16308655aaac,16000,71680
398,4254.5925950671235,13.106340584992475,0.8015075376884422,0.47000000000000003,0.86,False,id_terje6kzc7hk.wav,87e81004ae157f6019ddce7923331b00a0f4e562d53a33677c19966d9e845b1c,16000,64000
398,15542.091178474022,17.236583225628213,0.8919597989949749,1.52,2.0300000000000002,False,id_kpxxp15mqvjf.wav,9bc3ed94307e5b665c2b84c13801dcb56808b277e60f9ea0db5cd2de3ce53f04,16000,64000
438,615.5121749405124,11.464382746627326,0.4474885844748858,0.27,1.53,False,id_brz6g95glswj.wav,e439ec214e4c620cf7d799c7835d723f6b154c3507175d07e65278c7fcd5b9a2,16000,70400
582,4313.469168488399,45.300349558419484,0.43470790378006874,0.47000000000000003,0.08,False,id_yfjk1oe3swu5.wav,264b0f99b92d185572b00705196f9160abb2ef510fbeef84e2eefbc3885976db,16000,93440
510,3352.6879585639936,41.645812446959184,0.14313725490196078,0.12,0.0,False,id_gx5n7d4z6p3n.wav,137272356138d9b72917065a335a43996b461b55c9158e3c8e1abdd876fe9cda,16000,81920
638,1285.6261917835993,11.944084137452467,0.5250783699059561,0.41000000000000003,0.32,False,id_t8o7gfkclnlo.wav,a605c218efd99f3e9a1712a69eb428e7a8692659e2d8e004989ca94ca14e6ed6,16000,102400
406,11599.54657023282,94.10640673337086,0.7413793103448276,0.16,0.07,False,id_xsik018qv9ad.wav,1471f09b37666154bc541b68d4b70bda61389f544c0cf949108c288be764407a,16000,65280
486,3918.207175801198,30.052633353817356,0.602880658436214,0.34,0.02,False,id_se33nx8ckzg8.wav,47d92fb4f3b1c04223b0958bb8781914d007d72ddae89609caae2dcec85a9b6d,16000,78080
382,7797.160567796459,10.81457149377016,0.8507853403141361,1.7,1.55,False,id_rf3zvvvbnhq2.wav,544234f24a1bfe016f4c3acbbed5e342b6c47fa47516738e56c252cc6e1ff8d5,16000,61440
612,3708.937016181321,54.02845255727739,0.32516339869281047,0.36,0.26,False,id_o9o4n4o8cohs.wav,7d65d49ce986588dbb0e5c98fb2f64e32bf340dfebcacc4121fd20b5ebd24391,16000,98304
358,7903.264502564747,146.86300835627526,0.28212290502793297,0.01,0.0,False,id_s4f0xo0g6ghz.wav,90ad7636c1229b5467b752c864b1858dcb7464933534f240150d25d6ed65f1e9,16000,57600
654,5096.1291474510335,116.7563460499779,0.019877675840978593,0.06,0.0,False,id_rm5wd41xf707.wav,930e15ac3bca55cc79d7e653fa4e9f00143cc85c2bd8609ef650902c78844f47,16000,104960
398,5927.827696129502,26.65870594682368,0.8090452261306532,0.05,1.1400000000000001,False,id_5pjdzorh1k40.wav,d7b4f49d4a1916d84af1115484072c86e9d7ca97bc43ed45e6f864e2653d3d46,16000,64000
334,2394.841849684442,12.112342149817351,0.5838323353293413,1.3,0.0,False,id_u5ebh6mnci7y.wav,53d5e896cf8fcf0da9231bb1465e7f7200e350598bb641f937f323bcfc4736c6,16000,53760
782,8685.683741796036,13.578612557310775,0.8132992327365729,0.46,3.42,False,id_7qrf44z4j9gq.wav,b9bbd3d719323c3dfd86b365ecb2cc3267191e0a235af818dab96a65aa2fc1f0,16000,125440
462,1463.9827304309297,71.81211970903078,0.0,0.0,0.0,False,id_k6x7ae632gsi.wav,698668261b4012273571a1a802eef12431ba828546ec0bdccdc66d5ede988d80,16000,74240
382,2288.1595715771223,19.929397573249364,0.7015706806282722,0.27,0.68,False,id_4alah5ssbd6n.wav,8e4bde6dd02ed193312192a8b069f77716123e40592753528a14c1151bfe0a9d,16000,61440
494,2651.7381841916445,27.48232183984404,0.4979757085020243,0.29,2.15,False,id_gs6aa2rrhetv.wav,9597eff4f7ecafe25c58284b7889ce92dc3c678c9fee01ac5669449e40fb11a1,16000,79360
342,5606.676947399413,46.88018844383776,0.6929824561403509,0.49,0.24,False,id_nzul5mwfv6vm.wav,0a94e0f0c966f8ac4e816083f1e367fedbd259ce10e687ed4a95be6d89a0abcb,16000,55040
430,1260.0248549135847,1.8231154331184327,0.827906976744186,0.55,1.95,False,id_v18ec9lsogn0.wav,8ea3c38773b5fd86f70898a5ba5d0b46a055dc2e553ba1cac62208ca9600e1a5,16000,69120
710,7037.0236517294725,53.3582080297436,0.6422535211267606,0.14,0.08,False,id_ogtly0k32akk.wav,c90d5e629a9d404746bc7e53523a1ee7f0bd68de701a22d5114a76b8bc23951f,16000,113920
366,4416.177107238794,203.86380290450978,0.02459016393442623,0.09,0.0,False,id_sapxs2qc6pm5.wav,da465e6d05d917ed7747563589523ae0631db17e2c7b6bcccd5e75a1234c9707,16000,58880
318,8183.781992911346,14.8342018182777,0.8364779874213837,1.21,1.36,False,id_s1gvk3o622oj.wav,d6f0f87fa380e486c54027071a4eb3855f2554b9e34a2802d281fe26e497c4bd,16000,51200
534,7227.022520028563,29.606636698917633,0.7771535580524345,1.61,0.99,False,id_oe52lu0l5wpw.wav,461deb5a77f48aae19209a09bb9c7b6359370a4589b7eda68317c1718add5420,16000,85760
470,1713.5964825477438,1.2941818694535212,0.7936170212765957,1.09,2.31,False,id_cr1sanzd3hfy.wav,640220a64543f3eb861ac5e7a932856571def361d54959a2632b9ae9c8b26d6d,16000,75520
590,9000.734026039208,31.05961994887823,0.8033898305084746,0.0,1.08,False,id_yd5ohcfe3mam.wav,6469a7b58ebe286ab7407d16215012ce5ae5450555820ce54ef0044a8d5317d0,16000,94720
670,3833.573401866723,11.400254376746746,0.7955223880597015,0.44,0.8300000000000001,False,id_38arfosebzdx.wav,f9f8d7e6d152c4e09d890e600dc193545a9d9cc4b5739938632c9922930a24c5,16000,107520
350,2433.588307931315,8.309574215716069,0.7457142857142857,0.93,1.19,False,id_d1bqyytmfp3n.wav,35b6cdba2036fe1a5fb90a19f41745389c9fd97eef2e4ba51a87b17fab96f516,16000,56320
366,2879.8800578322703,41.74318166858511,0.31693989071038253,0.03,0.03,False,id_1bx8drgzvmoi.wav,0845f8a1c92c5e410f36bc38da0adf885e9334d1a9c772e0307d1ad76a7f803c,16000,58880
408,3403.0922475007933,24.82946007371462,0.6397058823529411,0.61,0.0,False,id_dsz0cj011114.wav,170535943b8a18920e2cb95e9bdf53977363026674c831c0402460ead14435d1,16000,65536
374,7020.639961926548,100.71368599765779,0.2887700534759358,0.18,0.0,False,id_u9yd2fuutjxq.wav,5c89e5f9cb88032e997589ee1c866612ac2cdef374d0c53d5042dba67d2563e7,16000,60160
486,4389.606017058934,14.819482765921697,0.7962962962962963,0.76,0.8200000000000001,False,id_2t4igu7tslf4.wav,2a012a8c2e1079e9aae20fb58c89a6cec66715e865fe73155c2065fd0ae5d2ca,16000,78080
350,2727.025536642442,29.219825228485362,0.49142857142857144,0.26,0.42,False,id_f05ho6hsqxlr.wav,1f5d1b15a3623bab5bf71046dc41fa27a788eb6b9455dbfc801968b384ce80a8,16000,56320
358,8396.478119426025,23.608617699003474,0.8603351955307262,1.33,1.41,False,id_rqd86np3u6um.wav,d4b7590470a4432f264612d752ecb130526a5cf8a596f70bd022531be8346618,16000,57600
462,8936.249341726092,158.11975815934744,0.12987012987012986,0.18,0.0,False,id_llrikfkftk1s.wav,0fff6806179700c02284e86620950ed414b70a389bb3f6738cee54260b9bbf2c,16000,74240
408,2779.383665041586,16.85291200636182,0.6862745098039216,1.29,0.03,False,id_jlk9yk0xz8n5.wav,3bdb78832ad72f06018202c5458d13d3bba4b7def33ddcd8f3d6da25d8703c68,16000,65536
502,8532.367892179755,17.728414620924475,0.848605577689243,0.5,1.1,False,id_p3drpi921xc4.wav,edc4f5047a5c8363252e7eefe5c20391dfcfdc6b3a154a68d8b87fafcc3c5c2d,16000,80640
478,6183.164846985725,44.738079799345414,0.6276150627615062,0.0,0.59,False,id_kggq783rb2ip.wav,e72bf73dbcd941a53c8b8c9a86d1d3f5e401c5eaa8dfe75c5ed02473f2d2576e,16000,76800
430,9494.773646327752,11.800158588058473,0.8976744186046511,1.71,2.15,False,id_4ky1ipdbnp3y.wav,fb85922e300a83ee3aacd8eaea458096f340d98d023bd11b2a2894f7e227720e,16000,69120
326,3160.4940582921527,273.01088682318925,0.0950920245398773,0.26,0.0,False,id_al7cg69ix5hs.wav,dc2482a570ee6023bc2902decce3c878bf7277501978e523dfbf3cf1f4c54eba,16000,52480
502,9241.130851524613,3.7468319617480925,0.8685258964143426,2.41,1.95,False,id_ls3ghmvdjn18.wav,aa4eda5bff352516c5d670f403217e33b9ca1906a3dcba058db1ae12ed3b70b8,16000,80640
598,3942.8334928703243,8.286206056292471,0.8595317725752508,1.73,2.7,False,id_vcr1v5ff5ytr.wav,021af589a31481520824910236bde680ed0609427efbb8f785ce446b06f44d17,16000,96000
406,9736.610635637024,47.02855817219863,0.7758620689655172,1.0,1.76,False,id_ut2o4wdgm7ag.wav,be18cb6944a5d532279eef30eca6d4a4abf497139dcaada7ddc349b91dec914b,16000,65280
438,6094.182437374188,56.89801215105001,0.5319634703196348,0.37,0.09,False,id_jjpei2u6l2nx.wav,df0291707c7ca47287d7c9ff796309d89bfd9dade2f67a797d15c07cc8312dcb,16000,70400
486,3740.2109235309176,10.298598922716565,0.8786008230452675,1.73,2.2600000000000002,False,id_ogfqucldczdi.wav,2ae9882348d330727cd709152025efa6c5e112123b97f29e809ba8e10ebcb72d,16000,78080
382,9120.617876410568,11.50544507920062,0.8455497382198953,1.8,1.43,False,id_4zbyi2wmmdql.wav,4313b6308eb0b83fe2d584145d8f0aea83f2f4b0899be8742b01f074a449e7db,16000,61440
518,2239.8507472597366,26.628147564555196,0.29922779922779924,0.04,0.0,False,id_3lf0rl2vuvo2.wav,fc39d48471e9f5715fe45c45bda553af8cb09d82afdefc3bce5c791ca54d17c6,16000,83200
574,7520.504751843456,137.6712837120153,0.0627177700348432,0.11,0.0,False,id_wtg9k9a3o3ni.wav,c186c788d6427bba8a1b324cc02ea7d06d2b1cddf10cef9de2bc56f9eb75b051,16000,92160
390,6132.311185434086,43.88281526903252,0.7589743589743589,0.39,0.21,False,id_tev1xagtrqgm.wav,1d18f25e85549249915695d91903f0cc74decaf5d418b6bc4e9e9b7e20d0f244,16000,62720
414,4878.280356334597,7.288860782070037,0.8260869565217391,0.46,1.26,False,id_8ip0h60imnkt.wav,54c74d325197eaab187ada7b2dd4cd23f645e4b4a328b80fe70e8b5427222aa9,16000,66560
494,6809.980823577993,99.40720485755287,0.22064777327935223,0.13,0.01,False,id_4lvnuy8t8tfs.wav,3463be2bf11cfb2f088928ebbaf72f72008f4f1341bb12c0a4b17cfbabe6c1a1,16000,79360
414,5811.669218477597,549.6189941679166,0.0,0.0,0.0,False,id_saampoboz3gc.wav,dcefb4812873408527ac6d6cff12116708f35b0a20eaa7836a8b49299c624a27,16000,66560
350,5839.7382822349155,35.189735592879785,0.8228571428571428,0.8,0.73,False,id_wq174c4kxbox.wav,8da3b23aa4dbada08b4ef62a506290673ecb8ac5bdc427fc4133f1e6b9ae9f6c,16000,56320
406,4272.099000491445,38.65240548780552,0.5221674876847291,0.11,0.42,False,id_nmwysb9aih92.wav,d799114759618fdabdf4ac02aa78c2f011b09361c959f91703961098dd2334ce,16000,65280
470,2786.894279480296,96.07284006348618,0.023404255319148935,0.0,0.0,False,id_quh4ibm7i84o.wav,c09e9d455cd6d39b9c25740eb509921c6029e640246f06c310fb479c88461182,16000,75520
382,3151.6892506241793,24.24450044979224,0.599476439790576,0.02,0.36,False,id_aq52afthtxkf.wav,bd7ba127c52ea02bda44c91948e16b8fd82d72bfa568ced0800e478f9f83a6f1,16000,61440
942,2900.775421331338,75.60551819271431,0.0021231422505307855,0.0,0.0,False,id_uf3mwcvuin01.wav,411c3106ad625f8d74cbc7035cb0849060a8d97b24e8128d7863201e6d528f41,16000,151040
694,3089.3183394561333,58.365458429547644,0.1282420749279539,0.1,0.0,False,id_tmpjxehuvwg8.wav,cab3c59b07211438303e49a6612c9fb950dbb99a190f9c8b976b934d5209a5b2,16000,111360
486,5126.1160099533445,27.557198861254253,0.8353909465020576,0.62,0.42,False,id_x7opmzd1zkyq.wav,d7b750ec69a4ddb028c89cecc3fc3f98a26340e20c1cf531a84fc90a75ee5ee6,16000,78080
350,3489.2934496112534,6.20991023074955,0.78,1.24,0.08,False,id_gp1uov4vusjg.wav,f1bdca42835c667fd71bcb00a1f03934bc8b6168c04a1926674079676746a0c4,16000,56320
382,7139.063988717288,141.3751102614438,0.041884816753926704,0.14,0.0,False,id_vwco2nbwlun5.wav,1b2a0f5d7f3594a62059af1dc2a627dbe587708d4b370de579d8767f040d83bf,16000,61440
326,2527.26132008544,82.84369289482369,0.10736196319018405,0.35000000000000003,0.0,False,id_kplvg13li7pf.wav,2381c11893999712ffb50070668d7fe8e828a7c9901d6e0d0bab0748c33f9a5d,16000,52480
446,2766.5847637475345,149.31302646818312,0.04708520179372197,0.0,0.0,False,id_ymnaarms2nvd.wav,269522630891138bd7cb3877cddbe7cee4858d56067e54d9dd1635ceb3afbdf2,16000,71680
542,5086.086528215972,63.71003393918697,0.35608856088560886,0.49,0.0,False,id_n8i2i9rknf3j.wav,a4248aa2d1c55ed129f1fa17f12466903d72ef2cf50307b9ca56eb1eb1f6505a,16000,87040
369,3556.8696967980145,28.66051290538953,0.6531165311653117,0.24,0.08,False,id_zn4r49yv5zvh.wav,4f60eca228d1482aac0bffe3bc4434c10ea6d59efab8299f82928c2d94aa2736,16000,59392
350,9468.460223816754,10.211569794272883,0.8685714285714285,1.5,1.54,False,id_nskmomr8ydih.wav,9a99cd3efeb4eadd0fbd527912c1e0c98a550f88c72ee45fc8125949f38ecc4f,16000,56320
472,4244.355117093762,22.164825249103338,0.6567796610169492,2.02,0.0,False,id_uoo4l0vi6x3p.wav,c82807c95daeeef7da821fc1d38c63322b6ac15a134e38e7bfc1011ff036c396,16000,75776
430,3901.6673105865907,39.092384610871086,0.5,1.6300000000000001,0.0,False,id_1p06nl07alsj.wav,f2a33883f8e739d82d71acbafde566d6fde02de9b2b2e0e706ed9021edcb191d,16000,69120
366,7229.611422822115,53.26167694770001,0.7021857923497268,0.21,0.18,False,id_2m4vb3toz6oy.wav,f8ffe0dec0b53b384ead6d5b8ef0791d5870cb9a0d6916238bb6943d548fb978,16000,58880
542,4061.98984027533,9.270850401654332,0.8450184501845018,2.5500000000000003,1.6300000000000001,False,id_xvtry8oihn1l.wav,51c2b3e8a103abb5f76d065e135945df55432560f60b5301b04f06eb3a99ee17,16000,87040
390,2272.266253105036,13.216707123093947,0.8179487179487179,0.27,1.61,False,id_5dodej20jg5h.wav,48703f7a64ae27463c7936f92fb4f5ac2627eab792924c3636a12a8922b44cc1,16000,62720
510,4127.831997550288,29.99831460700711,0.7627450980392156,1.6600000000000001,0.19,False,id_1i067ck161fg.wav,d715dfbd9159ff4fe85ca05ccaba7edc392bc1afd1ed0dcb2e79cd630aa90312,16000,81920
433,3191.7275917596726,30.315383883434496,0.5150115473441108,0.1,0.0,False,id_qs76a6w6dy4x.wav,8b30bf048571d3f756ef8212cd4fa7d31e090ecb0c91dd820c85c721c556cfe9,16000,69632
374,2802.7257067897317,1.1884859670204118,0.8983957219251337,1.68,1.68,False,id_u312weuxd9df.wav,f4ae3705f6588bd8cda9060cf67daee38f82c73dbddf81b550a25881b24720c1,16000,60160
438,764.5318060748028,42.42789201946279,0.00228310502283105,0.01,0.0,False,id_sgdthy18r5j9.wav,b343124b57568510608f22c382897afac5c735d87268bb1d149c9aaacd91d0da,16000,70400
246,1632.7144644731975,316.4523800765227,0.032520325203252036,0.08,0.0,False,id_mk7gl5456k76.wav,481755713484eb9649d2dfdc45ee9ff673d7053ddf182c4a795ef856d007b814,16000,39680
510,4197.310560049137,16.3826828875003,0.8058823529411765,0.0,0.0,False,id_91kg5l7p9hnf.wav,1e11d836f572aa5979deabdaa7da669a3c52eab345c59818883ac0e63db5226b,16000,81920
374,10132.48441437242,30.048811564289142,0.7513368983957219,1.25,0.04,False,id_x0x5dr3tydnl.wav,e1f74360da9af5c122493352a085134ad6d3b392f1d3245dd4ab2466b615c20f,16000,60160
518,872.8542375448492,31.954359781508288,0.0019305019305019305,0.01,0.0,False,id_2f2gdmzajibc.wav,9572dfe799fcd9d8e5867929c328ce09cabaceafadb9fe3afbc4369ee1165c39,16000,83200
422,7292.557144616695,17.069047214561976,0.8246445497630331,1.79,1.47,False,id_67xgoony3xgk.wav,dcc4df392bf869701036401486699b4c4f5d9653ccaa1605deea734f66f9ea34,16000,67840
398,1896.8946320236134,14.548793591424397,0.7035175879396985,0.7000000000000001,0.01,False,id_pk2jhicvhx6l.wav,4330b1f8d8bb50dce31c9977b0d36720eb16112271e683d5a837fd0e0b72056f,16000,64000
566,5550.970795275363,111.7482263050118,0.02120141342756184,0.08,0.0,False,id_mk29z4c8atn3.wav,0958666d1e3107372aa9a71ca325bb8cab7fa806e3362c773da0344cc2dca9be,16000,90880
382,4203.174682605994,6.560284827946129,0.8115183246073299,0.19,1.51,False,id_3qdd657p8dwb.wav,2484e182ae604b105066e537e6604e05d996087b5a96aff793160e95eabd4879,16000,61440
270,1069.4548447690534,133.98473488867913,0.02962962962962963,0.08,0.0,False,id_lciadgf78ykn.wav,deebb445cfef8cb701e0428fe0b129d16183936bf62fa3f692a5b79039a6356b,16000,43520
510,3480.8447347590786,11.066589322140993,0.7627450980392156,0.33,1.17,False,id_y7n01eh70mw8.wav,2261497883375a2ece9c45f76896a1f1b9fac77278815e0be193e9dc0e999b98,16000,81920
433,4929.633996048794,15.366928775783403,0.836027713625866,1.8800000000000001,1.55,False,id_1n1vibnicioc.wav,48840007f27ee379459868454df950565a320d66342806151bad08b176e4d86a,16000,69632
606,7816.896786769031,34.02170244369505,0.8415841584158416,0.8200000000000001,1.04,False,id_jq4oiu270xk1.wav,fc7800acec1980ded6f0f104e2b8f0125fa83ac621fcd02143a63d37711d3495,16000,97280
358,4895.62606747084,229.4759062215005,0.027932960893854747,0.1,0.0,False,id_lljp6mbk2sn2.wav,bb86df7ae8c9c265c5628e983f06c390af8f7220e124cd9d2e8551f99b2055f6,16000,57600
318,985.1149869431487,5.093865169383001,0.7138364779874213,0.47000000000000003,1.04,False,id_q3gojxxiyc23.wav,716235990c122a79d0828b072d2732ddae45b86b302053effdb60f6ff8c35c08,16000,51200
614,6318.898568381993,20.256293964207963,0.9348534201954397,1.53,4.21,False,id_i067jc4v2fxz.wav,4365b47d217d8e6d51d45cf4834611e3874432d6c2744f9fbdb5bfbcd32f283f,16000,98560
542,4614.708140554503,13.9325155711215,0.8726937269372693,2.35,0.97,False,id_wrm3b40ymbne.wav,f51e1291b5cac83207e7c4fb28d52543379ddc4dca52be990425cba6f0f242d1,16000,87040
374,4530.803574146644,11.467562936516114,0.7887700534759359,1.34,0.12,False,id_ir88wlifscq9.wav,22f67a6a8b2f86f03cfdf183d6d523b933d1c04f31f1e57f51631d4edf179ee6,16000,60160
318,3937.5923922493553,43.796117142192685,0.31446540880503143,0.42,0.0,False,id_fyn1gia7pu9g.wav,b5434ad34b127e4bd7714cc9753c5d7d1d33795e0c08dfc174cb51b15e18ce69,16000,51200
678,1932.0132860568015,23.93947913328504,0.2743362831858407,0.34,0.0,False,id_5yvcgc9i5oso.wav,39d3f438bd9fcedcd8f6512f12eaeae0d0cbfa800ed6434b8e0a6f27c8a013ca,16000,108800
758,2007.7678862358566,13.574697914663675,0.7612137203166227,2.14,0.05,False,id_d54a90jvy2of.wav,c03b650b11f1804d30d81d837b480f4ceb48205154ab76c842e39e7a1757fbe9,16000,121600
414,11217.29376832933,111.381121834469,0.5024154589371981,0.26,1.17,False,id_gvx1euued15b.wav,5419925c4311cd78988ec71c9664191a44be3a88e4648c24ec81fc225b5465af,16000,66560
438,3904.7758325542836,16.892369317095493,0.7511415525114156,0.0,0.12,False,id_iwh7url63l7t.wav,bce9f50ed52d76c469927cacb782cceda38969217cb6cf2c87270f90ad46d84d,16000,70400
702,8267.596405243787,234.98584638147497,0.01566951566951567,0.11,0.0,False,id_wozp7sg0662c.wav,a2c83e0ed774422c9eb5ff1f5c20ab4607285b8c7dac8bfe403ce1387ad2bfc4,16000,112640
254,1241.0250370157728,359.5100524990484,0.031496062992125984,0.08,0.0,False,id_v15kmy54n2d2.wav,924a86821803ebe8b34edb2f4698e76097cf6ad9ecba3f807e3ec689a55e114d,16000,40960
390,10198.061527810076,4.191204142097597,0.7564102564102564,0.26,1.37,False,id_4jsf9oobwkew.wav,1d737691ad22f85061616c0dd98f4d4857ee74705804b5943170f46311e1c47f,16000,62720
798,5487.641947822398,28.448898587639434,0.8220551378446115,0.91,3.08,False,id_gauk1cjctnd3.wav,3b351ad541168afad5c7034f7b795f64acf2558fc53b9083cff38a16ca3f128e,16000,128000
438,9811.382181935427,29.206952542229264,0.7328767123287672,0.19,0.92,False,id_1u8nswfbpcgc.wav,5cfa376e76e3d9a0d7f8efb8b988f6807b62fbad3e86b42e3d50e9bd93f43f25,16000,70400
574,7267.65667409379,108.62827606209713,0.15853658536585366,0.15,0.0,False,id_tyn1zy9apmut.wav,44ac67a75538c877ae5c0658a0b0c0ecbf9180e13c88159052cb7cd98b03c2f7,16000,92160
446,5956.542445706234,32.2861180194231,0.8385650224215246,1.7,1.52,False,id_pqfotax90ao0.wav,0470429ea19ea6a85865c03382f3f7546db9409486418bd7d25a0fef6776ab6c,16000,71680
326,4369.140822862088,26.34246040171336,0.7944785276073619,1.42,0.41000000000000003,False,id_0zn3oack6hyy.wav,a60c771cc53fc5649fdab9657677ca8ad9c8d532d31722e612136c9ee32a4e8c,16000,52480
454,3393.7973466310564,38.99195429669622,0.31277533039647576,0.18,0.01,False,id_o3kdutdq4o8d.wav,25c14ea1125ac780814a4cfcc7d6b09f0397727257840a51029e0670e539a92f,16000,72960
420,5984.164461727301,71.17074417253897,0.3357142857142857,0.44,0.0,False,id_fxl4og7ptjod.wav,0ffe020838a6e300bcf63497e1a82841e375865b733a4e8a71e13024103f5734,16000,67584
302,1965.2100994550176,158.17896475324812,0.0728476821192053,0.22,0.0,False,id_uavbgcprucnb.wav,ddb38341e68270827b24f74277afe29fc4e6a86d2c67057bb66670a9a76709c3,16000,48640
366,2296.6947707520912,0.9253375296589765,0.8715846994535519,1.42,1.73,False,id_orbg7n1flnkt.wav,d1e8d2083e4628488207074c07a4fe3c0e92ac72f5a42e0b44401ae6e3fd36a4,16000,58880
270,2622.2987639664557,240.51397586333758,0.03333333333333333,0.09,0.0,False,id_r1gi5ay1vqxf.wav,17668f2570fcf1f6213d0cac964d73e9dbb6333cc91859e4f4afe2fb7d98c3cc,16000,43520
398,6487.948472938114,34.24876140586436,0.7713567839195979,0.19,0.02,False,id_0m4t6a955rgs.wav,326757a61f027ee0e1e12589a0a26d7dda6efd47597055e64a439cb786ebd03b,16000,64000
470,4007.6410290219355,14.81749137228005,0.7106382978723405,1.79,0.71,False,id_xetl9327j5mz.wav,6c3b0bd4da5c1e52ecef14f7ae3a465e2c0cfe3cd5ee6e96afb808992a2d3b4e,16000,75520
406,4686.830406575429,99.47127211890421,0.2019704433497537,0.52,0.0,False,id_uhimycs5wal5.wav,2415d541df57cdb63a241e6efe664599671628d919929401983de8f5c10794f4,16000,65280
526,1981.9448661605095,14.290311668216429,0.6178707224334601,0.99,0.79,False,id_r4aanqsjvykk.wav,a022a846175fd05057866a83e1ff57176eae83e126230e76c9d7076089ebaec4,16000,84480
294,888.0064583098481,63.84601345725985,0.047619047619047616,0.0,0.0,False,id_z5k49ldh7prl.wav,42358934b0a61b90a9de17103213463a83a9091bacd6a928ce456460e8287516,16000,47360
534,6783.652885614062,40.942195890781875,0.6741573033707865,0.0,0.15,False,id_l94ipa927mqm.wav,9f61f95bd7db7b8c5fa9296e4169ada2abeaeb28d5640ff247ce961dcb2c4ed5,16000,85760
806,3500.938020016921,48.7930603706356,0.23325062034739455,0.27,0.02,False,id_mx5zxx8px3vo.wav,481c29700fe939038af9d4cc8f8afd72e4cd9ac8e47f27e2a0f0cffc006aa6fe,16000,129280
382,4440.941052862558,20.16527040689353,0.7853403141361257,1.8800000000000001,1.07,False,id_37zj1oo556h6.wav,1000e42023cda7633633560b50e880b8329e465e8296708c6b0065153f793db8,16000,61440
502,4352.758279240877,28.14065060366245,0.8306772908366534,0.86,1.99,False,id_cl5uflpzrbdh.wav,238885753f87fc8cc6be6a94464fffbec7366bd8e55fd809717c71732788d9df,16000,80640
366,5227.058609533664,3.118883734405685,0.8278688524590164,0.0,1.29,False,id_5rt2ny1fbe4l.wav,7146d921d5f0236eb5aee6a4d48cfbbef4e396923d5b08378c1a9fd9a9bd3816,16000,58880
478,7137.896728203624,74.09181591562839,0.4790794979079498,0.27,0.91,False,id_qclg3tx84l03.wav,4bbef0605c225b5ebef802ecb94b118a0b5b7da8b88ff627673dce8e6aab1056,16000,76800
454,5145.799972064597,24.45452287894212,0.8590308370044053,0.29,1.1300000000000001,False,id_a6a2x6v433u8.wav,9dfd08088a6ade521932009e9e33fd311e03f2b442560a81d17f652f0c26885d,16000,72960
342,2015.2313223300198,193.25333744282116,0.06432748538011696,0.22,0.0,False,id_adujui0d3klr.wav,414bdcb6ae482d7788b98011c3b4d1c20b9c86436e4c4a95b0929aa8d31592f3,16000,55040
446,2028.1179459045275,20.264994075965447,0.5022421524663677,0.1,0.5700000000000001,False,id_ij4ykjf2lu6z.wav,a652b818aa31e9b02c7a32b4f2307d0ec9a72910b5998d4779790530af256c19,16000,71680
270,1394.8463105303035,145.25003432515967,0.02962962962962963,0.08,0.0,False,id_506h959df0ro.wav,72e6c62d2b9893f6f3e62dab1be1c7cc7228cb5acf57a76b580f0e2d1400d6c8,16000,43520
478,10190.29736624501,117.87716473366274,0.38284518828451886,0.0,0.01,False,id_aixllwkqtf7b.wav,b60573ba879a746496e7d8b9fd881a17e3cb7e515222cce2d580328379dd09c6,16000,76800
718,9374.37665514353,22.083363418295875,0.9415041782729805,0.5,4.71,False,id_depc4pxekzhp.wav,27ea5422c6da1760bb20f8cee56c1e2d1ad827f4bb1706553b5575e5afab9129,16000,115200
510,4027.901151654544,51.33854483344706,0.44509803921568625,2.18,0.0,False,id_h2rwzq6wgp00.wav,2f794bdb2d0b668975ea88b6e80ae6556b0698cd2409ed002dfde6ba7db0cc9e,16000,81920
470,893.4048130606864,29.526259332762343,0.10851063829787234,0.09,0.0,False,id_3lju1pofwqti.wav,9c1963c368ae6f8494781c2a04b299f2552e5465398575a28a9b5d332aac41cd,16000,75520
382,2928.3720101790345,28.53528902780899,0.5078534031413613,0.15,0.0,False,id_xhqg0yh19lp6.wav,944894e20efde851fa11c68131ac9748cad0ff1ee1af671477edd4723271e9ac,16000,61440
518,6360.870705335867,72.81407499877176,0.4420849420849421,0.06,0.0,False,id_d2nufj5apxjg.wav,308d8960d119a6ef3f0df73cbeb451e5b61bc60013e072de23dc552a1282d2bd,16000,83200
350,15800.923662874902,245.9618774270894,0.08571428571428572,0.3,0.0,False,id_mq47qi9b5ysm.wav,f41fba49ed7bace4d0e2e43626b167dbc625d1951ac26b741023a51f4c3a9738,16000,56320
262,969.9579655840762,108.63086008932476,0.04961832061068702,0.13,0.0,False,id_21kh3svcm4pe.wav,50269ff41b8bc70241ec9e96352a25b34de2e7dcc6fbd1e750b88205d6e6873e,16000,42240
470,14997.923826483451,26.884296959499558,0.9319148936170213,2.08,2.3000000000000003,False,id_qddavgioqjpx.wav,8f145b2584824ab3731026e7c9d6eef35d3209598a6984f086c1bf914d70afa9,16000,75520
438,7834.5821294118805,306.92416127998035,0.0,0.0,0.0,False,id_suxomp6mhxk8.wav,1dc0f2072a776eee7c85cbb3f176c712b8c446d146f64b3eb0921d14be6365a7,16000,70400
502,5609.215734173539,5.9051508352512965,0.9143426294820717,1.6600000000000001,2.93,False,id_9c9eelh4037f.wav,c24be97521e1959a6586f4cfa41d29bb0bbdb654536bf29f82901a0a02d8bfde,16000,80640
494,5444.689875695401,21.518273962973673,0.7935222672064778,0.0,1.46,False,id_dxzj5ksmdwho.wav,78850464442fb55a38d6d3d0e45e7a36fe3ed787c61087ba8703e7378cbf57e8,16000,79360
414,12114.989455009856,9.94164214670996,0.8164251207729468,1.7,1.6300000000000001,False,id_sjw0vrmfxijv.wav,40d596e1654bace94d422dd99d53ea77121131531f3d1cf97d734579ad617eaf,16000,66560
454,4726.182123553852,20.981536610182836,0.7444933920704846,0.84,1.48,False,id_6bhvp8yjes2q.wav,65cb4086e847645c1bd6147e623d8b32a5adae595a98253b58a3901161316467,16000,72960
758,10205.03033079765,24.98550488961171,0.7467018469656992,1.34,2.5100000000000002,False,id_19uj3f5rbnmj.wav,8a5ebca07aa0f737a0d4bce16e91c10d79ff73b3fbe221be65f0be4afa14f0e7,16000,121600
462,3732.663516846918,125.09550614718916,0.015151515151515152,0.07,0.0,False,id_p8z4fj1xzuz9.wav,149236ddd1a6585ed2280ae60f3742b8789ed48a413d6f03095c907ba9bb5af3,16000,74240
342,7854.81434678758,235.34153362962118,0.05555555555555555,0.04,0.0,False,id_5sjgq2ox8chd.wav,93cf5ab4354072bb987b4e8c4b999f5dbf594df34fc4a27a12ccc1df934b28ce,16000,55040
398,7108.183902024482,39.349788530965924,0.7286432160804021,1.26,0.17,False,id_qrmjc2q53ifa.wav,39e98d60bfae49d00e41bd767ad3fe3d931847fe63b79f5fcc07607bb81b333c,16000,64000
398,1695.2332472258795,19.7999540082808,0.41708542713567837,0.28,0.0,False,id_gd93ufw6b2bk.wav,09557ebf080597a3d3a69b0f28290250144ddf7ad2129d6055aeb00f3bc40c6b,16000,64000
710,4277.331694234152,15.898667118165951,0.8816901408450705,0.36,0.14,False,id_v0kjwee7y5iq.wav,9399b0bd0758e8594d7fdb0755aedd4e173a047475989f2991fd1646e4218541,16000,113920
350,3421.727121644857,23.86132276440457,0.7057142857142857,0.12,1.32,False,id_hdewz5eb9i8s.wav,df8ad1bfb9ef3bc9461ff2383bd5d59179bfe620418a6dc95430e7adf519a0a9,16000,56320
462,5242.589332810649,30.36050057914687,0.6385281385281385,0.47000000000000003,0.74,False,id_861q3fyp9a6r.wav,83b1fc39cdac25d7435f84530e9ec3774d9b3b29e0c868bb6edaa150b9227b03,16000,74240
438,7990.041101583896,92.28086873027769,0.4657534246575342,0.34,0.06,False,id_tmlv501e4lwv.wav,a986e977594c2bd048978c6ae6952fea727b869bff97def445863bebd7dade6c,16000,70400
430,3339.8067129700785,26.443501465573696,0.6651162790697674,0.76,0.0,False,id_qyaegx8ippy1.wav,cae92712420a486ae7ccbe876ca7b8d4478740e4cba3eda2440bce6814be1e35,16000,69120
438,6569.526552766189,50.541825051270465,0.58675799086758,0.26,0.04,False,id_rd4kz34yhlmd.wav,69444be5b926ce7bbd323c9b0e737897e806ec2f6518cbd280e6b8cb1f56c3ee,16000,70400
534,2102.5665631556117,15.919905075333826,0.651685393258427,0.36,0.0,False,id_rlb6qeqtobq3.wav,62d1be5f7f01abd758dbd3d7aad90f4d091cb3f6447a56d60d6de61f20e6b0fc,16000,85760
518,4731.096420757032,114.88088773986019,0.013513513513513514,0.06,0.0,False,id_8yew1mu95say.wav,13b008b5ab802a3185e174d46a7cbc5faa4225b14cc2f3c38ef86d65ad4738e1,16000,83200
478,3607.0202054465954,22.513431442152154,0.6464435146443515,0.45,0.2,False,id_gqy5dodpb0st.wav,3ec3b2547b9f98f44f80bd3d31c99bb0c29269ff13eac95d0966b62e4a10903e,16000,76800
750,4009.0467267793224,49.337184878521015,0.36133333333333334,0.08,0.0,False,id_wjnh92p5i5a4.wav,cc64f2812950ac12b0af3c749401989b92b656613caf3cfaddf4d7b891fa3b6e,16000,120320
438,3674.5605917578773,1.3919408010213838,0.7442922374429224,1.83,1.4000000000000001,False,id_ntbhqknas0ad.wav,cfa9c2288e07e5e7d51058a0b8b7e8747d47f66a9e7a4d56c4e613a8a47bc77e,16000,70400
369,6310.942927962508,23.03535326405914,0.7750677506775068,1.31,0.54,False,id_vlqaszm3cf3j.wav,b24a397896936619322451252e59c53f8079a9de005636b6267d8aea57e78aa9,16000,59392
374,7975.946514991183,132.55742764363637,0.27807486631016043,0.0,0.04,False,id_78yaxftj59df.wav,a31cc07f9bb4d3b0fc717e8b622a4df100328085fe1031bd48e9dbd86d83a37b,16000,60160
382,2375.1458481533296,22.340170716908453,0.5287958115183246,0.34,0.34,False,id_ue1lgt7wsjgh.wav,c88e450d986abed5346744fefc99e956ddb31ca0de7691123540a89e623df3bf,16000,61440
318,2459.6767282510928,44.67254036882049,0.2169811320754717,0.14,0.27,False,id_i5kvd5jsyho3.wav,8d71d225bcab22c597791fc17e4ded233ef67151785b3441231f0ba4aac92a28,16000,51200
286,870.4249594307369,189.8129245957512,0.027972027972027972,0.08,0.0,False,id_yy6y0jt40mff.wav,d048be3c17616e4fecbfa468e40177e47c948e56cf8232f0e1c499dca54fb79e,16000,46080
1262,4717.877728385932,1.6598190964226336,0.9183835182250396,7.01,3.12,False,id_xzx56mpd91y7.wav,4fe58ea372e97190832cb85b8868d65469bcba441864829fe237f7d663dba370,16000,202240
782,8172.966741948728,8.509176055374898,0.809462915601023,2.39,2.94,False,id_7myk9df4dby7.wav,b6ddc9078d83013457fc170cd9fbd4fcbb7188fbd0c2e452ebdd50a04ae4c3c7,16000,125440
550,7480.814652328982,56.305791110662135,0.6018181818181818,0.25,0.0,False,id_6wjuiq6qytv0.wav,d6cb7bbc82ba3f328cb7cee7b6af8ab0684625f72baa3c3f641a1e02544e6575,16000,88320
414,4943.368082087353,26.549596565146917,0.572463768115942,1.61,0.0,False,id_yq99hdxupmek.wav,058c52c80fc37c952ebc4886516036a001f6cf4d60119ca3a6b7c5b19242ec0d,16000,66560
494,7036.527949741975,17.25864231151627,0.8623481781376519,1.5,2.05,False,id_oj93e49jcb9y.wav,33495e67bbf36562c452cdfffdd14bed7351ca13d9f13b078ce910244fccab95,16000,79360
582,2058.560092030349,3.382266017690376,0.7697594501718213,0.37,0.06,False,id_17wi2lvd3op2.wav,4d5f7694c5cbf213eea891d050ce199fa285975f0bd0f5e9088c3037193e161c,16000,93440
484,7043.772510700498,287.75771478101154,0.006198347107438017,0.03,0.0,False,id_6gpltzvgxm3h.wav,8511d3d614326314cbecfa8bcc7f4a5543f870fdfa0d8c6b5e87b09e27b3fb2c,16000,77824
342,7294.439651714174,139.78492713166384,0.29239766081871343,0.0,0.0,False,id_ftqms3vt7g93.wav,162df4690abff896be2ab03c928c452caa493e3d5fbf409916d72db6b4bffa31,16000,55040
398,3596.7102910159447,8.332422867370497,0.7512562814070352,0.0,0.87,False,id_c4vzosdjy3g0.wav,ac616a519b33f5c0312067cc36204c725e028877303323fc231f8d20740639fe,16000,64000
846,1777.5779891470304,9.76360815861283,0.7328605200945626,0.0,0.0,False,id_nz0f4r22knyc.wav,7acc237fb5948f3ee0a1af1b9c0ff02e1da82a5a516a797e2de1b18ca081d004,16000,135680
422,5089.932867926649,14.379204260395191,0.8127962085308057,1.34,1.85,False,id_gbjoonl44e13.wav,f833d2f8761ed9b3ee6e72faba1a817339cec3bb1c0f8c197d36c78ce554524d,16000,67840
358,8407.451060963722,15.13840169295796,0.8156424581005587,1.58,1.34,False,id_stuxqpizcpab.wav,786610b5b6aaed7d33c7c1553dda5be131c44a072b34338ef5e4a5d0d802ec96,16000,57600
390,3396.133368994804,70.73819863010732,0.04358974358974359,0.12,0.0,False,id_f5gf37vkwdjr.wav,ec9756fbbc5785ea2430a29c839cfea93fe92654cf40c2d4c372404df18642b8,16000,62720
446,11113.115610732213,281.5847755668233,0.14349775784753363,0.0,0.0,False,id_a73vfn22twdm.wav,633ccb41404ef525e79d29e6d96853afd9f0d3a1fba980e5358564ba348329a2,16000,71680
486,2508.62471436044,121.05839495083606,0.3559670781893004,0.2,0.0,False,id_bkbq9rsmuq8j.wav,9227109dd8cb507522f697dd7ea0fbdc21400d730d2a155c3b7090ab0757b572,16000,78080
462,3204.7821470421354,7.899181620097339,0.854978354978355,2.08,1.23,False,id_nmnbyj27ubt0.wav,dbfbde290e1f290a42b0edf26b8b5cb1b7589e2c665795e71f98bae20f953757,16000,74240
625,4959.153523536048,97.80437106796403,0.3664,0.2,0.98,False,id_p0w83k2cxaq7.wav,ba8e9d5819b0fa1b5f51809e2c9a5f2310481c5c550fdc452fc03bb0b2c6219a,16000,100352
614,6862.351790567137,21.246751825830206,0.8273615635179153,0.3,3.19,False,id_extihiuai0qz.wav,28eb0134f7a0948009bac45443472067492c8973760b59585504ea9124c62e9a,16000,98560
433,3456.310897836015,49.168206190586204,0.39260969976905313,0.0,0.31,False,id_j3s83zi70oht.wav,9a95a9995cdd4dcc58e4faa28dfc2ff615af7f90626b41cf267c6ac6e8e76a7f,16000,69632
318,3954.528726030448,190.44410501605364,0.03459119496855346,0.11,0.0,False,id_rzobe4929vva.wav,cb9e83bb93fc67d98a77d6b9b531c0b9816afceb416845abbbc5736756de98c6,16000,51200
606,14968.67727865425,45.72033891492802,0.8448844884488449,1.6,2.5300000000000002,False,id_3kgcbbc0iujy.wav,e6336ca4a4e3ba869a5833916bdd01d81124c9c6cc58107c8e024b9b7d8d01e0,16000,97280
342,5181.435121903969,12.452005766766623,0.8011695906432749,1.03,1.25,False,id_4ekokjn22blu.wav,3a7ed4522570529be70e862a20e5f9e456e30ed22dee6e6d9dfa60ae18afe61f,16000,55040
318,7741.735119144803,74.19686711825872,0.5188679245283019,0.05,0.0,False,id_jzqrzysokkzu.wav,16def8d69d70253e13aff0ccbe9cabd6eda5e264c477ed0902dc1ecffd4235fc,16000,51200
566,3484.6374635677666,27.191794310042745,0.7031802120141343,0.0,0.09,False,id_ov8y90pzeu2a.wav,44059fa9b74f8896f35094c6254e932c72c1dba43330ecc6c89a52fc25bae274,16000,90880
294,958.0098799073004,170.37439988509936,0.027210884353741496,0.08,0.0,False,id_5vt34u7zlel3.wav,faed90ac4df91461f4e08364c82485e24567014513a28f4d3661a63e15f5764d,16000,47360
350,2965.1481392166565,12.951524676174646,0.7342857142857143,0.31,0.3,False,id_2xejronlc160.wav,9bba842da6c5a4a2b238db3f4d9e65c51255bd7dd9b433f90fb83ab09dca4259,16000,56320
462,1839.2423222620776,19.911834690384698,0.36147186147186144,0.0,0.04,False,id_bm777l8hq9ex.wav,347c3d464f9188ddb73e7676bccc048ddd3f773015d04213e372a1251fe39096,16000,74240
382,7358.404215419264,31.363793821616486,0.6910994764397905,0.52,0.68,False,id_vjn365se6gq3.wav,9e48bcb684efbae897ed81cb9cd7e89284811aa5d4d2f59e758650aba77a6a5a,16000,61440
470,2348.00493185172,45.996825941303854,0.07659574468085106,0.0,0.0,False,id_dfkjpqbr1p7z.wav,26350d71cf7d255300e080cb214f18df91019c602e9f574f163c22e87d01e3bb,16000,75520
350,6885.528939740215,146.27279415427088,0.06,0.02,0.0,False,id_c0vmrggsjhfr.wav,1a5a153e0ebd33e6e006dd82e26b89c53198932128b9a64f78c2070a7522fb7c,16000,56320
414,4557.35361805511,318.92713217474363,0.0,0.0,0.0,False,id_gbom56gclpu3.wav,95ac077740fc826dbb44c7dfa8359b6646fc1ab9940891318e502577959753b6,16000,66560
430,5840.937636843934,39.78496652622023,0.7837209302325582,0.21,0.96,False,id_yuh8kg7eqwii.wav,efb96c5250f03770a389d767eb81897619029f5156818fe78b78ec558a5fd071,16000,69120
382,4183.0727889316,80.50439166027836,0.09424083769633508,0.18,0.0,False,id_vf4w9creqbrm.wav,28bb11d4f17e2aafb9a131936ab4efaa8c17b46d919cda36f8ebad38bfcdd0cc,16000,61440
510,6525.383233190217,105.4152086217652,0.20784313725490197,0.7000000000000001,0.0,False,id_qljl0n2wophz.wav,d2d4f6b3a0e310b97279dc87327caf8f57637041dfa987d1f0aa13903c9da740,16000,81920
494,11407.03348607779,104.85231258461451,0.5546558704453441,0.11,0.2,False,id_ugg18wx1r3h0.wav,56b452ba7ee65bab37b2be2af88aed222ece0a9dacc71cdca466367261604a32,16000,79360
526,1116.0704872453173,21.85820607789602,0.3060836501901141,0.0,0.0,False,id_c57ph39zsx0d.wav,22a14c41354484976835a789c0e9c7c4cb18ade4a66829e66fde6e287057f5be,16000,84480
398,4898.129428414484,40.52510024449791,0.6909547738693468,0.12,0.52,False,id_hdbai2wdkrdw.wav,16be45619b95b5f75db0c90d2937bdc6e28deee7bd397c0e653feb8cc7031710,16000,64000
430,2547.387810090957,264.77571134719057,0.023255813953488372,0.02,0.0,False,id_q7h4uwfsz4fm.wav,ee337a46ff86384a2cbf2e174b6516b670485e3eb1282ffb368d609311782860,16000,69120
486,4203.833433902918,114.47470590118047,0.1646090534979424,0.15,0.0,False,id_207ujftvvdly.wav,5cd2d26169726f980071cae7c2845b262562fbe905832c87bf04496ab2fad10b,16000,78080
414,12952.194275585121,144.34738190538351,0.4106280193236715,0.0,0.0,False,id_3p6rr6oqrtny.wav,b74d637fcaf1ef7a8d573cb21e04ca53c20436141d42119795838d38397114ee,16000,66560
414,1492.567314227402,14.853660482510026,0.5048309178743962,0.0,0.26,False,id_dd2je2dyt78i.wav,c9893fd96deb90ec7c31bdce34181cbf5f888d763a2b7eab5a77c1719557dd70,16000,66560
390,4135.460473453953,51.32221688756721,0.2230769230769231,0.25,0.02,False,id_7sya9ne05lmc.wav,6cff33098a93ce8bd27ec93baa9aaca2a02e697fe8efe2fe7b2e25334c82b2dd,16000,62720
646,7281.4473959508905,7.5472077223051635,0.8637770897832817,3.3200000000000003,0.45,False,id_1xzoumfn0oj6.wav,bc335366cd76f044032ee80be7a5ff2196a56aa875c4b55510f680b8d5b42e86,16000,103680
334,622.3202993635994,11.28553778680024,0.40119760479041916,0.1,0.36,False,id_jctg4jaknwq9.wav,9e518e3ef68a2d8e530ef80b8790f6bc78aed420485e8a59677e169224db9da4,16000,53760
374,4974.976379340911,5.392007614710307,0.8716577540106952,1.52,1.74,False,id_a2m86sy73aav.wav,ed625be25016657cab7fd159f6e1184c8abacec6f344f30231a8b1378946e80c,16000,60160
614,3976.6290033142395,49.970124694048394,0.4234527687296417,0.08,0.07,False,id_g99i9r72boxs.wav,d8b1bf3e531b17423b2039fb4b58bade16cb6c49e2bb0e3e9023e6fae229206d,16000,98560
350,6417.243570061838,247.34665271183843,0.014285714285714285,0.05,0.0,False,id_uqy43vftmgn6.wav,b3399f3fbe36c81693c2042a2055dd5c3d4c4885112714a08be32b82d419fdcc,16000,56320
438,2230.5541755357567,8.83391735760405,0.6666666666666666,1.37,0.43,False,id_i3iwkgjkme9x.wav,38356a202010303853e0d21940a4579e5539695a9edd9b2c668871377a6f5e8c,16000,70400
294,1566.6878901044713,122.55546615290595,0.09183673469387756,0.26,0.0,False,id_j2ea0mf7gqox.wav,b93d1d12fd4993be21ef913d99ff36a607133e0a814af4fa9a4636ba13de9de9,16000,47360
902,1674.1158136461167,120.44327813382702,0.10199556541019955,0.0,0.0,False,id_bkt10ot42e5k.wav,397b2c422699579708d3b5b3abf14c3b2ebbe9fb01c766d5e50f6e195eae10a9,16000,144640
430,14224.061895341289,39.61540090436114,0.8674418604651163,1.6400000000000001,1.8,False,id_t72s1d3u18v2.wav,7d1e8adbfb658d959021d30e3275d28f3f480da6543837546e7a35b8212f88e6,16000,69120
358,2216.195713379123,14.462225127739153,0.7374301675977654,0.23,0.61,False,id_ms8zyeyy547b.wav,a3279e8a01a3f3c244af77e4884d0785ce73c3da567f932665d1ea41504b6915,16000,57600
662,3418.389370741724,171.94868998874938,0.0030211480362537764,0.01,0.0,False,id_0bubpvvlqhpc.wav,92ff0f2e1c345e29a32ac6c444c550d9c6cf23ecd534d243fb05ca3372c784ae,16000,106240
382,9141.43094091401,215.2460187400655,0.013089005235602094,0.01,0.0,False,id_sqqigqvscapg.wav,d0f0f9ced6e1b6be1a771e12bb6a4a07ccf8850baaafc7165823d23827c28618,16000,61440
395,7389.14418657533,8.02106601394104,0.8708860759493671,1.59,1.1400000000000001,False,id_kubwxnuuy6mi.wav,018a67d96a25a166c79dbb01bb7df22a6f53284e3fe6e533851ebd0bb8e84053,16000,63488
494,2206.788066398765,14.56558348107874,0.6781376518218624,0.22,1.07,False,id_dr3c8w8h664t.wav,f8f5e65893f2ea36573791d28c071d010fde9a4db5d68fa9e859cca5f8960a0e,16000,79360
582,6518.395044219091,129.20868180038232,0.07903780068728522,0.0,0.0,False,id_rl9ze8laoz49.wav,ba1e8b19d80cab957f8383b5664f221cff445dbdd265a4086b2f653a00faed4a,16000,93440
438,5171.432804117249,18.332339553516093,0.8584474885844748,1.84,1.21,False,id_heixq4g34eho.wav,3ed42ff1ad8658e8eb52d5c1f41517136af293445aa7ec0706ea6a7dbd129914,16000,70400
470,11310.586154240636,77.09550520835677,0.6170212765957447,0.56,0.44,False,id_ubsh09s5m47h.wav,15de1f19c797bdf2623680cfa7c44c5cb0d644909f48d71c6bdf0ee45b548c10,16000,75520
454,15024.638738918151,149.93581302008755,0.5044052863436124,0.22,0.0,False,id_ia0kt650dh36.wav,76d11fe1b22827ddb58a5f61995fa69c0476648c9e0187367f0a94ca8030fb54,16000,72960
398,9419.970991330069,11.247720804444603,0.8743718592964824,1.69,1.79,False,id_7d4dms25gv7a.wav,a749e779fc7bc607628d24007018d3f167a753fea695eae794b292e4719e718a,16000,64000
438,4420.882414744821,25.2400824238726,0.7785388127853882,0.31,0.13,False,id_c3jqk60v84jb.wav,1a75a6580ccbe2d8911775516cc5268f0b839b36633dc4fa18c8553ece78a503,16000,70400
422,2885.52148753046,14.04090940934362,0.8199052132701422,0.15,0.04,False,id_xypdepsv2rqx.wav,11d4b9b4c678feedfb85992c9f52177ba836556a6d383d7f39d097caaec4eb61,16000,67840
414,6766.6579729213445,240.00037402967394,0.0,0.0,0.0,False,id_9nguicptn9zc.wav,58ba5a66204e354699262b1f041aa17a5837889420ad3733e7e04d439b8047a3,16000,66560
414,9105.453040486234,7.623729327840412,0.8236714975845411,0.38,1.81,False,id_kxbr3dytq5dx.wav,3f2ec57607baaf4ccc5e376e90328132f9f3512f5417f907617b20485ede40f2,16000,66560
318,4492.64882196461,307.0539091283265,0.012578616352201259,0.04,0.0,False,id_renyw5n3ug73.wav,88a92403e6b6e98cfdc2ff58679f37fdc27e98075e9c93c614e3c0e07ca0cfe2,16000,51200
742,2480.175321927867,119.29374445891102,0.0,0.0,0.0,False,id_zgq92vqafnnd.wav,789fe6215f083917fddbd8ed2de09efd99fd17b202e737bf82bd36f5adde95a5,16000,119040
534,15362.140783676603,85.35186506973619,0.7471910112359551,0.01,0.0,False,id_jniqqjpwdei5.wav,9e1e412f977698990c079cdb162a85c1dc876b5f8907334ab378312553e50a3c,16000,85760
518,4810.427611709795,103.54806246575733,0.12355212355212356,0.24,0.0,False,id_uqfoh084iga4.wav,3c3b667547ac8d63731fac2acc1dd7af7a6fdba75c59a1820df7998bd79f8487,16000,83200
518,10166.39948027324,74.13590645277577,0.638996138996139,1.6600000000000001,0.13,False,id_wkk0bpbw9do9.wav,176459dba330c3443db949d712d2441f638c4da4b736302f56ee25e989488b0a,16000,83200
462,5965.510361653896,4.452386998037693,0.8831168831168831,1.2,1.82,False,id_0wxcl0zehbjh.wav,57f714b3a393f45cb59173e47e2d688f79cea7230de8cd9f1917b116d0592627,16000,74240
438,13932.605318281287,244.9853058386504,0.3789954337899543,0.17,0.0,False,id_x3wrnl45czbd.wav,ab694cd1ef7165bdada8317db8a4fb5ee10b5af4d53ce39db0a25d7684942901,16000,70400
494,2205.429570967978,64.14546960108677,0.048582995951417005,0.02,0.22,False,id_p9lutnif3fz8.wav,234b9a9edaf9abb85658eebdbc13b45fd62b63830452b48184c74a3698961a9b,16000,79360
366,6560.951807093236,251.62577470873498,0.22131147540983606,0.01,0.0,False,id_69mncytnorks.wav,9b2ec4909096321f8e71825a7d23692b1f6602f45a94421999bf3c3ff4449601,16000,58880
286,1400.6325160440908,335.8929221418556,0.024475524475524476,0.07,0.0,False,id_6v8zm9su8n01.wav,60709f0c509e90f9eddd0f5671b96473a8f94d8bbdfc46ae91921274743d32ea,16000,46080
454,4633.359270550904,23.570260868749294,0.8788546255506607,1.8900000000000001,1.97,False,id_1o6v1puynom8.wav,d8760590a24549849035c0fea61800c2edaf106bf866982ad3eddee425b70b5d,16000,72960
334,5655.617979717159,7.162924765687357,0.8712574850299402,1.71,1.2,False,id_ro3epvxvmpp9.wav,3445e3d1e23398123ee0ce3b7cf28cb612201e6b0d6e109b7a21de14aca03ba2,16000,53760
382,3928.5912484629907,34.99959643771804,0.5235602094240838,0.0,0.49,False,id_9df08n46rdcy.wav,8ad706620cc8931b0ad2701670be34955c04e9feb39ff22f109e6585d8d4abf8,16000,61440
782,2034.5509430830184,57.81442656132141,0.09846547314578005,0.17,0.0,False,id_map1upesnwzy.wav,14c05451358f721c77137c849b612b97c9cac8deaa531d4f3ed5f1e0869e2f6f,16000,125440
342,7355.754902115757,248.42387320570168,0.029239766081871343,0.0,0.0,False,id_zdy9iw7f5c6t.wav,c00b22af43449deea3ccb8236fe6a9f4ecf4a64e613a819c6a89ab571f9d9ae7,16000,55040
334,3168.7253565116685,186.2241235418926,0.0718562874251497,0.24,0.0,False,id_99rn2sqfnfp1.wav,4e497dcaa1c3aff561aa1c1b1f637ea17cf4c70acc03cdd1bd8909dec03c6ebb,16000,53760
446,3828.49905054187,97.32086829642553,0.002242152466367713,0.01,0.0,False,id_jrfshnwdidqa.wav,72bd6e71564b03f36d5b9be6f931eaa288a2068f48dbf4ba79c5ca2638cb5f0a,16000,71680
408,2158.11420573611,7.38368043403656,0.7745098039215687,1.53,0.2,False,id_mwamzw2c6i3j.wav,29c09e1f8d54ed97787c4faac84a853b4f79e0b5849904ae5ce5c8fdbf20e03a,16000,65536
358,6783.460588630261,174.63887560344307,0.01675977653631285,0.03,0.0,False,id_nmjpl6ibm3ps.wav,045ec68b65124a5bf830f30186fcd9da217cc83444c0cc928cedfbeb74cabf7a,16000,57600
774,2543.023828535627,93.4706554921529,0.00904392764857881,0.03,0.0,False,id_f1bhdqs5pr2n.wav,bc33de1b04d41571ac1c9107a3bdf5a9d5cbf28bee66bd7c782348df4fdad175,16000,124160
334,8223.537944674421,170.94471105714808,0.2634730538922156,0.07,0.19,False,id_uporiszdxj4v.wav,efc3cfe736a91aae3a847c3416ac7c6d66735b0f3faa9d53c24ad4b2a549b186,16000,53760
430,4836.945204103516,39.67816881714689,0.6906976744186046,0.17,0.09,False,id_h0piuph5nfft.wav,11fef408032ea5f08f2793aec92283527603bbafb1dc0fde74f7f7c38cc4be55,16000,69120
334,14397.816303436435,99.03884369385601,0.6646706586826348,0.0,1.12,False,id_y0xonbl35of9.wav,21d84824e2b8faa66ca32520225b4f2235faeb99a880ce810e15147776d737a1,16000,53760
470,994.2305592768712,158.4588247724472,0.0,0.0,0.0,False,id_idbws40cm1jq.wav,071f0758850baeb3b9d4554ca5cdf7a1e83c447ec343fc5a76e2d88a3cc4a741,16000,75520
334,8498.809204971012,153.56156997616938,0.2275449101796407,0.05,0.0,False,id_gla1fe7ozhy5.wav,3718d04cc1c9d083a35e0b5dbb7a63bd59a7781fba9f0277adf552b9ecc28a48,16000,53760
262,1227.9993780535883,238.78026643402956,0.026717557251908396,0.07,0.0,False,id_xxqjj52m5ebm.wav,a374194ad4fc4b8d542dce850c8405abb9c6740563bbaeb2c0d2e14d614d7a0b,16000,42240
369,4575.509801923716,28.248008779381248,0.6422764227642277,0.12,0.62,False,id_6zky32f2bj0a.wav,5006f9c47cf9af36f4898db73cc65eefbea101a69ea38fed81385f04b71be5cc,16000,59392
422,2989.5882086835973,178.9531950001102,0.0,0.0,0.0,False,id_se9q72rmdnmu.wav,1378c713ed3a16a4de51bc1ea4915fdcb85e31c967f5e3809e423339b5570835,16000,67840
894,2511.8749555859663,22.297811611307953,0.5671140939597316,1.35,0.16,False,id_w9asari5e86y.wav,dfa4369af08ba3201e0dc8f7d8423c614daeea4117192f4e877cb1f517f1c4b8,16000,143360
318,7330.525398803281,86.74432164082324,0.4559748427672956,0.03,0.1,False,id_8o9d6pv0d83x.wav,af71122b90ef7bb74a9e075647d6ffb42c5f7c330d76b817c3654978478053fe,16000,51200
454,4310.69354251726,7.03908713695356,0.8546255506607929,1.67,2.21,False,id_0wf5s1o2w8ev.wav,3da23eb693f018f20848a271dc7caf1b0097ea1dbc025b88af85f32ec462d084,16000,72960
430,3000.5616361774673,63.397113730239056,0.16744186046511628,0.06,0.01,False,id_vvzxb1yx5gag.wav,d9c51d1b3fd85a3b56f2d22471e46aa8d86703331c0c73cf4591fa5abc2e2f01,16000,69120
510,3413.7777205026105,86.91128449670754,0.13333333333333333,0.0,0.0,False,id_6gp0bmu6zssm.wav,c08c103fb22411f95647ca202d56178653c11fbf27f5e2fa68383f7fa5a5cb38,16000,81920
438,10897.697661432896,21.990458047645514,0.865296803652968,2.56,1.23,False,id_npd8mjfjr44v.wav,44d3685e013d6de1154d7d10fa5d6b021b78dc70680a83ed5ca01858054a529e,16000,70400
430,4642.92958001734,2.1005930465682834,0.8837209302325582,1.8,2.0,False,id_nswg7mk7va9r.wav,481144bdd38e74399576ff435ab9aa8aa7e1fb7f798814b2990d88f05165d7b8,16000,69120
350,13845.282001732576,129.45031270388887,0.5314285714285715,0.02,0.28,False,id_x2d89240nf7p.wav,ce9df689ac347e64986379b66eced7d2f66b5f4d3c96e3d1c67a5925adca3d82,16000,56320
420,4558.843104615468,56.52504256354479,0.22142857142857142,0.12,0.0,False,id_r1tztdd3nx0w.wav,c34114c48809ee4e05e840ef287e6668f9cb3b22f48fdc5899a69d7542883f2d,16000,67584
462,5994.793147599006,27.39032991973687,0.7727272727272727,1.83,0.88,False,id_5rxlckyyuv9l.wav,7cdf22f56c843c773f3bbc1fcb855c1e4bfcb2b58a1d7ff86041eb5f27c365ee,16000,74240
446,13424.588225156107,294.88643896674796,0.02466367713004484,0.11,0.0,False,id_3cw194u32c0b.wav,0fc10ef72e29c7de64ec7572d8e024e71c30756cec0129705a96c5e59c2b1de4,16000,71680
358,5890.15200122204,11.356398031756019,0.8324022346368715,0.52,1.4000000000000001,False,id_xs89y9axegw2.wav,da403f3fef90768b7d841360bc4bb75406f3c44dd660ac4f7f45d2c6b9c5eaf2,16000,57600
398,4734.689358870337,213.78243519529317,0.05025125628140704,0.18,0.0,False,id_5z9e2mmj0hmn.wav,efde44b50b5b638f5a3a2a50e093138a77d61560bdd477c2c29f32ac2034dda5,16000,64000
486,4586.100177983469,19.024720069827197,0.8991769547325102,1.07,2.8000000000000003,False,id_5vzy773cgpr2.wav,b9a341ff275b81e5f17e71b1259561eddfaf50eec49bfc5f53b920c493528033,16000,78080
438,8859.318595129085,44.39689364559363,0.7990867579908676,0.73,0.46,False,id_cu7i49j6ilrl.wav,86f5c6276b00905ae20665c856ecc64cdc91f34f50b9d35307694e7b79ee5c23,16000,70400
662,4668.935288692702,25.330738873433166,0.7386706948640483,0.77,0.09,False,id_2rzmb06d9eq5.wav,2fc54a26092bd713d298f15ae13c019f01584016fecb7f1d2f91da7eb9105962,16000,106240
369,4622.879849996104,20.197338933631826,0.7804878048780488,0.4,0.93,False,id_hgbysxeasumw.wav,e1c32a069239e9f1e026e3fad32340e068bcdf692245b9addf5185dccd629e12,16000,59392
486,5275.28706896601,114.26638069901912,0.037037037037037035,0.0,0.0,False,id_jhtfc5dfc2m8.wav,be0796df0de0530ddff82ef5c4589b540473e955e3ad95026af7146222709f86,16000,78080
408,2870.7642640941453,19.301484128349237,0.6715686274509803,0.0,0.49,False,id_cdq0rupm70rh.wav,d38c8a922bc8cfc93194507b0a81799e507b0f034b290fc5832a8aceefa6f7d0,16000,65536
894,9474.575889584716,86.07234859744511,0.5503355704697986,0.19,0.03,False,id_0vr00r74m0ii.wav,40f88dfab85839fa84aac29908d0480782d1b4f5c912faba1f2f381074d62ebe,16000,143360
446,3962.7810171645874,67.87408544227344,0.1726457399103139,0.08,0.0,False,id_31s05g5prv7n.wav,e0a22e2cd539f66f614b18549305ef93a183534ec33a0fb52428dfcace7b9a3e,16000,71680
414,2013.1584916493782,13.284128982618924,0.7729468599033816,0.26,0.37,False,id_kkx07jsz7nr5.wav,e055d9a160d3e99725d61ed7f79acc01cc8bc335343f6c5ec44c0f105b1c74fc,16000,66560
614,3088.1739940456723,100.32670043453504,0.04071661237785016,0.25,0.0,False,id_p01io1y0to7w.wav,4bf31857c72cf992a0b4a83dfd1151f4e9cd8c03100c5489e59dc8846a42d462,16000,98560
414,5157.054684846768,4.961837199098275,0.8478260869565217,1.79,1.06,False,id_yiyqobbrzr1v.wav,81f834f274338272b969f7fe28afa330c02bad1ac970ee9c8f29c2c800d9ef7f,16000,66560
462,9052.10436017504,44.883113636237,0.79004329004329,0.11,1.84,False,id_sn5zf3bb8ca5.wav,9ea20cd0cc97b0eca0c143fead1b888871a3b1ed38aea59987cdc3bff5dab793,16000,74240
334,2866.176639706632,259.84509899905663,0.0,0.0,0.0,False,id_xdmxt237mne1.wav,6f0a983342c9f89903375fc44dfb01c0f0b9c79ac78ea9b852d15b125a9cfd9a,16000,53760
486,4832.430030015955,34.45867439937739,0.7407407407407407,0.14,0.51,False,id_x8onheco61kh.wav,32c191241fedc48209e73f2c6cb3b102f5c9b69ae971db975dc7e7409542c040,16000,78080
366,8033.301166083592,24.751027149740107,0.8142076502732241,0.34,1.6,False,id_kgy2lz5md9dr.wav,cbb96f3c61ceb82d4f35c689a466d491d122af7cb35b241cdbb4abf997dba442,16000,58880
478,8245.72050899738,76.39852844596453,0.6380753138075314,0.9400000000000001,0.23,False,id_pgn88360xo66.wav,e4165a4180220aad4e9097dabb91fb0ba222291164be386cbf043fdfb1d870d3,16000,76800
374,2088.6407547733047,0.7984359711335656,0.8983957219251337,1.6600000000000001,1.69,False,id_f3w2kuqrjwng.wav,537fac7e1f3996155aa06c41a409fb0995283d0e8abad01e0718d75d33e9e9cf,16000,60160
478,5406.7380024835675,22.950214294734025,0.8117154811715481,1.12,1.1500000000000001,False,id_onurzbrba3uv.wav,6c1e7880a9d689e35544575ae0cf80014aa345747ee95692150788e4a7cbe79b,16000,76800
398,5743.896506074949,2.032855135025612,0.8919597989949749,1.52,2.0300000000000002,False,id_pgxuuk17xpwr.wav,6adf0593f8311d0ac83e78e1fd0280a8acc9276364b368ea56086a6017ae29ab,16000,64000
534,5782.849432589439,17.46203853259675,0.8352059925093633,1.46,1.17,False,id_ysa6wp87sayt.wav,9fb5cdd22dd465d46ae05db71d8eee3d6f20925f3e5d5a1aacb9603b69c2d65b,16000,85760
350,7150.157819062458,43.455147347463665,0.7914285714285715,1.18,0.01,False,id_zm024q0r4all.wav,477d38270c85e295c82a0319ad019bb6484f81275717598d3fd2416664794930,16000,56320
430,2396.3223181575554,20.36983014000382,0.5930232558139535,0.0,0.0,False,id_lalpzfgnpm80.wav,85f08cc3ccb7f41d35358b191c04896312b678d76639d7d64cc7d1edfac08637,16000,69120
494,9501.955691330075,1.0758617017650716,0.8562753036437247,2.54,1.69,False,id_p89x5f8f11av.wav,549c9340d1ad8eeab9d38b3527a4edb1730effaf626237e79ec730d9df972139,16000,79360
302,1962.1575440060872,309.5994434319187,0.029801324503311258,0.08,0.0,False,id_fzkznja8frvg.wav,5fd5e975939542c7f638d669f800e82553945995d17b16dce4414f27251996a5,16000,48640
950,6770.467777598532,404.1275710917107,0.0,0.0,0.0,False,id_f4h29mga0lga.wav,6d31874457d5d054dd6b300ce598868b8418e6b3fb36894cf03c80490d7a9b35,16000,152320
334,2360.1814818992207,31.28024531294031,0.0658682634730539,0.14,0.0,False,id_l5pve4vshynv.wav,274b4971f6fa9b53831c892ae14364c5c53390d9737edc6f17d6915a925c9769,16000,53760
408,3480.562139224065,16.174703638334,0.7916666666666666,0.0,0.38,False,id_disteqckm83g.wav,78eec74121f52d2de97afed2c2129cf73f508357ab9a7cc03bae1531685098d5,16000,65536
494,9133.600944178588,15.924424101716625,0.805668016194332,1.05,1.85,False,id_f0tw2c8p74r3.wav,23b64f834384122ec68f5d4117343ead540ac5cf4c351365de195173b5488ef4,16000,79360
486,6530.366222119553,149.32753754967183,0.20987654320987653,0.14,0.14,False,id_2zq6xffb3far.wav,c2fab988455234f03f9c68e1a64bdab7846547e217a11bda9347fa3edf07ef3f,16000,78080
646,12030.397041141245,114.71670973211485,0.5061919504643962,1.62,0.08,False,id_k6lbyqxkplur.wav,135d2e819f9ed735e606d52b120ad64f79a3d1e4288b01a9bd2101ce1af56484,16000,103680
1790,1759.4969906197623,6.536436326754481,0.9396648044692737,3.12,3.95,False,id_proq1yvo0824.wav,200297c2a84f02482c968691d9c2788419cde969bd05e0e3ff79d1cc405ad461,16000,286720
408,3438.976486180154,24.75026409006996,0.6225490196078431,0.0,0.47000000000000003,False,id_k2duz51ikjrg.wav,c5c9903c26bd7e5f66f52693731cea3c2519d748e492e65ad07e6b6c1d52f82a,16000,65536
310,6844.429323179545,190.48821550230096,0.0,0.0,0.0,False,id_8ws5x61egevg.wav,37914adce976b4bb3cb66db16b9d9250e30e4e674b5e9b1e2288942740305c1d,16000,49920
382,3953.0773850887363,40.39407801354906,0.4816753926701571,0.11,0.0,False,id_lgpvx3a1ujuo.wav,bf7aa8fb5d2d470cbe33cec39c8c06a3fe09fceedd590bd4cd6d25cfef786d53,16000,61440
390,5519.200597233263,29.673091172842046,0.6923076923076923,0.0,0.0,False,id_ayw263uy6j2e.wav,f529be039190f43ec558852a9e73565a61f7c68d1e988d38cf56ad82f158a357,16000,62720
606,5100.841459014385,333.99907741767595,0.006600660066006601,0.02,0.0,False,id_n0rjkpe8r2po.wav,9efad5bb6562c4dc12d702b2840b1e6ff868e3ef286d79d2dc1dfeb70c997bfa,16000,97280
406,1955.8282427145796,22.139983088129235,0.4187192118226601,0.19,0.7000000000000001,False,id_eiv8zdskep1i.wav,3574d35dc9860ac6e7add25a345e6690abe015d057a5441a5f4fedb6c2c198c5,16000,65280
350,6738.371592232058,7.825748054122135,0.8657142857142858,1.58,1.45,False,id_frq8ps54unm0.wav,35f4a2710bbe0d71d4a760813163b967fd5ab21d5651add5a951a8f3902377ff,16000,56320
302,8093.712036822165,24.454752040221628,0.804635761589404,0.39,1.29,False,id_jl5alrl7ep05.wav,b81eb4cfbd7015fe2840c3a1ffc4f940000dba51e34149e463bd73cef2de20de,16000,48640
606,2057.438267603672,63.7343398356368,0.034653465346534656,0.0,0.0,False,id_eq0bnl5o3cu4.wav,0c772f309cf1c0f519e5d45f9f458d7ed3d677d3bc09cb105416129d0e776893,16000,97280
798,5251.87291520844,48.38775639717214,0.5639097744360902,0.31,0.35000000000000003,False,id_4yce0h71hp98.wav,0a3ab78e4c75f0600b54ea79344b1fc00c44c334282dceebf51719af8f12336b,16000,128000
558,6450.6403910774625,30.245432699415225,0.8691756272401434,1.46,0.97,False,id_aagtkxubkqpf.wav,1df88239f0bb20104052a3bf5cbf6ffceeeb9627916e890d36d3981dcb4db4f8,16000,89600
462,6694.830017633009,47.133113180627504,0.6645021645021645,0.1,0.0,False,id_0rbmilb18ktp.wav,dc911492e52e0d29f39e39d98d311f0b6d82cb4e9d5a0a4a98ec050d1b5246fb,16000,74240
478,4963.283623267967,159.46768774761716,0.008368200836820083,0.04,0.0,False,id_0k66ku90pv6f.wav,a395ba0a80299e86ab60443271467da7655142ab821136b2c3cb6df1eca18fce,16000,76800
374,4064.8847237652385,15.82532404512993,0.7647058823529411,0.0,1.51,False,id_n0b19o814lva.wav,9ad673a36c085aad46013a50dd877f3edfca204b0385d594604797bfe861915e,16000,60160
502,8587.564574138583,243.5010785050116,0.013944223107569721,0.07,0.0,False,id_neouhi89ztrj.wav,e5bcf3f6e9b515e66bf9ce8065c21311d831fa447615f23b4ed4136c448b4d1a,16000,80640
470,3732.120384915256,447.9314338536335,0.06382978723404255,0.0,0.0,False,id_e82jojic8yrp.wav,cee476c5679661473b4b3dc0de26115f126fea6eafd7a522994b1d2ea3278ff6,16000,75520
310,2076.4175182270064,146.12124289487213,0.0064516129032258064,0.01,0.0,False,id_5k6vxs4aof26.wav,c1ec2c9c61cdfa8204a2d3411d81f62b56a08fd3d7e00ee21f81b783bbfe23c1,16000,49920
366,833.5770795193448,5.681218879313535,0.6775956284153005,1.25,0.24,False,id_71hm75cdbak4.wav,29d49190375cc642edd6dc65a2eec89a883f24d22ec8a28f039c075ad89be789,16000,58880
382,7293.146413928628,224.97563360136888,0.06806282722513089,0.05,0.0,False,id_94z1rxtn5eex.wav,dff54f9ae38f98e40f1189192f5c704ddfe3e70efb4c43583ec81a8ea9cf400d,16000,61440
710,4608.172001184417,43.0963763028721,0.5535211267605634,0.16,0.0,False,id_2ufmqy10mswf.wav,2054da5e65dc81d6b3d2457dfd3745f6a84014719561cd6b87b757c99d42d2ee,16000,113920
390,1348.5981462244415,109.74576144646092,0.005128205128205128,0.02,0.0,False,id_2u82olfn7vgv.wav,4816472fa57f2af304553aa0ef5b4cad6923e7a96816beec86c7e8eb38b0b938,16000,62720
1726,2530.1565682779396,6.657420665744247,0.9640787949015064,3.22,8.66,False,id_f1lfk227oqto.wav,aff23991529ed1437baa5abf2f8730835b1bd760f2c60b080df1003601d993c6,16000,276480
374,643.5441709781854,95.38393262874675,0.01871657754010695,0.07,0.0,False,id_ebqwchcomsty.wav,c79c8848549ba44d9391a3665cd084e76ff3841856889de1e8b3f55fa6f487d0,16000,60160
1880,3100.6257187058227,6.474951737271869,0.9643617021276596,2.77,15.36,False,id_dlm39v4g4ffn.wav,dbdd012d30783af7b59f521911b4503334a2d24fc8732101ba7d78a5b640227a,16000,301056
408,2575.651999979811,13.586846955934103,0.7941176470588235,0.0,0.03,False,id_xoiv2ceh5i9w.wav,ae4edfe7c476c9b6c83df4663f41b43a8a2defd3ef6e6c7377bf5520f218a748,16000,65536
470,4355.093297221083,38.71335037325031,0.5851063829787234,2.0,0.0,False,id_4auex3fr26n2.wav,0b4f7ea5b7fc6cc66a6064ba18fd280e06554731bfdbe6dc048e1709d0b79a58,16000,75520
430,6870.343898051975,31.54627600804497,0.7790697674418605,1.26,0.45,False,id_bqmj9uwsjutm.wav,4dc5c878653a29d9c961376310d98ae58ee6cd53e8e81bc7976365333f624e9b,16000,69120
526,4279.269528202214,61.47994566153059,0.06844106463878327,0.14,0.0,False,id_9f16lff24dbq.wav,08673aa26726102c86b546b6235f533e1937cde973de315ef2187aa60984e70b,16000,84480
438,4038.457808990952,38.90536632934324,0.5251141552511416,0.02,0.28,False,id_9echjbql8ybw.wav,c763e6d263ce7a72e0032839547331c813f1f6d9d300a223b8ae7075bc78b536,16000,70400
438,6470.095952920637,27.271160910864026,0.8356164383561644,1.8900000000000001,0.39,False,id_qbkjs5jaji4s.wav,6bce993de6fac7822d7d57dd6d34183f8f7c7be4d838721e4dc36921e5c773bb,16000,70400
382,5248.092272673947,32.96877673295595,0.7382198952879581,0.18,0.33,False,id_35rrjvybswe3.wav,90275ceddb817dda8693f9483a5a181ca9ed34b7dacd7d1e656a1fa292fc870d,16000,61440
358,4427.322613047303,6.518399376825332,0.8435754189944135,1.54,1.48,False,id_aj9j98m4uz9q.wav,67c2f873271973718d677865d3405906000dd1557f7e16380256daae0d95029e,16000,57600
534,3033.357985385174,13.476844767293995,0.7790262172284644,0.15,0.13,False,id_jz3ucdvwramh.wav,f38da29e1f100363a7b9e26027aa19b25e2d99a4b925f3bd918f9843ef054d20,16000,85760
534,2407.2295201122806,27.318263033657935,0.36329588014981273,0.34,0.0,False,id_j6lakqgqa6r2.wav,de001eb6f240f44af86298107903dfc1996f8346cb3840ef4fd044fec01c76c0,16000,85760
446,4057.191016885944,30.25783663650347,0.7197309417040358,0.18,0.76,False,id_1u32l9k3uojd.wav,cff0f7c08bd4f44454a0ddadfbc14abe6eacb25dd86626e5736ddfd9fa237629,16000,71680
318,1368.219658899842,77.35094007644045,0.07547169811320754,0.22,0.0,False,id_ujuve8nxxtxf.wav,6724ae308d20e22e354d0df4cfbe25954b7730a0e6f6077743827d3fb8bcedd2,16000,51200
395,3220.945951890531,7.27375418886286,0.810126582278481,1.51,0.85,False,id_y574jwj1h78s.wav,1ba7d32ce0685e69999bc91afa23077ba99754f80036b24490bb832f39bc5b53,16000,63488
1803,3323.2418212492453,6.297817082132506,0.9578480310593456,3.17,14.1,False,id_j1z81utc0o30.wav,9cc96830f8a53293f72121b9768258347efd59ea863da34082c90f1e27e15c3d,16000,288768
422,7895.823632940392,238.23902798472324,0.052132701421800945,0.1,0.0,False,id_m63s0kvn3fo7.wav,d1a9d1aeb8170ca3c684522534d8c4dc1549e9ccd5d2edeae94257fd1cb61606,16000,67840
534,7715.748481676939,170.61882565668353,0.0018726591760299626,0.0,0.0,False,id_0n3dnzolbbde.wav,117f0b8f9c262791b57da3990cb45605d530e181113e4d5eaa77d85c77d55f20,16000,85760
550,2453.8148101476604,12.906163014861527,0.8072727272727273,0.4,2.22,False,id_co06qtb6zwyp.wav,fd9c04e742eb2a2938a28f27ecd1a5bfd7ce7cba82a663638cba7faf828d25d4,16000,88320
382,4769.655448771955,9.251859021244375,0.8429319371727748,1.95,0.26,False,id_9trvhzl4pgtl.wav,5c6f2f315437529cb5bdf987e167101845025cf066a096788807c4ded33cf77d,16000,61440
398,9503.435706101242,78.98581121314155,0.5628140703517588,0.02,1.42,False,id_oqsbobpo74c9.wav,6e077ea0850c4f62e01f3c7ac31a3e7267798a5182d90f74d43fd29e0f91da57,16000,64000
462,2755.895478333676,74.66661708141375,0.025974025974025976,0.12,0.0,False,id_yuj86p797hh5.wav,abe3f4ede9038122c671f806d0d5042dacb96e773391683db4b6686acf1f4f2c,16000,74240
566,9556.814754535111,269.79658458821905,0.03356890459363958,0.11,0.0,False,id_gqaxta8521sd.wav,bd82ee4a1e7f6f19f26e59fee0100bc082d315dda275f89f2929e210e3138d3e,16000,90880
430,1088.480649805039,7.184270329062937,0.6186046511627907,0.27,0.0,False,id_gmx8tkpiumij.wav,e6f21ca3a1eb730d640658eb591c084555e1c84e076c3c268b0a622b92b02eb3,16000,69120
486,10366.791641342079,35.69697981084492,0.808641975308642,0.91,0.99,False,id_zj8s36e2dwz4.wav,1183dd9b5434e925f5ca38e1968db1aa522e9b6cd38bf544c8b4ce2f3c8d3e37,16000,78080
446,6822.777343758185,16.68443411182247,0.7600896860986547,1.51,1.18,False,id_ryuy2r9dn4ah.wav,d2c2c143170832e9b3bbb5e028eba16d38cfaad2230d7ed8f6ba95afc819154d,16000,71680
414,4374.904338097006,215.67515331037092,0.06280193236714976,0.05,0.0,False,id_t05pnvk9qq7f.wav,9f63fdf0f1b1e3f351c69d7c6f72e0a0b35a0031e47e5f8c7df155e20abd10b0,16000,66560
526,4464.108808877759,7.398794555994258,0.8916349809885932,2.15,1.16,False,id_833b0varkgv9.wav,2a1fc0e16cb0a36e3660f5449e713840748284459e0f0a950e9d591ac0784d7f,16000,84480
548,7003.092604164249,111.16185030819624,0.2281021897810219,0.1,0.0,False,id_2aucnzkz9eli.wav,c8fb882a171ee9217fa61c603550cb07e090d194044735e71f20b5db73534522,16000,88064
470,5422.549634627608,106.73605439645772,0.06595744680851064,0.01,0.0,False,id_t44ld1ervfh2.wav,ca0cfe15dd1179185956669e71783758816657892a378abbb7fea08f1ca9c7c7,16000,75520
534,3702.235285945506,136.1857326229627,0.003745318352059925,0.02,0.0,False,id_sve7dkb8mptj.wav,5d48b7790e7da66f6b34d4e9c8e2653014b5f5345cd4ce18f550e80018a67a9f,16000,85760
408,5394.6746120595635,125.04055704172451,0.17401960784313725,0.19,0.0,False,id_j18u6n9vbi9l.wav,e27418e984d4f5c3ae0973bfc8bc65dbb7373a211ea0060e1878b96f2c2b51fe,16000,65536
433,6614.8886734774305,26.31268705396695,0.859122401847575,2.0100000000000002,1.71,False,id_cvxrs12htjgv.wav,a7d35c84113adae0b03cf59eb381e006c50351aabe2fb225a51b6d844c1ad562,16000,69632
534,6127.23290645949,6.920345106096278,0.8895131086142322,1.53,2.0300000000000002,False,id_559c7qoftu1k.wav,c918947e675c2b3ac28e7c8fd9eddd6d6d430247c9cc09bb4c0ea467b8bf1fc3,16000,85760
454,8473.157262054092,22.508588589094348,0.8480176211453745,0.71,1.9000000000000001,False,id_m67fbmpekvrm.wav,1ca31245fa89e698404b8105f9810aad94cbcb1cf4b17c2a7bc106107c97e6ab,16000,72960
382,3716.2125850790612,27.309526095992062,0.680628272251309,0.52,0.44,False,id_kdaqoapzc2tr.wav,d26668db16e59f4721d0b3605b27343f898e6e87ac2c4f6fe9cbdff2fc495a78,16000,61440
422,1908.0822853063753,6.831910411158459,0.8033175355450237,0.1,0.05,False,id_qi2mcar0hg4t.wav,c405d3570d1e0d16b77721f16242a9310de7e7f3e46d4b5d7e46241e3fda8caa,16000,67840
406,2867.167847371339,23.949269036933053,0.6748768472906403,0.8,0.42,False,id_uecf96dsep92.wav,387be1a5d2dbbe410759da09f84430c58dab5f1e38f7727abfc8022ed9fee0b2,16000,65280
342,11243.538257706068,201.42535106016774,0.39766081871345027,0.22,0.18,False,id_0plh7lmm4xdv.wav,1f2cba4f9670164f9114881fb1d7c0b75638c96472edf4fe757b7a097dbdc38e,16000,55040
459,3021.0788797216137,16.490679185527807,0.7037037037037037,2.11,0.0,False,id_byeu884y7kwo.wav,9257e8a8e8e3fbe7640019828ea25f506ceac4354d086b7b1e351f4780d22be9,16000,73728
420,7754.7269637621675,78.40219291525148,0.4880952380952381,0.0,0.18,False,id_szpia3ltsrjk.wav,8c109b310398fbc288428310d39e4b899cd50da888509fdab05ab69420cc6a59,16000,67584
462,13905.506677572019,122.29502806174187,0.5584415584415584,0.15,0.08,False,id_9j8txr1pdvnp.wav,a783995d3c4327e7adbb28ab388d1024a1fa5703fc62167b80edecbdd1bac721,16000,74240
350,5591.272995705003,6.723369192861021,0.8714285714285714,1.53,0.62,False,id_xbyji07z1u0m.wav,883da62aa2977c12ce0599de5f2011b6e507e568f7e272c8667966e381fbc21a,16000,56320
478,2863.384294851112,12.587143682809023,0.891213389121339,1.95,1.93,False,id_1w6nia2wm31j.wav,5d4ec7bf31a5218d68532398766ee30399e753665456a4ba88f2a91b09495f03,16000,76800
422,4333.961263959335,22.092018283016756,0.6729857819905213,1.44,1.24,False,id_jl295he2ep7i.wav,d61f4bf8a69fba2a5b030e44b8546ff50274eee3dc6829059837a3e362026f8e,16000,67840
430,5526.792694456704,86.78733761851832,0.044186046511627906,0.08,0.0,False,id_gbqpxxdrcg3y.wav,dff6b528f258eafa3db7e298cdb04b861aee3d7785a4fca4f9f62a8f1220ce5b,16000,69120
430,9281.364416399132,51.27089563480982,0.8069767441860465,1.49,0.06,False,id_cnl3rybkmjqx.wav,bb7c30eafd30c2d6d3c22fffb90d89a33c17e6e3b05f3c8b316bedc1d57a36df,16000,69120
350,10215.902201102945,18.845837763874602,0.8428571428571429,1.47,1.48,False,id_rjndzm7uw8oo.wav,4c240224e9040f6f2899c717f9dc84d55ffa6ddad8facbe27bac63fccc48db1e,16000,56320
454,13893.286265225373,29.595467482341746,0.8392070484581498,0.77,1.75,False,id_85gkq8xd4als.wav,ee1a3d2eebf2f3a3b15c11218f0e6066ee3cabf41be9d75ec0b98a44209bf164,16000,72960
374,3522.6173443903895,198.45046638701587,0.03208556149732621,0.0,0.0,False,id_3daxnv0sox8u.wav,512f8aa9c665f0b8b2fb77dd20c888cfd3c1d4bc503fe0594b193fda1a9f5648,16000,60160
310,4332.43438351927,8.704649333070186,0.7677419354838709,1.4000000000000001,0.21,False,id_0rldcyf1apsr.wav,5d5754970f6a1c8a6392122ceaaba2b057c3a17947f747ebbc49713d8e17bfc6,16000,49920
310,2389.27494284354,300.6065918538933,0.08709677419354839,0.26,0.0,False,id_fh59uuyenm99.wav,91a753c87911f5f8db0c703a055db237fca9e0ee87be67cbb46e13cc4822a9bf,16000,49920
390,3960.6508028984326,16.477218926182566,0.823076923076923,0.38,1.1400000000000001,False,id_ilg3wtq2p6g5.wav,bb8ae485b3d97ccb81887becc7eb10138e3aa5a1e13e3313c49860fcf7bff90d,16000,62720
358,8299.964191790226,25.43916737236739,0.8184357541899442,0.97,1.44,False,id_51rwvuwscd6t.wav,ae5b6faaf015ef53f39c136d147db41a50be0c500712bc591c2b754d5b65cf92,16000,57600
390,3694.3126160356273,20.49620219116053,0.617948717948718,1.01,0.18,False,id_qmlfxzgu8j66.wav,c33cd7db2072c95aae60ec58d8cc85f16ce18b8e1a918ab9f4ea42f114dfcb35,16000,62720
422,3087.2713830338917,29.86373201970997,0.580568720379147,0.24,0.8200000000000001,False,id_w88onu8m256x.wav,fe8219ab9af23c9b4c19ed43aa06ec62985ce4461bce2069f61149b09e69b97c,16000,67840
478,8779.446037621054,112.03172101505999,0.25523012552301255,0.01,0.0,False,id_0sc1qk8tga2l.wav,5584cb19c4b973c9e2c3d8d1cb13cac013a4abc895ff68d6bbb9364877f3aa89,16000,76800
350,7542.050044417631,170.90750787905614,0.15714285714285714,0.02,0.0,False,id_wz30p6o753i7.wav,4e2b275047cf92de48ad988305c534014aa4169cf9eff54581d5c48de2e44e50,16000,56320
542,6234.208826507178,23.993314796008367,0.9095940959409594,2.66,0.09,False,id_062gn6is0bgm.wav,5ad2da0ad8891508283b0937d5d8fa4af515935558aa202c77db219628d2df2e,16000,87040
286,3570.5971601400233,260.34135476468293,0.06293706293706294,0.18,0.0,False,id_5q3z2xkj477p.wav,bfd0c88005dc2b4d79f065ce6eb090e4a84c718f08737b01aa44394e668131ce,16000,46080
406,10449.699170550317,152.0543317500839,0.3103448275862069,0.02,0.0,False,id_3cti04x488z7.wav,434bd82407ccb8fb6160187c6af83792d20e19fd4a1c57fff59c337d45f71f32,16000,65280
382,2769.9242922867043,6.552001704250399,0.8167539267015707,0.29,1.59,False,id_6mvkne8ydfso.wav,52c3e4cd05d3dbce99eef66ade9ea39e286b7d8931f4e3c8a949cfde26e14e18,16000,61440
420,2115.3115828406935,9.750315575169761,0.8095238095238095,1.7,0.2,False,id_8qybemrkfb39.wav,49651e72b0ce18c431f71913e91e59c667af5a8da6edb43033aa2a0dcf2c6b5b,16000,67584
358,11382.057345005778,75.45089446101649,0.7430167597765364,1.49,0.53,False,id_7pgrxoubihpi.wav,ba9cadb15e444a580fbecb9a218e0526da03d96ad6ffda46fb7e66bdbb5bd94c,16000,57600
574,3690.9632553711504,11.911016492018137,0.8641114982578397,2.39,1.93,False,id_ioa8q5xzq8yr.wav,8a189a510b70118056c1e9e9d419b4a09e16fe17bd009444fb5c7ad27b16cab4,16000,92160
390,1916.672329846706,0.7937253933193772,0.9102564102564102,1.8900000000000001,1.6600000000000001,False,id_tyiiy8q1d9n7.wav,12d7a723753d22ea412e0a9509b9ac9d42d165e59399eb78ec8fad2a21f1bc94,16000,62720
326,2646.3867262741473,52.47755876278731,0.0705521472392638,0.05,0.0,False,id_aajovqblv7ov.wav,d8cf63072d270e5c11d5d3d41011df479555b3c7962e4b8a41a31525c51626e9,16000,52480
878,1935.794818026952,28.039124423595283,0.0011389521640091116,0.0,0.0,False,id_woulyphxdxnb.wav,8368ae63674c42198e99f3f6be57a5c00649bba9d23d252ef4008aa20270a8a3,16000,140800
478,3769.3959857648283,20.81916087394758,0.7468619246861925,0.7000000000000001,1.43,False,id_r3gbwz4mxiy9.wav,699ff2c7ea58ff9f9daf8c35b369f48d5b99fa8354b47acfb922606f80d8778b,16000,76800
390,659.456842788063,6.516708377633296,0.5051282051282051,0.05,0.05,False,id_w4gf0et7lk6i.wav,f748ff2f75a7f932f745c16639ea6624738e18f98d9725666a9e71015f6042f4,16000,62720
366,13234.160697414854,19.20395532963669,0.860655737704918,0.44,1.55,False,id_vzp0ch3apdyg.wav,e36e25afa98de8fd109a2ce93a0602737d578b4fccb814d25c5770249d457ac8,16000,58880
408,3949.7163958314777,14.081756154480278,0.7132352941176471,0.3,1.07,False,id_j6dlsx3s0fuv.wav,c1ae8c5f10e8a45c9144dab0c9efc6e14928f0bb5b6d984a0297596c4d8b1d89,16000,65536
406,8649.3885136465,1.280623359546254,0.8325123152709359,1.62,1.76,False,id_eiwivdxt39jd.wav,cce9ea47a29cc684f8e1a61add205c4b12631889a7a6e5557b1562e84943cc16,16000,65280
558,2553.648228515431,12.697927679123811,0.8225806451612904,0.54,0.98,False,id_de058dza34vu.wav,4d3ccec714a4983ad0373dc31f2e60c191b8ce23aceb05219519bb8d464e08c5,16000,89600
342,3054.6517968501744,7.4251934442585545,0.7192982456140351,1.32,1.05,False,id_iga1q821bc23.wav,e4f5232dc3e496bb08df5154ab5ee27f14d9465d4308a1a6a8e9b278f13bf283,16000,55040
369,3129.7023225060875,22.20805034216196,0.6178861788617886,0.0,0.77,False,id_l1k9bpnin5bx.wav,23c2973c7f47e41b5ad872f8551b15b4fcebaf6747e467dacf6c215913282613,16000,59392
414,4769.608889363991,22.330896402769596,0.7198067632850241,1.22,1.05,False,id_tksk8vjw5ck7.wav,0b5074ccab1badffe13d897b9a03ff3420bf05e48481bee98027e82f5f0c78b9,16000,66560
534,13859.602062018232,34.808188631557215,0.8801498127340824,0.85,1.54,False,id_lojj33t5aqfj.wav,4d7e97dafc514d81a80b075a345ff4e43ef439c835be5747c03793f6431b88c1,16000,85760
342,4889.295331129017,9.049860586178486,0.8801169590643275,1.54,1.47,False,id_pmh3psmwcjap.wav,60e53449a62f6e2600eddb48d3992b0475e285ecaa94bb607652dfc06a784b9c,16000,55040
430,5910.195373674207,76.14645195819287,0.08837209302325581,0.0,0.0,False,id_tronykwa6e8o.wav,9cc601e5fe7e7c689fbbe8960f0b81ef24ca8819e88b2b347966ff460c980767,16000,69120
382,2380.0682505970285,10.068450764491814,0.8429319371727748,1.72,1.5,False,id_v9qot8npf1hr.wav,f6703a43ccd727a56774151c22094ae3d5cfa0bd4d968c336b6241362f580e09,16000,61440
414,1095.757835929089,103.81903885311891,0.021739130434782608,0.09,0.0,False,id_2d1mvwyf8xow.wav,29d32ff78fa1294d4692296494ee264d2b9400d5921f1ec55f60b08f812b9761,16000,66560
590,3002.060640626701,12.346504352161144,0.8355932203389831,0.58,1.1,False,id_i517xze5v36a.wav,81a0a3af7cacc3a149261bb5c3a574bc6ae73ed086a3439edd7820055cbb7d79,16000,94720
662,9357.183528845633,29.114113448669457,0.6933534743202417,0.0,0.35000000000000003,False,id_qf5k58s3z7z1.wav,3d5fd978252e3b9c17ad327f8ecbcbb16addc8aaa2742ac161cc724a7f2c2924,16000,106240
398,3726.8086072402484,16.096686182470258,0.7889447236180904,0.2,1.18,False,id_8sckzrnw2ti8.wav,12ddd9ae25808227495e110188a72c948c93683bbee8777441e04c55ce483a7d,16000,64000
510,6674.287400914049,153.70511945395467,0.03529411764705882,0.18,0.0,False,id_gzvbct8ttp7j.wav,20a09182c09517a6a89c8ba0896883246590c76199bf273250f003f9182e9257,16000,81920
390,3846.0798483650856,17.917027306106267,0.7512820512820513,1.44,0.76,False,id_mq9a0kmgtec9.wav,4da4dc5696888f46d444a8989ea5bdcef55596a1d33b19f4ecdd771a4ce3d8b3,16000,62720
422,5906.4082666625745,4.241745563898014,0.8175355450236966,1.79,1.56,False,id_zpxa3uuoe0q7.wav,920ef84ae431effe43177405d0f3262ed68a59bb838e60a89563230ab0516563,16000,67840
358,5081.643517357352,7.879792411514863,0.8743016759776536,1.7,1.43,False,id_o8x2ahsyfcuf.wav,cb9b52b2f5204e9e480ff444cb46c2d3fdd447a2a1028c8981419701cc79d94f,16000,57600
358,8104.740901472422,241.7052605684524,0.07262569832402235,0.0,0.18,False,id_dav1mwm5d382.wav,f92026a3636639415413b55bd3e3e5302f5496a8f07eef0ac5019550c53ab826,16000,57600
382,5426.50907674538,49.81866517981001,0.6099476439790575,0.15,0.01,False,id_lmhc9qnp4llj.wav,264472ee08377535d34e0c4cc741b18555cb64b6205a60300cca66f2c3cce6c9,16000,61440
454,5986.203959104635,37.41779386778481,0.6079295154185022,0.72,0.0,False,id_5nmq6jrdza4q.wav,f0ac98b557a041b0c29759c91bb676a701c0da5c4052f73e121884cf45755c2b,16000,72960
646,6581.888158044012,22.529813265230157,0.7229102167182663,0.02,0.0,False,id_jjsm4qee2ezh.wav,0e3636cdadbbce6117a4c06d0028a71cec8374c0da2bf635d020bc7bd882ff4a,16000,103680
862,18964.48953267659,55.70842587709085,0.882830626450116,3.04,3.81,False,id_ztpo6dwg14eh.wav,79f46cc179cc90c6d65cb088f9c82f614aa06cdd44494c07ca7f9631d268f72b,16000,138240
408,1784.8139657958754,7.228053894669499,0.8357843137254902,1.62,0.72,False,id_zrlwcbfl34lw.wav,b26e79edfa393206322d84429552bc3d5cde401065a4764e218ced32347fbd8c,16000,65536
430,9819.996438772267,12.495939786280786,0.8465116279069768,0.51,1.74,False,id_2h75a3mrb5or.wav,d5649b63540934b6f93ecac88211cd8e64211cda8743f6b370d62acf021e94a3,16000,69120
294,3619.2909979027663,228.50623533019888,0.07482993197278912,0.19,0.0,False,id_ttj5w6fexn5b.wav,901fd72302c47a1e7cceb29099365c3276da61395ffb79543889cd88747cb2cb,16000,47360
398,1984.728912849309,33.50367675678509,0.32914572864321606,0.41000000000000003,0.09,False,id_eg6vi7f9vtf1.wav,92a0c2a46ea1edf8baa9d7dcf0ad046875c7bd080172f43b2eb5398c6fafa795,16000,64000
798,6695.183594383353,329.32918795573914,0.0037593984962406013,0.0,0.0,False,id_s5r59no9yftr.wav,0a507d8fb606539acc300d565e4002743a9d3ab7d5468c040edeb68be52f694d,16000,128000
374,8242.325501944219,72.3736620181831,0.6363636363636364,0.2,0.0,False,id_pe8lfzdp0dk7.wav,d4ab78479f91c929529407be5fc2267d8811d63bc850014bedada12691660428,16000,60160
374,4650.726315587706,11.832475068245007,0.8288770053475936,1.42,1.37,False,id_n90fd25mjqek.wav,b3f35d34db331d726f48880011b7b6f57b2ae6327f6ea9b0fced0b7fe621f38c,16000,60160
350,11957.503965920312,84.45799787514608,0.8057142857142857,0.0,1.33,False,id_7gx407a3mpya.wav,b9c9d4c74f8c903de3ae61acf5f6af74ef3e2e435fcf9fa732c533108623de76,16000,56320
326,8233.792084452947,158.55631016183767,0.1901840490797546,0.01,0.0,False,id_tcn0lf1ijnx3.wav,cd73774a81a1be3694dcfb71a76dcd128f7cd2dc479ef8aabd795dfaf71a5f78,16000,52480
358,2807.637865715591,35.24779427553351,0.40782122905027934,0.07,0.0,False,id_446q4vr9uf8y.wav,555ddeb161505b054428386400c3cb4fe53d740922d47122107231591713c3c1,16000,57600
622,11644.420189945055,42.492645210689716,0.8135048231511254,0.0,3.02,False,id_uzfvl2gmux6m.wav,9fd4c707c548e3fef42e4a726f2116baa61fa5932dbc2e31820580417d5b974e,16000,99840
382,3501.803220128167,8.499350636637724,0.819371727748691,0.41000000000000003,1.7,False,id_hkl85cetvgaw.wav,37dbe619cb5a467ef3e13f788516d0eb3a73038a3bdd05437e76817312014313,16000,61440
414,9812.196713911722,22.311469763304956,0.8840579710144928,1.73,1.08,False,id_rc8tc3vr3528.wav,b5cc4b5c9e42dce762d18d9d66fc3d40af85d77acd04bc7f7cb0737eb4d307f1,16000,66560
582,1083.8592816874338,3.006658240913088,0.8762886597938144,0.0,2.5,False,id_ahn6oa0gxis5.wav,494bbc090da7448526b5052f3f9da35bea1db7683b7f5cd624169b03cf7cf080,16000,93440
422,1419.4767107987366,7.018991477803228,0.8056872037914692,1.68,1.6600000000000001,False,id_ib12s0icx5qz.wav,58d5fbf8ed430df1b517ed6cebbf88f6aa1fb7b84e860d94b0a748aa0bc5a79f,16000,67840
502,5106.0282421858965,18.421115180961717,0.8207171314741036,0.19,2.05,False,id_7ig3h67336nd.wav,cd21097961769edb17d412cc36058b4d94800937bae6a06fa9b698d1ec811e0c,16000,80640
542,4541.629034003107,36.96844721722631,0.6623616236162362,0.92,0.11,False,id_8optasrl7z39.wav,a96750de0b32b036e96b4ae8106a5ef6e73bb35b701329c6242e3a607962b279,16000,87040
358,4670.707801554278,7.512489510369437,0.7150837988826816,1.45,0.0,False,id_vnjvy9n91hiz.wav,0dc5002af284e298ea4f14bb8f4e86cc6e7c306f2a21da5e0c3e83089fc1278f,16000,57600
1134,6159.834751841968,76.94622292361646,0.04144620811287478,0.21,0.0,False,id_wdur6ms13l3m.wav,1e54b389b6318cd91356981e29f8f9879fa5d79ff20db65cdb98c3e850da4a1c,16000,181760
398,1080.784326311221,99.18882228918,0.0,0.0,0.0,False,id_0adsbalxnhp2.wav,4e090247ea1523c9da2217bd67f7125fcf328cb2c0bf02d536cb2c472e97f246,16000,64000
478,1509.7485187937757,17.50889376046709,0.36610878661087864,1.55,0.0,False,id_f1qgh3chi7it.wav,9d80094d92a9fdb99c008227ce39bfa6a451f5b22850f9a04fea7bb58044dcbf,16000,76800
478,10352.698826876014,13.528761969402279,0.8493723849372385,1.87,2.19,False,id_pm8pa4ahiyn4.wav,7db2ce5e612e51daa324fc65b1bfc4a9bca2d6811bfef7a29b11f14bc8d49edd,16000,76800
398,10422.719700250986,45.05993015765948,0.8040201005025126,0.09,1.69,False,id_05s8qatxqcps.wav,7f580401128c6b455c6d6fb408ba03b118c41470058a7b54de05dcb01f77a4e3,16000,64000
774,4319.892040896393,53.35742683110624,0.36563307493540054,0.08,0.02,False,id_22ohnk9xo0g3.wav,77a311a8401de83102a118ff7b2148bb7ed89d985973f0bb5db3dddd898124db,16000,124160
438,7482.925386170839,272.2193570947493,0.01598173515981735,0.0,0.0,False,id_sbg70bwgksqu.wav,584cd69b0bedef5e2e4b0a54eff9051f8cbcb537f995ae95490b80ae0f202615,16000,70400
326,5812.660372196195,49.70774486128808,0.6932515337423313,0.58,0.01,False,id_by5huzlml318.wav,3cc2691e870231363b9940731aa5cc76b1431ac1aeb8e2f675b836626516891f,16000,52480
870,3714.193681339195,87.32109998738596,0.0011494252873563218,0.01,0.0,False,id_p88p5a1vhzl2.wav,fcce565c65ebbeb51785ccb6cef0488d2b64f06474a6305a7619de045d83d328,16000,139520
382,3407.394654277664,13.642256154290104,0.8664921465968587,1.58,1.73,False,id_f4gac30b2c1e.wav,aaa0345fb516551c8a319867720b0d50e38ca22d2b1fcdb4a237c41980ddf97e,16000,61440
438,4479.950390908363,29.580437846183862,0.7990867579908676,0.65,0.21,False,id_e6ry5490ucu6.wav,bf4d29585f7f1fb183e03b3050d2cad133afe4777d358c28253f007b0a39635e,16000,70400
478,5234.641392683934,20.801658679537837,0.7594142259414226,1.45,1.57,False,id_nv9tg427jl4g.wav,ba0ef7d9e2163d9d99ea32c11de3d03338ab5be20ac37776befbb353d03184cb,16000,76800
470,1633.1454015181869,4.096029654344455,0.8085106382978723,1.6400000000000001,1.07,False,id_axp3m6ck0zn2.wav,8faee1698ac5c97d2494da0e93386d1247d16f165b16f179f18f4b8bfcc5cb96,16000,75520
510,17491.254898377076,92.76660269223973,0.8431372549019608,0.17,2.41,False,id_nvb8mk8mypcr.wav,d0edcd33ca27124edce8812c936bb838f4ad32406ba176b424011e79415f8a11,16000,81920
472,2395.029749293315,14.477906686672778,0.8389830508474576,0.0,0.36,False,id_azb266350h50.wav,a89100d930d41a49e8ac1dab68b2be950dba8397f2a96dd3cca0649e1eceafc9,16000,75776
646,4599.930277732478,10.723745701539674,0.8421052631578947,0.45,2.2600000000000002,False,id_xqe1nqa1t4ip.wav,31e74ae06f68f239a41e7e94ddb865ff52fe8e1e6ed76f7afecaefeca77bd25f,16000,103680
310,5005.08115368772,303.9996997633971,0.00967741935483871,0.02,0.0,False,id_tp5t6eljpix9.wav,1de024874db8583c8bfb45c22c17dbbeeb8fbe76f5c7dd20b5c76ba361926754,16000,49920
542,9983.884180768524,147.37947965433636,0.35793357933579334,0.2,0.26,False,id_ewep8eeci0t3.wav,5732f0db031c856cca70f33d5216f56166a547124818b2a7424ea6000c39dc32,16000,87040
366,8033.060540510074,198.06229776658446,0.01366120218579235,0.0,0.0,False,id_2dx8ncgek1m4.wav,1badd71a8d9309a7af9f682c53bb8d4cc9474ce56c0e53bf94ea354d899763cf,16000,58880
622,4879.775697201666,15.133693385915073,0.8022508038585209,0.15,1.99,False,id_3nr04cfzog15.wav,307bb8fb4cd65c9a60bdd11e267b2c4a8555a321573fdbfe7b2991e2d28a468c,16000,99840
310,2695.2581077700147,15.57390961336484,0.7967741935483871,1.28,0.43,False,id_awz3j52c0na0.wav,dd297257fd900567ee39883446babf100f6eedb57644d38b71deb35675bc315b,16000,49920
366,2307.110105196542,0.8359123404792894,0.9043715846994536,1.69,1.62,False,id_0nimuyan9reo.wav,a2e348cbae136fe794982642c78546de996b1aed6d9f24eecad3ca59df9b34bf,16000,58880
590,8452.392945639713,81.0121050310147,0.5864406779661017,0.24,0.0,False,id_phhtvhnpqizc.wav,f0ca8e0c5f15d4df7600148af05cf5b134440fa863117c322bdb2f48d2d882d5,16000,94720
398,4195.800610431816,83.69507851505958,0.01507537688442211,0.05,0.0,False,id_gwbhk86pkqgl.wav,de7b20c022f35869bb9eca88b4fa91b2678dc9e1d6bf4ec02435eebe63e5bdb8,16000,64000
838,5088.693607646269,43.01902059377346,0.7255369928400954,0.48,0.0,False,id_07mte6awbnfq.wav,76767fe1ae03e14ba621c5186b56d5286ed1983d5028f4b928089be9abf44a16,16000,134400
344,5185.2165229621805,38.39031819045748,0.622093023255814,0.25,0.0,False,id_gxock9bcfzkc.wav,fb845776e760316e02deacae32e2de0876b9a49691b7cab9fe68ea58bbd14966,16000,55296
358,7637.214463402216,143.48949611578234,0.25977653631284914,0.02,0.3,False,id_31m0c8tnocr2.wav,f851d63afef236a5cbc1d57fd13e96939fe84fed683825606021613632ce4558,16000,57600
326,9646.922175103311,16.770572470275383,0.8588957055214724,1.44,1.36,False,id_hdaboo3yau2i.wav,58619cbebe50a6726638a924f3a8501e6aaf7051ef4e8c857d69660c3f4ee8a3,16000,52480
398,2269.0069182353764,17.360179188706397,0.6457286432160804,0.9400000000000001,0.09,False,id_f3we2hleis4b.wav,c88ce343e8a03da9360c790862f2685b8e649736edeff83a5bc756d41ec1c723,16000,64000
350,5908.842191791891,2.3573396278489964,0.8142857142857143,1.32,1.43,False,id_4nf1wq74g81b.wav,a72477c8560b0ca5d2f158e1b9eb3b9a66f1884455175718137ee8605ffee69d,16000,56320
382,3608.447438996445,9.638140048997188,0.7617801047120419,0.21,0.3,False,id_bcerjjn64bw8.wav,ef632409fcabaf2231676a99b19433a1df8733ba9851168786717219632bea70,16000,61440
310,10547.323818983657,123.28207558316782,0.4096774193548387,0.03,0.04,False,id_pvr6tmkoohxv.wav,683fee5b93b4453e297aa33f8b323877e1fd6c86c016c57db718b982993e76a7,16000,49920
502,14354.812208454696,56.59841203598885,0.7131474103585658,0.23,1.05,False,id_uwkm64jhtagn.wav,aca5ce2345d551435edaecd7677933cff625560658790198370d07f7ad9a62fe,16000,80640
350,9198.424106742415,147.47095088874426,0.18857142857142858,0.03,0.0,False,id_w2mhvbd2mwjm.wav,e2b8166d0a94987e08da88f667c78335a1b4802e51e9190e229059a98fd8fc9b,16000,56320
382,7630.4117721457205,249.81491921390975,0.0,0.0,0.0,False,id_0lurju3a5cuo.wav,773cf8b5860c540d13b2f12313f7125f843c0e614a587b0bcbb4cc599f978a80,16000,61440
342,2878.3788618769418,9.304022629930614,0.6023391812865497,1.26,0.07,False,id_6d1mgmzblv9z.wav,4a5cba91c0d86a77f6ba122e5932dd234e46b20238ec4fbba5d8e73c185546f2,16000,55040
422,747.9342250492352,60.609131244618126,0.0,0.0,0.0,False,id_0laj56mgm5h3.wav,f548c256a35b58b7a1cbf20fc08712a26453cd00c3fb8f1a4afbfff40b454a1d,16000,67840
566,2286.489459848875,45.79203655382525,0.02120141342756184,0.05,0.0,False,id_7h0407ve2v0a.wav,4cb6acbd18d2ef79fa0a8880ae408da279314301a37e54e7c12c91815ebab90f,16000,90880
484,2603.446748543169,20.302946245981616,0.6611570247933884,0.28,0.49,False,id_hsjtbtlmkl8i.wav,a389a04550e6b10ff2504c8dbc72ea84d4136262f0b6274fead98b9e399b66e5,16000,77824
454,6302.580114921189,86.65517765276374,0.31497797356828194,0.29,0.0,False,id_82g2uy3pal3a.wav,0fe30c93aadcfb0ad1c798c8086c67fb3873f1b17bea1933935887e9c0f9b350,16000,72960
558,22914.149749445212,46.77491977162201,0.8960573476702509,2.72,2.2800000000000002,False,id_9sw4vjd4i5pf.wav,2e0dbf1099252f6c3f71c0d2595b966eee925111a5b24be7437b7529a648dbbd,16000,89600
2758,2854.589551494225,7.553641498672106,0.9568527918781726,0.1,0.75,False,id_m0bfpb44o6k8.wav,137b1f4b1ada66e3e7316d7a578f789c95d07176597bbaec4e5259d54e529e53,16000,441600
356,5150.670577216136,21.03474359392381,0.7050561797752809,0.58,0.7000000000000001,False,id_dmfx7cnlbfiu.wav,e3f07b50a77cf1cd4af54e23bd76ade21141e555888e2a98c257d76b23223a6f,16000,57344
390,2076.262785631915,23.659592036391125,0.4717948717948718,0.0,0.27,False,id_zioknmlje2mb.wav,55f8271094efc88de724183506436d224afe1a702b2a565df9ffec78bdba6f71,16000,62720
478,4167.015780507677,400.4752376257423,0.0,0.0,0.0,False,id_cg6ggx3q6c4r.wav,74a679e6ae33f004278b6a1d1339fa1d98bcd7f2022fa6f0bc94869df6d51830,16000,76800
302,2383.692918037053,149.31381537044177,0.026490066225165563,0.08,0.0,False,id_qnf38q1ang7o.wav,325472cfd2cf6a54c5bc5ce68fd93085c6140ef8a9bf3a748e1070e502398b9b,16000,48640
446,4033.9273537087897,35.41219446645317,0.647982062780269,0.0,0.12,False,id_dpdlnv7d5kkr.wav,81eb41d8b186aa8d5102509668d638f2f86fd768f04ed71d5daac35f9fa964a5,16000,71680
862,14165.948868501539,237.72606607578155,0.2470997679814385,0.0,0.0,False,id_j947u7n424ah.wav,43564bc958cce34d464ae87435b6d25772760b474c68998f68c4708656c2fe35,16000,138240
606,2106.766269665432,34.414059223832055,0.14026402640264027,0.0,0.0,False,id_fglh1nuu2fyn.wav,7098c5df1c7369d18227aa00b80aaa1e1e25cf6b51e4fc292ad918ccaf8c7e64,16000,97280
438,8005.7348613353415,182.68174125408711,0.1187214611872146,0.13,0.0,False,id_m1om6m3lei2t.wav,f53929cdbf8064f042b860f8ab403201339b1e5284466b4fbe3dce8fd4e6ac48,16000,70400
433,1992.3064335086608,37.196874868730575,0.3394919168591224,0.17,0.0,False,id_1d72bz0ncmmv.wav,8ac128fb609d63cbf86e90326b22c2ca5001cc28c21d264778dc13c50f57b0d9,16000,69632
561,6139.34122117349,19.903140455717033,0.8645276292335116,0.53,1.23,False,id_svl3tpj5aput.wav,b4cc19fa751fe41a31fdf3fe9e04f5bebabb49e3d3b1cafab14b9ad0145ef5cf,16000,90112
422,3269.3506304769453,9.967819796591598,0.8080568720379147,1.6300000000000001,0.56,False,id_doaeojk98xc7.wav,5ad7ac1dd497da1fe3fe7a3efe4d9a546a74becde1becbc67f62763a7ce72cec,16000,67840
318,52.74578182186704,30.504712263808415,0.0,0.0,0.0,False,id_sxudkv8dqdto.wav,50c06c692333050bb0a080297dcd04337c218bde65b08081dcf75e5d91b9efff,16000,51200
470,1754.2932323303307,15.298651021605101,0.674468085106383,0.7000000000000001,0.03,False,id_2jujmlh69tsv.wav,1e344f1375242403c73bd2036a76978b6f662276f31255cbcfb1043d1ecb0a50,16000,75520
558,2822.2284523936046,11.21834434079232,0.8853046594982079,1.24,2.22,False,id_feumcmuoupeh.wav,b1625b471e180e7f193a75f7051a0f7a2b40837afff2d5fd29f684afa9c78592,16000,89600
334,2874.3329908867554,6.077619326968113,0.7994011976047904,1.36,0.9400000000000001,False,id_tewe3iyfhpji.wav,0b5d30075fbc3614a576fbc8aa085cff97c15e32c74754640d55c6b74cd7b7a0,16000,53760
406,13916.75527664405,79.07936883201057,0.8054187192118226,0.28,0.72,False,id_af2gwe4yn6x3.wav,0998515987a91065ae84256022cd7dbf590441c2e640c8fd2d64f2f95b0f82ec,16000,65280
350,5199.541548540602,119.77075150115351,0.04285714285714286,0.1,0.0,False,id_sowf8poicxap.wav,1c38769ef4c016bfcfc154cf1f3c480fa27504b54c0fa2945db2a74fe1da0eaa,16000,56320
398,3165.4629949661394,85.70101762307871,0.3165829145728643,0.0,0.0,False,id_805zhkhgxqwh.wav,ebceaceaf8be04af53185509d554faacd1b12fb316cd2ecf715745073f4c5b38,16000,64000
582,9908.611361714618,35.613129118930544,0.8934707903780069,2.36,0.29,False,id_qa3bdn0hl4au.wav,622b289152cb807c9cc783e95aa140aa7b80539ecec2ca370b844e66af0a2e67,16000,93440
278,1560.6142788978962,73.5013892897315,0.07194244604316546,0.17,0.0,False,id_yz6kpzaolg5w.wav,b5f5bfdd22b6e8ec0fda6ae2593374177149524140ebbe9b24a20c8911b156d8,16000,44800
390,1416.3384358972964,0.812403840463596,0.9025641025641026,1.75,1.77,False,id_n3gc4h5v81c2.wav,2acca875b6a84c8fc34042c077839becf15226c48c832d300183721b86e9a279,16000,62720
430,3633.7947434465805,39.4149557534122,0.4604651162790698,0.08,0.22,False,id_w04b3otq09mg.wav,d3f5f9ff8b9990a269472f24b431a3204d99c1426e82b4f2e901c519d5b1db2c,16000,69120
414,6729.007472688673,72.91818233124496,0.46859903381642515,0.07,0.24,False,id_lmyx3cuoiqzs.wav,c6019f2649b8d537868e1c7daeb5da1991f0fb165de005c12deff7d1eab015c6,16000,66560
350,7456.352967604203,83.5835588289363,0.43142857142857144,0.0,0.0,False,id_6agex7khfq2c.wav,c54e242a5cce2451906ef6f2d012b52f9d2cffde8c4d726ab8d93cb5f3403979,16000,56320
454,3182.9154999779685,43.5000027390743,0.2555066079295154,0.02,0.04,False,id_6ybpvd3cf47b.wav,b4446bd2fffee3cec7210fb46450ba8a590ca3345e101107b86bb7856379b2db,16000,72960
358,8137.283126142287,177.4114510000877,0.22905027932960895,0.02,0.0,False,id_8upzf5d6ntze.wav,b1d32b1559e0e5e0d4f1afbfb61b057f84dc88f78db5a384d96a2b07502e1c90,16000,57600
326,9485.018280029828,73.5511428568569,0.6042944785276073,0.02,0.0,False,id_fm130ilt8p1h.wav,ef28410d048ce4fbdb746e23dab1781cd32412bc48a048c3e0121d64feb62e6b,16000,52480
342,4162.350277487468,66.56271473910212,0.14035087719298245,0.12,0.0,False,id_446qmiipkifh.wav,79e25c8a2d180f3efc73a385166c60043fa905927be3a6f10f64bd76fbbdf793,16000,55040
395,3865.5754561901904,17.378938402560728,0.6962025316455697,0.58,0.4,False,id_aljl02x08d0h.wav,15a801950b73b68933c4b7ee2d0f13b6e669f7a84df2c3ab5b2e52e604f521a4,16000,63488
422,5201.201175930421,38.19611925429982,0.7014218009478673,0.13,0.1,False,id_u7734w0wzh4b.wav,fce9f60ef10330e1ecdcfbb19ad8d1feb241373e1eebe51d66cb2e1929019355,16000,67840
478,5231.285489724299,10.577038802467763,0.9163179916317992,2.41,1.97,False,id_7smx4xwqrwhy.wav,597e7eef1adaacf9d22f4cbf04940250965629c6cf6fb6b0658d548e744b5ab5,16000,76800
366,2357.0843949676473,0.7754027020272423,0.8907103825136612,1.52,1.74,False,id_op9ea23ln0xo.wav,87efab4a20d54d5b919eb7ba91934941b64a4f5f37d8ee1ce6922619194cc16d,16000,58880
446,4954.181464177508,122.17109222134442,0.07174887892376682,0.22,0.0,False,id_r9cvrbhzd2hr.wav,f964c21840df61f67a2a5a19d58f6052908a8ba30db49591c4de27e4faf610cd,16000,71680
430,1490.3290031063611,21.56820647881188,0.2,0.28,0.0,False,id_6ir859hvk961.wav,ea9c7e6dac35affe6f1cf3aa2140c7adfc8b33ec3744ec84493b7375f10438d1,16000,69120
408,2681.192170471934,19.77165115562562,0.6446078431372549,0.0,0.9,False,id_59b4wvq3t6e2.wav,752983a1a7954b2b0fee7cb45fef2e635997b6b1829bca31cb4f2d60dfceec6f,16000,65536
390,3881.7985470655226,34.11796619475702,0.5897435897435898,0.49,0.33,False,id_zeoywzbp0qbd.wav,14043390d1968db8fb2129d5b706efaac1d33e0ec5f52c186ed55a31460321dc,16000,62720
462,6830.317177664592,44.44799850410196,0.7922077922077922,1.49,0.0,False,id_3j5b8bzzx396.wav,98930d085250e1efcc9c238d3138c1f3e00c71e0c0cb3517f22604e1034a299e,16000,74240
454,5331.616929928481,26.096558375457903,0.8149779735682819,0.35000000000000003,0.79,False,id_ibvuxstppqpx.wav,9e8fbd00b85c6417d2b31e6fce601d8820afebacc5acece29b913acf03eaeae4,16000,72960
374,2015.0993592128405,0.848528137423857,0.9064171122994652,1.73,1.6600000000000001,False,id_yi26mji51g4e.wav,a885335a9420b302e8cb2bd7b186e5ca303ecc803c685d905bd43c44d0188d8c,16000,60160
318,7019.480621634339,112.29333651365809,0.330188679245283,0.01,0.0,False,id_tjz7d8dtyj7l.wav,202b180aa79b51d12605b3555baa9aeecfdd324335b2481b669b3f9734885be6,16000,51200
454,2698.9681310641668,13.278188862639322,0.6563876651982379,1.01,0.65,False,id_73wydpkv6m6e.wav,bcc3014484d0f4d1dde9b78e8b02b7917ce5b5876229a9cd837007cf0b0e51fe,16000,72960
718,4287.479748057126,13.990576035740279,0.8286908077994429,0.88,1.6500000000000001,False,id_s6oqpdks8id9.wav,3bac057c6aed4d03732d4c5be8e2ad5079c5372724a964164851c610c1056a92,16000,115200
459,7817.148463314484,77.23448064174445,0.5185185185185185,0.0,0.05,False,id_zcelebrc88yo.wav,c46952c235ad0217236ade61582b23a586010a163a06680fc5d2ea37f385f41d,16000,73728
358,6848.089276761803,231.48877119147926,0.11731843575418995,0.0,0.11,False,id_utptqjawx3p4.wav,558d3916b54a8f06d6554c9deb9e86fc262cee11a6701ae176275855b4373577,16000,57600
350,6977.468784774318,47.59564770922175,0.64,0.14,0.27,False,id_xxe6pxbh1vih.wav,8572556a27e3a63a1178b0aa7de90128b58a94d377743261d99bacd7656092cf,16000,56320
382,10457.423186306463,14.123827313968814,0.819371727748691,1.56,1.57,False,id_aqoaqk7hcbq1.wav,946ddf0545348bea98926a51d9bc8d5491035f47008c0b1f23f4d7f20fe7c0ed,16000,61440
510,6847.983347489975,34.03169465097945,0.8549019607843137,1.68,1.72,False,id_f8utjemtmc6n.wav,7d1e4adf323d3d0dcad2e8c2dfa218e359046e34c6eda1aac307934d5d604966,16000,81920
406,4113.038790845522,57.84364397381559,0.33251231527093594,0.01,0.0,False,id_zo4qx0w92lr2.wav,de271d6b5180f7d12686c8d885348f2f7dd2db5f58e690dfd67053416c697136,16000,65280
406,4017.528825970014,28.370504830704412,0.6354679802955665,0.13,0.06,False,id_et2erv26gg2g.wav,bef1e26e2427eb5c0fcfad6bd2a5d37bfd4b45fa24478150a74a944bc0f50887,16000,65280
390,562.1623342060548,2.901507261005583,0.8256410256410256,0.91,1.74,False,id_mg98epkgth3k.wav,f0969a423b66da09a81884dda03713d82db85582bf33c6be4bef6e81b6670c1b,16000,62720
422,2793.985861632088,6.098052946423648,0.8909952606635071,1.71,2.0,False,id_ur9gma4zt6lt.wav,1dd0d30a67cd59ba12022aec5c93dca02fc4cee95a3a1f2a61ac8f15f8d1f889,16000,67840
406,9214.213077496092,4.322181101857012,0.8300492610837439,1.61,1.73,False,id_xzo5lt3ssdpd.wav,4c034f35655df04631f263d4afd5b5c1114b1dc08149ba8c328415d4f1d9719a,16000,65280
510,4187.968103090089,50.419593043808106,0.4196078431372549,0.37,0.1,False,id_qpcnmbq9dhzw.wav,6a426ac84150e56b85446c3db852a08c36ffc08fdcaee29120de2d976032306c,16000,81920
334,7126.941690164162,76.80638550341166,0.47005988023952094,0.0,0.11,False,id_ad1jndvfsvr4.wav,0291717e3ba6994d5a7fe7c3e30fcced0218529b90ae1a8c5997e3ad610e3965,16000,53760
590,8800.71491527819,5.364582775726417,0.8983050847457628,1.93,3.37,False,id_arnn0mn1gx2s.wav,1a2516ff972b7abf248f743ac5884c22ab9a57557a46c6b150b7cf28118d8562,16000,94720
395,2583.226285577785,14.996749647840362,0.7164556962025317,0.89,0.01,False,id_eiyawykk5f98.wav,e9e4383dd7cc3b9e0696b4f5a648a9b109d74d14fc6070118c17b23d7cde0287,16000,63488
310,5871.308545375553,108.72479651697819,0.2,0.05,0.0,False,id_s620lduhlt9b.wav,7e99dfcb880c9f292bfce0a1b76992c5be7dad91e151e481f0d3e74a88f35fd4,16000,49920
262,1512.1244674298475,61.85094128834072,0.030534351145038167,0.08,0.0,False,id_qaqta9fv7he7.wav,60492cf1d52dfec093ec44962e03cae459bd1d415f83922df7f95c98b6f10d0c,16000,42240
408,5439.712298688231,19.997470201158492,0.7745098039215687,0.0,1.27,False,id_dho7rffjkerr.wav,e7721edaeeb128dc983f38ef017da5451d43c001802cac264e41d6fb1715858d,16000,65536
390,5782.3559275177795,42.24318883859149,0.735897435897436,1.42,0.02,False,id_drm9nxn63d44.wav,e87a43445b1da4cd1b5ade52567f22835e9903910ac882b10b7f6365ccc54519,16000,62720
390,2895.493694519123,10.246413958026618,0.717948717948718,0.03,0.26,False,id_vkb3gx764p71.wav,b26059539c68b1ae6f3ffb3bb2bf5a7c3492efba6f8dc390b23e47fc7786c186,16000,62720
1014,2791.8087515085986,1.0289556020794284,0.8856015779092702,0.0,2.62,False,id_jq3sz5mk031i.wav,5d018f7eb793633fb3d6cc616ddae8ec509f49a2dc1e8dd66c4c65531734bf3f,16000,162560
420,5128.2234509135815,16.607520537103746,0.8119047619047619,1.94,0.41000000000000003,False,id_nnz4qlw3ezas.wav,ddb1bd789a9fc053b116b367139176fb171dbebe67a558fa6993d103ade90d7f,16000,67584
366,4188.205575482178,9.58979665808554,0.8333333333333334,0.0,1.48,False,id_iq28eqmnp014.wav,92958383b3d9ead0097c1f6abb075cd0045163bb05cedecae3565243cc7f6c67,16000,58880
502,5637.514638783655,19.69901537810454,0.8386454183266933,1.98,1.6400000000000001,False,id_hnut1k8m3r8k.wav,20635ec11844dff741347a7b1811c74084645823d690842c94012747d6c5a1db,16000,80640
486,7275.7615709628635,79.44795270261116,0.4506172839506173,0.4,0.0,False,id_gm9uvmjnujze.wav,aa97f9d47457c3979cd0302811f57d37d3643148eeefa97a82c2a6196841c172,16000,78080
390,7824.930769182562,291.0974973626479,0.0,0.0,0.0,False,id_f168xgix1zy2.wav,940cd5a03c0f04fd44a602e237f4a6c7f4543edd7f530decb41a9e1e5910bc3e,16000,62720
395,5016.787422992926,14.303408684645769,0.8531645569620253,1.68,1.43,False,id_ar27vy5b3pv7.wav,47a747f56152b82d5aca1606dcb8282b0925248a2bee53b706043a5eab159c7a,16000,63488
2123,3337.055541566547,6.326729012688943,0.9698539802166746,2.43,16.75,False,id_q9z5v56z1fie.wav,7dd5af5027b07ad8f3861edfb0a12850322f9c305d515b5bdc9611fe68967506,16000,339968
566,5453.3699665894665,18.026956231987953,0.842756183745583,2.0,2.71,False,id_z8v854nqamwz.wav,0ebec8dec701be69890007d9f6b304d38f5d0f224c000d85b11b1ee09cd8b22e,16000,90880
518,1623.331230833683,59.625853639336825,0.0,0.0,0.0,False,id_rzgxhzd9xcbk.wav,e4b6139cb3c7068b5ec50d6674f92f540b49d382bca3d052498d4261f8b218c7,16000,83200
566,2233.7056693978284,13.963691698140302,0.7897526501766784,0.15,0.8300000000000001,False,id_eyf3qqzixkgf.wav,da0a4fc91c4b0a20ee4191f91d73a3649965b14f6f09aff2c14db64486f1553a,16000,90880
366,7186.447309171619,185.03091052862897,0.14207650273224043,0.01,0.0,False,id_nd7ol0aghiog.wav,1a4c49456a7de027b5dcb0d86f776312d2968e8cd56141df8721366cfddb9ce9,16000,58880
438,3814.336780817866,55.39105195159412,0.12100456621004566,0.17,0.0,False,id_qeuz75qqdets.wav,88f3884a5cd4aad20734afdbec2540cbe90bd0a9297acb3a55d888efed2da2ad,16000,70400
430,1289.725685950311,11.934663799987867,0.586046511627907,0.31,0.0,False,id_ztxj0zaafvgd.wav,235149b599742867f21af5a20e97638dd7a840831f2d4eebee1a2edc54f0df4d,16000,69120
1158,3644.461358006146,4.069397989875161,0.9386873920552677,1.83,8.8,False,id_w413bdux579q.wav,0eaf6151776903fd61848e6226f86af105eb820211472d48226c60ff507fafff,16000,185600
438,10920.301317385889,118.6781779575798,0.4840182648401826,0.49,0.0,False,id_yqedtsvm6rj9.wav,f4840904a703093cff89f28471c5b6ec3613d08006fe5d934ecb7ac61da9f95c,16000,70400
356,2865.103563573226,15.088903196180967,0.7893258426966292,0.0,0.42,False,id_gg9sj8kaq94l.wav,1b50d4a6b3305a43c9f5c15edb393128fdb24e2e5e1c415de7182b2d6b8ab30e,16000,57344
406,5331.47928041552,249.66152167240762,0.06896551724137931,0.28,0.0,False,id_j05smkd4zw3v.wav,651b7a8bce148bc607478d95ce953774eeb6d06a8166b58171fb6964bd27c6cd,16000,65280
350,2844.8200566995447,11.356328029670888,0.6857142857142857,1.3,0.74,False,id_xzn25zledcgv.wav,eb7010090deeebb1f1a4ea547657e17c87348741decd87c87aedb1eaf2193b83,16000,56320
486,4173.775738165624,40.81030718540442,0.5164609053497943,0.54,0.0,False,id_2pjmhahynd1v.wav,28856615ad330d3c4aeb39dcfe3296427b23655e9b5de76ef625fea287f51ac8,16000,78080
398,4698.930860844836,5.4585837551779335,0.7814070351758794,1.3800000000000001,0.25,False,id_sh5mqnmifto1.wav,235e461fcd04274138834ac821c8e8e33fdb7a9cd4e9a83116d06a93d58589af,16000,64000
374,7159.9761200719095,238.0178583402834,0.026737967914438502,0.08,0.0,False,id_7o1717m49s67.wav,bacafacade39560b1bce55f5e8e4b8eac6aad1d28f1d4d3eeaced1b37c5e295f,16000,60160
422,4239.8721669998495,45.59886131327927,0.43364928909952605,0.39,0.0,False,id_i6hk34wzwakn.wav,2ff19617d5ab0636840b566f23f0a85f787be589c56bbf8883eb87032ddb8b17,16000,67840
374,1869.0480799059183,18.012682355046724,0.5080213903743316,0.37,0.04,False,id_gdhnpb9tk6ju.wav,62fb011a55c5a323c6789509d4fcafebfcb2388000d4a03d555477ffac70e27e,16000,60160
502,5304.864778436864,114.63799938910887,0.029880478087649404,0.0,0.0,False,id_14q9d3iqj19u.wav,f25d08c3efed13ea36bd83c2ce36b85d432046752fc2f3b1ad2a3d25b707d683,16000,80640
398,4471.719184217632,78.80392292743804,0.2135678391959799,0.04,0.0,False,id_qt5v8yhobk5k.wav,fcb91e6c93a22ced3827989e14c7daad34334ede6a3e5958b960b288f60410ca,16000,64000
502,12254.767803899837,130.5249919891258,0.4103585657370518,0.16,0.0,False,id_73xl9aes0rgo.wav,e6e7bb32badc9450e46f93a6c17a2aa75d088c616ab06895cf708ac77ad28b95,16000,80640
382,3474.6984250435316,32.45760353637331,0.5261780104712042,0.42,0.0,False,id_bmrbdqm6h5bh.wav,993a1ad5758e783d4d91a0baf67c50af49c53d1f2619a36fe728bc28034ea502,16000,61440
438,7934.089621059243,17.833140758088362,0.7853881278538812,0.74,1.93,False,id_1zkeysfsoncf.wav,eb3cf7326740ebeb83826077ed3a03f3fdaec41e0f6f1a738ef2716a7c25c45a,16000,70400
414,2751.629336411429,91.41147523245778,0.04106280193236715,0.17,0.0,False,id_er9s20bsjg34.wav,240374d43c2b76b08b39291f75a045b99f5fdd0ec2ae74b95c0765605e2ea5c0,16000,66560
398,3253.3271692223025,12.458979321167792,0.8190954773869347,1.56,1.3,False,id_nwqnch5368u8.wav,1fdb5c97eceaae29fdbc54ca192a7a81fa8eaaf975830b4af3c69473719bbc17,16000,64000
534,5418.256661740933,26.677138855323793,0.8295880149812734,0.58,0.54,False,id_7olo9np5y7lz.wav,8551ca6c97fe039da4bc51cf595226e1e956951daa64ecec34aab951340ba81b,16000,85760
502,7900.624746815913,80.44790973339158,0.49203187250996017,0.05,0.04,False,id_obdqiyjvp9z6.wav,38708bb37196a32b8f3b8d72f59113d3491a958625a16d5ca69858831afdeeb3,16000,80640
438,2435.0377553541134,21.36062377236366,0.6027397260273972,0.0,0.51,False,id_8asieqiabxry.wav,172ac745fe91a63d657c79024e18a18fc49c4c68a1e03cc5612e09f2d8f760cf,16000,70400
406,3378.8251563968206,14.754784225520702,0.874384236453202,1.8,1.59,False,id_y8gf6hywcxak.wav,eedfab8e6d79e43ac7a5e60799fdc071d5329b9cdb1107d4149d50b065f6aabc,16000,65280
406,6822.931954629183,185.76039256290534,0.0024630541871921183,0.01,0.0,False,id_uxrb246okbw1.wav,141a093d30f6e9fb1a9b3eaec5c3cae28fe014cbab53ca394e063ad39fab4949,16000,65280
518,5541.084267541868,108.20199891127169,0.2799227799227799,0.07,0.0,False,id_4p3iqfi8wcht.wav,54fdb8d14b9a2d3243c0e148a1f94e379941ca674d97e90b46e7661119dcf39c,16000,83200
390,5324.246500444922,9.55532351988801,0.7512820512820513,0.29,0.0,False,id_z757b81ys2hn.wav,054432058aa0c7cab27dcb72f31ed358c2a29400c85a064e9685b07a99a0dfb9,16000,62720
422,3695.832494513246,15.60662490307098,0.8270142180094787,0.59,1.1400000000000001,False,id_93gfc4dud4du.wav,ecf036cbb4e44352124841fdb615ffb13c146fafc4e210dc60dd001394eaebe2,16000,67840
574,11189.430999496803,125.70915290499116,0.4059233449477352,0.22,0.0,False,id_2obi1z15e2mg.wav,5eb49ef9ed4e8782588b3f7a7c49f8d9174df3ee7b0229854ece71922b562738,16000,92160
422,970.4078794506978,53.86665255585565,0.0,0.0,0.0,False,id_nmityofqhi3n.wav,46f0aa38734e82fd3fd3a8f1077f27f8c6a04e2f32b22c5f8fc606c784fe1728,16000,67840
395,7012.417045142139,59.693613561251254,0.5924050632911393,0.81,0.0,False,id_i2q6ai2gaxag.wav,1087eed8fdd45bd326793ad090b643a9376d541b2b885e653252bc8d37b91db9,16000,63488
561,3532.629580779734,40.87774455617629,0.43493761140819964,0.35000000000000003,0.15,False,id_5qae75d6o7u2.wav,ec73000aedc89b26c2f2abf26af6c5ec1eb39d355d55109fa08eea9c98d74e4e,16000,90112
510,10087.730194275618,58.85297605637392,0.8098039215686275,1.43,1.5,False,id_s7s3e18pyphh.wav,4ae0ab7360b33d3ce7976601d28ab253ec97acb1f62e3620469af0d7008d0eb4,16000,81920
430,11636.291702900886,153.93396629710037,0.3302325581395349,0.0,0.08,False,id_n82wf8vtu8kx.wav,17e32f8858524b87eb97d2a12451d62ec37d8dcbe46190a47e06184982003cc4,16000,69120
526,1408.8648710930372,23.102596672670046,0.14068441064638784,0.51,0.0,False,id_9ykopnerqn9g.wav,73494984634dd83b6767010b10bfc4d11c7ecee50fd64bcfaab99b7e08f1e894,16000,84480
462,2348.3007154110396,38.336713608456606,0.025974025974025976,0.12,0.0,False,id_zsw6dt03c4oy.wav,cdb07d66b6661efbbf5dc89a8359248f00b2faa59621f28f95f2cfcc0577f500,16000,74240
382,3546.018847595145,79.8653142204237,0.14659685863874344,0.05,0.34,False,id_9jdwrw7u14nk.wav,a1e2a8038908847b5a2d5800b21d705584c0dd796c951a5a7453ec59469b426f,16000,61440
598,2176.683732768727,26.640898393871822,0.45819397993311034,0.09,0.42,False,id_nddoituuhfa8.wav,203939186489ec54573730d015a887d88c3418a1347528b8a5c9f064c0a1bf05,16000,96000
494,5578.706701602084,74.39178321467061,0.33805668016194335,0.06,0.11,False,id_aq3su88twjv2.wav,3c3a66cf4ed62447a8a34e7b22012f33cdae207b6c70f13050be8632f7715e0c,16000,79360
398,2511.110276351877,0.8200609733428362,0.9045226130653267,1.82,1.78,False,id_4fcclwvlqpyz.wav,55041e7034991af1f8f33d1ae3bf5c0ef7d741f014a598b93ab3172d6bf5981b,16000,64000
438,4435.996121504166,23.695614850230108,0.7853881278538812,0.4,0.21,False,id_5qobln00kf5a.wav,a51ad61774aae803d3555e939d8e5f60ae2f911d90f9125e64d34055dbde5bf9,16000,70400
390,3244.0311188396454,73.89675564383282,0.24358974358974358,0.4,0.0,False,id_7suuhahiad8e.wav,f43c2e779a4da6dfcc769728018d288e3f984882ec54121c2f0d68bae78c7133,16000,62720
2929,5778.424199771076,11.387163825992845,0.9627859337657904,1.2,5.39,False,id_74k4b2h66tms.wav,2b12e23c6afff3a846ce69bb2f362581db035cbb517f6490110256686ec9adca,16000,468992
406,2074.3553474513474,16.541314557230784,0.6182266009852216,0.37,0.24,False,id_5bv65bcd3vce.wav,87d91446e5c657e3da5ee04c1ab2d1e72c38c2553f9ae3534b831db574a02227,16000,65280
478,2033.7293520771145,16.204468270153278,0.6443514644351465,0.24,0.36,False,id_bfxbq3aimwfz.wav,e0cc1abf690fce6ec392786c04e416635b2041739a392881e7141aad98c4fd41,16000,76800
526,4615.174595830585,41.93696468982965,0.5741444866920152,0.01,0.11,False,id_cvlpyf4xfmkz.wav,eef30b215bc01acd3facc80914890d75275a0390dbfe4d207a592688d036953a,16000,84480
350,7557.525051397448,142.45365448240608,0.16857142857142857,0.04,0.06,False,id_yhkxoqnz30la.wav,cc56cc289872dffed2c2b4bc687c0a7b28cb2b12bb2bb62dbc7a99a9338a3e5c,16000,56320
302,7895.057355396476,77.79827063061998,0.5132450331125827,0.12,0.09,False,id_8h1l8z3z7qwl.wav,1cbdddcca81ade4ca6920b92db458e1c3c1a449f072ed31418c931717ecc3eee,16000,48640
582,2681.378168964609,23.621617750897443,0.6683848797250859,0.8,0.07,False,id_dur7cf37zndn.wav,52be7461c76f613b462d04f1ce0283c247718ccc8424c99b0fe0021c798d36ea,16000,93440
414,7436.842324703409,22.3022954916317,0.8743961352657005,1.99,1.11,False,id_jx7mbvyds5pm.wav,0e6bacacee0145ee656754015c5319d06483e35d442718eaf4857c5a8715261b,16000,66560
600,3933.140879755008,55.24323472562564,0.4216666666666667,0.21,0.11,False,id_eut4z56gc6ag.wav,2036b5f3e9a36068d8730c3ddf7044e71c211ae95e08b7ba86c7f286f1d7bcad,16000,96256
406,518.8153573285972,9.9689931562474,0.10344827586206896,0.0,0.06,False,id_ozmcxe61xnj2.wav,ad8ed033d739f6238b33dda6f3da3f41a14fd1c872d2db67c070f018ea60b447,16000,65280
334,9248.457544504381,105.38232764315038,0.4491017964071856,0.03,0.2,False,id_9iwvkd6s7kw4.wav,68a419d6eda59ba51325acdce2eed510d736e1881674f473644bfbb1b9fda4fd,16000,53760
622,10360.19215314079,115.93803920088942,0.4228295819935691,0.29,0.0,False,id_0fe9plcr81qy.wav,4541a60615bb4c986769ff57fd3d732e091abadffa5702769678a7409398fa57,16000,99840
382,3139.9368544606114,14.66096000449971,0.8612565445026178,0.0,1.62,False,id_rop08ud9jqo9.wav,d1151129863ae6a1232708a88363e1ad0f51f690a1bac05a548f715f434d37ab,16000,61440
523,4264.314330288047,40.07689483979516,0.5831739961759083,0.12,0.23,False,id_9wy5h07fvdfr.wav,989de8889da2de9bc86a79ce44006c9fda421caa48aa3444aaf4cd1d4b2ef8eb,16000,83968
374,1275.3019995279549,38.554002242073295,0.029411764705882353,0.11,0.0,False,id_p2xfdx15n1uu.wav,ab76bb09a04960940c8652cd9959cc425d12f6d0dc7e144baaf2f5a91d370459,16000,60160
422,2678.7080477349523,32.86667596679318,0.33886255924170616,0.06,0.0,False,id_ydisvxf627g5.wav,f55051f1d21bd55e74ef83f1fd1fbb29722e818af120934d9dba92a7fdfaef47,16000,67840
454,11412.22984455711,31.47713550466286,0.8392070484581498,0.74,1.86,False,id_bs8swae5544j.wav,0191fda49b22a7c2b92f71da7ee5274ea94fb622a3e2958c7840a4428fa8bf85,16000,72960
646,7137.532744933645,30.00056576064094,0.608359133126935,0.01,0.45,False,id_zrexdynyesaw.wav,e7af890f7d8ce83468535d166e7b960c98ec7274c0831be8d1d4e34d8c02c84e,16000,103680
414,4371.809186137931,24.679217394339112,0.6763285024154589,0.0,0.65,False,id_jeqrmutlsp2d.wav,3e5436c4158b491dba0ed498bdbce224e67213b908db55bec40b1ee52f6d39bd,16000,66560
518,10500.824882241395,106.48729167298072,0.4498069498069498,0.47000000000000003,0.0,False,id_pknnbdgqhze7.wav,83a9ab4d7ffda41affa56c2cf2a5a5d4fe3e75c6f790d2565f267be2e4e0b050,16000,83200
566,3745.914664671367,13.543024334555856,0.8286219081272085,0.3,1.56,False,id_79tto8fjfwiw.wav,a3a05ef10dbd9d6d2d4a05f0c5d69fdc764079ff2c29295b0023b8e26d995ef1,16000,90880
518,3432.1834879563185,24.455441901422773,0.6293436293436293,0.32,0.0,False,id_t1tahbt23m9y.wav,8241465186fdaa17af3dafe71ff05be53ea751d57d973541d4fb9f5562e2e0b9,16000,83200
494,594.3268082461029,63.54962560614781,0.016194331983805668,0.08,0.0,False,id_oe2wu2kfrp9p.wav,0f30e0c5bbc4437fd3f363f831f3e68d35d74bdbf37fb687e378b87818c473a9,16000,79360
422,4681.373139368406,42.9550830110005,0.518957345971564,0.08,0.1,False,id_v6bdbupic4sa.wav,7a1fb7b0ef68cc88cfde5d73598b876108f64ca03e09f94eb1e781f78d40b822,16000,67840
398,11285.089129909431,128.82714495903508,0.45226130653266333,0.02,0.07,False,id_o3j2z464q2rj.wav,52ce69b905dc92e504439c41d0354ae6f5602b4c8f4e1151e87d5db6d6914aa7,16000,64000
502,8805.434032885601,333.4678326752876,0.04780876494023904,0.23,0.0,False,id_shwwu8vp7frb.wav,908c55d5cc68815882c46967f576c9c82b75acabd1975434bd6b4f58ea63cc0d,16000,80640
358,3315.364705805381,0.7960837792774023,0.8770949720670391,1.6,1.5,False,id_r6mmzdb838cr.wav,a35ed461f0151d2c20f140e4e7f84cdd30647b5a9f2e84e1075ab169721cc6ca,16000,57600
430,7550.569317442229,98.57163386329515,0.19069767441860466,0.01,0.04,False,id_klpvhcq4438c.wav,e566388e6ccb838c362c2838e7f794e327569ecb3804bf62f28054991539f43c,16000,69120
574,3853.2932716703513,24.94523917632979,0.6480836236933798,0.18,0.8200000000000001,False,id_xgskggjqxeiv.wav,733d9813d326f568a20ace596c8a8c56ba1f9974dd0bdd5def8685b96ff73d39,16000,92160
406,8488.722998484518,128.46050343878278,0.28078817733990147,0.51,0.01,False,id_4sxj37cp6d9k.wav,e3a7aa943976858b73ef095cc1bfd5c56d73e253b4b389c41fe2c78e0df50bd1,16000,65280
470,5900.599868233738,39.68883620677417,0.6702127659574468,0.63,0.9,False,id_hgbtddej63bs.wav,253eb785fcdfba2ce18523eefe3432222828acddba187be49435a1bd94b868c7,16000,75520
334,7102.477628968641,168.85729980050672,0.2245508982035928,0.05,0.05,False,id_r3od1ae1xnyw.wav,3b4e173c32426506eff4fc6d142d4ab3ab6b1adf453c69ccfe9d1cba0e8c0049,16000,53760
478,4290.0544923695315,7.355694895366956,0.799163179916318,0.49,2.21,False,id_av016vr7g5uv.wav,d62d917effd90333073ce9ed2bd41582fbffc0f53959138af5402b8e2cd67727,16000,76800
358,4370.548635183001,36.97524367629387,0.6620111731843575,0.3,0.9500000000000001,False,id_zvdz9ufh315s.wav,d90e97e3126980d3b9480b09d5f9e22b64eb2c4731ab82ea11092b4f214abe38,16000,57600
310,8626.490246473359,120.89952366500822,0.35161290322580646,0.16,0.0,False,id_iy9zvv7c5y1i.wav,488d9597552560290832a84cb7179d342aec3c3e90ef5fb4852a7a795777a864,16000,49920
494,7573.3341153352,3.43274497057839,0.8906882591093117,1.83,2.57,False,id_70ngul6vqxa7.wav,9604552f104cbab09309f80363ad863b242ba85d77f84a1f451375cd31d9b2f4,16000,79360
462,9479.727123973558,52.67272643451081,0.7705627705627706,0.15,0.93,False,id_72cxuos1ylzd.wav,58fbc6c15b6a145480985a4afe746b15c5224aa1bcae7628a41f6e2f48bfaa15,16000,74240
502,827.7284654402071,31.023626343158362,0.00597609561752988,0.03,0.0,False,id_jcyyd4s6alr0.wav,ff930ddd46edd923c2fcac90006cd6045adca89102a56b336ecf3194f4a7a25f,16000,80640
462,9256.171320664933,256.2136507614712,0.0670995670995671,0.05,0.0,False,id_5uzv1t5kzjj0.wav,3f76cf32d4bbfed4f1f865d74efb9989e59fcecad3a26c8b6099534efac1f776,16000,74240
486,4801.531939652177,7.951083089610771,0.8333333333333334,0.87,2.5500000000000003,False,id_wur5nytz4isg.wav,46ca749442f773a44bb948b3bf5a346ebc509aec116b3a779f8d0efb99c72f1e,16000,78080
462,7660.64201340201,5.473230306405911,0.8679653679653679,2.17,1.84,False,id_cry6i22xj446.wav,42e5949692bc22aafb421461eb88a7389592e074c68887bba669e71e434b4a27,16000,74240
390,1137.231204505047,16.717464570831623,0.08205128205128205,0.04,0.0,False,id_eg9vfufq94wk.wav,9bdb543db0876d3a71cbe42543a8942dbf0bed9f07cee45b4a00a9739d1d76d5,16000,62720
398,12262.112467168941,288.3272894109556,0.007537688442211055,0.03,0.0,False,id_5zk0h58qb0w5.wav,95e3001644f30a835448836c2a9d01f5859d263d49b0f8bb4bd7c5c15efd5654,16000,64000
369,6593.145290944224,42.051961904291694,0.7777777777777778,0.23,1.36,False,id_1unj4avbv0ne.wav,582bd87de2678c1829c129d077d8f62ccad6cfe1d79f51cae9944fdc56961ef0,16000,59392
350,628.274963690262,12.229213329691856,0.22285714285714286,0.18,0.0,False,id_uz00xnxw7m7u.wav,b23efb7b6cdd1dc7096e790ac19e9afdb55234d553482f4534d60a801fbf7791,16000,56320
420,5099.373213199834,109.678957502972,0.15,0.18,0.0,False,id_vof3tq73pgg0.wav,623c1c7f8880727e8487cc4d65073f0455e9b069aea9080d9e1a9da0ea5178f6,16000,67584
326,5964.705502579319,30.92637757967903,0.8619631901840491,1.31,1.5,False,id_3jntpjwyvqqr.wav,cd16946f0f425ff81e5c21c2c7231316beb84f8e8adb5326763fd79215e6f4ae,16000,52480
395,3654.4414973426515,41.87170882588863,0.43037974683544306,0.33,0.01,False,id_2m2wykzx3w81.wav,54197337d9a9496d91c207bb387c1a45d10d97a5e5b584cc7782d1d06da27c09,16000,63488
478,3301.345753249726,2.315970181839182,0.7740585774058577,1.96,1.73,False,id_l7m79e7ros1t.wav,90d5cdd27ed1f3e5424bf0984aae7d2c1b9f19c51cfcc6e9075cb781929d8514,16000,76800
406,10362.956907056017,202.80134366937133,0.06403940886699508,0.01,0.0,False,id_xhbm0qskmrt6.wav,f335174e89062308a06b8c01c45e0f51e4eb4c568d94180f0fc2d53a091362f6,16000,65280
526,2259.842428688337,11.38194098714466,0.6520912547528517,0.15,1.82,False,id_takq9h1rg4m3.wav,5ac3bfb3935aca65b50a5e3add050d13cff823dab6a028119265c128b8e0a13e,16000,84480
382,1257.1547368959798,10.63208458526407,0.6020942408376964,0.27,0.0,False,id_mw6ql4k57p8o.wav,c8635d89e37b6e1ecda1bc1e56e0442792cdb7bdd7091ac5cf2dfd78547b9e5b,16000,61440
382,5134.237293892833,92.27691464104402,0.02356020942408377,0.08,0.0,False,id_60knjn5xr2a8.wav,f5d8ef191a5b04f014328a2656aa5f8ed24bbbb890a9f6a7851678201cbf8660,16000,61440
406,4259.875497006926,26.41235461366803,0.6724137931034483,0.5,0.77,False,id_9ygxihr3rr5d.wav,8ab379f8957d2cd3574da83844e792c5b03be80a92e57cab7efd1356d03d42d3,16000,65280
486,10980.331656990147,49.703909861503135,0.7654320987654321,0.25,0.78,False,id_utt2b48vsamg.wav,8bbe92eaaecd97fc761cfa1ba32353063189295c6fc6db746a6e01f6afe9b387,16000,78080
446,2934.4423746258844,72.16844008853369,0.07174887892376682,0.32,0.0,False,id_usvqedq3aguw.wav,cdefafb3f14ac93e8ed0d8c3ea17421ea763a9b7537d060ad1afb81df8500184,16000,71680
374,7743.479418194382,185.97519923063254,0.1497326203208556,0.16,0.0,False,id_amitsets343k.wav,ad553d28cfe5a6a26e21e491d24add2f9173fe3d9c84a966223a86a9cf343fde,16000,60160
484,11162.211395149261,26.59044768113307,0.7706611570247934,1.57,0.4,False,id_onw3vqsg4s7v.wav,51e7f6590323acb540ef448a3e19f0f9d55502c5f23372e7f9b54d2ab629e599,16000,77824
542,5133.3525419554035,177.10030020311046,0.0,0.0,0.0,False,id_2wcr47rru7uf.wav,8ddf9ccc374aa1318960001e88357bd6e3cb77dd001d1bbfa6e41d70ec832c34,16000,87040
366,6206.2526201404335,19.947336643684366,0.860655737704918,1.52,1.6300000000000001,False,id_o6p3t1s8iyci.wav,a093e719e5648daa25f3634ca20c34760f37a329b983f1ad6288a19de7892704,16000,58880
382,2776.5555504977747,44.731581300605626,0.32722513089005234,0.1,0.0,False,id_je2xwkn85diw.wav,1fd42b4f1411a3947aea8284cbf6f751dc6baeb076063161fad9f8e54213d26a,16000,61440
374,5509.394424072396,5.993940889425068,0.8074866310160428,1.49,1.53,False,id_817eba49vneb.wav,23b8183d113103bc05a1d8ae6e1000f95410aeb3ea4887e0c62b54a57b8d7baf,16000,60160
526,1170.9967976045025,25.13607936988878,0.12167300380228137,0.01,0.0,False,id_ngq0ou23j8ft.wav,c7df7bd910b00f474e4c50d1648f8dae76de2e0bdaf5ce21b7a1bc8c559fa981,16000,84480
462,2828.2650861438005,26.43290908474382,0.5216450216450217,0.23,0.0,False,id_amvqo5ytdzmu.wav,b352fd2d45a54b97fff63c9bdefcc988a28ab64addb24b8ff327c1ecf8604913,16000,74240
398,1648.0710732550342,23.71826120522565,0.3944723618090452,1.57,0.0,False,id_rep7e46betbe.wav,66530d5a86f208bbf58f7d934a011a6927e33f29ce70ab4a9f2f0ea840297d43,16000,64000
374,9175.404610969481,307.64215261339734,0.10427807486631016,0.01,0.31,False,id_p2km4ezp0ff5.wav,82c82b912796d757481a3e4b65ea7fc3f5a1fab5ba077b4053facad596ed49b0,16000,60160
270,1268.139041075544,127.99196683312258,0.03333333333333333,0.09,0.0,False,id_c05et01nrbao.wav,bc0fd77fcae29afcba513da13c1c3b967ed6c0fd5f6d6ec0c02af2673af470d0,16000,43520
406,2786.0528072884763,49.794493178959684,0.09113300492610837,0.16,0.0,False,id_is255lu48czn.wav,e415f696a10e7ca682e864110d70ab4b2a32ef8e7702bbefcab6c38d44be655a,16000,65280
382,2573.372750399755,11.461708733178764,0.8429319371727748,1.1400000000000001,1.08,False,id_yx7tuduyno4e.wav,e1d4c5f5f30a2a7a9d74d458624b452c8fdc84ce174726d4611d27fae7d0a2aa,16000,61440
310,3430.519495644938,17.98888549871765,0.8,1.4000000000000001,0.9,False,id_laun2ypbxy0j.wav,cb43e3c7187310eb26fb99aedc026ddbb534329b6d958bd83d47408f43503186,16000,49920
350,9378.211236157991,9.698578862909951,0.8885714285714286,1.6400000000000001,1.47,False,id_3b3j18291km9.wav,808c5e4e1b99762a7f7cc52a6c4c41a2b09d18d739da40a97ce1c435ade36cc4,16000,56320
342,2898.8839223052723,27.642493525678972,0.52046783625731,0.06,0.08,False,id_bwwe7ohdws5y.wav,09d41b09caab1bf8311f716126d6ce287622acde3e579e83088c6fcfc077d023,16000,55040
382,12548.093235029775,13.37955506124798,0.8664921465968587,1.51,1.69,False,id_4bsednm7vyyc.wav,402abd21dbd9fac22946b98c311cd6b4eadcc0460b641e38706197585bbe0d2e,16000,61440
366,1684.551701492121,6.21950743936878,0.7923497267759563,1.55,0.05,False,id_vki2p0v3j0de.wav,c6bdf632cf91260dad0cde63ae3172a72fb9c3b42a819d2748e068291cd0fc3d,16000,58880
646,4969.848805798824,62.26067145106115,0.3931888544891641,0.41000000000000003,0.0,False,id_pdhx7cy4tkq8.wav,42a1785550f2a9968250e1526348257194433419046fbbeefb726d7daada1d29,16000,103680
414,4562.4488980699825,18.593909082651408,0.8285024154589372,0.3,0.3,False,id_mgqgelnc8oot.wav,8f1b7e4cad6ef5b23b04a3970b9b25e2dee90b3d5c121e9c9502bc48c6ae5892,16000,66560
518,2052.6536812136624,14.433381446927106,0.7162162162162162,0.37,0.51,False,id_ud00lfsbo78q.wav,49ae3368be4a20afff1e114a04986d816c8cbc17f98ae158ea83e16e8cc344a4,16000,83200
494,1168.0544989425794,16.340708045567016,0.05465587044534413,0.18,0.0,False,id_s1vdv2k7pzec.wav,ea9ceb341409c0b19f2498f572a5d9a4fd04afeca6325991c74dd12d2c18c756,16000,79360
422,3590.4865022027307,222.87167073201064,0.016587677725118485,0.07,0.0,False,id_366jn9zuf9wt.wav,ce8f84758473b037160e62dd958077050def58d30925fc5677acd0ab1ec1ef14,16000,67840
494,2466.067808272919,22.205967327159637,0.5607287449392713,1.68,0.01,False,id_dcweohgz4tsu.wav,9f95621ec1c925ad4317a1d1882ed67f153a6a35283b0443976c98f0417ea232,16000,79360
422,5203.160951287208,16.882827814309422,0.8601895734597157,0.96,0.03,False,id_090vpkdgsp0f.wav,2b05159de99930695bcd58d1fba15e3a02189124046f32833d56d1574257db7f,16000,67840
318,11858.480663643215,116.51750343967791,0.5094339622641509,0.13,0.14,False,id_4fvyo4mgaymm.wav,32ef6e7bc5453d17cadb4500342b916020e8f8f2525100ffac12ce3a0d779b44,16000,51200
454,11416.08107780424,124.76476292088466,0.3722466960352423,0.5700000000000001,0.0,False,id_2czf5hv3j4tp.wav,0051fa35a9bd33053e4efed754aee100e2c0232ffa975db260c5a184ef60f56a,16000,72960
366,6983.784190716377,194.16658105267777,0.10382513661202186,0.01,0.0,False,id_kw8c7duv0sdz.wav,5506c97b6c53d70d6e19ee90ce9e632eb90f7d9835a4205d4a94c12281931932,16000,58880
398,12278.74077134948,14.229411276068687,0.8567839195979899,1.6300000000000001,1.78,False,id_9w77hksiehjz.wav,2a370400c00d5713fcc1c3313e0117abae3f3575fd997b99314c04152f31a089,16000,64000
1518,9026.743702465468,145.39666883923223,0.055994729907773384,0.0,0.0,False,id_vgwwhudzd01w.wav,2aa4e328271b5ea51fc49f4ec35caf4f892553bace0def1c176da8d0d2f228b3,16000,243200
462,7105.471348369509,16.27819239207855,0.79004329004329,2.54,0.19,False,id_270kprqoz1lj.wav,022d6a886c66ea6cf869ca90afbde156d847b4346f91ae2c60af225e1c213c0c,16000,74240
414,9469.025521932022,249.69174261252914,0.0024154589371980675,0.01,0.0,False,id_ldzwm2lmjvse.wav,5c41ede7fe60ce1e99d634c0181223b36a4a557ee0ee815d246a2ec207d7a299,16000,66560
398,7212.674293214688,173.17235819304892,0.002512562814070352,0.01,0.0,False,id_qf11ibv0958n.wav,2997ddb9bde0bc7cba8a594b3f01b116245a92e7dffc1ef70e9506c9921abee9,16000,64000
374,2938.7929192952674,148.8585902303996,0.0106951871657754,0.04,0.0,False,id_dl262g0r5749.wav,22039ed8d86eeef26256bea092c3cc4097c96baae61cbef4e7937a6e43bbf182,16000,60160
518,4288.910032863828,25.889850373731278,0.7586872586872587,0.36,0.05,False,id_m233xnl43q7r.wav,469e6db7e9ce585458cf6efd351e2b844b9aefd07994e84ff60e15bf8fe79912,16000,83200
526,10097.042598454262,470.0233716519456,0.0,0.0,0.0,False,id_20w1gxv3xqja.wav,92ba1db3149dfe3efde0faf58a73f90e681491c2fc1efd4b684c5eafa2f68061,16000,84480
502,5475.3299033026315,51.35051521846457,0.5159362549800797,0.16,2.13,False,id_ot22qlncnhwo.wav,37f38e2c4c58fd2d664bf8ff8631e2d5030fc8878d8928381c48083925a92484,16000,80640
523,6876.749026066023,91.99346444177435,0.13001912045889102,0.0,0.0,False,id_rv0i5b0oeaa0.wav,709accb0038d3dbe411c23fcf0d7a617fff60fe9a92ce4563c83932ed668fb1d,16000,83968
638,706.237060058448,8.957272365905737,0.4263322884012539,0.0,0.78,False,id_d7htnheuy6wn.wav,46a8903b46f7f7d66518cd97c8b2c3b5f5b630dedd0790ef7971704e1aad7313,16000,102400
406,5293.817459310436,51.46287208183796,0.5049261083743842,0.14,0.0,False,id_5z6efqnnbbhu.wav,e019bd4e0c65733b23c099fe72a7cddaa47eaab3ca7cd6ffb3afc657980a92fb,16000,65280
390,8412.637309280604,5.829129389256028,0.8461538461538461,1.68,1.62,False,id_ayzmscol0z5b.wav,c1ee515c6d0c90069ba41cdc82ebe0247b0fa746e7ee2daacc900c4526176131,16000,62720
878,7957.068240564486,328.6894360967724,0.0011389521640091116,0.0,0.0,False,id_oyq0w4nbmji0.wav,4d02bc1199c1602b568f2af4cafde6b75a26c3e6dd8e092085e0496a8115d005,16000,140800
366,5691.056027443413,24.77783764585196,0.825136612021858,0.23,1.36,False,id_w4zko8isocu7.wav,ca9b11d275e4cd9d6a450108dfd2c0df44b7903d528141cd9362caea6e045f67,16000,58880
502,5289.948735101315,50.122624020044746,0.5219123505976095,0.66,0.0,False,id_q3nrqe7jhjyx.wav,2f29b139da363119f704f20a9046a127f3e30b0133602f3278c8390f6e3c7647,16000,80640
534,2294.9877379846716,0.33166247903553997,0.8895131086142322,2.5,0.53,False,id_8m9ssztkpcbg.wav,33a7d8d16f760bb79eab561b87a66dc6909b69103f9f99d2fb4809dd2800137a,16000,85760
478,9527.293701912417,288.7316776863363,0.02301255230125523,0.06,0.0,False,id_aso285bikqia.wav,9c1bb3626aaffd1a0931be4992fba9d079c47077f911bbb175649b46c600d806,16000,76800
406,11316.069912297291,28.22870836295421,0.8325123152709359,1.6400000000000001,1.4000000000000001,False,id_lrhr1fp5ydpv.wav,74e997897cc0fe31a9e37820d6e2b487f789a19b22e4345623a03b0a649b7069,16000,65280
742,7955.015125064188,13.019301107636789,0.9204851752021563,0.01,5.38,False,id_kaabt8e76zlw.wav,2bd1391c2abfeb19511a5fc4a53a680a56ffa5cd9747e3ff0a0149ba7c45e353,16000,119040
438,2488.0095553474066,172.53250834960573,0.00684931506849315,0.03,0.0,False,id_3c9v5jm1hmmz.wav,6117d0d38f538042b18e57b118163f3574e8ae47ba251126956586df4114290e,16000,70400
326,2733.6207015604778,9.397003585503043,0.7883435582822086,0.29,1.19,False,id_nbj3n0sfq3qz.wav,cfbcbd166e30ef5d673ddc5df4cc733ad804886ba9a02b3100f3291e0b67e4b4,16000,52480
420,2396.38430661695,9.052071548188408,0.8428571428571429,1.31,1.29,False,id_t60tbp75oczg.wav,531c7dccb56078f205c06114b9700ca8f1961e09aa35ed417629ed53e1249ff7,16000,67584
414,6035.888101804076,15.326780572823226,0.785024154589372,0.28,1.6600000000000001,False,id_zg5r8d3w0vls.wav,ac5ee10c7c20426ceceb619f25ef45728f9e15296244914118c0075feda44995,16000,66560
614,9246.635215850141,228.54177956817614,0.02280130293159609,0.0,0.0,False,id_6szv219ilrvt.wav,8b9f8186c91cc8e2f351acaa347b0002c40a1040a907ac1f09c0e4b49229f74f,16000,98560
414,3284.619004542232,352.4350613109134,0.11352657004830918,0.3,0.0,False,id_4kl16xjhh58q.wav,8d98f1e72658325539c71629cf69fdc5987e97386c7833ffe3ba7a62bb8f851e,16000,66560
550,5359.633300422707,47.117592155473815,0.56,0.49,0.16,False,id_1kwmypt6w7ns.wav,aa76bc6eb49c413577d2f266ceefa1074c4c9a28ce980dc1bf5cf27608bb56bc,16000,88320
374,6033.410852494632,7.932370164343844,0.8529411764705882,0.4,1.58,False,id_1c4o14emghy8.wav,19113f570e50d2557b40e8cb2c4b9f6f64f28a922c5f280e8fc68d50691b3ef8,16000,60160
494,5255.1126655381995,90.1062136904516,0.08097165991902834,0.14,0.0,False,id_vmpcaxq1yoic.wav,27335bef0b0513472083a7a4ffe8c1fd2711eb670f40d3178f2c942152b085b0,16000,79360
398,4639.660836472855,14.125991174772434,0.8668341708542714,1.69,1.76,False,id_viqggpkqt62k.wav,9eee037bf21bd763a28d6d7174b650dd1062c9b656e05070eba7affd23af7a19,16000,64000
422,3223.787480588632,53.642303388732266,0.13033175355450238,0.1,0.0,False,id_f67d7ky8vysb.wav,aeb61e070e639852d1fa716644ec8f1f4b8151a129c3458dcc362284a56ca3eb,16000,67840
470,1796.147177989599,36.42052952614317,0.02127659574468085,0.1,0.0,False,id_5sxyk63i99cb.wav,e41cadac2fc24bb5ba5d95aa11623dbcbf2218fcc2eb4ca07b35a4132523e9d5,16000,75520
326,4305.254851341556,7.901659108043395,0.8496932515337423,1.47,1.3,False,id_xzw7r82igr3e.wav,83b282e9e3ada3f69b9459a33c7107b89211fdab0f26e91b8f6469bf27f6b665,16000,52480
462,4122.122722881986,13.072918856949222,0.7835497835497836,1.02,1.74,False,id_qkobkik9qrzq.wav,4e98f70fce4462a260df5e2174563449329a02bcd1e52c2c03750fc908b33a04,16000,74240
366,2590.8446721098508,1.3224010040967928,0.8961748633879781,1.6300000000000001,1.6500000000000001,False,id_rpmuer21zuyy.wav,9b6652a3e7852656aa8ecb79cbd9c1265e02c068b1c53c0f678ae379dfc46535,16000,58880
459,3082.3709551252914,7.928114529949728,0.8387799564270153,0.8200000000000001,0.03,False,id_clwxz0b9t8z7.wav,b09bd8ecde360a5e8d3cafaefa487a7cac58bb0aed7f16020c4fe2f001489d1a,16000,73728
510,5378.859057225798,18.177832864712997,0.8745098039215686,2.39,1.08,False,id_sgz8eoa01u5d.wav,7c3c8b922b77f27c2b07e4d8aba7ffaf16677a33a7196920da3a70ba39eeb783,16000,81920
486,7758.831540090299,20.727271405255706,0.8806584362139918,2.45,1.83,False,id_10hv6wfhhz7g.wav,620bc37ebcf9f40016fd80ab4685a860f9e338664daab27d1e7456f36f6230cf,16000,78080
302,12446.783841318207,15.981635665926472,0.8543046357615894,1.31,1.27,False,id_uvbdgvnau6er.wav,af330a0cfd8aac6cc5b25b5494db513702db8e0984a54c0dd0f026f4b9624ad0,16000,48640
310,2654.0243193120896,34.16766190176551,0.2806451612903226,0.21,0.02,False,id_r5qb1ao6cpzb.wav,4312a91e641b7fff25f5a37892f1b0902031aba858c5b6c7c29e51a4f93a4ee9,16000,49920
478,5097.498952672771,21.262466901851475,0.8347280334728033,0.09,2.11,False,id_ltunajhgq8zt.wav,3764d0b98420bf6686dbea6d95384b5fd88b6a7e1182d3f1af03b1f1eb18da57,16000,76800
494,7367.848463934366,49.93642124949406,0.7753036437246964,1.35,2.14,False,id_6ljcok2j07f9.wav,52f98fa0468acd093f03b7b7031b6281586f8f884a8975ee0f8a1a1e86c34968,16000,79360
518,4252.073607076905,47.19727495476586,0.4247104247104247,0.02,0.09,False,id_rbqadbp0fib2.wav,dd580e97f020e59b24427c9f5865581d08383ec46c90463bb49ce90d9572c937,16000,83200
406,4205.266767102891,2.330761976618321,0.8842364532019704,1.49,1.17,False,id_lq7llv1kte96.wav,3e9498d06590353f015cd18f49b0725e85874bafa9adbcf76f6f08b195fd1598,16000,65280
414,981.1668499801651,40.81220495810312,0.00966183574879227,0.04,0.0,False,id_3oeoe9r3pign.wav,3c0aee0f1d0c17268c88f69760f36070ac117300828442d2640230bb10682515,16000,66560
390,8082.708204865496,80.03260632354099,0.5076923076923077,0.14,0.14,False,id_x9snls0muxkh.wav,e912c79e68291f7fafb9915dbd54a02f97a8747941de90c2bf8a6f8166bdfae0,16000,62720
606,12179.345984493584,71.57954396485292,0.636963696369637,1.6300000000000001,0.02,False,id_rfx4zspwabnx.wav,581d2a715f7ab029eeddc27efc1022f6009789feda64defeedf254d7819ff188,16000,97280
582,4302.803586326013,6.741661493325964,0.8986254295532646,1.3900000000000001,2.5100000000000002,False,id_bhrr2rp2xep9.wav,8158deebfd96f8ddc6525000f1aee119fe5a79876da257aa0b8b6533044e309a,16000,93440
454,1883.7421340247183,23.797452428840316,0.29515418502202645,0.22,0.0,False,id_uiqhmh1pv8ik.wav,7954fdc94021bc9c8c7f7a219d451be4d1bb653f9a478f1aabcd6b006325c85b,16000,72960
438,5361.162038681539,32.24608497308679,0.7671232876712328,1.74,0.54,False,id_01dntd19l4a8.wav,0883ef5c22dc69e6543596f85c830a3a687611e49da028aa8d722b69e30ccc66,16000,70400
542,5043.396682544414,9.144324049404771,0.8726937269372693,1.67,2.66,False,id_ad7rmxekezzf.wav,55a82a881cf969b508ece53513fa684e6da89c1d72e029e8eb5b5cde8e22afe8,16000,87040
497,5054.973038998329,38.37274423337481,0.7404426559356136,0.62,0.15,False,id_ese5dxdwrtgt.wav,c9bf0f048045ea5a1fd7a7fa80996352664b36e8c9d1fc40628d20d6e09af440,16000,79872
6206,192.0585002024123,4.95920856618498,0.0,0.0,0.0,False,id_toljkyjcpo2g.wav,8304ae07af47b98484a649650e52ada7d05a5fb3f6a590549818692897dda36b,16000,993280
390,590.1373547742932,25.457266764905164,0.03076923076923077,0.04,0.0,False,id_eblpil4i4i9w.wav,5cff485e7cd37e06143e44e4c88cef3d72f290fa8c0a69cb1758b6cd1b11277a,16000,62720
510,6188.776333411962,63.819985018493966,0.4843137254901961,0.11,0.43,False,id_pmwpmx9po412.wav,bc6341bacedb3d5b5f8d5583fca0192fb2a6062a2a2348ff5ab272d6f8775515,16000,81920
550,9650.827053159745,8.621412294554858,0.8709090909090909,0.09,2.56,False,id_6olx5am2ffs1.wav,f17c3b5cf12b3d986aed396f9a0de7aec5b257ae6e918efeec798eb66e77da19,16000,88320
502,5330.931300673457,186.3067934972724,0.05976095617529881,0.11,0.0,False,id_xtq1g3odwkzy.wav,004f4f361aec0abddd4ea5812af385412800a9cb4be67f23aa38bcb170792c51,16000,80640
494,10922.174867786178,348.92644660640156,0.022267206477732792,0.06,0.0,False,id_avbc4jwxzbg6.wav,86d462f7f034c009dd930a97f62934cd3a63bc93067f44f5118f382172be79a5,16000,79360
342,4132.048374898339,338.68754030501844,0.09064327485380116,0.31,0.0,False,id_rur4dgxmrs5t.wav,78c369682785d14124583e37e24077996a09f001ccaa8da6128d6e64640cad95,16000,55040
486,2319.4326596174333,58.57296433836962,0.0411522633744856,0.01,0.0,False,id_7yuqcx130wjr.wav,e79c81fc6f3b371bfdd26bb7657ca44ae5f0168fd60e160cf4aa1293331a808c,16000,78080
398,9306.744822573572,64.50691240414884,0.6432160804020101,0.2,0.0,False,id_bk2j015i7zk5.wav,25626dcb870d2b793e1aabed45c79593a88810beadbe896d69d6c6103beddbc2,16000,64000
430,11167.856784316318,36.80200397913826,0.8744186046511628,1.48,1.12,False,id_wislj4l55j9k.wav,b67d27bf293b9ec7664108efa1237b78a4287f9a98bea3da8e2ef91518673322,16000,69120
478,3355.044957970012,36.49187186909403,0.44142259414225943,0.0,0.01,False,id_1dkpnb2vcbs7.wav,a0d8750421c8d5485c9df1ef608bec9e7d1fafdc8bbe0d63e0f3a82515cc236a,16000,76800
766,10914.419895601415,41.341840325767805,0.6657963446475196,1.85,1.12,False,id_9m5ry98g89tz.wav,52680865a42704f0212fcffc0e8eb98bbc584ff112acd96027977e1990becc3e,16000,122880
459,5427.113908653475,36.66940141316736,0.7015250544662309,0.26,0.0,False,id_q25kg7tdgd6h.wav,ccdc84f2fcc3aa3006bd21d92e5fe35e00f325f98f1b16f3653f1596b8cd5ecd,16000,73728
598,7342.053394657382,215.32861595897646,0.05852842809364549,0.0,0.0,False,id_bc9iiin52t2o.wav,b783172b4b41b6734234d43cb26787b1dd21d8cca9e88ef0f70881410d10ff1d,16000,96000
438,6716.760480693055,47.57979922032776,0.6004566210045662,0.31,0.0,False,id_imrgicntbqbr.wav,2e55c1b5c08f53ca951921cf5e2178e41f0a5e145ee7a758aedda62f924b0318,16000,70400
395,3689.357409495589,29.704545106767753,0.6329113924050633,0.0,0.61,False,id_forg8nanb628.wav,69ac6a4e65392c1d83fbcb30f8f9ed6fdb1c4e79661b4635fd02bfc987ba78dc,16000,63488
430,5202.91067985027,23.532767437414424,0.7953488372093023,0.0,1.41,False,id_uxsbxn4r0kl6.wav,7f74b5ace145eacbc7bcaa5a0eef54d4335d9937c54241cda476a7a76937d318,16000,69120
790,7375.376015499141,63.656930218190524,0.5443037974683544,0.67,0.01,False,id_osuw83d5ud1r.wav,7ebb8a3e4c7e284db5f370700970067d2448642c2f39b840b3aece0a712519c7,16000,126720
390,14521.338687514317,19.165978621301974,0.8256410256410256,0.1,1.42,False,id_ore1uncoocjo.wav,29f30823c1e63c6d425544fee34c0451b9c076b43c886cc98fe6bb2f463fce8d,16000,62720
382,5798.524969119302,235.5553819660355,0.0,0.0,0.0,False,id_o8mcyt7x8r91.wav,011f16b420ea4a74efe48aba1c1bb120e15e50f9a1a4116b926adea561001e76,16000,61440
518,7915.837179667101,126.73500514593455,0.20077220077220076,0.0,0.0,False,id_1la687f3j5p3.wav,ef6b278e8982970b2cd2cb7e0509a52a81cd55270d23bfad20bb2845866364f4,16000,83200
374,10942.849533485325,14.152737615986455,0.8449197860962567,1.79,1.37,False,id_r1icin2t52qx.wav,8aad82a06e3af008dfc50bf2d7951d9e448999a782b9ffaae26999d0db636b24,16000,60160
430,3292.1806906669017,17.608423094514915,0.6627906976744186,1.9000000000000001,0.0,False,id_c3g4ixlgnh1o.wav,67dc53c3a9d82358aa1df99122d161b9637bb122d45c9ab3dd00ad7fe73e6333,16000,69120
510,3186.6282560882437,32.465634075077304,0.47843137254901963,0.0,0.0,False,id_uj7x4wwjcoe5.wav,cbd83766673c5259dc86ca1ad964e69506bb34e11638c8b9a6cd60e2759091f7,16000,81920
486,8491.810319213448,13.82348263893688,0.8436213991769548,2.47,0.86,False,id_jm6h8gqin33x.wav,5165508a00d01df8d893b337bd1a293cdd3a1839b91991c8cf85d98629e0cd41,16000,78080
374,4370.889443522909,11.78807491459905,0.8155080213903744,0.8,1.6300000000000001,False,id_svoeowfdue9c.wav,78ad5c3fbcef6e7d3d9b8ddadab3dbc038903a3e3b447969f8454b138e8e8eb5,16000,60160
478,5702.814601799711,16.023497123667905,0.8242677824267782,1.43,1.99,False,id_kvz6uqgtts23.wav,8b1f740caf72dcc7a962f258a5d83e177eadd6b0b96b6cd56cbc7f0b4ddf541a,16000,76800
534,13287.829556214212,98.73244938260743,0.6704119850187266,0.01,0.0,False,id_2e06s8yxz1m4.wav,6cd2a8a9ab889f396cfb02ffd2597fd632c96961f032eda6c0ab33aef69aebef,16000,85760
462,2296.0787001973604,125.84398889015367,0.004329004329004329,0.02,0.0,False,id_cypyyrqecb2l.wav,e4932c60c64a9ab0ca107d3a33c6b142598276eef559b75497e33054fcbf19bd,16000,74240
310,1072.8757873118398,242.8540189036717,0.02258064516129032,0.07,0.0,False,id_ea5gvr56h0f2.wav,b61c41c9751d63fd58839ca56802798b10bbe3b55c68efdd41b7ca830a89ea05,16000,49920
318,5568.889419354635,14.849052282775563,0.8238993710691824,0.0,1.11,False,id_rwqgevnobrkc.wav,f8450a4d5ea681b5e386720d82471f0ff4f2bf5590eb1ba85b4d544784cd114f,16000,51200
542,3373.1060296853993,63.92119753463348,0.03505535055350553,0.12,0.0,False,id_9fmy0zlgbxz4.wav,5e27ae680c38ea7b7db0c8ffcf31b1527f9e4999424a271c1295ce6b75b5ab39,16000,87040
470,5850.931686492332,118.18674040272668,0.06382978723404255,0.0,0.0,False,id_2nt530osmnqz.wav,66bf69f7bb9f3918f739a9ee1b09a9fbe361386e011dc8c96d7033ce05b0c0a0,16000,75520
334,7114.006606336545,45.134028354934316,0.7574850299401198,1.04,0.98,False,id_7ojfk3y12tai.wav,4ada2c7bdc2c94002cfac32df342a8d9f6457097974f09ea9a4c4bead8fbf8b4,16000,53760
510,9932.203610981804,93.93587563212967,0.6019607843137255,0.71,0.05,False,id_ybx36jct7wpm.wav,c03812a95520da9f1528c469a3223eafbf8a9eede9c930cdf5d0ec0ac95ef7ab,16000,81920
446,2250.8449791133994,11.47088204052751,0.7623318385650224,0.25,1.67,False,id_ynit7cd7f4jp.wav,e76ba0401c2e0db05118d6087e45f5654e1da1825823d747783328be755b5fb6,16000,71680
382,6585.788260717163,3.1687329812929597,0.8821989528795812,1.62,1.52,False,id_aama005456q2.wav,4b7ecba4bfe5ecd5c057ab5ffdb741b0ec21cf84bf7f630ae5735bb46548161b,16000,61440
430,12797.79317470399,83.11110296431497,0.772093023255814,0.13,1.57,False,id_rsvwrgx6lcb6.wav,0c9ed66f08d46af7672b55e60939d79fac2d1bb556531f76a03bf209c2e2fc3e,16000,69120
454,3352.801037938279,26.837518010287734,0.5969162995594713,0.07,0.72,False,id_2vg8lm55j7j2.wav,45a0ed0cae01c18689836e679659126fa0eece99a2e4551d635113c85c418de7,16000,72960
438,1434.6686568681982,57.600252979278565,0.0228310502283105,0.08,0.0,False,id_uuqtoy55wqx6.wav,076ed869f60e98d0333589681178c3136f0d4372a7278bdf5b3e7da6c9d24d76,16000,70400
518,7068.172188232259,33.341509220853396,0.7625482625482626,0.0,0.31,False,id_7uvhcgxl4sx6.wav,04cd46e6cb2b1c037b0f3e6de59dc594265460197871131bfb01f03bac4df22b,16000,83200
582,3536.5490287142916,18.239345779693547,0.8041237113402062,1.1400000000000001,1.58,False,id_jtznh406l2zi.wav,07547312d0c7ffb658e1d416300e3a36282ce9500f73f378bec384396705b857,16000,93440
502,4037.7739585073355,11.486270084225836,0.8864541832669323,2.32,1.53,False,id_20ky0ddmrc3g.wav,f9e0b9d984d2af7ff089845e4d47156195ebe2e4f72c2cfa214caba917be6a66,16000,80640
622,2135.1814524765805,21.991674164253098,0.4807073954983923,0.0,0.0,False,id_edwy74cljdl3.wav,c65c6a94033edd8086fc7a3087bcfde0989925a26b2e0b0bdffa635d0257c3a1,16000,99840
534,3560.168886443451,365.51533526142396,0.03745318352059925,0.2,0.0,False,id_tzzh4jowrytj.wav,93a514bc044c0765469ebbf7236116142688396ae0803b0c5d2d3a2ed6b40937,16000,85760
414,3478.739127183871,122.67833368896163,0.014492753623188406,0.06,0.0,False,id_2pkkuc9wjxx1.wav,3e20613bb570da5c04249592e7b2b2ad06e5737eafff247d821eef08a2a08682,16000,66560
558,6461.650832798071,61.731418301041614,0.5555555555555556,0.18,0.36,False,id_uxdl7uao2hjz.wav,7c6c70415289504a54183479b95f5870f523836a634904ea1181447cdaa48694,16000,89600
510,1854.725492492083,19.482128538602105,0.4549019607843137,0.0,0.0,False,id_5rpyp7agr1e3.wav,58e32ef6a0b964d1051f3fb993ac1684f66c18dae18eba69d497faf6e454d9e2,16000,81920
318,5223.029942715243,186.26419558074656,0.03459119496855346,0.11,0.0,False,id_ku7c3ou8a6cb.wav,f56bc3c04e0f56e4b32253875bb311cec63c589adfdc1e39e0b0a1326446fc77,16000,51200
438,7290.341093700624,90.359358272227,0.3789954337899543,0.33,0.39,False,id_v77v4s3ww6nj.wav,4fc287b18bbcd9b75a9041b7348b70d8a57be4ea7cec2ffe0d1fb5a17fad2c90,16000,70400
382,1582.5099304585738,16.0643238234021,0.4869109947643979,0.08,0.06,False,id_ez7y2qpd2s03.wav,24f283119e5d02eb0084d96f1f8777cf7b2271ab0b7edf080356a8df387370a7,16000,61440
510,6638.431887313449,12.55545300551723,0.8352941176470589,2.5100000000000002,0.3,False,id_3f0f1a4qhqfl.wav,e14ed0ed83cb2b2b726ac2416848999a69d820b91cf1ad26854b5ce5c9f64726,16000,81920
430,5417.382515569673,80.38151646401471,0.2186046511627907,0.2,0.0,False,id_n66o1vbwtm4o.wav,d6286408604b6809d436fa138d93eaa2893e82cd1a6012ba390f199f8e042ed2,16000,69120
398,10379.193039201073,39.63774718762261,0.7638190954773869,0.56,0.85,False,id_f3l2kf7yvqap.wav,2289ec3ff7f8a6b2d34b946ba7070ea6914c3f6821b6ad3a9233602845b2f06e,16000,64000
470,3744.750080445957,33.39349541575112,0.5212765957446809,0.01,1.59,False,id_i4gphn9vcdp7.wav,73d2eb4585b9c199059ec282ff35e96ad929521488cd75044f0ab9264859d468,16000,75520
350,2273.9484064067947,18.505201304064194,0.6457142857142857,0.81,0.0,False,id_p4vqooko1k3n.wav,eb9cef98e6bb8260d918431d1e7329e95759d91e53047371d6ac711d2981e3d8,16000,56320
302,1189.3909922729363,214.74667618430027,0.026490066225165563,0.08,0.0,False,id_4puthqwodn36.wav,36b5d393fb457bfab833e996d40a55285ca11bd8a8884a111e5e9852f00218b7,16000,48640
550,3085.1287618995743,21.428514816386112,0.7727272727272727,0.44,0.3,False,id_rdfw0uf5gpdm.wav,d74617bb84eea4c3de9fa29c481478989ab07de174b4773ac347ccbf0b266f63,16000,88320
366,4863.034972370649,26.38439160535564,0.8579234972677595,1.29,1.1400000000000001,False,id_a4bpninzsj6m.wav,2ba9fca060acf77179727c92ac41a643ab9fe9e67a38749416fda7b1a508e283,16000,58880
598,6944.378629510346,18.669776155645543,0.8528428093645485,0.68,2.59,False,id_0yxi8s4d6f95.wav,ccf753a04308827afef97ed79a3ae505f83bb315e9e24be239fbcfafb7286554,16000,96000
438,4664.690133599444,118.1502568171367,0.0730593607305936,0.01,0.0,False,id_i30i9o7kvbrx.wav,1c568b7eba6a5f7b9b9236679a84a4ba95d9b470389fc9030c4d8106730fae0e,16000,70400
454,2585.070403780137,18.407906218336578,0.6563876651982379,0.15,0.79,False,id_ozaso8tnv6l0.wav,b5c00658c2e8842994cc5444b2a9af358674f8976b51f8d76c760cccd51f85b0,16000,72960
390,2512.239438230361,0.886707112399205,0.9051282051282051,1.73,1.8,False,id_ktbqzoshl7sa.wav,c28cccd249a6779023d1853e607111173145c14d823bed6757e9c09133933496,16000,62720
398,16043.833496861029,168.61934230447054,0.4371859296482412,0.0,0.84,False,id_hga5vgizaq4c.wav,7bb6b8f1c6bf4757c4d3f6c010fb7a991d5a65d78869f8db1c500cad94cd38a7,16000,64000
342,7129.27592624244,147.26023209319786,0.05555555555555555,0.15,0.0,False,id_zm85qms3zaoi.wav,1fe58bff1de978aac9449f7f3550e4ccf621a9efb0fbf0ddcb098f1daaedc54c,16000,55040
614,9450.235068372638,12.93787803302802,0.9039087947882736,0.09,2.77,False,id_jdftla65eogw.wav,50ff1cbe6c7d7becd953c9e18629bbde5dd7c568ac04b4e0d3e2c67b0285d705,16000,98560
497,9336.37626276919,84.89322705610854,0.5492957746478874,0.33,0.0,False,id_i7b3yx89edij.wav,182a463474413b457631845c4261216cc37677a15f005a2985e3c423aa95297c,16000,79872
342,6894.5062459178325,80.88164439023275,0.30701754385964913,0.19,0.0,False,id_3a72ey2pydnd.wav,f461e143746550c5039e78d78b0a26ee40870a7ac7dde3c3971abb33a48c4ab0,16000,55040
326,4029.713075083634,54.873069441383706,0.4723926380368098,0.2,0.0,False,id_5rtbes1hrfg0.wav,fa1f95c16bc8cc8687c661cc69113ecbc0ad3fee76cdbc916810cf3247a1834d,16000,52480
670,4310.867289478998,32.01551841962545,0.7328358208955223,0.4,0.0,False,id_p9rscpr0fzrp.wav,dfd65cef4e643651ecf87a1153cad9031a7adc956fe30adc48727c39d8d539ce,16000,107520
438,8530.27970350328,87.39692968258035,0.4703196347031963,0.4,0.07,False,id_w1ynpw586mjj.wav,92a4cbbf99441099732e5155e91ad8a051eb869e649f8ef5c450d0755d5f6084,16000,70400
446,4490.672758897045,40.917150778998206,0.6188340807174888,0.29,0.25,False,id_dpvx946ai9sq.wav,b20308791bca42982cf6c74df1517661fa446360050e444b1fc9e82ae3bcafd9,16000,71680
398,7856.126212708144,191.39315205608287,0.002512562814070352,0.01,0.0,False,id_ylweythnc8xi.wav,d778605813837d8f37d247f69a6eeb76f5920246258012d0ec13872fabddb927,16000,64000
430,5062.038765408657,160.74919454725602,0.044186046511627906,0.19,0.0,False,id_my8dqwfbjg9d.wav,6e6dc7fa1e1916c4f66d877cdbd6e3c6e312a3c7ce882bae214fc739a9d2fa74,16000,69120
534,6294.987512497542,19.535775720185296,0.7621722846441947,2.02,0.21,False,id_nkr21kxvq3k9.wav,bb18816c7eaf7f0be23071fe5037c8388c0aad484e52a92edc75b8574bc54b42,16000,85760
446,8242.211496315778,75.7576530572679,0.5986547085201793,0.0,0.22,False,id_29euu0fxmw5j.wav,eae698a1e844280cfa52f24d551ced4bdd4f518de98babee31da5729a192b6ad,16000,71680
408,7876.204712772516,165.1870034564296,0.012254901960784314,0.0,0.0,False,id_omg88ehokpqt.wav,0a7bbaa37432dd5f10809384be50116dd76011cf3c40e30a6d99553261b68234,16000,65536
408,3733.619351580983,21.42254937482921,0.7034313725490197,0.34,0.32,False,id_44ooj502usaq.wav,12526e77abe906fd91cf230fb54ef69cabbc1ce408622b91fa598c0bc82bf8cd,16000,65536
472,1305.560533832116,13.628640841799427,0.4639830508474576,0.02,0.0,False,id_xnqyexcjtczz.wav,fdccc818b4028314e28cea1ad0f16d965e6caae4e2883d10a870ebcf29974b3f,16000,75776
462,6613.343343385402,32.907757897019735,0.8246753246753247,0.39,0.0,False,id_94hkg1n8q9ys.wav,142a15b2a50e5fdf5e26c314f20ba2c08b0396959e4683de4a078d2de86dfcec,16000,74240
398,2233.637553968862,15.102234432914585,0.8090452261306532,0.0,1.22,False,id_0e5aw7q5serg.wav,d375149a78c3fa1da186ae12d932077cbfd6c5825cea8a324c27465d611de0e2,16000,64000
518,4301.6079784192325,10.076577912515722,0.8571428571428571,1.92,1.96,False,id_u13r6ir6sbsa.wav,4f28b0708bd574c054a2abfbe8b9b28306ad7e4f34a8c9fdb79c5d53a0a24547,16000,83200
510,8075.808270693405,300.46386454395764,0.0,0.0,0.0,False,id_pwrz9smho7in.wav,6cb72f9e81fa8609cdf70316fda743201795a1bfab419e4806c23feb0aa8d139,16000,81920
414,663.1620616410441,23.031902776077064,0.01932367149758454,0.08,0.0,False,id_exincp2hp1hk.wav,9956577791a00f64a3e494fe3c4661bdc1bd1ffb6b61482b31f9f35c77003054,16000,66560
334,1437.3016758843635,340.84374714670616,0.023952095808383235,0.08,0.0,False,id_8yceuwbm7ack.wav,6590465d8324d778bfc1513539e246a5d9654268783a8c62f8390af062d14650,16000,53760
550,3125.04518087339,10.120207153446913,0.8781818181818182,0.9,1.16,False,id_se8q270y4mgg.wav,776f84500022ade540c896bd38387654b69972b790acfb15a7ba2c559ac12276,16000,88320
526,9509.990151020136,82.64041020364789,0.6216730038022814,0.31,0.0,False,id_c7dw6shdeixa.wav,b2ccd059138aa424c7ef2ddf0c035787506f011504c190c3b296cea15e37255a,16000,84480
486,1614.069594998927,29.785512746383247,0.13168724279835392,0.27,0.1,False,id_8zrb8ia2igpr.wav,a1358eb82a2745c400b68d4474a05509a5fbc6c880042d02163fabb1987beea6,16000,78080
382,2355.937762335839,8.295391255032623,0.7539267015706806,0.28,0.31,False,id_ahq37fnh9yjn.wav,f814471b5fac8b2be69295401eb844cf7367b1c8abec019597f3a65d1fd9839c,16000,61440
430,4484.5325004397055,89.49739590256617,0.01627906976744186,0.05,0.0,False,id_l49pdbqla42b.wav,7cf39172b9d4805b7a108b440ad10fc1ad35e055d77503f2834b522681109601,16000,69120
574,6533.835406941316,16.156573659253826,0.8275261324041812,0.0,2.49,False,id_j9spcvqf7sn2.wav,a4b7d6cbdde1c1c9c17fee90fd467e6f2c04b0e350652394206536b1e8588b21,16000,92160
414,7888.047636139123,191.63838133349276,0.0966183574879227,0.05,0.01,False,id_v16begrbsli1.wav,d6a04b78f772c99ba69bec2dcaea8f09c51f38f2b13b238e8190019ea61d6921,16000,66560
334,5618.668686397161,218.86392354642084,0.05389221556886228,0.02,0.0,False,id_31ogk5zt8c4g.wav,e0001f0eb6608281dfb7c06ef97425954d418d4e63382bc0476e7ec1fe550006,16000,53760
398,5658.947835066162,32.113734473771366,0.6557788944723618,0.13,1.07,False,id_w68wu2f2zwhq.wav,2ab34a1b0ce458eff2e4a3feacf5551f0fb20f934c4bfd164fab788dc1a51fd2,16000,64000
350,1637.7891935472037,0.8653031135369839,0.8857142857142857,1.59,1.51,False,id_rrr3gn602kut.wav,9b6cb3123fe6679695cb630bbba2336c1a5ea023b4a1baee62dec17fbabefa8a,16000,56320
438,7578.213597379003,28.833208284351116,0.7420091324200914,0.2,0.06,False,id_zcv69j7ro6ec.wav,f7e2c0ddda7ce6ba1e34602b7f282220778d10e5b9612b49c9028d750a47e976,16000,70400
374,5633.84389937279,137.06816716930246,0.11764705882352941,0.04,0.0,False,id_gh31vxgncxgs.wav,547a48ba5e9c3c085b95e65201b345716967b603a717214f71ae61159d4e2d8f,16000,60160
526,4402.836071783731,6.89610097036042,0.8688212927756654,1.9000000000000001,2.64,False,id_1z5um2jl4b7m.wav,511fbe2179b44389532e5a3ef3c2626e1a62fecdb2ae8937c61477841cf94a91,16000,84480
438,9163.331591593747,55.51668161053173,0.639269406392694,1.06,0.07,False,id_tyyudt6ey3eq.wav,8e20d841973d71513a5757085bc7f614f7f03a66bd4b34e3a2ba92a97400923c,16000,70400
486,2626.7339373259715,42.11881702871768,0.3271604938271605,0.27,0.13,False,id_yavpwcuodpu9.wav,edb4813072685ab330e663e418e358e1eab6ec605869e059fb8668ca8b2627dd,16000,78080
510,7081.919008291467,42.89114460903525,0.7901960784313725,0.41000000000000003,0.26,False,id_p1f54zu5mnga.wav,87ff69d1b4506c16327ee036059ecd097326bf323253733684d272fc2b388707,16000,81920
814,7125.3645615505175,17.998597164856,0.9152334152334153,4.8500000000000005,2.6,False,id_50livgpkivvz.wav,73de6d9b7a21335e7916426bfa1ab7801a2cda259364ba654e2c0e652d46f38a,16000,130560
446,4072.1495312672396,53.15537770723084,0.36995515695067266,0.02,0.18,False,id_3tu6zpdx3yz6.wav,74840ed11ad652401215ec0f50f13c6139ce32da933f3692c3024bd8bc57d1e8,16000,71680
478,3153.7718397975464,9.709981506055415,0.7175732217573222,0.12,0.6,False,id_b0xkuhn8557f.wav,f49b86b077de5d7f79442a87a8d0f81f406e5f0f4dac5629f86240a7106fef7c,16000,76800
408,1731.354445946872,25.439347498909687,0.37745098039215685,0.03,0.0,False,id_gqg3mbipo36l.wav,55e36cab7178e39a53d89bdca331de655eeef469031f0878a63684e0d69e1120,16000,65536
598,3393.905706556975,274.51175708660537,0.020066889632107024,0.0,0.0,False,id_z2jwmzxahelm.wav,048f6dce9a367a53d8e47bfe4665688ffff8cf378151bd20ff00c2637c2ee3f2,16000,96000
406,2739.315361089336,85.15705192659728,0.019704433497536946,0.08,0.0,False,id_1uh1rjrqhoxs.wav,2c98021506dc9fbf3327e6c13d3d827c29d77713992393910a78b5b5df08e69b,16000,65280
542,6126.60096403381,42.800029018572815,0.7490774907749077,0.42,0.23,False,id_adnjdi2si5u4.wav,234b80469f3a6084933b9204d8617c94d633fe10fc92568a724d0c90ff486f46,16000,87040
422,1145.8138450463932,10.14543454292389,0.533175355450237,0.19,0.4,False,id_uy2jhz3invwn.wav,336984e236fec210d03bee2aa7f669de2beebd886ad07fea0ef2532fbff2967a,16000,67840
446,5956.48084190657,408.2881007707195,0.08295964125560538,0.37,0.0,False,id_43eme1y1ckmj.wav,8b816fb11f938685f321ca55c8b01607fb78db2b35cdf8aaf89f9ece10e58c91,16000,71680
454,1124.9637360821903,36.38186267993923,0.09251101321585903,0.01,0.0,False,id_jupqp5k4cw4l.wav,1cd69fae800f2c1185a75157c53e56eb238b7cd0e54ce79ea4fe8ac1fc441a44,16000,72960
510,1746.230249709356,65.51905429056644,0.03137254901960784,0.0,0.0,False,id_tegnxuaw6ema.wav,69eb04e395f8abf8a7eb081a6706af210da7d81422bc47e2ea593c5370d5002d,16000,81920
350,3515.893729551563,30.8724221272985,0.5457142857142857,0.03,0.05,False,id_chgafchv9ekb.wav,f749471bc8ce5e79f8ba8d091eb773d4dafec53b826a4a52b57ddbe9f181524d,16000,56320
494,13289.009984852144,17.80093972868159,0.8259109311740891,0.0,1.32,False,id_jns9cgq769x9.wav,6942d047daa1a5a2bf0c1a933a30b2695e2ab4cf8a123e8ff4a6dd50e81b26ce,16000,79360
433,9477.891954306084,90.04400313180217,0.5311778290993071,0.0,0.0,False,id_xa8hpokihywn.wav,85745fa062bae2d9ae8dce46a99ce228279dd40ce77f633b45387605c0cea7de,16000,69632
446,3273.520182845983,19.71588684908293,0.6928251121076233,0.54,0.09,False,id_jj60uf2fle0v.wav,2fc0ffcbb83c3f419ad9213ddb34312cc611db24b31e169be4162e44a23cadb6,16000,71680
358,15693.05770165585,15.931977051372893,0.8519553072625698,1.58,1.47,False,id_unnf244qewjs.wav,1b5affab0a69152649f54fbe65563581d78579b042f4553c1f4e7a17146b6a31,16000,57600
446,5038.638063504859,15.789144460735589,0.8026905829596412,2.06,0.3,False,id_2lmkko4tzyvh.wav,5d35783278f9ee979dddb8b487b93ba63716e8af8d5d6e470aa7ec82f623d8c1,16000,71680
462,7925.757430996737,6.877949972438186,0.7727272727272727,1.83,0.44,False,id_4rj5wq4v206t.wav,76e7f69e42b23f90c0f968a33035e0953ef001c08914db06aebcf08537421a90,16000,74240
614,12079.27668467777,27.854778174718316,0.8306188925081434,1.53,3.5,False,id_mdj6tbx1en27.wav,e11dad8b398bc9ac6505e2945f36373dff4821d3e6d2df7c19438c16370bcf09,16000,98560
422,6168.940551261619,91.07294167699592,0.36255924170616116,0.02,0.31,False,id_3pdbw37oyxo6.wav,bff3b3a187ab38860572995dd7a27e7bd2b4cbd43e7652b3c0a6bea44ad48671,16000,67840
302,11237.411520452564,16.10451334569635,0.8576158940397351,1.12,1.34,False,id_byn3xzfnsy3r.wav,329e664cfc141511bc3493e95123733396f6de2ee8b0cd4105b03559f7cd18c3,16000,48640
278,1210.6147219491427,97.68845420725907,0.03237410071942446,0.09,0.0,False,id_f7d6gcq8dacq.wav,9d3d6b2919f9c32fde6d83352f6a644a2c31b9568125e2186ddd6c457e64c5bb,16000,44800
414,6784.882847367374,2.053959568104349,0.8864734299516909,1.6400000000000001,1.1500000000000001,False,id_rt7r2e4s1du0.wav,b6d4c1befa1578115027c25eb89e72b3c4c9929b0d358004e17cfd682fc103e8,16000,66560
422,3262.70143247892,0.7826237921249264,0.8981042654028436,1.96,1.76,False,id_t07xo591vdto.wav,6238bd8637eeffc5965c9eae4dc02670737930999f736878351ab99cd3424cdf,16000,67840
454,3276.912017814943,12.24581499755405,0.8237885462555066,1.6400000000000001,0.07,False,id_796790yhcbsf.wav,713ce3fecbf2b7c6fe06587976b4bf2d1c10b2ba9485dff0eab8275e2e3706ba,16000,72960
294,580.7552238249777,37.86663836830891,0.027210884353741496,0.08,0.0,False,id_aa4rfxdldxt1.wav,8c5159d66b1a3ebb3f971c5d0db7e6f8324d157bb321cbd1a873ebdf427f259e,16000,47360
374,4191.629559610438,16.295666305760548,0.8368983957219251,1.43,1.32,False,id_jytbvwce369m.wav,fb04e8e7f4abf6620c297b201d444a413ce22170f35bd450c48b6741603e27a7,16000,60160
294,683.3720399606644,59.734127148509295,0.034013605442176874,0.1,0.0,False,id_5o9h1sfbwou9.wav,2e18ea839c22ede9ef7c4f20e853d8054ae5030eb774f64d56026840140f5648,16000,47360
422,5779.937050262745,26.301959996549996,0.7701421800947867,0.78,1.67,False,id_t9bpu4nrntbp.wav,b8c03e56a3f650addd8e4ad24bee50bb75b2c8896a9bef5debc645a4b8edb2a8,16000,67840
382,2305.4272364357976,17.576186358057804,0.6701570680628273,0.15,0.06,False,id_izcg725mgo83.wav,9b673ff13d71cbfde5141dc3742482cedd6c00850dbbafe7ed1aefd5302350b3,16000,61440
342,3508.559953171671,6.473584888605451,0.827485380116959,1.56,1.03,False,id_2n4gx84x0cl8.wav,c432f6803c26678258886f989a4f41c37673d15d345946360bf3ad85f44546bd,16000,55040
390,7676.169052821857,23.677782216169213,0.8897435897435897,2.05,1.37,False,id_p7ulafpieq3u.wav,cecdb0d46c842825cbf60295674a72d262aa0c547896b6681918356a3cf5e740,16000,62720
558,4166.855210467482,11.81173833389891,0.8207885304659498,0.49,2.9,False,id_5k085p4a2llq.wav,1414bd2244d04c5051c10e747231bb8086edebd59ce85ece01f562bc721d730d,16000,89600
542,3432.8479958337803,216.30413061932404,0.01107011070110701,0.04,0.0,False,id_4kj20r8dgbcl.wav,21db82f55c4b8e76adfca1efc0faa102db5c194924ba8df24e84177b151d6966,16000,87040
342,7374.298795987317,99.12728227466513,0.3830409356725146,0.17,0.09,False,id_9myeo60xms76.wav,7cc434b0772798e4daa2243a508e96af68c1df7d648174a4510cfd13b2a1a23a,16000,55040
390,3161.7535039911004,7.683966411132177,0.7589743589743589,1.45,0.63,False,id_m4vbzdct7411.wav,8f8f3f733f8eb769a14777d18615a07978e6c4b0dbb2e10555a96677651b5130,16000,62720
446,11332.197065000237,12.014089423586668,0.8340807174887892,1.46,2.18,False,id_mohxcpritor5.wav,f266d3ff55081ec6416162c9cb0322a000dadbf686f759ff7834ecbda94dbbb2,16000,71680
438,13423.685304062368,13.150964944834488,0.8127853881278538,1.73,1.83,False,id_4phgwcyug8r0.wav,55f90054d243d60cd62f810842a4af990592f7578af988a587b0338b83a3b3f1,16000,70400
478,3443.889117335226,12.533945658158263,0.8640167364016736,1.56,2.17,False,id_1jdrhgqxib7t.wav,c21759d1110b5c5e9d8c0aa24210678173ae1c1fc4b27529de24a7b1c4bc7dd6,16000,76800
486,4615.249835328527,71.1004627935171,0.2242798353909465,0.19,0.0,False,id_exbhpn5dqcf5.wav,8bfe29775cc7b85f217bf5c70a4a2983c43bfdb94f41298c04ceab65e42f6e5c,16000,78080
334,3301.6413694555017,6.501699793832637,0.7994011976047904,1.4000000000000001,1.27,False,id_luv5sii15cuw.wav,e533783c60da0585a48a92c59f2b47a0e297d0b8bf4446b508bc7ab71f88c438,16000,53760
374,6940.683606101059,132.50169708269584,0.20053475935828877,0.01,0.25,False,id_k87n1732iu56.wav,a65b25b5cf161434b6984e320c54d6ddec244567c597b1493de0916848c43a0d,16000,60160
470,9628.144838570928,67.72396645431081,0.5893617021276596,0.39,0.04,False,id_gt761nff5ef4.wav,232f634f57e966f6fb7b13133bd498d8f4aa85466466d14dc2e51dc7daf71ed9,16000,75520
6219,558.5093575760392,16.602710622064098,0.0,0.0,0.0,False,id_7rs86tc1t0mh.wav,cab969f8f7bd4496f92df3d1fad21fc5032cd961603029d008ab27f35447612f,16000,995328
433,4125.4251123369095,32.713949623975395,0.605080831408776,0.19,0.0,False,id_vg6gcad53l67.wav,57cff92f5152cef7a17a4e4f6febc5d95e97e98d4ae10b55bcb9dd907cf339b0,16000,69632
454,10950.661099449659,61.4207149195646,0.788546255506608,0.28,1.68,False,id_gkn92tnobawz.wav,45a825cc10825a6708f09623278ece777fe21098dc0d1ef852f94d4d44a8a718,16000,72960
574,14346.3523110406,88.80765995467317,0.6916376306620209,1.09,0.01,False,id_e8090oppcstp.wav,9cd6751e8b038f8176c47121945ec1757f9d939736c137bded670e6fcdd59d0b,16000,92160
622,3303.0179313773033,10.258948283362095,0.8408360128617364,2.08,0.77,False,id_90pizlpc0t7o.wav,c4af13cc359c4990a279e24c4c877677f052bf9b132a2d77f23b27469dd5c4a1,16000,99840
6219,326.4023552304732,14.654521486558338,0.0,0.0,0.0,False,id_qconko34be1q.wav,ebc580d1cbbce17cef5ccfe33878e79c64acb8278709dccd372838bd7f275134,16000,995328
459,4554.537052489528,51.25204873953821,0.4008714596949891,0.11,0.0,False,id_0j7ud1pgj5e2.wav,9564e62015be777afad60572380e75ceffac5a79d974c2e506fdbbb9676900dc,16000,73728
342,7080.683454476693,178.7680305217554,0.04093567251461988,0.0,0.0,False,id_ozem1c492o55.wav,6dd24146a71cbde420e21d8cde19f1c57d28dbc583acda95184547f6403835f6,16000,55040
1086,12725.047134490307,180.46884854402947,0.1703499079189687,0.0,0.0,False,id_ml99btoy9xt3.wav,17a8c5544dd39a6ffbe7bd030d90390f0b4a9d082243c407076f56e4f55bfa87,16000,174080
550,7023.255184385656,6.979962515565153,0.8490909090909091,2.0100000000000002,2.56,False,id_33lnbo3s5afn.wav,2ddfdd1a22f4f79760aa25fcbcd219aeeba0b55fcbd7a82e76edd116e2f524aa,16000,88320
662,8758.149343183182,48.726452544535725,0.7401812688821753,1.08,1.43,False,id_wyx32zqvfzl1.wav,033d887db2ecd5ac92dfb45c99a9b31cffb35f0b39010f6a267c85ce6844dc22,16000,106240
366,4631.856163030108,131.24556367532466,0.11475409836065574,0.07,0.0,False,id_c60wpkfgs9k3.wav,0d4c8e2a18ca33d68473a60efc785479f8df035ec7abba03f68a72b68e9c0f02,16000,58880
326,9068.023536719564,142.5095034218869,0.2607361963190184,0.04,0.0,False,id_h7dnl3e7ihrc.wav,246fd70504f5c6a3718c19ecbb17e0d4f3415bfe9e6ce4fd5e7ef9ad359f2297,16000,52480
454,8247.931949585907,1.9528824587195621,0.8370044052863436,2.1,1.7,False,id_0ht9cbvfkpsi.wav,6b984458f3d53edbf4a272425d10f06ddad6484dcd73caa385bd6b1ebe024969,16000,72960
454,5989.301728707613,224.1194865302245,0.024229074889867842,0.09,0.0,False,id_45l33iaqq62d.wav,9c89fce2445852c33545ce3c10079d310041bfdf84d9d172f1670a9c6d23660a,16000,72960
438,2074.97805771531,12.910212055961617,0.8424657534246576,0.0,0.31,False,id_d83yx79ccoy4.wav,7577538dd3a66805540f5ad439f3948434dc2a3760c4af1c68ba007418b95dbc,16000,70400
382,1429.0685716577773,7.121678360370863,0.7225130890052356,1.52,0.86,False,id_cdb5n9ghvf92.wav,e99f6c585da37540d9ed50bcea6ff3c449f7a4afc8ef87ae7e6b7a22d7c8dec2,16000,61440
390,4458.818661091747,93.84175508735842,0.08974358974358974,0.35000000000000003,0.0,False,id_de4wa6s62hzd.wav,98794920b3012ac4007100c09f289949f4c71739746a4c7226a6bf605fb92279,16000,62720
526,1448.4498204977624,24.97043106513758,0.17680608365019013,0.23,0.0,False,id_rmt3z39kqt2a.wav,f3097376610fe685469ccb4e7072b7f6c1635df372819d194d1a490725d779dd,16000,84480
369,3332.649766702166,18.227314667827514,0.6260162601626016,0.0,0.68,False,id_qsuimon7ntvh.wav,87bf877a9a5fa1382a01dc7ca24c9a7f443c180bf8933c82858dbfae24c4d21b,16000,59392
302,13654.697887540391,20.882423029974223,0.8576158940397351,1.27,1.24,False,id_bk8ulcpnh9qr.wav,46ffca37fe428afa6c329015af392bce5f531441df77a6a1569d914d346a5dea,16000,48640
350,1807.317992911043,16.39624565510276,0.5228571428571429,0.11,0.36,False,id_4b8fmq4awffo.wav,36a1ace8a113d0a5710f04e5c17e92aa3261b2a34a86d14865253d818152c1d6,16000,56320
395,2447.721271918026,19.718392429404584,0.5873417721518988,0.53,0.0,False,id_p6lityojcczr.wav,9ab554d1e27a151d00f29c6e2d25c882893ec8c0ec8762fcc60b8a3acf289964,16000,63488
406,3369.0684161203967,74.04342371636551,0.054187192118226604,0.18,0.0,False,id_etdaz15o5x3q.wav,5652af992d8f3459f9642babeb5471a3b7f6f39f0930cccc2c544dcee44ceb8d,16000,65280
382,6172.477246414117,37.98776089556502,0.7513089005235603,0.37,1.11,False,id_4u0208z7w6m1.wav,000321a5edb7a4e0c74ab9f3d461101e4848451be2bb8362683798f3538b939d,16000,61440
366,12122.447860683913,5.169817780228267,0.7650273224043715,1.34,1.3800000000000001,False,id_5rlc5o5n1s1b.wav,4b944e9579883d40523d3ac0e123dffb2f026d63d3bed263ce4939feafceb5b0,16000,58880
470,1389.464553344201,16.319964761681852,0.3680851063829787,0.28,0.0,False,id_6h7hslslhz6a.wav,e8da644195e1912b2fd0948bf2f240aa26fdca786f5d09f322ab08c9bd995660,16000,75520
366,4199.610306921346,7.631264589187856,0.825136612021858,1.6,1.12,False,id_d946zd75oix7.wav,2e4c7593ec05d4af10cf97eb55b2bb00146f8f450f75af5f341cfc258058124d,16000,58880
1398,3754.2278926564913,39.5460699540598,0.47639484978540775,0.1,0.0,False,id_ni9z4dj1rkch.wav,d3167c3636a5d15ffed1f9cb77f3d244cc6cdae5fd035a3644437d06a6773c17,16000,224000
334,9839.19393459139,6.816886226821634,0.7934131736526946,1.41,1.21,False,id_xbjdbsm8osvx.wav,3f7e28dcb1ce361ec7d08445fed24bef0435f740b735e53b62a5a9066904e2d2,16000,53760
334,5483.043386660368,4.320079026746178,0.7934131736526946,1.46,0.26,False,id_g7up2a6v5cwi.wav,7834b5f62857026437db9a6dec3ffede94444c95b543d109f2459da2a6baf0d2,16000,53760
622,4953.770820799041,23.171075302400403,0.8311897106109325,0.99,0.22,False,id_i5qzqf3fw71s.wav,d61b201d349679efef1d16b1bd8268d2338ea9071c72100c4ad2076b4efca6c0,16000,99840
398,6482.749523350412,13.113920837011275,0.7537688442211056,1.32,1.6600000000000001,False,id_mikph0xgpq7e.wav,33b41dad5f9d8fc9fcc0b1fc8279b5e5b6eaaa81e48359d849de741f497fde37,16000,64000
326,13292.812439058936,18.257770295782223,0.8680981595092024,1.28,1.52,False,id_dtfpsmh1mwqz.wav,79993d04479a850762fd66271c1ef6403a44f317c067a2a4caf20cf5f4649a5f,16000,52480
646,2014.958569673332,67.29763039448237,0.11609907120743033,0.53,0.0,False,id_qv6a9xq2r6vz.wav,46c2c7a9ccfd20244b68e2de6e2f0339d322f2faf83cbc2fe71da62425f227fd,16000,103680
526,10966.327047147555,33.1482262995751,0.8269961977186312,0.56,0.97,False,id_i0pduqtj5z7b.wav,efc5b1b0d66270004d1532a75742adc228ac8c2252f51839458d8bdcb2a8f3ca,16000,84480
478,2378.853927840043,32.10115065443526,0.16736401673640167,0.06,0.0,False,id_1pbophmb7y8l.wav,51ce1387577e8193054cce4ceb6be76140adfac77eea87c22bd879964f03fb25,16000,76800
310,855.666257953415,65.4846335885535,0.0064516129032258064,0.0,0.0,False,id_q9ddicx8lij9.wav,b0518a3cd1a35a07bc7ce344cdcb03f2ab654dc829bdc5d697eeea586392a2d6,16000,49920
438,1771.6179215620957,4.850643997889011,0.8378995433789954,2.02,0.13,False,id_dyt6u0voutdi.wav,323353d6e7046bfd03a469d2e29ee3e08dc9a7269fe79488a04b5a6f60cf5a26,16000,70400
566,5410.769638646613,344.13123839594516,0.07420494699646643,0.0,0.0,False,id_87ozmo8vxeay.wav,4730b6b0c805df28c51307ee7c75097c43396a0c0f74906e93be45cf6911c0fd,16000,90880
390,7376.955995869841,12.497439040376632,0.782051282051282,1.42,1.32,False,id_jcvm2mj4ylmp.wav,10f60561d3364c935fd9c938621a58203b939f135eee6a2b0cfb9a5654ad115f,16000,62720
574,5026.995787495748,16.69610565216296,0.8310104529616724,0.36,2.5500000000000003,False,id_lpsmeyuj2555.wav,99fe83e578c333e8c19a77067ea228f0761953aa1b6d5a9ab5b5b35762a8fc4a,16000,92160
350,6255.884634685969,25.069340852997314,0.8714285714285714,1.69,1.36,False,id_w9yhpaq7r6wy.wav,05ac90ab478e57e50d70ae41ad190a1f7cc644bd42f892dc5d0f0cd344875822,16000,56320
446,1647.5535469295073,19.860573767672165,0.42376681614349776,1.59,0.0,False,id_9d0xuj83rvhz.wav,c8d8ba83e33e4b463ee14d6d069a2212c9378b074cb174cc601f0b32e77e0230,16000,71680
574,3418.5806469937197,28.302405511251926,0.794425087108014,2.1,0.13,False,id_5kozr25crq9w.wav,ae32e047e603bf90976c778df4c05e49690f1a5902d12a3d3965952d08ba9fae,16000,92160
502,8168.466610080499,10.144516161546575,0.8565737051792829,1.82,2.48,False,id_t81wtadtvfw9.wav,5a2fc9eee9c55e855f1bace9b03d872bbb648e7a6506adef6714f052f9972e2a,16000,80640
622,2642.8941678584106,6.560963159243354,0.8054662379421221,1.7,1.07,False,id_8fwvvf7u24na.wav,e6c5b4a7cac11c67e6c5dd3a8397bcad40e1bfa4bb358fdd7600457795735f94,16000,99840
390,2956.4516299104234,18.004339744954272,0.7025641025641025,0.43,0.89,False,id_2ojowkyni41z.wav,6a70a762e94ca0a34125a6901326a6f7860f9da22590189193fa6c464d5bd6ca,16000,62720
422,17790.565984181056,18.463099705594413,0.8507109004739336,1.52,2.07,False,id_jdn3dwxbeldt.wav,4a8d387d321d4b56a99a73bf5c29e029a5a45f848f15bad24a887184502257f9,16000,67840
430,8207.745957173625,171.2197698891058,0.16046511627906976,0.1,0.0,False,id_t9i8wbdlrz1n.wav,dd73d9b5a2eea61b844437b1761b2bee5268c0b56b3109a9b217bbe6391cdd38,16000,69120
342,5274.056790081047,6.538826145392571,0.8596491228070176,1.5,1.44,False,id_s6esnuneldyk.wav,2fd034d5afccd4b3155729b2b616810de734cc645da66d693166c1d824c7c19f,16000,55040
342,7191.733020628616,23.4521136922935,0.8362573099415205,0.25,0.65,False,id_m6scw04qi4lx.wav,80a48445ad294e549708e776acdb01bc334bcb7609ec340c18ef9fc6f83ad495,16000,55040
334,3215.3937223923294,12.077561625406851,0.781437125748503,1.3800000000000001,0.42,False,id_0nnt1c1jb0ww.wav,506e6c8197b61a7694ec8351467f24931cbff7dece56dc171aa8fba8b9cbe6a0,16000,53760
350,1536.4982614698918,0.781824379857796,0.9,1.56,1.59,False,id_mgxlww2b1yc9.wav,9a249852b9d684214974ed3f0867352c2cf17ec06d4a473680b5eaaf1817dbe1,16000,56320
420,4866.719958298402,53.3891206534015,0.4,0.08,0.09,False,id_bgxcdrjk0v2e.wav,d86500fef87e2f5dfab9d037566cb71db51a1d4d69c773214b119b22d2df96d4,16000,67584
534,3815.8502302894435,12.795701614475522,0.8745318352059925,2.49,1.58,False,id_bsngwdek5wsh.wav,729b495a1283aace209d8d103e5a55d85c240791d0fb4700426cc31406efadb0,16000,85760
486,693.996912817341,9.569380512221265,0.2839506172839506,0.04,0.0,False,id_h8nzexy9icie.wav,ca9950db04703cc755127fec08b457ead1858e505b9488b511b9f7821d5f99ba,16000,78080
430,4972.854427288215,152.04362677462282,0.009302325581395349,0.04,0.0,False,id_lq1kvpagzhwg.wav,495488d35b8e780602d5c18921933ea4ec6b8fc59b76abf33ef265b2829cac43,16000,69120
582,5400.595357689743,70.69540288413545,0.037800687285223365,0.2,0.0,False,id_c2fb4tbe8j8i.wav,55faa2271981f68a8b353d5f87f9419a5a458d70d42df27883338b6778c70633,16000,93440
374,10052.419536360389,55.717846283259874,0.7352941176470589,0.42,0.0,False,id_whm3uesc0w3z.wav,e0a2d000dda2901dacc99a5eaa9be07becee9cccabd713324668f62836d2b616,16000,60160
430,2451.055270694645,80.23707414307026,0.04186046511627907,0.09,0.0,False,id_9dtqvzepwb63.wav,18fb7c57677a7d17909a726b945736a442078cbb4ddbc79dff99903d27e8c694,16000,69120
510,9777.419254205068,62.013346907615016,0.696078431372549,0.3,0.09,False,id_jb7u1xdatwa4.wav,5808a87fac113368e32cf460fc851e88f9d4c869f0bb555b2c6555a5938f8209,16000,81920
366,1766.5340479311458,0.9526270404694841,0.8743169398907104,1.59,1.58,False,id_nzgf25xd4cy8.wav,0e3ebe09df953b058cf8e013203b30ce8a9fab8463f6627dcbea6ea2591b1546,16000,58880
459,3178.9810214910062,12.994902846885774,0.8605664488017429,2.22,1.56,False,id_u417x7ecandv.wav,a9dd78e1ed62577a22b204682288ca74ea3b4d5eb67d2a047d34d3afe72a1907,16000,73728
358,4211.321113083161,62.27862446390682,0.22346368715083798,0.11,0.0,False,id_uy1nxx669ngj.wav,b1b4ab16063576f3d70abe1b7195d447efa590557703cefef539d17aa517eba1,16000,57600
390,4317.186503962968,96.04641899170514,0.2512820512820513,0.05,0.01,False,id_93agssyzshlu.wav,271b1abd57d76a28919c8a06d6a3ffb4ee4b0667e5a9cb2b6707ed462539ef9c,16000,62720
358,8762.004511953872,12.481334737861138,0.8128491620111732,0.7000000000000001,1.1500000000000001,False,id_g7gt7q60x9fx.wav,d5f12c8f485e9416dfbce700760f261c8e32078019379e99aa6ac867e5362b65,16000,57600
806,7020.582436842402,114.74897779901818,0.22332506203473945,0.3,0.02,False,id_iihfba01m6c4.wav,1e0d7d8b950a8c640cc962c2dcdd1436eb092f03c5302b1433ccdae650db8957,16000,129280
302,997.7145107694886,113.38048311533359,0.026490066225165563,0.08,0.0,False,id_mhwb3h0ymqwd.wav,85dc2d2ab8cdb801da9950b4588b04a582b012c6773d6b8e20380c9ee9607c1a,16000,48640
462,10563.416636439179,453.9124039993735,0.008658008658008658,0.04,0.0,False,id_ughsq2qhi6b1.wav,1bb65d04e9fd6a86e4eff24339969261a912634fb623884a1b18d04b7318d863,16000,74240
494,7175.377850155349,216.59559081842596,0.022267206477732792,0.0,0.0,False,id_b5a3vsmkz70l.wav,7df877e86e9c171a07f8b36e69175dcf4b18ac3e53aa187a48b4d7015b1d4229,16000,79360
414,2404.9257452154316,147.0464270122936,0.007246376811594203,0.0,0.0,False,id_h31plco0flme.wav,27c540a2abc2d66365b0a5e0927e5a8ccdd83b3c00a47a8eabed0211a5f6e79e,16000,66560
630,1474.0726966469463,37.96676025279645,0.19682539682539682,0.1,0.0,False,id_irmta5pf0hki.wav,44bd0879c62c406ce0e044bb8bd3e0c434585a93ae4633aecafd2f9a4262a953,16000,101120
846,22962.070884776487,73.93998937527084,0.8640661938534279,2.71,3.6,False,id_c0ny48df29cz.wav,fe4f7a3ccf44aaa0a50017c08e2bef66434e3dfbffb3ce37c5e087a50d1807bb,16000,135680
334,7028.800871770376,182.4104228627919,0.1347305389221557,0.0,0.0,False,id_avt1uz28kpc2.wav,384c45773eee098b565578a609f5bee6e8497f7b157f2671caf56e7d76de78db,16000,53760
430,2676.848218521177,21.341372405629613,0.6651162790697674,0.0,0.0,False,id_wjr028lkwj5z.wav,0df7c62021b4cf86d8938260b0b028fc995d8493a88a0bebdf6347d7f2c916f0,16000,69120
420,4384.130518985492,43.20437661891961,0.5261904761904762,0.14,0.0,False,id_3p147egpuix4.wav,a67e2778f628cb6423d7c3159c8ee099558c57fe64765f780611d83f0d07c5bb,16000,67584
566,3544.2625914991117,12.29501450428446,0.8498233215547704,2.3000000000000003,1.6400000000000001,False,id_a3pmmgmca8pv.wav,522b7def9a8a8a18129d867ee37eff2ca87e9b574cbb1579f67c0a9cfb528ec0,16000,90880
398,3083.302980165913,18.57363180299504,0.8417085427135679,0.34,0.13,False,id_dwrarl42md2f.wav,4641be9a854fe288961989155dc2311a6b52a7af0ae7c419442db5c3ff12d647,16000,64000
459,1410.2561965827344,13.690872872099865,0.5708061002178649,0.0,0.08,False,id_njrdl87q56ko.wav,a4db7c089e1310a77543f39a7d2c449b9328cfa940464b48f1cde2150ccbed96,16000,73728
374,4236.699576321173,49.93202618836893,0.47058823529411764,0.09,0.0,False,id_v5j8y4lzz50f.wav,bfbd7d3c444bc6f39e967bcd240cb932ca111fd81248314b4ede587bf2d9b39c,16000,60160
414,5218.773608329834,178.22281624193312,0.17632850241545894,0.03,0.0,False,id_mgq2mjzeujvd.wav,d6bc24b02d15497eaf27cbac0eb7847f908b95dd5451fa7c0aa7e44712519f2f,16000,66560
414,3399.03224646369,11.21849749893266,0.8309178743961353,1.6300000000000001,1.6,False,id_j3x7wv8s6jib.wav,8eac23a45df484cf5e95605c41d68fd478a9e30af61de0e7dbb50c91783ab960,16000,66560
334,4696.090965100655,69.32087355034601,0.1497005988023952,0.1,0.01,False,id_l9blzoau8rkr.wav,d4bfccbfec1b92051096dafb221b1d30bd3756a400852dab13b6c30251bb93ae,16000,53760
395,5841.843253203564,28.770905442825395,0.8025316455696202,0.13,1.55,False,id_3u65654jwik5.wav,723e7540d080ec19aec7c3d6595849d1d4ab2a040b65c219ce6002f870ae28d1,16000,63488
302,3121.965567555158,183.46780909959625,0.006622516556291391,0.02,0.0,False,id_9nl6vn9fla79.wav,b7ea57bc59627b308cfd949fd517da05cb4b1de28ea0dd0e046239836cc4ae73,16000,48640
356,5424.2733220681275,14.833027996065635,0.8286516853932584,1.57,1.09,False,id_zvtg1u5dtpuc.wav,6dcba760f871f48c5970b353d88dd18b81604b4e67fe02154011a665b49696ad,16000,57344
598,5650.586267370847,95.48357958385279,0.34448160535117056,0.01,1.1300000000000001,False,id_s2zd3l8flb6r.wav,1720f57561c3ce71ddbcec71b9e6b65699ea2cdd55bb1801781900343248ecaf,16000,96000
414,2651.719518538867,6.49966233178805,0.8260869565217391,1.55,1.73,False,id_fpnpzjpl5jrp.wav,ce569d4333b36903b0a59e0bccdc7545bd84c18d051e04b8327e403f940c79a3,16000,66560
342,13549.838902178875,16.269909746563805,0.8362573099415205,1.61,1.24,False,id_swgxdt14inp8.wav,f64bf0647d002298e871b2332c99901f6d1fe7be2416f9123c73f300404d77b7,16000,55040
334,5429.5136094313275,19.923433067364336,0.8383233532934131,1.41,1.3800000000000001,False,id_7d33xzzvd9ml.wav,f229daa51d4935e6ed32bf7a6afcdd93dc44ccff31ef229d4a8d555e23d60254,16000,53760
406,2899.1651216341575,20.833055368237716,0.7192118226600985,1.6400000000000001,0.14,False,id_8781n53tyz7z.wav,52ec37923fa543389a06439c2ad233d66f41c3db2459c119d0a91e93e8edd006,16000,65280
422,4330.992873464467,37.47697019462285,0.5521327014218009,0.0,0.89,False,id_olwvq70pc4gw.wav,020175d526cae0b5d096478473a7ec48e008c3a8b964ce2e1ab2cd57ac37d392,16000,67840
398,2445.803721683324,5.975888944454201,0.8341708542713567,1.31,1.79,False,id_d7kymwur14nx.wav,fe85c8f4da679f70cfac74c5b2d9bb34e6b0ede18db2cbd7f08ef7d4c6459068,16000,64000
454,4811.3234980096695,19.276037838623154,0.6629955947136564,1.03,1.09,False,id_q7gndkpctl6t.wav,e37665fd69a05322f403a02f5216ade4d2a0dc1d45067d925cf1c6a78160f46b,16000,72960
728,3356.740872483308,10.445504560262526,0.8021978021978022,0.0,1.1500000000000001,False,id_h4azpwzowgxy.wav,258b6ce07494fab96434dadb7dbc69836d36bf7335a525b37bc4ba8df3c69787,16000,116736
422,3056.927962841127,18.815670988889615,0.7843601895734598,0.48,1.77,False,id_yxmwfph9izk9.wav,8b888dcc3a1e5942f97c187171ee760a68fc80c82e84f2609196b3e2456ebb2e,16000,67840
526,16319.329980654844,88.5225162181271,0.7737642585551331,0.02,0.19,False,id_5wajviimzv7f.wav,8ae83d6e5b6ef9f7251b7f9298f9992186f4ab858e66e870e37f2cff955b087d,16000,84480
369,8820.130306151945,114.7950891806788,0.2032520325203252,0.0,0.0,False,id_n33f4gyld7hk.wav,a5c37789c7d61af60e844a2179a7d2bb29443effb127881182453465e9c5a83f,16000,59392
334,5228.244231575262,5.033388422645602,0.8173652694610778,0.18,1.22,False,id_ab7uu2pwxum4.wav,8a06a527a0fa8b012d74035c744a7ff65de65ed4397a56b08f72c5800bbf9e2f,16000,53760
420,2351.931114531206,26.582378947346612,0.38333333333333336,0.0,0.0,False,id_7h4reqiwm3j9.wav,2fad038b9b17cfd0cf0f359c835091fc3fe059d5696f12221e5914f15b5f3ce8,16000,67584
804,7892.798182362197,138.2267425619058,0.01616915422885572,0.0,0.0,False,id_weixje33tsig.wav,9bc2e7a85236e82fd479b57b32fea92b0afd744dddf5554d31d03718c8a3624e,16000,129024
366,1318.3881313937864,224.2933986790066,0.030054644808743168,0.11,0.0,False,id_7yz9q65zmt7o.wav,3a6ab3e692c8fe2aa9f4f57001a1731232476c6c86ecf58f9f25062b3f9ad6e1,16000,58880
486,4620.943555433241,31.341744805815594,0.8148148148148148,0.27,0.12,False,id_b07vxoz6xdqd.wav,b71ae2f3266720531258d589bab3a71aef89e1796165abc8183fbcb2ec11283a,16000,78080
518,8595.466215686034,83.111817651486,0.5308880308880309,0.25,0.01,False,id_zyekklg3fk4d.wav,41cfdcc9cf1d99f7bd20ae9c8735dd9f0e239f16d08f9489162fa45453fa0dee,16000,83200
510,4073.2210945393085,197.0817130912474,0.0392156862745098,0.0,0.0,False,id_ebes3dbgts2q.wav,52a5c6bfc4be54c0d8809c7c7ff56abc7edbd30a67c6070b6f2d329b927907f8,16000,81920
382,2684.2326021602526,9.437881113314408,0.8141361256544503,0.0,0.52,False,id_132bh0mszjj1.wav,dfa3db6bed7ee32d36b5867e27dbd43944097144075dba953d6b861a53cd456f,16000,61440
422,3870.330542085521,13.489804539686686,0.8507109004739336,0.31,1.82,False,id_dwojmnld3p8f.wav,c3454db1901abd9af1155dc03bf22a2ef7981f2ccaa3505976747b4b2c4f3e6d,16000,67840
334,4668.617919416837,231.9909309559202,0.020958083832335328,0.05,0.0,False,id_ci697itfcqh1.wav,25648c88dfe91aa430920fbb68580339f87220adcc7f11ade19d7966911ed6f0,16000,53760
422,1486.3377392100356,14.778263566997609,0.509478672985782,0.37,0.0,False,id_xuwmh29i7jf4.wav,e6521ce80fc0a7b499cc74b453a6f0f7f1bcc8aac13dae42aaf2801acf16a8d2,16000,67840
342,9350.125437794939,179.33857432145953,0.20760233918128654,0.01,0.02,False,id_d4a57sgtqjuu.wav,ceb122b03df2cd446fe2d2192a6ea12651e2d03c549654f1416c533d1dbc2056,16000,55040
318,2470.128503742265,6.357573668831098,0.8459119496855346,1.3800000000000001,1.31,False,id_s257bjdc2s5y.wav,1ed1b3d38f0edf3d84a300990e334db3d95013240ab3a01017cfa8747e83f018,16000,51200
430,5962.3363453431575,30.964217789711594,0.8511627906976744,1.11,1.9100000000000001,False,id_1qvgwc967jfk.wav,76860523ecfc0822a54836417fc097d1c0f647297af525152604ed267eaa0af7,16000,69120
406,4011.466333836045,23.064638643572763,0.7019704433497537,0.23,0.38,False,id_c24q8fri3pgz.wav,60d6dfa13c56bf407355cbe093540c8bd948d4ffc13d7bf8bd138cd96dd84c04,16000,65280
398,5594.062440883191,20.21195392779912,0.7311557788944724,1.32,1.5,False,id_7a737rg5h2io.wav,3423a87051423e5a6a5a8433d98b81bf10b9f8dda356b796cb7a1be5e1cc1fbd,16000,64000
494,8714.385394277671,9.275432265633931,0.917004048582996,2.17,2.36,False,id_979h5rcr4asj.wav,45ca9c8bd50f3a08db72179c5772d828c9b95692cf188ac741e0e0225597550f,16000,79360
408,3620.0897039990596,41.663156629808235,0.42892156862745096,0.27,0.19,False,id_snt2jkd6nl4q.wav,289c1b6ceb96364ea49b84bfd2ec743a34189d008ab36f46042cd351e0e40d34,16000,65536
350,2918.1213644226655,21.274148337529894,0.64,0.07,0.0,False,id_qr6w9rhla6oy.wav,5e30ee3080b9c99c01a210cc34f29a3c9cd4fe4c922854a7d123b89a519e40cc,16000,56320
910,4082.736203209803,10.920622188388851,0.9142857142857143,0.46,4.15,False,id_n0kf4fj14xz3.wav,4707a1623d98edd22a2cabeb0dde5db5d0535ab07205b4014b7bfce2ddd1fb66,16000,145920
798,4128.418622487308,13.642551966301028,0.8383458646616542,1.26,2.06,False,id_8vtppid9fytg.wav,15ff9d78f57206910bbfadeb868817e0a9100715f14dc77de1198275e621f118,16000,128000
414,9446.466985466048,10.13372611831672,0.8260869565217391,1.37,1.77,False,id_3c8pexd17hxw.wav,a1159813ef7dc0ccbde0bd8a19a31ed62c3d450abb3f8c4cf544399f20a5498f,16000,66560
350,8310.270148587228,181.94808484029573,0.13142857142857142,0.09,0.0,False,id_2tx4vs7n9buq.wav,432c1e822233021dab63a1d0744f43313ecd69a540de4ad1dc1f2842aad8ba4d,16000,56320
334,7857.879299785662,63.29774729097017,0.6047904191616766,0.3,0.04,False,id_tzb2yh12h4xe.wav,7f5669e681a40d352b5c270263d0cce107a1cdd1dba773583fac5bcf7e7a2835,16000,53760
422,5630.430153638353,33.7769521568452,0.7227488151658767,0.35000000000000003,0.01,False,id_wh9s08lh9wnh.wav,f02e3f134f0c7a0f9475cf2722c36261c1811b6e638d76b19db7e33e16201c7c,16000,67840
398,1834.070535721023,114.12205560500054,0.010050251256281407,0.04,0.0,False,id_irhwvn34bo0y.wav,67911f6a8d90bbdfc9c57995578edcff529973d91699c9145cbe0823f7f6f522,16000,64000
558,5690.087072049074,50.4565761997696,0.5627240143369175,0.05,0.0,False,id_yznjry4c146v.wav,6fe6970914074e83c419b7c4bd1b9053d4ea9ea189299f40012939b817f2c250,16000,89600
382,4527.951059530127,20.720746412430067,0.7617801047120419,0.31,0.29,False,id_ak1smox18epv.wav,e391a2770559b454335aa48ceed77d282372e2cff470af7abf80e3094950dfcb,16000,61440
518,2957.81442749541,20.70515183252001,0.7799227799227799,0.36,0.7000000000000001,False,id_galxjnlftahx.wav,db14b42db23d6e264ca2b008c9a3e109599ee177222aad7a73dc5fa777efccfa,16000,83200
374,6470.428183860787,41.93257615342023,0.7513368983957219,0.0,0.9500000000000001,False,id_ro7z5tntme08.wav,c7d9da6becfbaec1bfc94acb966768104b75393b720557eaa8aff443a70b2ad9,16000,60160
534,1513.0772361317186,22.26325262103749,0.22659176029962547,0.05,0.0,False,id_eydugsi8wn17.wav,0b033e9798faa5ed1d1011d9d3e58dd842d58758d5d436639d5093b4bd55d366,16000,85760
395,1045.7731434206944,7.82719617743161,0.8556962025316456,1.74,1.06,False,id_o0qmix19zxkc.wav,239ede91cc0cdae554892042440737082312891341ba59fe14ee002c2f0bd041,16000,63488
366,2575.530956909662,0.9880534397854173,0.8934426229508197,1.37,1.78,False,id_q021be5oa4kg.wav,fbe79e9f8d4f9df038e9d0cacf7e49614d524a589c2c53012d4cd4f634ecfd14,16000,58880
366,734.032492468828,60.327021003952396,0.04644808743169399,0.0,0.0,False,id_cs4w6oqhdi9v.wav,bed1b1c438795b72390e280538ec45811402456f0e811af44c2b7f99af1e3c0e,16000,58880
814,8978.335648938504,14.093388642439152,0.8624078624078624,2.14,1.45,False,id_qwasoo54axj5.wav,544800e255b045d1feea27b5c396bdf657aa6a26659b9bb083be59fe92db8278,16000,130560
374,8618.755986219821,79.30990379062675,0.5240641711229946,0.0,0.0,False,id_n9nyz6iftimb.wav,ca6e4c6c776c2a06e5d8d930c04e00d5378ed895c73ea517b5fcd3195922c96d,16000,60160
606,8351.02834805391,33.358731804331065,0.8481848184818482,0.0,1.8800000000000001,False,id_6wkhgl8a8f8a.wav,f53705581476c5da3284030adc20d1a54a508cee08c586acb159d7765a80edc9,16000,97280
462,1612.3901388931897,11.884916911667265,0.7532467532467533,1.3800000000000001,0.15,False,id_86yhgs8rxfnd.wav,440dc8574e7a0fb3f0fe24a8d5970fb69df99979469badc35d2d55252a2d769d,16000,74240
382,1900.1017163562587,0.8624091110311538,0.900523560209424,1.68,1.76,False,id_xhtboznshdvs.wav,fd52cc11a4fa205847344255fc33ecf1742924254114aacb64a3e37798527fcf,16000,61440
366,6723.485557729711,176.36158739238823,0.030054644808743168,0.02,0.01,False,id_abd481tgk9yn.wav,a788599f107f7e764ce8123d69f933ab8d717c681f49db6359a063c5da07b0c5,16000,58880
494,2130.047199007571,25.73103405421242,0.3805668016194332,0.26,0.0,False,id_2pemurklavcr.wav,c8748b3a2079ceb4272ec8af4fbcaddb35d98ec1bb2e22c12fee68910f4a41c2,16000,79360
356,3131.1728613252894,18.183639463377894,0.6713483146067416,0.0,0.24,False,id_73ry0uvspsbk.wav,1a00b6570ce42ae98c19dc481acf8615fe9c3dea4ecedfa324c07455c1532ec2,16000,57344
358,6587.488857675587,19.093837920021492,0.8296089385474861,1.4000000000000001,0.1,False,id_gvhn186kwh3i.wav,5532e98d2df3b7d596f13493cb1059299945750ea79e26d4f687344aafc66f89,16000,57600
334,2118.3526223223553,18.89830803642887,0.5718562874251497,0.34,0.59,False,id_e4y4pzj1fbl5.wav,699ecc77780de23797b6ef43785b6fb3e02464e1144c2f6ede3b9c7b048c8a30,16000,53760
470,3781.9777540990376,12.385368517816122,0.7957446808510639,0.2,0.45,False,id_cw0atars2ki2.wav,98e5a9e6b8b4777485ed895fd947832448c386cc95332d6a1fac573c268528e3,16000,75520
414,4897.144760725376,12.835979773836007,0.8285024154589372,0.0,1.69,False,id_3rfffdoekhtr.wav,d3f490de2ace5b6b42422f5948dc00cfadc054e2908e44e30449bc32ea353f56,16000,66560
334,2119.246332425752,8.207065233804677,0.7485029940119761,1.34,0.9400000000000001,False,id_a2bwc07dbmcc.wav,1725baf6b65475314aec4bcdd6e1b6b731c12589c58c522490afa9face02c37a,16000,53760
548,2326.796069706153,7.962297208134636,0.8503649635036497,0.28,1.04,False,id_261a281m6rs1.wav,168aec3b11b99b40875be63b24568d31c270dc90d1e86ae8952d66b43b096a2d,16000,88064
358,7237.21703108315,122.97517034398305,0.07262569832402235,0.1,0.0,False,id_jeh9d7tge2zf.wav,227471e95bd8208dbbf0a413f34a952fd5522a5daefbcff3d2270bb0a9d04b72,16000,57600
734,3450.7270125293885,1.0080920670360474,0.840599455040872,0.15,4.24,False,id_y0ofpylebult.wav,7ef7c11de33ff012e9de2880dfd5b8dd032b296970529493603c4b23e7e4e086,16000,117760
294,2077.2923674822473,194.9680243548695,0.04081632653061224,0.11,0.0,False,id_u7sfsi9q6wiq.wav,beae073c09156b3d45371b2956e78b780556fddab3bd8af99095cdc3ba9f7a77,16000,47360
294,148.498956225288,28.370624539135328,0.0,0.0,0.0,False,id_uxl1j3j54y0d.wav,cecdf669e3c77d64b01511515fc2d75d02c7dec1f79281ee911871fa672df5ee,16000,47360
382,2138.250135040332,0.788986691902975,0.9031413612565445,1.86,1.59,False,id_uhw37ku1gw9v.wav,57dd42de5493b50cc07733cbdbdd8c8b15b6b9df5c5bcd38eda2af74e5d403bf,16000,61440
462,2843.6875729411627,30.339062012296694,0.4675324675324675,0.0,0.0,False,id_pm0v2z2jpfc6.wav,e3a99cfb12f7efa1be5577cf38242a7b18f19f493299ad504a14ba077ac46307,16000,74240
390,776.0998083365309,2.9935338190091265,0.8615384615384616,0.09,1.69,False,id_m9o9tioryms2.wav,663babf2f21031678af6d9628566f15523bf5434212142d80cdb74602320be76,16000,62720
382,2413.6623396821683,9.014155226234418,0.7905759162303665,1.45,1.34,False,id_clht4bh2f9wd.wav,cb997d86aafed6f9ace869db41f7988c75b9417af651f176559a0cc552bb74dc,16000,61440
478,1127.6708540172526,3.7010133747394103,0.799163179916318,0.31,0.2,False,id_48s5x8b6ihzo.wav,5e5553a9864019bf31484f1b4d22052bb1f115689a4efad8baa74595ee8d0962,16000,76800
446,5076.6700151280265,17.160528805501173,0.874439461883408,1.51,1.3900000000000001,False,id_9qzp3nund7u2.wav,749785a7eb0084d953b939e826c36013c19f84af04218698882f6eb36e2be05f,16000,71680
494,2416.1784479835096,27.90453227782959,0.4331983805668016,0.0,0.0,False,id_chbn34foqfz6.wav,189f905b88c08fbb4b58a26215d04e6e1925a9abdca9c818e3be7ed1ab276482,16000,79360
302,3633.981909008354,273.2012586492201,0.0695364238410596,0.21,0.0,False,id_2cm069q9psap.wav,7c9232b902e8fa31ae14aa17c59bdf42538bf63a27b2af7db0ab31029d6c5531,16000,48640
438,3661.614948011328,35.03109288414635,0.5251141552511416,0.17,1.22,False,id_1225z4zxeq84.wav,2e11828003a15a75c21afae6d1b8ac6af46311d675a635d66eb0abd68e84d72a,16000,70400
382,13126.232367572196,19.089392357779566,0.837696335078534,0.09,1.85,False,id_lyglgngppfk5.wav,09bc64a87e921e949a9402187cf3cd48e8a4e8fca0d48a645a7c6f621b9866af,16000,61440
472,3389.159063838698,23.555771383545974,0.586864406779661,0.0,0.2,False,id_0t2w98zu53z3.wav,ed3097aa951893aff2aa6a7e95c412bd61036cb6096c7b4faeb32b7555bb21a5,16000,75776
414,11515.801998992516,194.40743100700604,0.3309178743961353,0.29,0.0,False,id_i42vwjlh438g.wav,fbfc7c6ab6616ad8670d331d2219bd98567655b8ad5ee0aec307f552764d4d3b,16000,66560
278,1613.2231990645312,404.2875632604688,0.03237410071942446,0.09,0.0,False,id_4aqkjof6trnz.wav,81357b6433a82eee32ae95f51ea8e3e912633b023ac741064953442aea3f9531,16000,44800
302,1426.6822990771282,292.91307979626976,0.023178807947019868,0.07,0.0,False,id_rwvl01jw5prq.wav,72558f7a89d287d7af9a777f5c907c265bb31d39ffa22f69a7d7fa8e92f8a627,16000,48640
382,13479.084127361917,27.792578942201793,0.8403141361256544,0.09,1.52,False,id_s8si3s1tkmyk.wav,c12dca10f7366d671f83e03bd77ea5777a330801f352ef357ae2afa9b6fd44a8,16000,61440
334,2102.625492093159,5.869514383785358,0.811377245508982,1.46,0.64,False,id_l7c4whoiu71k.wav,11a6f24d97b1565211c7c138d6e2c1d1b458b3a2486bf18d0a4c4237cd50d750,16000,53760
398,1505.8943505438885,22.627820447064273,0.32914572864321606,0.02,0.09,False,id_pxms69ats3ff.wav,5d93687ca39b61fdf77a1965668735e3ba53ab8b8a76315ccb84d16a82c7c361,16000,64000
694,6723.181270425483,153.14123548528505,0.018731988472622477,0.0,0.0,False,id_fuyspzpeoekk.wav,8acedae2f09a2fa0a95a9ed5e598f5df6e991781a53b8b122e55e08fb5d2209e,16000,111360
262,2016.4038707560546,68.41439740982041,0.022900763358778626,0.06,0.0,False,id_vso41n7b6iua.wav,9b84f47979a1051cd2f1596e5162f1ff313d8747fd767680c1d42e8c6f53d299,16000,42240
406,3685.3004256776676,23.870260199222454,0.6699507389162561,0.11,0.01,False,id_xei6xr623kx6.wav,234ed8fd6e3563eb894e3e0a4c1ec698949f2190a2933606caa2963116fc01c6,16000,65280
502,5452.654261229112,169.72277938295233,0.05976095617529881,0.22,0.0,False,id_n0zgfcigfg9v.wav,f454ac205953c6077310002525ed19184fed8e8eb63c3cfb74b83fe67703caa0,16000,80640
302,4479.765349602588,22.04191775093394,0.7715231788079471,0.14,1.08,False,id_zyjkvxony41m.wav,3e8a464248e568480e0561aafcb4c14f051045122ba0db80b2045efc30d51d23,16000,48640
366,7459.099459385161,136.55232034258555,0.09562841530054644,0.16,0.0,False,id_5h970i2vq7y9.wav,a4bdb1261f3d3b987d9fd1b54c7058c221d2b132e4bb7d50caaa9b2175bc5a39,16000,58880
526,7308.35155353107,48.130166606342456,0.7566539923954373,0.47000000000000003,0.15,False,id_9w70j5c1ebkz.wav,ed74a904fb3a8c4b9b917588617b58c3493805e7fbd2d7978ec63d03e94ff5f0,16000,84480
422,1217.770201023165,10.309092892298654,0.6161137440758294,0.18,0.01,False,id_a7r3ztw3bvl7.wav,2d767c84927cf06abf67b0cd93d74701f4e4ae50e12a50b7eac161cac092c4d1,16000,67840
518,1191.2538562372001,5.090735860117605,0.8474903474903475,0.0,0.18,False,id_e41hkkvfrd1u.wav,5843c51061e16be76eaf9821827573be848a7cf8c44ea1c62c0734edc33b3163,16000,83200
382,6412.5667830830425,365.15102262529535,0.015706806282722512,0.04,0.0,False,id_w76jgaukcz4o.wav,4d41b5b485fdc91495ab3fe3b93792bfc7d3d646736f321a9434f91e48e74014,16000,61440
342,3621.381777029315,252.624146827843,0.08187134502923976,0.28,0.0,False,id_q8ublattuf6h.wav,abd417e1d85f8f279bcfa247a6ead45cc654afd6395c26a14bc529fd8e89a19a,16000,55040
382,1889.5394491780266,19.846830264370347,0.4738219895287958,0.0,0.0,False,id_uvyirc5e6tnm.wav,fd089d4bfa65d70c54191f78badb3c7f97df0d1ee5095644da93e4e0d4d17a49,16000,61440
534,12699.760311714548,23.35023871770204,0.8932584269662921,1.8800000000000001,2.5,False,id_28n2eg9p3ed9.wav,1f367d3d4a191f21de77cc485d09581e66b1e0d9098e12e4b0645aa490080ecf,16000,85760
470,2562.6938673005793,30.307527675963968,0.32340425531914896,0.39,0.0,False,id_px1vfsokq0uu.wav,b814386c7fc4f4ca0ea4be39ef25f7a6bcb6b584b89d5e709b032f99c031f76c,16000,75520
366,10812.625547247995,25.85254725644223,0.8497267759562842,1.62,1.49,False,id_cobls5w8q948.wav,bd13e6443fd0c9fc32aacb8e2f8b58d18e4e5d5f58655373db58e0a225803971,16000,58880
470,12633.107799449033,10.083091478657707,0.8127659574468085,1.46,2.32,False,id_t5a91uo9oetg.wav,8fb1c9fe0fab0016d81d9296016d19745df3cf40a64a7ed76df2ed0dda07bc33,16000,75520
398,2396.091758990043,8.221084471103898,0.7788944723618091,0.43,1.77,False,id_rivr3qtmdrfi.wav,9b267cdfeea70907d7068642430ce36f38e36bbcfe64b689b4cefeed977443f5,16000,64000
390,3314.588731275722,0.8261355820929153,0.882051282051282,1.6,1.84,False,id_l6w1d92pnboe.wav,e7ea2c882b1d3d64c5a5233c74441accafdc44706aff460120f31b26ec1938ed,16000,62720
446,2692.3554218379118,4.460661165882641,0.8408071748878924,0.0,2.1,False,id_9wh9ef7tcsoq.wav,5216720d242bdd8b03859ca33c0b5b5a8322db75f54e26d31d29494137c553d4,16000,71680
462,3702.2795194312384,84.56628280408043,0.01948051948051948,0.09,0.0,False,id_w7oynmmdjbo1.wav,fa8d7e9a05fbd6ffad2aa22dff08cd5d5a4381ee1841ffe0a22d5b45373f0965,16000,74240
470,13195.24843494809,270.2827498868901,0.04680851063829787,0.12,0.0,False,id_jzraxxsjwwkx.wav,0811e053135966e3052baf820f8617e24e3a919f316caa1b51f27339724bfe54,16000,75520
582,5234.384161962131,13.119636183430124,0.8075601374570447,1.6500000000000001,2.82,False,id_sjs8y8ck7fpa.wav,ad27f189fbfbf404651c33da3f01ffeffe3d5d59949135b40017d7892ba21d6d,16000,93440
382,708.904270688222,19.635314684447653,0.06806282722513089,0.0,0.0,False,id_iw02z9hwz6k4.wav,89b8e77379d4980b3f612b773b8f1761605890ca7c5850ded4c40fcb5175d70f,16000,61440
398,1765.1092459108586,63.349210935592914,0.052763819095477386,0.21,0.0,False,id_b5ez857boyhx.wav,59449810bcf26ed6261e1b86f72c1b76e7dbc244410971a3121a76b3424f7630,16000,64000
334,2380.7069107725124,8.845339820593558,0.8023952095808383,1.48,0.92,False,id_m81vludrfw3x.wav,0e104a088a2d5cbeb2c8abed5f2d0656ab3b131e49e2472a3a5461df8afd8fec,16000,53760
350,2607.0447886447982,20.656458954828246,0.5685714285714286,0.34,0.0,False,id_81drplilq3k8.wav,08ad6017e14e83cf984a0fbc3d6144f3884f2e98bfec938f576ea0eded5b2720,16000,56320
398,1933.977530246926,160.40202028991203,0.017587939698492462,0.07,0.0,False,id_jiomxrcxrpsc.wav,3c8e509e90c5d91a689c190e374a93486dd65c58bda81e14a34fd6d01236d187,16000,64000
278,691.9838979340487,74.97437461196037,0.025179856115107913,0.07,0.0,False,id_vqne1h665p7b.wav,f319a0bd6b9bdd592f7d45acb863a5e27582e4a8e2dff7f203190c0f9f465afa,16000,44800
398,9288.230556327724,12.906485555429978,0.8015075376884422,0.21,1.6300000000000001,False,id_8925m3vtl0w7.wav,6670981b139911c7925a6bf8ff2109d3332f540ffc3f93cbb3f80464ab39e2ea,16000,64000
414,7685.305351936252,2.4962318013708096,0.8429951690821256,1.45,1.1,False,id_kr6daxzjinrs.wav,d9953bc97baf09d4ee372890841bd6c1956561f593b2da3c6e39d1fac5373d3e,16000,66560
342,1282.1175248392792,67.98566761356699,0.07894736842105263,0.27,0.0,False,id_0afzhnhqs4xw.wav,d4c516793e2bfb3134cec368498a8404fb85dc13aeb8fac13f330260cbf8653f,16000,55040
406,6755.0789188580175,10.4912870576252,0.7906403940886699,0.99,0.0,False,id_id2aaha81obf.wav,a230d77f9f2458e71208f1d16d3766b802b77624dd3802bcf480e7fb8ea2d38c,16000,65280
406,2094.5262656505406,36.54443459118433,0.2857142857142857,0.04,0.0,False,id_y4hhckwhzn5t.wav,4e07a2c074591f11f4e9e8e4fdb7eacc06b3f1c99a7f5117df01d80cfca844f7,16000,65280
398,1865.505604387186,31.580051559832363,0.271356783919598,0.08,0.0,False,id_823rulz7dyg5.wav,c5bae281070dfb81475f99e2ab3a7365d747c69c9bb6add13722b6fa9de48a36,16000,64000
334,7944.61076894268,191.02438539953198,0.02694610778443114,0.05,0.0,False,id_08q7xmh6wdrh.wav,4de0d784295d17eb1e471a3d6f166b677d9cf6a6731a1f8b89682c3ff219c04f,16000,53760
670,4466.244606769764,130.9375279157848,0.01791044776119403,0.09,0.0,False,id_it5behtmsfu8.wav,f7604b1faaec80d6c52663535b4733e15401df29543119027c7b12f91e5595ac,16000,107520
470,872.6253950006268,37.73449093933523,0.010638297872340425,0.05,0.0,False,id_i4ko5owz9uko.wav,536bd14bfbe26ace10ce564b56bac8ed1d49eebe8c0e848d535f723ee6f16cb9,16000,75520
454,4710.597550736,129.63375376305942,0.08149779735682819,0.37,0.0,False,id_6eo1yxcezu5y.wav,fc3ae192f1f71a685f5dd107c0d72989cb87c6c63c071759d41f0ed6f6b7a027,16000,72960
854,4016.0321948410724,50.60812388173055,0.3875878220140515,0.38,0.0,False,id_ra6xbk0e6wo0.wav,dd2f24ebbd66180d1222533715b61ec2f63b10a8c91149f9771a95e5b5ff3074,16000,136960
462,6516.679017145159,24.517593483959512,0.803030303030303,0.54,1.79,False,id_ynada2n1kspe.wav,f0feddfe6104b86e3250c890cdc7579318824ecb39615c61ee0446f771ccf8ed,16000,74240
408,4460.82170121156,21.72101333811988,0.8112745098039216,0.37,1.6600000000000001,False,id_a942p72yyue2.wav,629ba16f236f7090d6c58b9ab61d4485c077f2f353576966d60c6ca0d696dc79,16000,65536
454,2781.338772965278,14.833472193581272,0.751101321585903,0.17,0.11,False,id_wuwxoawstn3c.wav,125b3aa554c86f105c7fd4a04e4bbbc713be9dcda40033b47acdf3572d3433fe,16000,72960
406,3922.3502122452046,170.7246150377032,0.1724137931034483,0.0,0.0,False,id_s4gpgrtb6a1g.wav,49182bb25bb00fd3c19a72974d2bbfdcef827886d3993176526c433f5ed82921,16000,65280
462,10368.437606987853,16.934136239054176,0.9069264069264069,0.1,1.93,False,id_n8er949u5qwr.wav,769f0e6f4e2e710351ef4d2c5bce8211abaa3689bbe60a5009fc667423566d45,16000,74240
542,5036.058554316063,5.9856992580834465,0.8394833948339483,0.44,2.31,False,id_2toxc1ee6ven.wav,af909ce9ee967ed89f4bde24bcd98d793da32a0ab1057f1e2fafd11ff96bdd43,16000,87040
462,9009.626401521875,8.097219272042675,0.8593073593073594,1.8,2.17,False,id_ppyucw2y1afd.wav,b6d197075fc9fedeac55be82b690db582771dcda10f8ea03d616398ea5d964d5,16000,74240
574,2903.5218773930396,26.305211330907312,0.5418118466898955,0.24,0.18,False,id_iipcchonorm2.wav,27fd0352a76153c6d2fe8689b83eab1bb9370f17a19a5dadde2d225cf4700103,16000,92160
414,1863.97060867386,3.25153789304356,0.8381642512077294,0.06,1.05,False,id_q6v2cje7qrql.wav,3faab4d025f3bda13c9b2d4aed276ea5f094469a2932ce9330f036f9161af40d,16000,66560
414,3458.4096565473556,26.089801963796837,0.5942028985507246,0.06,0.1,False,id_2m296j37x3t4.wav,2d825d111565962bf98b83988ada016adc03d48ffaf367e520b4eba46b8de957,16000,66560
369,6775.158307560053,21.277394107361925,0.8292682926829268,1.5,1.56,False,id_6gcyp7hpqffg.wav,52ba8ab9c3360f6bd4fa848ef5d6d414032ab663c8d15136f667ea0c3490b9a2,16000,59392
390,3084.3191866277393,22.333576744190704,0.735897435897436,0.1,0.97,False,id_uy4dyk2y8itg.wav,8cf5a9a8e989bf0e70a95045b64b862961a271e2e69ae0277d3a66ee8d739102,16000,62720
408,5019.319333086908,17.774243314922515,0.8186274509803921,1.72,0.11,False,id_vvpk26kq3l1z.wav,6c41c7cd8a67da92f4537f88faba3878e1ccc54801b8f65ceb4ce4b8c8f9fe7f,16000,65536
374,7506.900388808952,369.88057384028536,0.09358288770053476,0.35000000000000003,0.0,False,id_4nn0ijj9up0r.wav,ad332e7e6e740bef717fa435b78cdebf6ae2f44d2661c47aa5cec398e11b1e61,16000,60160
459,1513.2596563379334,15.063283174660164,0.5054466230936819,0.0,0.8300000000000001,False,id_ojou06d0zosy.wav,31b584b549c5134d0d00251fac63ff3b1cb7b8db8ce4358b23f645c8aef575ba,16000,73728
422,4187.79546778493,105.41808360966394,0.06635071090047394,0.18,0.0,False,id_p28wynywbb5x.wav,5236d16a68f93c00f6acd592582dbe47da05182dcf007dc218cdbd395f530115,16000,67840
382,3980.836838844315,14.377093208587192,0.8534031413612565,1.56,1.53,False,id_algcdtnmm5au.wav,0d37095dd02ae406022f0b3a8166a55aec21f3ab00e8b2dd8e754bec6248522b,16000,61440
366,6533.320748095872,211.96665091107207,0.0,0.0,0.0,False,id_1wunkz2ebred.wav,5d3cbc044723b458989dff8978534b68f62cbb92e3edfdf2beeee29eee69eed4,16000,58880
1278,7587.445258286876,110.84078634039375,0.11502347417840375,0.0,0.14,False,id_nhunsq3lf4nz.wav,8b6d12c0ef464d1a2e5f094ab304009a1f99fa5d45fd7de2da78518e0f07d621,16000,204800
414,2537.8830819208356,84.08816119647912,0.1570048309178744,0.02,0.0,False,id_o97vo4l5b94c.wav,b334705475a873150409ed2fca819a37fdab2a4e8fd7d33c3aea69eba97013e4,16000,66560
587,1758.0012507105903,22.59574074908809,0.2402044293015332,0.0,0.0,False,id_jeubabq2oi9o.wav,f4a6f7fd2819bc8c3fe759baa433770fb5fef2f0bdfc2dbab5a4e60a505bc372,16000,94208
390,7310.418521192887,47.239035959545646,0.841025641025641,0.8300000000000001,1.26,False,id_mgfvj28nqnik.wav,09028df39af2eecc7e8a82438362c31301f216d3770da726de5522fade0bf052,16000,62720
798,15185.207620576019,114.6395589771264,0.6716791979949874,0.0,0.51,False,id_e6igencrkmg2.wav,949889856caffcb5307b34b21bf9c12f510ceca69cc87dd98b704fa12beefbc8,16000,128000
438,2034.4895563752593,2.5852940386025103,0.8881278538812786,1.57,2.32,False,id_sjrh07s2ulh9.wav,4a74d049f085cd6fe535ee9a50699ed1eff96edbcfc874a51d4de00b3b54b492,16000,70400
438,2962.5349744770947,8.500146496568838,0.773972602739726,0.17,1.1500000000000001,False,id_uf254b33d0pu.wav,d4f2b4d4cf73c42231d4b8e21df95b5cfe7626b20f22170fbacb93fb29ad214c,16000,70400
422,4368.5690197134345,14.55638728231861,0.7962085308056872,1.85,1.46,False,id_52lvcoiercqe.wav,4ba2375b902f1f2a6b7e01d277139ab89eff7351fb1278fe689bf7f969075583,16000,67840
526,2184.999974828375,15.11116987878247,0.7566539923954373,0.6900000000000001,0.16,False,id_yc3x5rwpzq3m.wav,9544184e19b535f36bfca787d9df9edd93595aae6a5e6a8be5a1298b92ae130c,16000,84480
310,1868.0320286333422,28.47323114302864,0.14193548387096774,0.22,0.02,False,id_rzohz9x3f23o.wav,06a36ae12ea380ec098db1e070e6c9a70b6adceb40c72d60451fedb296ce6143,16000,49920
382,9183.337035086974,26.329115505254148,0.8507853403141361,1.49,1.76,False,id_llfpfcgu2tqq.wav,f52993bc656fa1cbcf7ac2c226f5336de4301c32597b76b4a231e91807f776e1,16000,61440
558,16444.32049523482,34.86416865170114,0.9121863799283154,1.21,0.75,False,id_mqtcnjq5fqfj.wav,f8de06b94fc7dfb22d55da3227b90eac674e5e3a0c86e23afbd3b00ed58b2a31,16000,89600
310,3109.7078367589456,210.64681927578627,0.03225806451612903,0.1,0.0,False,id_c8xurp64t3ta.wav,d7221aaf927c3f445c32c7f700b638bc5df8681fb3d07f930df64e8973e69083,16000,49920
510,5630.465869046717,81.12355573998965,0.1803921568627451,0.0,0.0,False,id_oh6xpep9ubui.wav,8bd5e6df8bb00964fc699e4f707629509360e8039024f50f1ec2589d182abbbb,16000,81920
390,1242.8467654944434,20.27866504069489,0.041025641025641026,0.04,0.0,False,id_1v5wfsshg1a7.wav,11f59f285f859c95f381e98031bb8f2103508e6a430b9c1d4b0d60398d07a92e,16000,62720
446,6131.744650586813,17.474032488026758,0.8789237668161435,1.53,2.0,False,id_ne8acq8h96dm.wav,81fbc1a82b9f30164720cba357a4946b67be3f127992d7a9e2295b59608c4730,16000,71680
390,5558.85201840272,33.74517340560453,0.6615384615384615,0.18,0.07,False,id_ow5408yh3eu1.wav,3efd720501f50d1d28869f59d7ca6b898182a998cba5528c7ebfdb106acc45ec,16000,62720
382,2789.15204945876,20.940944886901324,0.6701570680628273,0.21,1.06,False,id_3y2ejb6ohxxw.wav,e24f8655312fa6c24ab7144ff6a08736c693a2be2cbb43431b7aa3a7932723b0,16000,61440
286,3684.6113204108788,15.14414814738443,0.6608391608391608,1.3800000000000001,0.24,False,id_ttoscaav1le9.wav,77e70ba837d93917cbf7d697bac6274d5a5e7cd63cb43435c72791f1f2dd760f,16000,46080
662,5007.829392810821,15.581399156835772,0.8927492447129909,1.54,1.34,False,id_1ztxm5ucc5hg.wav,9c315954459dfcd1f9fed8fb782070aadc150f7146db750dc6d647b3e0814b82,16000,106240
550,16035.868020861859,121.31182156757424,0.7890909090909091,0.7000000000000001,0.0,False,id_seua7u84lcir.wav,7fc1e421fb7c4a0c78d726a04620b3240fafcc994ab6ecb0a6dfafec25a54f5f,16000,88320
422,5258.317542950406,40.83158987870293,0.7393364928909952,0.35000000000000003,0.03,False,id_3yeiwg6otoyt.wav,0659acad1458a71639e9e25e2f93a98832f134c7ce81ee3eab7561332dde3ff8,16000,67840
398,2831.891876908439,103.63326558660663,0.01507537688442211,0.06,0.0,False,id_ziibvxfrmy4a.wav,03fe8511c30617181494f32e10d745007466bf6e4637866dd457bfbe254b4e1a,16000,64000
454,2206.765932875528,5.991945355562765,0.8061674008810573,0.24,0.15,False,id_yw98ixv6h17e.wav,8185e47903156e258809591a72dda2ee1babb97255aabb024c568b3023e84a8d,16000,72960
374,1077.0144938671901,15.914098490984902,0.22459893048128343,0.01,0.0,False,id_ekbsdsm1j5k2.wav,aeb2acc0a07208ce8c8e188d4d8dcc18527e7c89ebccdbe26dd8c782a74ebb4b,16000,60160
334,8765.340638275275,8.083701453626809,0.7934131736526946,1.57,0.0,False,id_zvs2k33iy4i0.wav,36a70a07bb50cedccc565c10eebbc1534f0d39a76884a93dffa09b5ca5470880,16000,53760
478,4012.642214302192,128.67307575896172,0.0041841004184100415,0.02,0.0,False,id_1h6vo8fba8gz.wav,220d67faebb8a2035e777fc8df5c2f847234e6af23a771df486f41a11bf05fb8,16000,76800
494,7060.693805498154,24.17737532795241,0.8178137651821862,0.0,2.1,False,id_5aly5y4f0ihq.wav,3455912dcf59836413ad0249429b4cc9c503a4d50d7b6117beee139b9bb09f5c,16000,79360
678,2373.2033477980767,96.34424009707377,0.028023598820058997,0.19,0.0,False,id_iqmv6ej4um5w.wav,23b44ae794deea9d7039acaf071b61e5b9c2b193fcd2b1b7b9b48e5e5c3df883,16000,108800
472,3736.299380403021,12.197631777287988,0.864406779661017,1.17,2.85,False,id_e1bgrj0mjgbz.wav,00ebdcfd82329a8b702276d1186ea33c4ab5da1cd763bfcbee7407b5c2f23700,16000,75776
382,5097.311198318188,17.459117681024566,0.8429319371727748,0.5,1.6,False,id_3n0gpmzmnb19.wav,1f5799d2d1ac01a16d66a9f00633732712577bf4d814cbc9ab440e3c42f42cfc,16000,61440
630,2224.795754670527,21.333914559618655,0.5492063492063493,0.1,0.07,False,id_n7a9ge9ge95s.wav,cb10db33751c7d80155fff91fc2d15d2aedef8924f631d6ce93cdf637b8e898b,16000,101120
523,4498.166770196499,11.203459287202323,0.8508604206500956,0.66,2.12,False,id_50v96vxlekxs.wav,6d9f6bfe40750274d466b848845ed81a518944e6a3a627f4469e315170fcb9a3,16000,83968
414,1930.8810365996142,6.687073652292371,0.8285024154589372,2.05,0.5,False,id_6515i93uhpj7.wav,81ba75466d7166e4054f2d843ddaf0394189e35d0b5e84724a7227403fd74a18,16000,66560
390,3992.0681782755164,4.983973913879812,0.8769230769230769,1.55,1.67,False,id_6mxwx62c6tni.wav,c03ea8c441db870ea73f63d57c2914b4495b281d77bb9e7bd4b3adaad8dc0005,16000,62720
486,13559.462342401339,96.6374696416469,0.7654320987654321,0.17,2.18,False,id_enrkelzb1agh.wav,bc0c7c694c38efe1551a72cbc4bfcc047d7a76895fd40234cb91dcacf6cd7e02,16000,78080
526,4223.404575694827,28.831691276351243,0.6064638783269962,0.0,1.29,False,id_c8klybca8kzh.wav,31f00c7b46f4e22ffce80b8cc75d5f15521a5ee7c335a0a9778476c5deb9dc35,16000,84480
510,880.707391816374,3.149203222473787,0.8274509803921568,0.0,2.37,False,id_h03z2rj1k2ti.wav,4cea8c3713f4556238e36e52186e4e53bbf466644a03dbdcbdcf835b20d6d0d7,16000,81920
753,3323.547636186369,16.602560043559546,0.6706507304116865,0.0,0.5700000000000001,False,id_ndbf7xm50qjl.wav,90e57176c6620c9b11a6db8e20071a0f578a9d9b55ad77e3d8bda7d2ce7972d1,16000,120832
758,5127.350952002408,27.637631139486835,0.8284960422163589,1.81,2.57,False,id_h9yezkgb7zsn.wav,aa155e1d26820a172a3ad666490cdcbf949638d931b22bf79c186969818e63eb,16000,121600
395,6323.504345297787,96.65491451550719,0.27848101265822783,0.09,0.2,False,id_x6gdi6y6gmli.wav,1586829179934078c9732d8932449599350ac8c7bc998431fbab7063007befda,16000,63488
302,2081.57651132501,132.89137268310344,0.059602649006622516,0.18,0.0,False,id_6b7vc2apvvhy.wav,3547a6a159076f2ef18bd20f064d177018816939bab9da67e2948a25aaeafbe8,16000,48640
382,14332.654810955297,8.286206278745375,0.8219895287958116,1.5,1.62,False,id_jblr6ktr6x48.wav,2030c00c402579ea3061e46ae682905cb7b25715cf4686b7e8952badd6386dbe,16000,61440
494,1245.5412979905564,18.649980011933117,0.05060728744939271,0.04,0.0,False,id_j6i8e20mrdad.wav,b9fdc652d273f7a98e946ec7255061159fdf90d00e46e38c2bf067222f86664d,16000,79360
446,6487.813124427984,7.002408041604895,0.8116591928251121,1.87,1.54,False,id_c52t02j4lqgm.wav,70725e206955eedd1118682cbb0b43bf6e8f23e0ef08345a6e61f55428ebbbaf,16000,71680
518,4041.987472457083,13.143486720040157,0.8725868725868726,0.0,1.79,False,id_u201xgh6wl65.wav,ee9d557208eade74731a8ff56daa945ad084316a88699d3ed6dcfe94636134db,16000,83200
358,6567.1590326411315,8.266696492236608,0.8491620111731844,1.83,1.01,False,id_xa69aswwmi5f.wav,78fb4ecdbae4f11012c8f8d8a7f1c175204849640d8779fef0e31e4c405ab96a,16000,57600
542,2468.0656889556244,79.22477020638871,0.0036900369003690036,0.02,0.0,False,id_61k9l4k2fue7.wav,a0182edd2611828e363243f9c44d012e99681dec8aed42b60442d5068e702b5d,16000,87040
369,2797.450301167118,9.092991806880725,0.8373983739837398,0.0,1.05,False,id_hjg1xndevdf0.wav,85b92b571df3376b5614901fdc7a1b10ccb814358289e6da4eb4696caa3bbd79,16000,59392
286,1009.4299876663067,157.226068245384,0.027972027972027972,0.08,0.0,False,id_16kqhay4iooq.wav,04936c9d2633e4d337267b99d171fa2f6c56616af1b4ef3b7ed313034418f121,16000,46080
406,4499.003010945869,58.86310229573644,0.41133004926108374,0.16,0.19,False,id_mzgeu8maaaih.wav,bf1b395f6a002fa13ad0f1c3bc6c30e4158592491afbd9971f6cd2cf829ec6d1,16000,65280
350,1965.8310456394772,0.8477909273643639,0.8971428571428571,1.37,1.55,False,id_jlg45p65eems.wav,2b9acb21b5f7bf5f12cb9990d707f9f05ef8b0b3374e1caef3057b520f3aeba8,16000,56320
326,2996.9953645276128,41.073349017459556,0.36503067484662577,0.28,0.5700000000000001,False,id_bceebr77n82u.wav,ae45d371feaf27af7ea3726152d0aacbbd8fdb22f9a2319c0ba29204d0128e49,16000,52480
638,7021.23634287438,38.10178781745637,0.6379310344827587,0.06,0.0,False,id_4n81rytif4wy.wav,0f654890c692bfe519fe38dbc01601f6d46d9ab1c41269a6b9bbb28c9df9a3b9,16000,102400
430,4246.758545349618,46.316689331239196,0.47674418604651164,0.18,1.0,False,id_gb24a3tmudm5.wav,443bbb1d9bc5b205d24382b7da13f035e954bc1452ecbb0b26aaa9feec698877,16000,69120
286,3458.4721008705565,376.2499975094516,0.0,0.0,0.0,False,id_5jnqlg9ydxwi.wav,6f33f9c16f9701118fef5b3c67ceadebdbd26f349cc4420b4432b8384f8367cf,16000,46080
334,9628.165226822814,173.17086562588554,0.15568862275449102,0.0,0.0,False,id_u6asbbej1msh.wav,9344192021dac1fdff75657acf4eeac6a722619aee0b073ad641ba889f05971e,16000,53760
422,4533.654480383348,15.136418090521524,0.8459715639810427,0.2,2.21,False,id_ettvq7khrcrl.wav,6afd942d82c702faee37aa0f21b7bddc50fbbc2be976dc3857bc802ce429937f,16000,67840
398,3008.151784318737,29.4504664777816,0.5301507537688442,0.74,0.0,False,id_lj2i1tb0ws4h.wav,cbb3d0854a0643726cbe2017ab7ed986eb16370c86affef9cd92ebbe58504cf6,16000,64000
502,3669.273618170223,50.331475522564254,0.3645418326693227,0.16,0.0,False,id_18qdpl0oqimu.wav,69b0dd33278644eff0bc792f8a17f979545a3bfc9269ecf8edef3a33ef3bf68d,16000,80640
484,4286.689697773796,144.8120028387869,0.0,0.0,0.0,False,id_ba57opmtt2kb.wav,ed59915f750fe43b04b9f7965e21a550b1cbcc07c2f5260d6f7134a522ecf014,16000,77824
462,14669.091022282191,188.02515878153218,0.18181818181818182,0.0,0.0,False,id_4ycyr4jpvbs1.wav,af9224473e190f30ad99153bc546f988d750abd2cced2a1802bb8fce472cd70d,16000,74240
422,16759.825830166017,24.226427597701303,0.8625592417061612,0.09,0.0,False,id_xdj1emjyd65v.wav,2a1e79b0947022a063a33cec68f3970fa223a415e9e6a7ea1149d5199e98f87c,16000,67840
390,11454.361117823202,18.89838955231818,0.7871794871794872,1.71,0.27,False,id_78b7b1p7q85a.wav,4059a1b4f9a75b7aa10c587e86fe74dd9cc160a073acdcdf3c6c4f0c87b01a48,16000,62720
369,4691.837555798367,18.187839343913286,0.7317073170731707,0.2,0.12,False,id_5ptm51eulhnr.wav,f20f20df20e21f6c72b489b4d2e646cef65871e5c304822f0f61e2120bc45a1d,16000,59392
302,1754.4436055342446,188.1225019744085,0.026490066225165563,0.08,0.0,False,id_ay9zcb9a737m.wav,45c3e567147944f7a6141dd531c41f7294391b1227fdcb9331b265b5db20709c,16000,48640
536,7422.728869492675,19.374253423174025,0.8414179104477612,2.37,2.07,False,id_z0y2flfli4nh.wav,aed78d7c5f987bc66723dbacbdb67d2877e8c25840c7059d4e2192fbb46c0db7,16000,86016
470,15225.659967551488,16.24326693020373,0.8957446808510638,2.19,1.93,False,id_v296vn6dqina.wav,942b874f030a09f2f598fd68e7a0da0902889bd7237188cc972ae70f2d421d36,16000,75520
420,6593.45712600757,130.80556144303884,0.3261904761904762,0.52,0.0,False,id_fv1aju79q0il.wav,85337b48d0a9ce4c1294f8ed7f5ffe8246c9ef4d710c39f82a445408a7ec8700,16000,67584
582,3180.571427039487,13.485032069063664,0.7955326460481099,1.32,0.05,False,id_e2ww8ffnbj6r.wav,98611959a636202a72d9b0c7a3cd3f084f2a82ee74a2d0b580c395656d65148f,16000,93440
366,2970.1430491644674,10.945227079455528,0.7540983606557377,1.57,0.8,False,id_ewsdcy9m4ihe.wav,ee9b11859b66907d28323e993fd18c65ff4456217676606117909f8bb24693f4,16000,58880
374,2682.1818790865022,6.101638243617304,0.7780748663101604,0.02,1.49,False,id_801xij8qyrxx.wav,6623e3709672f7b32b956990baf6409ffa93bbf3d33a31d95204d173bdfc4e97,16000,60160
894,5570.903290535566,298.34150479508276,0.0022371364653243847,0.02,0.0,False,id_mr1a29uxppv7.wav,b5913ca160a089274fccfcace2a34e6ee648694ae551a914ad410a379cadfb0c,16000,143360
438,10491.408062910336,72.29864101626069,0.6986301369863014,0.23,1.17,False,id_xhq7jxdbjv9z.wav,fbc0673949a06f55aa4647a07b1718be7544ffc55cfde6fdd3edb221111d2d62,16000,70400
486,2550.950512554095,181.29648997649022,0.037037037037037035,0.18,0.0,False,id_zm5lgpm8oe4j.wav,2a37845a625e1b55521ff2032ade814fc4774428e526e1c43f12617583e3295c,16000,78080
390,1686.123497849431,14.716017296218695,0.6076923076923076,0.14,0.38,False,id_08qmc49cjsdi.wav,409b01681d02bb54d364e0c738fe12a3e8855e3196301b13452f5eb91082b533,16000,62720
366,6632.688727620195,87.85603272698688,0.3469945355191257,0.0,0.0,False,id_k2c2un1wo124.wav,cc89fc671cbdff1cd955e80076d2a000f78d6526296e1714e1eacd42c430f1b8,16000,58880
382,2922.589159461179,17.288206014241226,0.7643979057591623,0.0,0.47000000000000003,False,id_6ieub8u26ta7.wav,ffb3144beb640294ec2c68ef2b8017fc50f55e3e6b8b0a175b91a174dc0df7e7,16000,61440
334,5667.599500670456,20.387384987022372,0.8712574850299402,1.58,1.29,False,id_qwd72p134a31.wav,b0715123af4ba7e16fc2be0ee5858d552ad8b5a72ecb08334ce802f7607cad51,16000,53760
406,8371.393989653097,102.10965127908868,0.23891625615763548,0.05,0.0,False,id_k0aljwmcakxt.wav,42d446ba4be685d760a46aeca30bdc31e2d30243a1f1543d1dabfc32915b8af6,16000,65280
462,3965.1082251938597,43.95704151546647,0.37662337662337664,0.23,0.12,False,id_nk62wcksti5e.wav,78e3548c1297537be1c144ce2dfa8637917e2a1a6eadfcc4afb46b92bee691c6,16000,74240
446,7030.961123488026,17.371758599840753,0.8834080717488789,1.35,2.3000000000000003,False,id_cvoe2wd90f0s.wav,a21f6bd491a58c523dd6c80ad7be04c8ccf3407e178098d30eb8c7c226aeea56,16000,71680
518,8764.936416626193,57.49188051002528,0.5675675675675675,0.19,0.0,False,id_xf9oj7ebxx3g.wav,7a9709e772399f46e4f13746cfd6dce4e64756c3fe37156923f38fdb45673aa4,16000,83200
430,4418.3258888407045,2.887039194994532,0.8511627906976744,0.0,1.6300000000000001,False,id_zzkwbl3d8s9e.wav,cb58039d2e778f3875ec0c00019ff3a114af90eb23db1a27920794c2d32b220d,16000,69120
430,13733.27593529672,6.305055304945238,0.8395348837209302,1.53,2.08,False,id_eo443xz6dvrv.wav,dfe7aa7810cc5423335b05b6f976e40cccbb19d470030e4d2918ff128fc26455,16000,69120
406,8172.1527835387415,6.002808026140468,0.8817733990147784,1.54,1.73,False,id_998drlacm150.wav,5373544bb23af9e2569c3c2e00c0cac5c5f997ec3843f893c1dc686561399816,16000,65280
422,1559.9452714758938,11.809733351249744,0.5379146919431279,0.9500000000000001,0.0,False,id_sxrx6ekmuk7t.wav,18db8b73922417ac71d89257de14b7dc7cda430c9b8f31187dc52dfaccb0fa08,16000,67840
286,2180.5706689992876,172.99132747904576,0.017482517482517484,0.05,0.0,False,id_6w23l98c6r70.wav,7067f47c23324cfe80c149b206b5df47bcb7d3ba1342dca1dba7c44a5e253e1d,16000,46080
1446,5544.824392169692,6.184557142473051,0.8782849239280774,0.46,0.98,False,id_9dhrv0vgwhij.wav,f99b7125243b18eec16ef49c10911c7d7ba777d00f8e67fc33c119a8a8124ca3,16000,231680
502,8759.829828113101,32.26424095088504,0.850597609561753,1.72,2.5500000000000003,False,id_c11698pwq9j9.wav,277405b4ea8dad61bfbcc037b23406aceca16719665dc16da57618025a60a36e,16000,80640
494,5297.9329837211035,43.512397651979185,0.6437246963562753,0.21,0.0,False,id_q3r45ppcwmdv.wav,82ec225eb047fa40a00b6554294549b5ec3f881befd58e416194933cc5fad2fc,16000,79360
614,5995.974265496809,60.342434119783064,0.5,0.37,0.35000000000000003,False,id_c02vgvnfyxxe.wav,3c913e310cb55d9462d37f3ec19418a35df06b98bb0fb0e171786154c1189306,16000,98560
398,2483.2367270359064,27.8673212287367,0.46984924623115576,0.05,0.0,False,id_iavnk56925o1.wav,b32e136f1085ee43c8ac94e499ff65f82f841f973ff3df0a9eb3cbf86e0c2877,16000,64000
630,6448.459418535563,46.947420017330806,0.6825396825396826,0.8200000000000001,0.06,False,id_l5cs9d1obloa.wav,599576b897bc882db7ba5481e2ea29d85f709fad11ab583440fb4ca70516d8e2,16000,101120
358,9961.47776336423,277.6615129436924,0.002793296089385475,0.01,0.0,False,id_qm1pra4t7f40.wav,67f2d080192e9b871335061aaf428026788a3a3e4d7557e924ab48cf41b5a589,16000,57600
678,2925.8355554439486,9.51117743046154,0.8156342182890856,0.09,0.0,False,id_4xi7ms5fz6ud.wav,344aa30373751817aca266775675958912a90c31fad1f23e01f14bd68c307041,16000,108800
561,7037.2271090963095,58.29811317701457,0.5294117647058824,1.07,0.4,False,id_obmy94ur8o5d.wav,6e843290fea998c0dcd5e5f80b9ea57594f4b2c034e8882944d72318713a1181,16000,90112
478,5298.486896511116,21.93005815876753,0.8263598326359832,1.76,1.1500000000000001,False,id_4huet176wevp.wav,326807c70d19be19397de8bb672f5a126dc3285458398daa0baf964f412b06fc,16000,76800
462,2463.98677147423,30.918993116126487,0.49783549783549785,0.28,2.02,False,id_j0lpay3n0mlv.wav,95bb78206c5cf89733c03846646a44b76ed9bdf4bd96ecdb2b35449ecf2bccac,16000,74240
558,3323.9193025703858,19.740059126136725,0.8333333333333334,0.18,0.7000000000000001,False,id_hi0rn1tc0m2h.wav,edb64fe793b48ac8d1af5b364b566098cf611763d6911227d2e548a07c234d5e,16000,89600
406,2573.819865491756,46.818745530852226,0.18472906403940886,0.03,0.0,False,id_ut0mcm0gym19.wav,b54864d8d27ceef7fee3ab125203cb463a57a6bd4b3c0689eb6bd104d430ebfb,16000,65280
294,2059.6766924689905,104.06519144849075,0.061224489795918366,0.13,0.0,False,id_7izpg0ych4rw.wav,33de8a6cdcbf0d18c01835d93e3b01369c2bd6830a54838f0967bf1eefc1fe12,16000,47360
462,2902.013837406707,19.913611551599793,0.7056277056277056,0.55,0.25,False,id_kc81qphk3oc1.wav,3f84eafcd476e66a19fbc74b36766b8ba0fbe9424373dab80bb646e221a3175a,16000,74240
358,4405.568688603095,4.673996665862409,0.8044692737430168,0.13,1.44,False,id_28kyrhue1oaq.wav,bc68e62d931b289d82143070a5c3f592f773ded47879e714cbbd590192e6e184,16000,57600
574,2478.0452629038073,72.63879848297194,0.0313588850174216,0.13,0.0,False,id_5ncegxts20gf.wav,a110939ac99c01eed8fea41a6b9e039d0db23c71d795b214ec7de52411751a9f,16000,92160
590,8203.871049693553,26.17133526854385,0.8745762711864407,1.87,2.73,False,id_rjlalb8r1r8f.wav,90ae57030c30a2c836ad5362666535e87343b0dd3b3f1dc5e9a06b65c5191513,16000,94720
408,4200.937703358621,10.873590462775173,0.8602941176470589,1.6300000000000001,1.05,False,id_dc5mxkwqf8l5.wav,d994e59553d8c95d1c215ada7c182e20752641241189a49cf950a78ea56226ea,16000,65536
494,2557.1460761951007,6.036138561788306,0.8663967611336032,1.76,2.52,False,id_rd7yrzw43vsc.wav,5355f93ce3e93ca4fffe400202ad934564485ecc7b05de86c18a68685487eee1,16000,79360
494,5918.298399455708,34.26499488649793,0.8036437246963563,0.1,2.16,False,id_xxmzi256jrtl.wav,e55182db0e80524cbbd4938eabf8aa7596744607bffd75cd6fdd7e0556f8b13d,16000,79360
3774,6031.374800574078,14.167568588849637,0.9546899841017488,2.47,0.26,False,id_noyobejbarfw.wav,b8333d01dbd0045c27a5505deb0b63f6c679d44a43e7190c98e6a8b249d11124,16000,604160
438,1904.1261427489515,19.511631124462234,0.4771689497716895,0.14,0.0,False,id_300k76hkwos8.wav,0ccee309bd21476f9aeb232fa18938328899b547ad4384b88ae99b0b023dbdea,16000,70400
454,3071.1542716053846,31.813332427816125,0.4647577092511013,0.13,0.0,False,id_2ktye9zaa2ib.wav,8542c4ae6f4b62951918004c77bd41df302586b6b0c7fac3ed36722866bdcb24,16000,72960
433,2865.114682695965,22.20270253820467,0.6674364896073903,0.65,0.11,False,id_g1jm3297ckjs.wav,3f79635302fddc1579365391d779b7685682bc70985c8dc317bc0ad4f8c0a7eb,16000,69632
420,6053.279502261564,35.98052879648951,0.7690476190476191,0.53,1.49,False,id_zaax3uv4292f.wav,a043b7125ee18ab8acd7ef8194e8cf7858343949a9e8d3aecba1fe79920b307f,16000,67584
462,4789.544426404248,18.688754346758483,0.8463203463203464,0.55,1.8900000000000001,False,id_3xx4pol9dbpn.wav,9c42cff0997b1b156538e4dde88a0183db654406b3107f709204d8d2dbad70b3,16000,74240
318,9387.636912450333,193.28973812932196,0.05660377358490566,0.02,0.0,False,id_6vqfo2fcyhr5.wav,d911cc674ba34ff0d02ac97d696c40910a0a405b2c56bb93b618905f6b8edaa3,16000,51200
590,5604.200289738046,45.41478775761415,0.6813559322033899,0.31,0.17,False,id_yc018au091ct.wav,56763d34a63b38ced39a6ff4ed4d614fc933acee4a605e9438e96d5b5586c90e,16000,94720
358,6452.355904047761,6.748506733166899,0.8184357541899442,1.54,1.32,False,id_sn4rzxvo7kbx.wav,304ef999b184ab0930e2c4b70e9e3c758e896af3a9ced26c69dae7f7dddf4576,16000,57600
478,11812.349135544546,85.18751580144516,0.7635983263598326,0.56,1.02,False,id_cy4a9ip6pbrj.wav,f8185fb9b5f781d960d298d0609f861c0a772694540d7de2359cd0f6d1e14c19,16000,76800
430,12615.036896596856,77.51213578138399,0.641860465116279,0.01,0.0,False,id_cjdee4mrvxeu.wav,cedb7e23234a23e834e5894fbac190685788419254b1bf7c2cc112263fa7810c,16000,69120
822,12242.569600067625,88.3890677751717,0.6642335766423357,0.18,0.35000000000000003,False,id_fwm22sqiwyb8.wav,085985a0499236b77d255ad743ce40e69f0a7e92308dc01e0835e7246a6719de,16000,131840
433,6082.29246953811,31.5106727951023,0.7713625866050808,0.55,0.21,False,id_ctr35dvbvp5r.wav,0a9b3460ba7a2c9850765b732ad123ef2fe9c41cae60b164aa3cbd2f5251976b,16000,69632
420,5931.913407999143,16.89766880154541,0.7571428571428571,0.47000000000000003,1.57,False,id_cuijy481yr6h.wav,937c83a6dba84fe55b4a8543e028c1bed6a6cbf72b37e8c6b9551aac5dc0fd76,16000,67584
414,6785.888198312731,24.041758481139247,0.8502415458937198,1.84,0.43,False,id_ntz8g3f8xvhk.wav,fa16c4b9c7d4b856231ad615aaa276030e83a06a3304c66004c4afccc5c54210,16000,66560
286,1028.6770557371249,118.93572366284334,0.05244755244755245,0.13,0.0,False,id_oal51gwn78qv.wav,ea354c4ec6f03329b76a2c22b40813b51818475f63c89f5f1cabed959a44bc35,16000,46080
358,3818.1924401475626,14.754311769864273,0.6871508379888268,0.38,0.68,False,id_kfv0m2g0edvq.wav,32ae9700aece4648f6f99bf3c72aa8552f2b7663ad71a5ef2b7acec026df4023,16000,57600
408,4910.813637524845,19.246882442742617,0.8431372549019608,1.81,1.6300000000000001,False,id_xjqiv525rt55.wav,c594417ec0825cd24462b859c06a748823991018b181e0cdb6a35f24957df64d,16000,65536
446,7918.62388250004,1.7965238833690722,0.852017937219731,1.32,1.83,False,id_nlowltxafnw9.wav,f4794088c1964e7640bad8ebaa0166ef002669b117cfb8c5378301b35cc62de7,16000,71680
438,7303.4092989165,14.104185058205205,0.8584474885844748,0.0,2.02,False,id_1ea2yuhr58qg.wav,3af87abbadc656878865a9ecc6ecffe7d2abf419052ed8df956cf32203662539,16000,70400
497,9006.661295952013,20.88827422263505,0.7887323943661971,0.46,0.01,False,id_akchazsbgsvf.wav,733354de23b84a0188d6117f9a55d203dcbe042abcf0dad39b75444b141eaeca,16000,79872
350,4576.054280709529,91.10537491547144,0.03142857142857143,0.03,0.0,False,id_pl700q0bb27a.wav,da89ba2f00dc5964b99916e6f34e46fdc988d85742b65386bf96f85086ceb895,16000,56320
497,4608.214499673382,16.066269013059628,0.8672032193158954,0.12,0.41000000000000003,False,id_g8p41c3kzbwn.wav,849086d3624879d1e1109cabe5922e9dc599292e69c6aa174ba162a11caa77a6,16000,79872
414,6375.423080666883,258.9234508020438,0.057971014492753624,0.13,0.0,False,id_ntuwsldb6506.wav,b5f4760e2559854c049b9c1abaf02f150075ad07ae264393f8bcdcdeee341184,16000,66560
430,5691.517638776147,216.92968226711628,0.0,0.0,0.0,False,id_fci2f40qtjxu.wav,ba74b55d26553d225c316a25c14b6596e43d5f50306311c71d41a8cfadbec080,16000,69120
478,9352.738572872653,6.18647717499203,0.897489539748954,1.97,2.31,False,id_64t9bbodqif3.wav,de094bc996e9ac0c249b39e3843b691181e9aafd18a773735a8056c419f71a28,16000,76800
358,2413.0079097466714,17.380805981790555,0.7094972067039106,0.42,0.04,False,id_o9s5yumsgbtu.wav,4bd10a984dc8aea1240ca3d6914c5d9a5a7ee3d868a27026c2110af22fa8a3cb,16000,57600
366,1529.9029152204398,0.8,0.8907103825136612,1.61,1.6500000000000001,False,id_3fz0wezf35yu.wav,b57ba4cc01686453d569fd3ca1b4363fd17325d2ac455ae85afb1a130f7ddfbd,16000,58880
414,577.5853356864247,10.268560717112472,0.09903381642512077,0.18,0.0,False,id_eui48zuwdrrj.wav,d0b818bab9e6c3ecc16ab1c085848d78cf24cabbf1cb8fe71453a3f3b6c1db09,16000,66560
342,2137.551068395794,6.642734395787768,0.7631578947368421,1.4000000000000001,0.24,False,id_mquvxgotnzi6.wav,bbde4a8cce5e19ac1c15598d6137452daa3997953720686bdcfb3deafc5c33c7,16000,55040
854,4309.284032179824,5.373776494400138,0.892271662763466,2.04,5.14,False,id_0r3yinjho1sp.wav,755fb265424bd7907f26b03cba81c6719b020497a9ffe5b38a3ed0750a80d361,16000,136960
558,6394.576807146818,15.191897457970157,0.8584229390681004,1.96,2.35,False,id_hbu1iqqgwno1.wav,c958e0f102a01c914b394679212ce5828f3d044d7eccf5e0dbefeea82007b280,16000,89600
326,7343.8637812462175,174.37208769626315,0.05521472392638037,0.06,0.0,False,id_gzdbwu53bs8p.wav,ae12b6ba8a5d6346175184c5a640ebf0fd599cc498057cb3bd8933b95a0fa69d,16000,52480
374,2441.333068735194,5.35536490458529,0.8449197860962567,1.68,1.1400000000000001,False,id_ee76x2cfzou6.wav,fb25289374f23ceeb6f38055ae2125ba016c0f2ac4dab79926ed802c19f1a146,16000,60160
382,5607.57867064743,51.82320900135377,0.5680628272251309,0.9500000000000001,0.2,False,id_hrm17h8jh93t.wav,38bbc389b715fa81b0871ef34a92a0b8dbf5faff071c9b2b20b8c2a4d8dcd18b,16000,61440
470,16436.755083957418,134.42742305251053,0.6425531914893617,0.01,0.15,False,id_m4h70hpvqkae.wav,952461da203493b9a3f388d1b8bb02fc14d288aafff24ac6cba54fe3f9130d35,16000,75520
342,3341.482571778581,95.092337326543,0.023391812865497075,0.08,0.0,False,id_hycb5tfa3b9r.wav,4f5413d9fbbbce2af5051e02bf2928048e19691ae1439e9b8c01e6626f96315c,16000,55040
484,9586.218994864452,100.16332375690382,0.45867768595041325,0.0,0.02,False,id_zt8g7h15360k.wav,5869223f4163888f7c4ac2d4541cc006ada6bf2fb0a45680b4c6773b1db3c0c6,16000,77824
374,6627.220901516714,9.611061634976952,0.8663101604278075,1.42,1.68,False,id_0a9r27bb48na.wav,da14e79a96c93e1b5996ba317b38407d3d8e2148673b0a8f2da94da281b520c6,16000,60160
350,3739.2397181780148,6.44830211748782,0.8285714285714286,1.5,1.31,False,id_d5f9fr569wrb.wav,161c37619ed29e6d7e5ef1f83a6eb93527a34fd1280d79e6c39a752ca19ed175,16000,56320
454,3867.656406016439,49.17652555705144,0.42070484581497797,0.0,0.0,False,id_y86egnshxs21.wav,33c7dcb48a01cd26ec679a9f82d5123a1410ee4ee84c54026b882e9400d10584,16000,72960
278,1642.1392716514638,80.32878056022943,0.02877697841726619,0.08,0.0,False,id_ytmbth2ezy9r.wav,f2e0c62eb7830f31c58be3fed8120f913ccf31cbff84df9535cfb99e95478ff7,16000,44800
342,5666.238471419995,60.42712819355127,0.4444444444444444,0.32,0.03,False,id_e1rgk0c4kifw.wav,7bdbebca276f8c853c9596924e513c5a9c98e1baf9746c938ff923d9105ab3a4,16000,55040
382,5728.152124594807,8.401102154346038,0.8534031413612565,1.62,1.6400000000000001,False,id_c71ebac7m7b2.wav,3fb39279ea6200fdab237e820c19312234693cbf81f141a952c98d5df77fde87,16000,61440
526,7419.77701046332,218.68022063134572,0.0,0.0,0.0,False,id_yn8wcaporh2v.wav,3be8eefdd7a2620d67bc840d94ea70a198a9146975ac69d7c16bc157378c1169,16000,84480
374,1589.1619961476551,2.521656092158497,0.8556149732620321,0.46,1.6,False,id_jhvjm9plbiut.wav,bd0aa195b5e9673be9bba85543a510b8804794a495540bb22d5f72815378146d,16000,60160
286,1267.5040177451115,310.39350328025665,0.024475524475524476,0.07,0.0,False,id_12693x5drnl0.wav,e5f1a5c8a4c2a8fe3d2f9bc3a55990736509f2ca49dca05d44d40919c35db58a,16000,46080
590,5723.41307722062,26.164479046300098,0.8966101694915254,0.0,1.76,False,id_kg7d9hl7uy6l.wav,3fd29c1eceb4ad9c2b64115db947c5cae5ef303aef7b30cd0f9dd1282ed961c1,16000,94720
382,2277.411949999385,4.933935582323286,0.8167539267015707,2.0,1.12,False,id_xlks99i50b3r.wav,d5eef57019b0d1c6fcfe34239d21b5f12ae96e2f686a97e7aaf0e2e4948b5d42,16000,61440
398,6005.203808781181,107.14070285221345,0.20603015075376885,0.24,0.02,False,id_co8pajamwgvk.wav,09e14941b5259d64f77889545b43df00835103590b31abaac3c7d0774b517a3f,16000,64000
470,6523.864080052557,151.43103076798184,0.03829787234042553,0.01,0.0,False,id_usbe24qaq2zj.wav,0473e63546354aa186cf2fa5a9f8131a4d49e184ad55007aa3b59aafe73b6d15,16000,75520
534,5442.270389736254,122.52046816720244,0.02247191011235955,0.02,0.0,False,id_7yq99yz8tc3u.wav,4132ccc94128365b8609628d4006dc36e67c11e1acbce0e3e1d54523b09edf58,16000,85760
598,8435.500792928657,33.50418450259724,0.6806020066889632,0.61,0.67,False,id_b12sv0nhjhi8.wav,14c733b131826fec787cab0759e16bb0fb1a3ddf85f5cb55f44500debb0a85b8,16000,96000
358,2228.6096916014703,13.348541170438256,0.8547486033519553,0.0,1.3,False,id_3ezd31cok7yj.wav,d7d53eae68136909bc4378f9e694cdae5561102341256ef5ce662215ced3ce46,16000,57600
438,12425.787304332067,20.64857113031814,0.8447488584474886,1.77,1.93,False,id_91p3i9pqe9hy.wav,4443507ac3068510eb2e9393408439adde577bccdb98114a51a77ec51be171bf,16000,70400
420,7073.6621751042085,102.83528617440808,0.14523809523809525,0.0,0.0,False,id_2dd7i5w6pm0x.wav,b76a24ea4efe88e3e990088792dde863b993dc86ce7856e9d5cf12b215ac7921,16000,67584
406,3270.876376447144,19.277241778234618,0.7635467980295566,0.4,0.06,False,id_0tohz5ikljpv.wav,9a4d1d7cee939df3284e96dd3b185d44d68ea001c279a2ed1b864e5613b1bdde,16000,65280
459,6783.349811671222,47.8008629629215,0.6361655773420479,0.24,1.26,False,id_7hr9nfleioqe.wav,6a1dd1a3fd78bd6e3c7823803eb754438ca35ffa2fc8a81c295efb119ed03c6e,16000,73728
318,4667.157905781633,77.60921265001906,0.009433962264150943,0.0,0.0,False,id_kkxr5l6hj6ab.wav,53c044e581f65bd58fb72af8de3e34cbb2fec36ca058cb90b89b2fe1f337490b,16000,51200
494,5890.755850058632,250.62175536371385,0.08299595141700405,0.0,0.0,False,id_wbq9ec6u2q00.wav,2dba843a3450023da9c5953dc1dda469ab48a532fb02af5a78da037f5426fbe2,16000,79360
430,7180.97542643059,16.458555927922987,0.8186046511627907,0.18,2.0100000000000002,False,id_how31nso2xo5.wav,e7b74aad719dc6912c53ad1a4452b45e2064ce4f4aac4094ef64aebccf76cbe7,16000,69120
446,2240.2446713473064,13.88037804251993,0.7443946188340808,0.0,0.1,False,id_a9bt0wl3ppod.wav,f185cb67deb4ee69d78d3c1b63706d5e2881ee0c8c47a564c2c00499c63bf41d,16000,71680
374,4840.171288807866,10.615318407840123,0.7967914438502673,0.36,1.5,False,id_4wz8yh8w8d72.wav,74d539e72df3ad1b25650da2bfce6074fc4509ad19b7e5ec9d3b9b3fc5f4cdf4,16000,60160
446,4358.504489500958,30.739656191578153,0.6995515695067265,1.87,0.0,False,id_yiiunjzt7k88.wav,e8c1c6760a99aae1e64799b4131241b4d992cb083e4bcc45167010d1b7921119,16000,71680
446,3443.9510271634235,19.223151637038093,0.7645739910313901,0.0,0.65,False,id_1nnv73elkrvs.wav,3a7500fdf384f1b23df8e3ad70f2269c35b264f72fadd8e23e4063bcd2d465df,16000,71680
278,2599.6747344619866,169.97501422914166,0.050359712230215826,0.12,0.0,False,id_k07b4nf1idae.wav,d823e56ea76b42d854c1de710851ce2d00562f1c1e692aea718acbc47994aed5,16000,44800
422,9914.173671189143,396.0314328467179,0.004739336492890996,0.02,0.0,False,id_e9hyz60vn1mb.wav,85262b4ba061d6f1a4955750916039bc814e294c636370bad4e996e9356bd03c,16000,67840
318,2122.2048057385978,58.67504072559339,0.11949685534591195,0.38,0.0,False,id_a5n934nl7sny.wav,f32be43d71e7fa9399686069ba9dcee8f3fff7a463ca16b2114177d6dae6b26e,16000,51200
472,5698.001794269637,121.69137702508205,0.17584745762711865,0.14,0.0,False,id_cnhztqv0936z.wav,0356fd6ed8d1ad1aa6a73dfd1668ee8d8f4b5b1569bea507c92678cad95d8e40,16000,75776
406,2918.13945648593,17.721728283590704,0.6674876847290641,0.44,0.33,False,id_a8ehzbfonu66.wav,d8e4ae2d52a2aff672d05324541ff3da33e36a59d42141bfd8bec499d78b3939,16000,65280
334,9612.225088656633,214.43085423840566,0.12574850299401197,0.03,0.0,False,id_xr6h9mdb7ah8.wav,e45609701b5f827f7b8622b623f09d85245f818ccbf11c9bbc9c72c7709bee89,16000,53760
366,3349.381032370011,9.610475894399187,0.7896174863387978,1.46,0.84,False,id_798ixpgenmb2.wav,0419064847a493abdf4c63fc0a91874166ba289007a11732d90c31ce557234e8,16000,58880
590,5787.552608616184,26.753176375699802,0.7966101694915254,0.44,1.29,False,id_4zu9um5qtb5s.wav,051e4a7590dd71c0447028da61e6ba96f06f9d94416cc834d7645bde462f888b,16000,94720
278,1042.4660486078192,142.87402548145616,0.025179856115107913,0.07,0.0,False,id_r7081y0xtos0.wav,0efc1cc956ffd7e6e18907f9ea4073ce89eb67b5fdc7a1e63be4a6f37f92a37f,16000,44800
366,2782.853808143719,6.094600215303123,0.8114754098360656,1.61,1.1400000000000001,False,id_x6pwbbauckx0.wav,30ef2b47423d08c87893c7559eb0a67d46703d42be05c1d13981d26a1590878a,16000,58880
398,4698.000628724947,81.98399345219318,0.06030150753768844,0.0,0.0,False,id_7p69sna3ha9y.wav,374080594be9f9b7a0b54cc20fed7bf288738f2752439ea25cec321d278300f3,16000,64000
470,1362.017088732737,29.63998545706122,0.1127659574468085,0.02,0.0,False,id_efkmat6yqp5e.wav,7d6d7f4bed3a395f2a52a73370985177d88a319b5f8e997f17ba925222aeb83c,16000,75520
472,10890.308177801948,19.34017984861908,0.7944915254237288,1.71,0.0,False,id_dihamc9u39ww.wav,ec5c61dfc78320946ed5c6f949b604d64048221283b51012eb3f68b7c543f8b3,16000,75776
454,2639.4452963643707,74.16830071940184,0.028634361233480177,0.13,0.0,False,id_pkzcetb1qkps.wav,dc53b6589054152a1e5c8ce877886ab57b84a294bc9c59e2affb2f27c0722131,16000,72960
438,16059.353796775262,216.01294231119093,0.3242009132420091,0.15,0.0,False,id_2x82riggnjvw.wav,f59a565e22632f785e209fe801b9ced2b5b5ec6c44662da03ac281aa4618fcc0,16000,70400
454,7859.195003942834,159.1730669577243,0.3656387665198238,0.0,0.11,False,id_3fee2wtkma23.wav,68eab99b080bbe05cbcc72aa7c4a85628188737c018fe685b6324257d5a7211b,16000,72960
622,4281.815909459444,10.816749592235283,0.8697749196141479,2.12,3.11,False,id_qanj7xspevy0.wav,35940fbf198b0078186304db4d05371b7875a191f46f91a38f459e125951f7c8,16000,99840
334,2247.0257502974905,136.3246465504095,0.05688622754491018,0.15,0.0,False,id_qtrotyfmkb31.wav,20d748e1d9905d7e6c1d7ccc213ea1183aac976a5112f28eb3630f9545997981,16000,53760
462,3025.8309329835333,14.393486597668382,0.6623376623376623,0.0,1.46,False,id_5htphtiy5uac.wav,92628560e14d940a688d6a7ef9a00f1030c24e13731c51a34aadf7f7d605ceab,16000,74240
398,9309.408913298415,20.470222009706518,0.8517587939698492,1.55,1.49,False,id_h1a84dsaneua.wav,42508cff2cb5a50b9ef3cd156bd7966272a55105d8483752003d785b60f4a5e1,16000,64000
406,7400.363841055384,21.213977432060148,0.7266009852216748,0.63,0.29,False,id_zf3zp667phpo.wav,3c4f6d8a8a2d8c3b1016ee599905e3be1b2055d8cbba3fd2be24572c3979b93c,16000,65280
414,2436.5079976269317,53.1687875849005,0.06038647342995169,0.24,0.0,False,id_u206v9cl7e63.wav,7afe1cc76530fe6a1a9a773ed38222f3a4f0e18a211b6caaac90ede6c6b01ece,16000,66560
734,3442.9785843801005,106.31034512244311,0.021798365122615803,0.16,0.0,False,id_t22q3pi1hoc5.wav,cd73d8c2e0cda898c5fbd47f830c5a8d3f2abec1137dc329ad7b05f4fa2f206b,16000,117760
478,5120.044559620551,81.95092275596221,0.13389121338912133,0.19,0.01,False,id_cbgyigy1pqzz.wav,774448ad2ccd633d5d56381d08748c6d18921fe82cd0ab85ca9ac9b4ca216d2b,16000,76800
395,5183.9325837148,30.917147345769145,0.6481012658227848,0.4,0.37,False,id_lwlx3d7p65k7.wav,0238807cfc81aa7e453b5dd5b500aa648acdf60ba154a6c723f55ad21a5522ea,16000,63488
390,3607.573815946113,10.2140035724774,0.8717948717948718,1.52,1.8800000000000001,False,id_q022n07kg3sn.wav,cf45cfef7b508602dd69cb3a21f9445bd0542c6a1dfa350c53d097a4a1ee8e29,16000,62720
566,1080.5876803850765,16.493975915067914,0.27208480565371024,0.01,0.0,False,id_p2o83qzep1c9.wav,3089a8d9c2e218acdf9a90b49de9476435cf61557ab9cdc238dc78f5ef4845d6,16000,90880
342,3454.485685670155,8.058376377180785,0.7426900584795322,1.36,0.19,False,id_pmfftku2wn4t.wav,5ca41c551d40a6807125c2d2c72ad1cc296d41ffc1ccd29bf2815aaa620cb4df,16000,55040
374,5642.9866535815945,37.09477673090345,0.8074866310160428,0.59,0.52,False,id_kjugrfyhbed7.wav,6bc1f93471b3d7e10590324166e327993dd64d057dcc35f776746e0ee69436b5,16000,60160
366,3796.375833936888,39.83435976538594,0.43169398907103823,0.32,0.01,False,id_g36hjyb1uu6h.wav,45bd9b84c4f74bad38d130331c155df0d6d3d3e8d12ed7f0387dc2fd602e8bca,16000,58880
342,6699.811475892438,262.848906116266,0.06140350877192982,0.19,0.0,False,id_aaowqeym43w2.wav,6a6f9f94bcd0840c1ceff84227fd4b4bb702e54fdedb954aa3db6a6323ec0836,16000,55040
382,3542.2167988422166,21.977163105954162,0.5916230366492147,0.0,0.29,False,id_hgwjqp04scsi.wav,1d53e78e681a34a631706d08fb93168bc8288b89f0ffa54efec4c7b64c75db22,16000,61440
366,3361.3920107598283,20.795785077585506,0.7622950819672131,0.17,0.35000000000000003,False,id_g6ui4xctk8hu.wav,0864445d72b0ce9d5ec1505bffb95baabc30de083ecfd19fc324d9edfc75d488,16000,58880
646,15141.332873462627,41.56503902375998,0.9102167182662538,2.82,3.06,False,id_3c9kgshkpw5z.wav,12977d2d20a1ecc83a08fbcbd4363fdd31f35df4f132216dac1949e98217d0c5,16000,103680
358,4437.018837575518,21.695938261192747,0.7905027932960894,0.84,1.11,False,id_96bdnvk7bxs4.wav,eb3c5b74179793de8dc97e35fd54864169e4e2d830d92c08ba5b0c5007c98722,16000,57600
382,1354.9106944739938,55.72159056909271,0.05759162303664921,0.22,0.0,False,id_u02jty16yn6s.wav,f164fa8774afa764e4df2b3eace52bad6ad898373873ccf47c48b4dae5f489e2,16000,61440
374,9572.73078241,47.098008288893496,0.7967914438502673,1.5,0.87,False,id_az3ul0wqaxzy.wav,d475eb6f43582e720ad2be4a82be48729f75befd150a371858fb61ad0122d28b,16000,60160
854,2588.7642998156475,159.8737909405803,0.01288056206088993,0.11,0.0,False,id_gy8ohvh72rm7.wav,4e91c74c14f79855235e2aef160a8075f6ca5de7365bf0d3ed62d4eef24a888c,16000,136960
382,6462.314143168838,95.65036308291553,0.36649214659685864,0.21,0.0,False,id_kv9i7cott9yv.wav,4a1b4a628ad32da348b7abc1fb5dc5dde182abe1913f2ea9ead76e53ec3a7844,16000,61440
408,7849.087464476364,75.54999609041849,0.5294117647058824,0.22,0.01,False,id_icv7dc1m2lrs.wav,83baf44042ee16a73a31ede9b8f2575d4e27b33f61e6e2c4d892dbd5806caef8,16000,65536
430,792.8825307067876,13.936365883917492,0.02558139534883721,0.11,0.0,False,id_7jzwoaacfbpo.wav,6dc4741a8bd6bcf74051721af42ad7b6a1b4953a7337b25979f4b40ab170ee55,16000,69120
326,950.8085493410332,8.741046004221413,0.5521472392638037,0.0,1.27,False,id_zu7epoy0q31e.wav,c7da758141b121c9b767bd7725fbdb26deb2202670dabe621720ed1c6b28303b,16000,52480
406,5994.940397326733,42.27499426416342,0.7167487684729064,0.5700000000000001,0.19,False,id_4semjrxvrfrd.wav,fb3412a83d3925dcef0b0bf452eef280825dca8f4cfea4e96d5d82e60aa69781,16000,65280
398,13026.3890592328,25.29979853425351,0.8065326633165829,0.19,1.56,False,id_jau8lr8cqqko.wav,35ce3024d1c02981699a82b5c11b7d36d1e15ae4639ac16e8a732a89d3b6c4ac,16000,64000
454,3118.209954445018,38.09852878413396,0.40969162995594716,0.04,0.12,False,id_qbuogj3a8wv1.wav,3bc9b5fb48b6646c5da99e4f016cce766c863b178309ab864e91384979690cb1,16000,72960
622,12682.892309327553,84.97150764472605,0.7122186495176849,0.2,0.0,False,id_t06cia8cn32n.wav,5292352e2456d91236390fa08a14ecfff2811aaa59ece99aa758358a8f29139a,16000,99840
430,1703.4210995816625,9.698004889066578,0.641860465116279,0.08,0.07,False,id_axoylmnwo3s9.wav,eda125c9357d04a0d66a62b075def1fe2bcb8d8a399da83e1e33f0eb2e401a7b,16000,69120
798,9050.393652902618,75.91466915301201,0.5538847117794486,0.2,0.54,False,id_xp89pwxj17yh.wav,01f6dc803c3bd69cf65feed845cdaec93d8841488b3a4e531e4375c1e2760271,16000,128000
342,7333.244590561534,138.161980129026,0.4269005847953216,0.14,0.0,False,id_beukdhd0grnw.wav,1248c0e264c0c1e8a35a2dea02aeb85b2f088dfce46e2bfc41b399ad0bf0b4cf,16000,55040
350,5903.099612068223,26.55293934488891,0.6542857142857142,0.45,0.01,False,id_yqsyxoy7jbn4.wav,7c4f0b91965d6e595c6f3fe820cd8279292213269735edc60a13fd1cb87d86cd,16000,56320
395,5132.173817935242,21.62897362335994,0.8025316455696202,0.58,1.58,False,id_n3hyjqutup8w.wav,52a4699aa074da887b9160dcc0643247ceeeb848479515ce51edabad008cffb2,16000,63488
326,1725.1109573010078,8.62529933611626,0.7576687116564417,0.17,0.04,False,id_q2nz2lah0a2w.wav,76ef242899f65170e23a393054b17b9e31a0df65df788842ffe84f78584a3efd,16000,52480
566,9343.43743169504,121.67701838060857,0.3498233215547703,0.16,0.02,False,id_38iqgvgqxse1.wav,00e664b62ade121bc5dd6b33cea2fae21505dc708ffa9501b93918bb4ae526af,16000,90880
331,652.6236855953053,8.009993757800315,0.21148036253776434,0.0,0.0,False,id_n4q86rsq29hl.wav,9c32d52cd74a8dd4ea6418776a6b0574bcf08e87a74a0bb5f26b12011023d328,16000,53248
414,6553.473081694927,34.49617193429643,0.7391304347826086,1.05,0.63,False,id_2ry6eauufzfd.wav,d2f7712d99177798ac6adc39aeb4428ce39b4e3c76c661844c9b2d21479c23fd,16000,66560
470,4110.123381967991,39.338721252502026,0.5127659574468085,0.0,0.16,False,id_vely75enbkc2.wav,630db983bb2cc52479e6f87957fa92585f47e334e5f91953d89345cb01880b7d,16000,75520
358,4874.670277311072,20.29094680618775,0.7849162011173184,0.49,1.1,False,id_ltggexqidequ.wav,c5f61059c13bc4bf38dac83ec0ead728325581a208d49b19126e80f4fea49cb7,16000,57600
484,5974.1080302836845,38.165658390864934,0.6115702479338843,0.0,0.01,False,id_22w0lz0fa43k.wav,fd0f9187b94cb3f98c84fc97a65830d77a9786f5a184bd3989cd6378c418556d,16000,77824
630,2994.6721247909595,294.74266789128126,0.0,0.0,0.0,False,id_3xhdq222r507.wav,e2debb1b509a5cf4b36eb117341cf572e4bb76daa1172ec8d0a4527b3611b520,16000,101120
358,2585.5171590998966,0.9293812714686246,0.8770949720670391,1.48,1.6600000000000001,False,id_lh4n6dqcq1ku.wav,31e8787831c92938adc33a38a61f94f72a0384ab7a741d7dafc010ac6f624028,16000,57600
446,662.1771288711201,9.524155728500808,0.273542600896861,0.01,0.01,False,id_j281trj9e2ef.wav,c9cf27f3a74830c1f8865c2b5dd0543161d88c478a2d06cd1568afd94e6d0368,16000,71680
494,6125.980841669357,11.500831628479323,0.8380566801619433,2.18,0.55,False,id_hzo72obgp7rb.wav,dc1924653d83ed48c957f96273a4bb0235c04a65933390c17adc016a213aa7b8,16000,79360
438,5208.483493782043,18.92675960998733,0.8287671232876712,1.2,1.72,False,id_v32bwosos4mu.wav,319de46613e8725461cfb6c08143364a7fd5855ff1fd85c79706de960ca6dfed,16000,70400
534,16009.55324868561,82.14389017265002,0.5468164794007491,2.0300000000000002,0.0,False,id_c3peoiq1t3ft.wav,939855454a40945cb3897a39b372824402e0d5b2d4989eef0d3c4f0f9c52047d,16000,85760
598,1016.4629973589791,63.474276170184595,0.013377926421404682,0.08,0.0,False,id_xr5ocxnrjfz6.wav,74a13be43fb2e8d5972e6ef868d12d5ac9c77d1e7ebf9d04f3da21e21d9dc3dc,16000,96000
459,7262.266341680123,94.13696139136849,0.2766884531590414,0.15,0.31,False,id_9p4bhutnxoaz.wav,98bb27472e609f636758043784a82185c1fd8054a09f50497ac3fc321bc32c40,16000,73728
270,9217.026554561942,33.36000522752647,0.6962962962962963,0.27,0.8300000000000001,False,id_jgetcbg3s3bp.wav,57adacb21bc3696459deeecc17036bc2184248570a95833864b26f50f21110ab,16000,43520
390,1248.8928897227336,21.203890913370227,0.37948717948717947,0.0,0.0,False,id_afngbfy2bd1q.wav,a8323cd51937906202865b20e5cdadb20ccd7e0db07ba85247d4507e4841c60f,16000,62720
406,2172.2248709560436,0.9467045812480229,0.9113300492610837,1.83,1.87,False,id_40hja8nyywdd.wav,3fb4a90cf1f8288e0f16d22089a9136652542fd62a027488ba8b85c737dcd94a,16000,65280
526,3045.6243329570375,13.399614130038902,0.7604562737642585,0.73,1.53,False,id_r8u9y2vjn6zr.wav,60a177ebfb27c7eac85c5f16b348550c9c6a7ba0e123ead360041103aae59e95,16000,84480
502,6539.658153145316,309.7427358773608,0.0,0.0,0.0,False,id_gvbq8ymkhxqv.wav,a7b41af982b14fed281210a730ef2294ed50068615d21de20505fdf2f0fc62bc,16000,80640
334,3923.0836430032946,4.582166467391508,0.8353293413173652,1.52,1.26,False,id_y6hxa8qd4vp5.wav,8c02682f4c8858c6e7b772a9ccce2c44b54afefd85924fbb2d06833d82278515,16000,53760
331,3489.7717110149197,10.357605900979241,0.8217522658610272,0.0,1.06,False,id_olcpgeoj3c2r.wav,6451a9189035705b5619e47f8e77b646eed21257ccf1e213208f1fb181279810,16000,53248
422,2403.77257347695,1.3119495591832333,0.7819905213270142,1.32,1.35,False,id_vr4lnksn9gep.wav,5dc9701787e2a216f7aa0647dba600aab733325057b5a17040d8f4238879fd41,16000,67840
334,7738.157291144967,274.01371995348444,0.029940119760479042,0.02,0.0,False,id_h0buv6cdax36.wav,99857fb25f88292585ae5473142fd0bd43fe1a4ba9b1f5cf83a655afb9855f20,16000,53760
446,1878.5516522044318,18.815120209273175,0.4977578475336323,0.32,0.0,False,id_aw8rew98kxmq.wav,567c158e6af7ccff9bbe4c8b0d64190b5fd895c077f24801c42d8282354265ae,16000,71680
686,3246.2793987887117,14.149999135237536,0.8046647230320699,1.24,0.0,False,id_z8qufmxahxi3.wav,e3b180d8731e4bb5b57e74b06e705918022731645f96b7bb4e57cfa858c2ceac,16000,110080
342,2804.2408353242413,92.57519383034759,0.029239766081871343,0.1,0.0,False,id_88u561vjuxva.wav,1fd975e967bea026a294ff3df4927eeff40cbac4730da685f6e05894b48a9fe4,16000,55040
390,2015.5378283475604,85.01306058134256,0.03076923076923077,0.12,0.0,False,id_ggp4jugydxxn.wav,dd53111d822ae7482b3918131b8e84199af7c837e383646a93623856e91e3b41,16000,62720
382,2419.2933766908054,10.78268270613752,0.7958115183246073,1.77,0.9500000000000001,False,id_5mfo78ikelk7.wav,ffb8eb49f68b766190f27fc7a0f5cf1d6e9c46ec3400c62143d3c9954a00ee82,16000,61440
334,10708.304876006287,99.86861658860505,0.5658682634730539,0.0,0.2,False,id_qe2bmybhllbb.wav,a73ebbb6f25f5efcb35022c446865073c62916cce6ac767f5166eb1507b7c89c,16000,53760
382,1686.4165833209777,4.064162945040792,0.8089005235602095,1.41,1.07,False,id_5ui2niq5yll9.wav,17a406f09b97e6a1cdc7b8ce2044cc1eb79bb1d40f4869d62a1fc74793630937,16000,61440
286,4076.779332696338,7.4558700178642106,0.8006993006993007,1.32,0.9500000000000001,False,id_r4pi37axnl8w.wav,23161012822749c4f73166db29f9d30df1f89d6fe2518658cae75c6c208e746a,16000,46080
326,6002.841763073553,286.2598936356695,0.009202453987730062,0.0,0.0,False,id_xr9apuvtb35i.wav,e9501777b6d210a7383ed49123665db4a210560589a8d10fa3e94f6189b444f8,16000,52480
518,1902.053724267535,23.997908753554903,0.2335907335907336,0.29,0.0,False,id_8c3z26adlmsq.wav,fbb97ef4f6d07bc4686e05736ffe39b1dade2a9bf60a6f46bb587f09bec36427,16000,83200
310,1456.7371923239964,66.96900991198251,0.07419354838709677,0.21,0.0,False,id_8b2fv4fqurr1.wav,786269b4bc8d3db67a471ea60f2ee61d4091600ec8fac1bbae19492b9f6609e9,16000,49920
420,7513.832119997092,39.29201194273486,0.7142857142857143,0.2,1.1300000000000001,False,id_bw6s9g7adpza.wav,c826e7a9cd62edaa20754ef1042a3243cca31089b1f917f24493be24f03ffcf3,16000,67584
446,6434.401023599633,17.03134773756878,0.852017937219731,1.7,2.1,False,id_655opz83f256.wav,c017ef76c7e29cc299c4078b49f8cbdf4185a7d2d09095bb1d09b4047494b7aa,16000,71680
422,9918.484296630208,86.27915173997823,0.5781990521327014,0.14,0.02,False,id_9kuvo7i5avm5.wav,928a54d27a0df610ee91e1129cc6628255bb3d0f22e494b68cb721d8a52c640e,16000,67840
582,2313.7130715583558,20.404656198546483,0.718213058419244,0.75,0.1,False,id_489h1yy8isqf.wav,f689ca539b113d90cc7fc6e27dba77f48029519a1a60d1f2f31612e2f0899a7d,16000,93440
542,2270.107080624172,25.769723673776973,0.4317343173431734,0.22,0.0,False,id_43xn9tcjddi2.wav,3af7e986acabc339d0deb61fa0eb01459c286c52eae48d3ad70cbbde6fbd737f,16000,87040
326,3434.702435437457,375.3714287524963,0.009202453987730062,0.03,0.0,False,id_qiy1b23g1epr.wav,4ca90b0b5e6b6192663d1556cadb3f2210ba5ac498002f3e212dc6723bb6fe1c,16000,52480
430,4403.745913424162,26.792377806959344,0.7488372093023256,0.29,0.32,False,id_ohj7j97z85ec.wav,6b4e51ca548ac384721a52a11147b12b6e56a2825a05daa80d8c478f87c57bf4,16000,69120
294,1945.4485112693167,208.03661674056997,0.027210884353741496,0.08,0.0,False,id_rnd6owwk8mfv.wav,793291a88035f7eab391bbab463e087471d5e368ecd70d7b2dd0e688ee6ae92a,16000,47360
494,6535.07845993451,4.749203896679199,0.8947368421052632,2.05,2.37,False,id_lqwx4emx15sv.wav,0e4a55b4cc5fa73b866bb1cb99eef5b7d3f9e7e5048c79e6e680cdfd15a26479,16000,79360
430,4391.5839508655645,117.3353596283907,0.009302325581395349,0.04,0.0,False,id_m913fo07h9oe.wav,54c73825b66fc95c0ec54a5251ec5edafa24c98fe150a3ed79127ab5b48c354a,16000,69120
518,985.0968061566335,2.6730129127708877,0.8803088803088803,0.0,2.7,False,id_lcb8snwbhsfp.wav,c49ab4ad1636657bcc9357a0df77a327f41bbee8db8da0c3420f6c548169e9a1,16000,83200
398,5703.950556412634,16.714557947949537,0.8065326633165829,0.61,1.42,False,id_1025345v7gry.wav,fa63261431d6aa95f21c5cdd8093ee593accfbde7b273c6240cf5bc2dbe09ff9,16000,64000
590,1225.0179692559616,6.057119474503631,0.8355932203389831,0.25,2.04,False,id_aclq86lnta44.wav,a598a33143a1fc4adcf04dce6f4a9a27e4347ab2df4941427687f6ce0d2e0c71,16000,94720
574,4238.594633543057,15.773553744572379,0.89198606271777,2.59,2.5300000000000002,False,id_hiyh9v4mxn77.wav,522466b4b6cf234f1c9bf80c01050b2143e17ae99b9264740cd76d764cbdd11a,16000,92160
326,7207.328131665715,125.0186875602185,0.2791411042944785,0.11,0.0,False,id_44lznee8c9ez.wav,94f2493a0f731c6a6de418067f30d3ed99caec5c38f0e304bae9cbe368b4beb5,16000,52480
406,4815.829701100321,20.201515477643007,0.8891625615763546,1.3,2.15,False,id_jb0mbuarsash.wav,3112a2b368b561fe4f768a6362820cec9897fcb7e974f5851467012c4c3392b2,16000,65280
310,4587.557701271996,17.09919462177603,0.8161290322580645,1.4000000000000001,1.1300000000000001,False,id_675r29mbc76i.wav,ec3fd2191a28540e6e6729eea3e75f3798f461ad809ca12c98c5493ff642fb3d,16000,49920
310,2261.37726175886,223.3814490308867,0.0,0.0,0.0,False,id_2ffw0em3f7no.wav,7f05e223d7fa9df287fc758bbf5f224abbbd6222fee78a74a5954804e1e89413,16000,49920
718,10344.890316359086,186.59882686503963,0.08356545961002786,0.0,0.0,False,id_f222q7qtvsjc.wav,d33b0c6ee8662186ace22bf79841d7091685d28a9d9c438e586cbcc75baa039a,16000,115200
550,9312.254050577658,9.028772328199498,0.86,0.1,3.4,False,id_fu28r8oo9v13.wav,1792c28647438d8ca09da2a36f1fbd273a17614a35716e44a1078d1215ec2870,16000,88320
470,1296.6242092449147,6.098872597865903,0.7489361702127659,0.13,1.67,False,id_20ivv7yv7o7e.wav,2313f1acc6861d1f1828cbc7455ae6d07ee2c98faae9b76480a4917ef0389db8,16000,75520
678,6067.140670035597,47.59419158647573,0.7507374631268436,0.9400000000000001,0.06,False,id_2dx95jkzoejz.wav,27bdbc94407f5f79d15f5b64d8c8814145307729f2e980822658c6ea95bbeda7,16000,108800
350,4329.850470570548,6.102730687716188,0.8571428571428571,0.16,1.33,False,id_nxqpar9xbymg.wav,5dd3a9654b29bc79964fe85a018332b7a425c44ff301e0b8ffc8a91d110a4f32,16000,56320
382,2699.927496248742,21.415281946601944,0.6204188481675392,0.0,0.13,False,id_wlgp1iwxdqah.wav,6a512ccb1c878e660e3b670bccf4969fc015de399b05c185b9e2fc679f7edcd3,16000,61440
486,5286.961378239867,35.8403840765521,0.7839506172839507,0.53,0.23,False,id_he0ob6dogs97.wav,5366310abebb2c1e5440f58400ec255133976cdbbcfc4a0e83a09354069b086c,16000,78080
454,5817.030641787956,23.412069127532973,0.8414096916299559,0.9500000000000001,1.11,False,id_wlcjddfyz1ky.wav,667a16b4c141503f108cf96f44fa00728d570f8fbeb474e24bf8ad083fc57836,16000,72960
625,3125.9658587387034,18.108354425513102,0.8256,0.56,0.79,False,id_n2jq6ofn1gjk.wav,3d8154f14b9d869a48764f1bc7b76e0f6d35fbf2afe15c254ebcf24c04e9c77f,16000,100352
1265,1493.135842781895,6.419306816160137,0.9233201581027668,1.6500000000000001,0.11,False,id_08b0ikkg78k1.wav,de603e9eb722498cca7ba5874cf941b134c356d2ec48a624abea3bc12f57019e,16000,202752
614,6278.202545514122,14.843841090381055,0.8876221498371335,2.94,2.44,False,id_uytqysvlihux.wav,e19db8ca29f7f371c5f80b02f42ef7d7eb5bc16d9b0ebb409c43a9856f6eef8a,16000,98560
414,1760.880810134519,65.12237795836282,0.043478260869565216,0.18,0.0,False,id_cd8cgm64i4z4.wav,02238ee430de9586808722319bda8f0f9bfa15d4334d98429d51bf93a63cea54,16000,66560
310,5319.315008532583,23.80951621485845,0.8290322580645161,0.99,1.25,False,id_pkoy97p8b13q.wav,7ddbe151262d61ad879fecf86b9d3b6798e50f04e1433ecd1a31f29c5b153813,16000,49920
382,8928.448351057423,20.01650189240315,0.5863874345549738,1.54,0.12,False,id_zuk6d5c6tp8x.wav,03000e9c827aac0b6095375f42d0a653ac161c76b9d74853baf37b265d90b18a,16000,61440
326,1301.9380159976895,6.3694360151289935,0.7085889570552147,0.14,0.54,False,id_5ro1uwe9bxk7.wav,3e3c75c63e90ba7873f2e5f666d958773ff7f9d048a4a5d2d4972e2c45f02fff,16000,52480
326,3619.584621541538,5.208163738556569,0.8558282208588958,0.04,1.27,False,id_fm3ninjl2w6f.wav,406e72d2a43b5e268f97bd9e9d677a786605e161cf94b6bbc84fcf4048d0767e,16000,52480
550,8109.58591452116,68.34335268647506,0.6,0.19,0.72,False,id_sdwq1fnaqvdz.wav,a96cd4a18eb76730245f33150b39dfb2687b3d0b5588183558f7646cd292631c,16000,88320
446,5255.408649905353,7.692610038294787,0.8856502242152466,0.02,2.47,False,id_j8uibxhonew9.wav,88917098467eb1c7a1f54d1489590eaa7f034b47058ee2c170888ed02d3551b7,16000,71680
331,3384.7336110098827,9.527985096545859,0.7220543806646526,0.0,1.05,False,id_3lwko257r14u.wav,81b7ddde13172c5af5904b18df1ea0527debdf261ef70ade00f5a3bcb0a9f08a,16000,53248
774,8590.644484117593,50.73283302922475,0.5762273901808785,0.0,0.16,False,id_m0i66e7t1ksd.wav,ebf180ac952f8979032788cd77edc6e6932fffa365033ff76a4eed2770a801f5,16000,124160
406,5760.450018661736,346.3473634326655,0.08620689655172414,0.35000000000000003,0.0,False,id_qlhz5x0mxumk.wav,b8b5f64777bab1ed2aedeec13a999070a05512a454b112864799adb04a1a9f02,16000,65280
318,5376.335682879186,30.178276830690898,0.7358490566037735,0.11,1.04,False,id_m8g61cx1u4ha.wav,c117e3b0fffcf504b10b81094ea2cbad4bb64652d29611c2c98e3140bfc3ce8b,16000,51200
406,9105.81571785307,26.35767683510879,0.8472906403940886,1.44,0.88,False,id_xn860zqh17xw.wav,05018c9e133d2fed418344378d4a4f1131076b62981ce5555d93a6ef05ad5956,16000,65280
438,4322.954492011221,2.480667314710451,0.8561643835616438,1.81,1.9100000000000001,False,id_8lnqg1xucd1k.wav,855f196231eada16af4a674bde66f83d9015ce07be1ca33da9a839670d8a69a5,16000,70400
262,2720.2741764388384,113.42065533898736,0.08778625954198473,0.23,0.0,False,id_xun1a85y1t9i.wav,2f1331857ef5a87026ba0dc9d389ee945cd9e6a42e91da7863df3a6bab4e737b,16000,42240
286,2752.6278439883586,242.82389612020665,0.08041958041958042,0.23,0.0,False,id_peqjyodkns0r.wav,38349804ec99db0b7b191f5268d9328dcf387630149cedb6237a2916557283f5,16000,46080
406,3302.077423380621,89.7377734050817,0.07389162561576355,0.3,0.0,False,id_ozm898c4vmjz.wav,95613e3e6576b7f2f36d3bbbf88454b6ed59db538793a8f128073b6e52e863d8,16000,65280
614,3285.178634031946,25.881487013845316,0.6644951140065146,0.36,0.0,False,id_oiy2ogpk040t.wav,372c1c2beb8531dc82f8e17227401b40883f8620f331cbf539c705dce9f21bf4,16000,98560
502,6557.067994538413,111.5758766333345,0.21713147410358566,0.06,0.0,False,id_6qznxlsgi7rh.wav,087aec45600fe2c5e296d689335fca3883ca83b13087963ae3c7becbc0fd76d0,16000,80640
414,6431.363008336569,6.456875569520644,0.8478260869565217,1.6500000000000001,1.86,False,id_wgucy4dwh83t.wav,ebb5d3dbc363883929691fd9315d155d4258fdd047fb0ba650b97279e82d8b60,16000,66560
390,1396.7887957740784,23.907683228977966,0.3487179487179487,0.0,0.36,False,id_uegn3hwrd2eo.wav,bba748a0122c76556cb8e8332f870d46d34056570faa1bca7e3e0398aecbe5fc,16000,62720
395,3284.347409303711,23.031120250652158,0.6455696202531646,0.0,0.25,False,id_i9t25g1mam0u.wav,b42fc3a602e6779412dd48118307c43b8d72df6e93d5e97d919155eecc8223a7,16000,63488
566,2237.035017607011,16.715763423139368,0.7985865724381626,2.32,1.09,False,id_rk44p07348iv.wav,6adfe304d1c5a79e5d2e0a5230e28030435b1f060db7cb3dfbd5b777460970f9,16000,90880
430,4389.31046008368,175.2489887245368,0.1186046511627907,0.29,0.0,False,id_wj205l8cotsc.wav,d1fe783090f9feabf09ee73213b9d46c24cc5ffec622b2673aa46e54ab12ecb9,16000,69120
406,3874.1896233276966,27.113505057821538,0.8029556650246306,0.8,0.66,False,id_cza0t1pzjj1x.wav,65d180ef03b5db68c97b0a15a0f57687dcfe2f49ce1943d3436042b6a395e446,16000,65280
414,5574.728142923204,15.293823418722674,0.8357487922705314,1.69,1.77,False,id_jtdryobm1anq.wav,61f50308cc959e819ae4527af015bd7b1f1d13b1754e2376b1b7f9c352136d09,16000,66560
670,9259.605444888028,126.16720974087349,0.32238805970149254,0.0,0.48,False,id_i9omy4ouobmr.wav,062afcdb33cf01fec0cc4783338bb289f850ca1c08859a8163157e2f6b9fed05,16000,107520
390,2068.8699922904775,89.92702713560536,0.10512820512820513,0.41000000000000003,0.0,False,id_xhe0zysz6ctj.wav,dd5c42f3c0eca3ead4357a197aea3833b6536de1e12444a33e07b02776896a02,16000,62720
502,7404.184106638624,302.8402474821951,0.01593625498007968,0.08,0.0,False,id_y4aj1oi5vlhq.wav,3b02965587f2d4e5efaff3b48b8f415d3648ef2b0ba110183e9e73297c94d1ca,16000,80640
366,6280.630123443029,253.30907021633743,0.00273224043715847,0.01,0.0,False,id_95g921y5hk5l.wav,6c65b6f12b5f72310a1498da22d5009ca82562ac4366607ea4e6c068a06026f2,16000,58880
446,2237.33962330264,35.86458279041604,0.1681614349775785,0.13,0.0,False,id_idavrfs27r6h.wav,8dbd443eda67014583c6a1979c08d354458b30369c7d86d90c1201a878cf418a,16000,71680
422,3752.117738691045,36.56145092584087,0.5165876777251185,0.07,0.07,False,id_tvrksbsbsh7i.wav,888b1d23324bd19f2b01e1f5311ab5dda5abaeeb59541f9aec0a73e1a6770e07,16000,67840
438,2404.418894452462,37.131317464950854,0.3333333333333333,0.13,0.01,False,id_a3y5q4eouq14.wav,84548cfbcd989ec44770acc549200ec26d63c6332f3f712976c1106389a25667,16000,70400
462,4709.622939524989,110.34608250906176,0.24025974025974026,0.09,0.0,False,id_trstfzmv954d.wav,0da01f44a3cb6300e319e3026bb4c8c68a579c89560c6a9020a96486dea9431b,16000,74240
6222,14029.199471459517,135.6649364721696,0.537769206043073,0.0,0.07,False,id_yt42jv5i5xcd.wav,1c1959130357bcb745798ce37a55c8bcd31d41c16d8d737b54cc0e511d069756,16000,995840
542,1702.7500234914107,14.792198289232228,0.5793357933579336,0.11,0.03,False,id_r3e7x9z858mr.wav,a1f75c770e91ab173a5b059ac7f4868ebed770fe470f5aadc296f960f3c803c2,16000,87040
542,2768.705686327097,4.058170697127075,0.9243542435424354,1.69,3.3000000000000003,False,id_ahfbx52nwlbb.wav,b8e7726b2e5af05be98848be56cc193df55a2bd2c605cfada998f0c1f1d2be3f,16000,87040
526,7345.834454981953,57.58388070532614,0.5874524714828897,1.75,0.0,False,id_02rt0p2zqm6s.wav,20ba0f9699dce5edd6917ecab54cab7541c98324832d7ced8872f656104289b5,16000,84480
446,14289.69008595008,19.441641840623046,0.8565022421524664,1.62,2.2,False,id_b5q127tpbhia.wav,6f489c015aa14aa9cbc39f65fb4defacafb66891367d52d0b74c3cfbbf33cb15,16000,71680
478,7501.24586452144,27.283372866631773,0.9037656903765691,0.73,2.31,False,id_hckhccpfvzwa.wav,b2bf3fbaa6b1833a09ef44dee46b87ed504f718d44f77e6a48f6f39834f9bcd9,16000,76800
342,4472.534531448584,27.733144167590368,0.6988304093567251,1.52,0.13,False,id_9v7pg4pwmf6h.wav,6ea78ffa03b77d2400a6cdcc6836f20a073b7237cdaadbde15ff91578692ec4b,16000,55040
408,1701.0711022764451,19.204031939644395,0.4485294117647059,0.24,0.0,False,id_stkl65535rlv.wav,fd77b5cabc62e0450d82345e51d40f8aadd8f7c5e874687eefdd1fa33f5fa468,16000,65536
484,2150.190947334678,10.225723851730034,0.7334710743801653,0.17,0.58,False,id_pvn92l073fv7.wav,0a0c5633ed5c835419dd8bd3c1364a9c490c771755fc62bc1e2866492f09ed6e,16000,77824
302,877.4545173397878,84.26203039029608,0.033112582781456956,0.0,0.0,False,id_jzbjxbq3pqa7.wav,bbd35c9b80441fcca5ddeb5305bdf22ba5c6540cec173ada9dbd199676577712,16000,48640
438,9011.51478609451,40.207235374968825,0.769406392694064,0.36,0.0,False,id_1y45241c0xdg.wav,3b6d0d9521cd511a0247f090f80d42eb183d6496a861eb4633c3bd2fc73f42ad,16000,70400
358,8258.110085546208,223.83232297931784,0.05307262569832402,0.09,0.0,False,id_0uxx7uona5k3.wav,66ba6b42e91ff63f6c52bcbe512758d06e5f646a90709bdcb282d0e3fd3f0e39,16000,57600
318,6910.288434826725,177.38539587905265,0.0220125786163522,0.0,0.0,False,id_5dw3ztj4spqg.wav,4b81d6ee9307fab0a931616ce93e13fe2f563c69d304efeaa7526cd6a572a353,16000,51200
526,5994.564808015674,35.326172186505694,0.8726235741444867,1.55,1.1300000000000001,False,id_orzfctzqm2zi.wav,b184a08e6ef74bf888eeaa2f7ff13a634b7c56b727db5c48b4777f267b227677,16000,84480
918,7999.24333859147,19.22316306270381,0.7472766884531591,0.0,1.35,False,id_cmlxsufpks9i.wav,a061837cea6f4d57492d0f482b88a2019c03bc3589032c5d61fea7a5ae458659,16000,147200
334,6058.17468075162,28.912107433451098,0.6826347305389222,0.0,0.03,False,id_zs1tyhcscu9m.wav,1ec61b116262f85f810dde6e252296ab761fc6a7bbdbb74b66e059bce8688d9e,16000,53760
318,1899.637574644174,116.82755650748467,0.04716981132075472,0.15,0.0,False,id_80lp58kkl2cc.wav,3b70de6ec608eb74c65a5014e18b9a5b1b8a3cb15398e887cd0d842e5d0b3472,16000,51200
630,2443.8901975129734,24.56883084855818,0.4984126984126984,0.1,0.0,False,id_nyq4xv60vgcj.wav,083d13cccf5a2dd67a3c6c7e9669654c02c54b6e58c2cb5f769035813a3210fd,16000,101120
454,2994.898025809894,103.58569500786754,0.04185022026431718,0.0,0.0,False,id_dzkgw1jt5oxc.wav,384751fffab0a8a82e4e75b93a3a85400aaa75689a5026314713726ccfd84f64,16000,72960
774,10426.074916765177,14.27537205735284,0.8410852713178295,1.21,2.5500000000000003,False,id_o9mj3jigqu08.wav,4d963f1dc75587c063972c6d98388529c3577eff126367884d8d87e97912aa29,16000,124160
430,2810.6197732884466,21.96371950157897,0.586046511627907,0.27,0.01,False,id_fxf1va9pckl6.wav,cccda912f26d827811e08058f5fa300ade4e4b5c2e26745b1f120df71dd7df91,16000,69120
510,3941.625369692051,36.13369517984332,0.515686274509804,0.14,0.56,False,id_bov9nyxpvo3d.wav,7ee13b840e045c1069b4f2d1ed6f5e2ba126c322f2958be5c1df4ae00d2edde3,16000,81920
484,7942.956446752053,43.50047204078723,0.8491735537190083,0.88,2.42,False,id_npt7xn4c7e76.wav,70913f7e90294e6552fde0cf80e361d130d49a2732a5e365a5119cccfccf1ea7,16000,77824
310,3698.6069411333774,14.775941895708836,0.7516129032258064,1.42,0.64,False,id_a98aatad896m.wav,c2b465d5c43949c343a367c4ae22940978a47083a36cc753227ef65ba0abf8cf,16000,49920
558,6704.551586981787,66.29202436593036,0.5161290322580645,0.0,0.0,False,id_343ecwec1es5.wav,b5f6a1c4010a5c1e013959677a5fba6b0adf872e70e500c3900f65d528ee9077,16000,89600
414,7932.762184132334,11.487275506718163,0.7946859903381642,1.5,1.58,False,id_de3k2kxeck4z.wav,54a57f29a36018d5e8da4422b3e9dc5559dca55d7ece6b6c1eba4b1ffc69c7d8,16000,66560
374,4891.627269631242,1.670694020979346,0.8502673796791443,1.21,1.1300000000000001,False,id_8y6fgf8mqo4r.wav,da744b9a9cd84cb616911627ea76e5353d6c2ecc88e9c357b69d64a26528e75c,16000,60160
414,3842.378838037707,15.69501051751039,0.782608695652174,1.72,1.36,False,id_jf3rpb4itodn.wav,f16f0b1eba6364098dc9c0622a75000bb4a18ce2cb3bd75b70917aa9b4aad40d,16000,66560
462,7364.723195409316,31.747513242587978,0.803030303030303,1.6300000000000001,0.64,False,id_h1gwdlfjqprw.wav,7b169fcba53a3f9dd4046bb604fc0dd73ea1b1202fc4ae7c5732b143e6afdebb,16000,74240
1014,6294.925524976447,175.4863389353817,0.01775147928994083,0.18,0.0,False,id_qe3b7vcv1yw3.wav,bca33f39eac69197e5b885d214407d95eceda7acfef85464f5c59bc1598ce4da,16000,162560
510,11538.72891309957,257.0,0.1450980392156863,0.0,0.0,False,id_gqb2lp0fznf2.wav,bd6033a89b129434f099cec3b0fc6122809097faa7f4d3602bc45d1f21aa02be,16000,81920
422,4423.540836535817,179.24208848623027,0.014218009478672985,0.06,0.0,False,id_n4zfnu0182ji.wav,12c3e508a59e6226cedfaf60169aa7125e97052174dc94e8aa567febef466284,16000,67840
334,9968.517056087128,258.23150378233765,0.017964071856287425,0.04,0.0,False,id_m41ealvpw3ra.wav,f55d83782b5827355341c5d9b775436a493fcbb02641c0d50d454238b5381f6f,16000,53760
478,4078.1623386030137,44.61870786292813,0.4309623430962343,0.15,0.23,False,id_ssh7xcoaaxsk.wav,ba69add8fa2f7f189b34b41cc7a4c06d09d2196c8d064482bc4aded51db2cb0e,16000,76800
550,6551.336402597564,139.98142414474376,0.1690909090909091,0.32,0.0,False,id_1rd1valqahgw.wav,c3656b385fcb1d2ea4b1ea2b3706eb8d67f14d04296a176a1e5ccafe6ddf13ed,16000,88320
406,4342.054738542572,188.41181949655743,0.0,0.0,0.0,False,id_d86tt17ppv8q.wav,6de196e7fb54a34a1eecccff550c73b5c720c171c6e70bbccdcb785ea40a3ba5,16000,65280
798,3769.08973427272,16.02135239537371,0.7644110275689223,0.66,0.27,False,id_rchwiklhp4a2.wav,1d9682cd6d3233186993c437d87a4e3e8c2a745f226861cbcdfffd38bc6e1f12,16000,128000
334,5594.948118168747,137.68219298369883,0.3383233532934132,0.03,0.13,False,id_wkf6b80ez2y2.wav,ad37bf984dac0392dfafdf1e1fa53e7ac459b68c4a43f63bb54f8d7a31c57497,16000,53760
358,5787.609686433597,252.72600351571347,0.0782122905027933,0.28,0.0,False,id_710tsclefl7o.wav,0d8a3a12a2e99924fb60b18150764190a377358d6ee6f1e3d4d138b102ef81bf,16000,57600
374,6094.882944938319,212.88955997919155,0.058823529411764705,0.0,0.0,False,id_32p1el13bwqx.wav,1cea10d1e13eb5a4200c6b724ac6a287ec5a620a501779043c84ba3562ab1608,16000,60160
523,8821.689858808231,116.28841300834749,0.25239005736137665,0.0,0.02,False,id_0r7awrawc36d.wav,010448533be7fa05c44136d84094460c8aeacdfa16afa107f98edd49a18ea9d1,16000,83968
446,3292.180582835638,9.67684067540797,0.757847533632287,0.15,0.55,False,id_052d2n084g6e.wav,50be2b3d2734e7c5feb8d3bc941597820dc7333c70f2dadcb75d7bb11a15e73b,16000,71680
494,4350.417371069125,113.7692862669575,0.044534412955465584,0.0,0.0,False,id_c8edn39igqou.wav,6c669f01b64d9e65277a04d4cf5389db3559529b9fc6a4191fbb295b6f07d36a,16000,79360
502,2901.6647519139765,237.74285739648923,0.1693227091633466,0.0,0.0,False,id_js3zqqy5ly15.wav,8413438d59db62210fa934859e7134bd07fb1b4c78be1bf83c1220f9660537c7,16000,80640
369,3650.8076825546427,17.889731691671624,0.7533875338753387,1.26,0.49,False,id_djzo2b30e952.wav,9eee7d707b636bcc99121a8900bccd0e330ae1e0c09c03d8f9b15ad0058a1bf3,16000,59392
470,9492.163769920955,154.5230632070614,0.2404255319148936,0.18,0.01,False,id_biu2c55upoym.wav,25c406b30c3c7c6f499630b57ee4bbfd1ff71172a2ac07bf519174e54f2ab3d1,16000,75520
651,1520.8803988151074,20.642795353343015,0.141321044546851,0.0,0.0,False,id_7zr5lsaahcdu.wav,97e71c70a6eae0fbc6f98d8bd12ff2107581de70d32c647a5dd1819089b6be14,16000,104448
430,9533.393572726345,6.595451138351132,0.8534883720930233,1.92,1.74,False,id_rf50jrofej1e.wav,da18288b6204a0e17de1788de65be983ac7db6d66428429a038d0a2bdec2caca,16000,69120
390,5845.452094149776,19.97356824698673,0.8794871794871795,1.92,1.51,False,id_bvwygbnjfpqk.wav,c96bb6b0d946a48a7971d19734fcb84076e650b1fbf080429e3e35233a25f430,16000,62720
470,3936.8533926220825,60.1325875031347,0.12978723404255318,0.19,0.0,False,id_6ys2o4y3a80r.wav,0e0ef7cd8eecc664585c21673fd23deea9019b901a521b433a3f40878d6736fe,16000,75520
4939,1875.193054061368,12.567915499397662,0.7610852399271107,1.22,0.22,False,id_imvxo1g1dh5m.wav,8635f7ade719973680214e0edc14df2d75acccc1024dffd9e2fe6d8c34b23588,16000,790528
510,2830.811777564874,52.10872945754444,0.27450980392156865,0.02,0.0,False,id_qhlxzool2zt7.wav,203b75e1f3c4ffe5aae35995d15ad302e2e970bee7581ee295d2fa8857e09de3,16000,81920
454,6409.49757878884,32.671355112818894,0.7797356828193832,0.3,0.97,False,id_izu4qqxn0fca.wav,9f8c3feea9b0f18a052ea83d8ba43055ec2af27fe774b1fd5f75e4774952d5d0,16000,72960
422,3503.597393037619,97.06272988123024,0.002369668246445498,0.01,0.0,False,id_p3657su2xuif.wav,9e826c5e9f462595d633bd470594517e7ffb29d10a2e82c7186ade7e5e676652,16000,67840
398,6831.810564923474,19.671361427845817,0.8743718592964824,1.86,1.08,False,id_myu1h7kpqmr5.wav,ee78d43c022299b0d1e3838566d1d4a5bcbb79d0f052ff238840c06169f150dc,16000,64000
326,6012.422138165283,225.62297004548066,0.147239263803681,0.02,0.17,False,id_xncvo0g3ocv3.wav,76e2835f46e96751caea7c60fe37b7631437a442eb23edd47cfaf8331f48ff8c,16000,52480
414,14483.436879501356,17.89235074245265,0.8429951690821256,1.85,1.61,False,id_f90oc1jnzbse.wav,b06e281f675bfda26aea6cd1b87f06f307709cdc0e22acf050bd3309d9502248,16000,66560
390,5037.041150070148,29.190265401918474,0.8,0.44,0.19,False,id_rvxj30vyd4ve.wav,aa77dd89280f3b5419252d29eb5429bddb8bfdf592478c6cf2f2da6368e59d1a,16000,62720
462,4846.285111815028,56.445770279819456,0.34415584415584416,0.2,0.0,False,id_pglcrdaf3m07.wav,5ad4167b7ccea800c3ee4ad90f7251b83f3594e9129979052e346ef16201fe21,16000,74240
310,2110.247940408899,22.182320577311724,0.4838709677419355,0.11,0.49,False,id_yty5uhlw4i7r.wav,ba8ab51bd837f0133eeb06aa3099dc32e476dcab6d2ee0c0773026bab7cc6141,16000,49920
414,3331.8425409223646,15.273395679925757,0.8140096618357487,1.79,0.02,False,id_7yoeziq1rp1o.wav,30877fbfcb110c646fd343e5d0f156e26b9885ba4b04d7ac14eb1d633378862e,16000,66560
420,7641.202579110175,49.393270009835234,0.7071428571428572,1.08,0.0,False,id_7f91xbvh8spl.wav,daaa6fd39ecaf7872eeaf6b15b375a73a6266ddd63b1c2ecdb9260779441fe4e,16000,67584
374,2889.8888213908854,0.8031189202104505,0.9010695187165776,1.69,1.67,False,id_ojq0on1hiugb.wav,0a39c15563fd2aa8a4010adafd14fa69981a31adf4240c650972bb4393f0bbce,16000,60160
846,11803.291607428837,119.81273523778432,0.48936170212765956,0.15,0.19,False,id_n39l4uejrf9x.wav,0da6a19e679b34474ab85b414fd123c647e978041e8b1a6f0908ba984f572b03,16000,135680
446,844.7481577369672,72.21802687983802,0.013452914798206279,0.05,0.0,False,id_ezsn58igbhih.wav,3918fee49f8e7347341faf910d8ec1496644e0af61f263859a947de62f6908f3,16000,71680
484,3939.2374687241186,37.85657204268328,0.5640495867768595,0.0,0.0,False,id_7q3auqf46dp9.wav,489184bd4d847c627972b135efcff17de375ef17349440128d08efedde4ffc91,16000,77824
433,2391.916593968109,9.706956268573585,0.6674364896073903,0.08,0.4,False,id_vid07p1r3n3b.wav,c1cfe4e4464c321a66da32041a5739b928ea6df5b8cd16c439df36cebb3506bf,16000,69632
740,1316.7161843009299,10.779551660201733,0.6959459459459459,0.0,0.5700000000000001,False,id_lmvrjlvtk8gr.wav,a6739f230f0a3c523e29d0a47c03432c372e29f427efaa4ab17081ab59937409,16000,118784
574,7017.649864983291,26.308797019714333,0.8414634146341463,1.51,0.51,False,id_taki0ypga2mi.wav,8d2cbb138903082de445656e14b4630db11270e11f4028b598e6cff338cdd46d,16000,92160
294,2428.3202661510695,233.4633560207617,0.034013605442176874,0.1,0.0,False,id_oz1aress4a2o.wav,f3a1c0e6b541cf938b1c7b560f92735583f52db1b0d07ba4d44454a52f315dab,16000,47360
484,1117.2288104949675,17.18308747086551,0.030991735537190084,0.0,0.0,False,id_p7ecbqbeaho9.wav,3424035918fec6897fcf4e62ac7cb1235f352a84cb8fcdb6c6a017c7ca8559fc,16000,77824
406,9785.837016193353,10.24558510223667,0.874384236453202,1.81,1.55,False,id_5s5ihian5fva.wav,8e11e645a40b9053831f00c4821ee717b4b9501348c8386d49aa63579dc87985,16000,65280
422,6236.644945000477,31.312082705897225,0.6800947867298578,0.02,1.81,False,id_5l4wa0qa62wf.wav,3c668666e59a5b2fa41512a3bffa247d819cdea2b877d3411dd9fa52c8dcf855,16000,67840
478,8420.661651408396,6.267774712041444,0.8828451882845189,1.75,2.47,False,id_9jwsincsjqxb.wav,dc3cd6be5d27402cf4d4ddbe7f99a11b92b395f6c0fac33cdb64531bcec41310,16000,76800
408,3446.895857507157,16.344569449668604,0.8063725490196079,0.0,0.33,False,id_ipweb3j00wz4.wav,82985c15af5643c773480526c4abb06a6f072c616702c2f8f4ffc59677bcf651,16000,65536
270,1591.3941505799246,432.25987336130004,0.025925925925925925,0.07,0.0,False,id_91km4rrf8cde.wav,487ca7a103022216f4acc26e9291c05aee855639cb7755bbb44570cc5a6ace1a,16000,43520
369,5339.967315208961,18.273888475089258,0.8048780487804879,1.1500000000000001,0.81,False,id_r9tywacvjc3t.wav,e75cbc40baa012782c21f9ba4aa644c499793b81c105b0219ac3a7fc7d3503b7,16000,59392
518,6914.8523849030935,13.578931172840452,0.8166023166023166,0.21,0.0,False,id_ck0f7jjzrb62.wav,05709beba401c280a711ffcadd1cea417d96c1d0df29905473ce2089b7022aa4,16000,83200
414,1051.8879146563097,10.393199153108498,0.5169082125603864,0.02,0.23,False,id_sl3dc1niqpww.wav,e94192df59b07d0770bf348d567cc9fa98475bdf5cd4f77cd718f70471d1b2fc,16000,66560
702,2544.4994203182678,36.660734505665076,0.33048433048433046,0.0,0.0,False,id_0kbkytu57yvs.wav,577c11c8279b982b1ceca0f527a7cf0fdf2deb56f42c9ff303ac74e79645c982,16000,112640
278,2309.6349132492783,534.8592887922889,0.03237410071942446,0.09,0.0,False,id_7dixb1qay2no.wav,fe748df996500c945c33da2a5860e8f553c75a93c75107f9e7b0fbadcc67ca69,16000,44800
486,4241.268978442655,33.23006480202595,0.5637860082304527,0.0,0.84,False,id_0kxhzqwpppwk.wav,bb35252a4f787967c2062260726a8fe1edeb3797d95f789553397eeb8849a00b,16000,78080
478,8781.51426577444,7.798877327300154,0.8661087866108786,2.08,2.06,False,id_m9i0ym7mrf44.wav,9b5550c8a51bfbb0ddad50a3cf662f54bea8b1718472c373733bac935fd1f901,16000,76800
526,7888.709325200162,97.54419906873309,0.4619771863117871,0.15,0.0,False,id_gqg8zirklplc.wav,430cbe3e70522f5e24ec7777341bf314d64205c6967b98fa7e5fe9e0cb6cefac,16000,84480
430,13666.6211450563,4.526030096867628,0.8767441860465116,2.09,1.68,False,id_hngtb77ftgwa.wav,fe913c798f765c29b99b878fba0bfd31e111243bdc24353f83b956d90d435d25,16000,69120
433,3184.038209962311,53.18860310254444,0.3163972286374134,0.23,0.0,False,id_qh8juxjka9bj.wav,60162412834bb2dad115a03d2d88e423785f92059d8165ace5e780da8ab1412f,16000,69632
398,15102.956484410593,38.873464434563346,0.8442211055276382,1.57,1.58,False,id_at0vgpe3z8h7.wav,badc9a73751368efa85327e66dac30cbcdd386d346d71c2074bb81d92fd9d3a7,16000,64000
676,7893.968306086616,294.0403105883137,0.016272189349112426,0.11,0.0,False,id_3i7rr3mua8mq.wav,93ead490fb8564015064f78388467adf4e16872840519eb57014e25c842cb780,16000,108544
398,8020.48044851429,75.59031780867164,0.507537688442211,0.13,1.72,False,id_os88ex3c3u49.wav,db89a9ec0d81c59aa69d420daece4d70d92d028ef25b1de9f32d316ad5a32e78,16000,64000
438,3725.8875234633692,21.400929929617497,0.7123287671232876,1.33,0.24,False,id_l1lcm1k62tgg.wav,a8a5d004d8ad5ae53818508e27d33d3833b34a227c13c5af8c94b52b16f2474e,16000,70400
326,7468.448246456555,7.875908486151788,0.8159509202453987,1.37,0.73,False,id_jv2ramr884vx.wav,1f3e436773d711919b535b0d2687469cb29c1867aee71177653bc76c0888b10a,16000,52480
558,5743.699549724028,46.95983957564299,0.5663082437275986,0.2,0.0,False,id_hhghk6yhg7zs.wav,bdd2bcfabde76f3c1ec187b83e0e7e5730d0f7634c5f15e358b871e730886898,16000,89600
310,1811.2286196115608,221.44916519869292,0.0,0.0,0.0,False,id_heuu73wv6tls.wav,5456efc5d64d0c1dd71ae53f2adcd1a7e7062bc69b1b4418939164389c919224,16000,49920
366,6576.836527731247,165.35245510383112,0.10655737704918032,0.0,0.04,False,id_zh5aso2qzjfi.wav,00256be6ea924e905b3d1b43818cd6e6d3388baad5415c0350b20942883c82cd,16000,58880
446,5102.993732604421,50.21468902613111,0.5179372197309418,0.19,0.08,False,id_ui0eyx7ck72k.wav,a5d3f8ca08250e46a1ff12d67d1a72787c419620fa8fd518c486c7bcc183f882,16000,71680
534,10958.657221347878,7.224869097023639,0.8857677902621723,1.61,2.47,False,id_o45bknrzkqsm.wav,ab37311310b0592a5dd3b768c2e58a976ce0f901120871fa66b439aaf8c1fe90,16000,85760
438,7405.3657958266995,99.6266574866545,0.3493150684931507,0.04,0.0,False,id_6mep8u7jcl6c.wav,bd3097ecc031356d7ef089a1748deeecd4767586d22bbc6995e26e7432c978a1,16000,70400
406,8028.208254959509,14.599912611987424,0.8054187192118226,1.8900000000000001,1.24,False,id_ipurvwi8cujh.wav,ead9eaf3f64ebfa404ffb119cd1eb5942f30f94720ef3783c66fce8aae09fbad,16000,65280
326,2853.615240795437,60.366011195236766,0.05214723926380368,0.17,0.0,False,id_yz6aom2mo6ih.wav,9c257f0cd3d54a7645f6f211dc2c33ce4c32583e2ba7bd3d34a511d52f1a05bc,16000,52480
1070,12127.044082648501,167.36631224116832,0.2411214953271028,0.0,0.03,False,id_mly26efw104n.wav,33cb3d31b98003ee71a5fb8b194e97888bc1ec131fc4eddb2c36e891349827a6,16000,171520
438,3192.637771498671,44.28416716355224,0.365296803652968,0.17,0.0,False,id_6xt0oapbzfm8.wav,d3a6a479bcf54bd83cb4e187e90b1bcc86f93e396001e59d23b8b354bda6952e,16000,70400
433,6124.758454216787,24.84391273531607,0.8244803695150116,0.26,1.02,False,id_18n2b0l57nsp.wav,c941c0ba5072253a47282411d9e0d54c80ccecd7af90064e8b73d88cc2e0ceae,16000,69632
494,1776.1982610339421,48.33701724371063,0.12550607287449392,0.0,0.0,False,id_gqqkikmkx8yp.wav,dac3d87aaa89f779f00c42d948908d97963bdacbaac571c024736533f5241a1f,16000,79360
430,12078.8498998249,215.31177404802938,0.2,0.18,0.0,False,id_x7bolnlofmfx.wav,faec2792cc2d2428d075db4801bbf1021841b4d2ee3d9fc48964f356c755fee2,16000,69120
326,6265.584653087053,35.55384944862782,0.8067484662576687,0.3,0.02,False,id_iz9x1oze8vjq.wav,4964c424310135f411de8c250597416371453dd9a9244b3b19f73de8e0f180e7,16000,52480
334,2296.2331044560783,7.723487463634923,0.781437125748503,0.5,0.73,False,id_6zzq5seczqen.wav,b98134e7132c11cca29936554c784a11d46594d4c91eccf7149a84d166888c93,16000,53760
374,8952.828854473875,22.150676555388735,0.8743315508021391,0.35000000000000003,1.53,False,id_cd82kud46wpu.wav,42b8f578ec1d7c6a27519d440ec5ba4241f05949f60761d464a8857ff942af8c,16000,60160
523,1503.7276407315255,11.684819211267241,0.6367112810707457,0.34,0.24,False,id_z54zn9dyctg2.wav,7b922c785928c57eec8cde2e70ee977bfa81c426b117c09ec000847318fddc7c,16000,83968
670,2092.388660120294,12.719713879107122,0.8343283582089552,0.58,0.19,False,id_e6bctddrcdwl.wav,87b19a6df3606dda9e467a42596bc35f40ce926fda34ebbb84c3faa814200d1e,16000,107520
342,762.6285514587032,68.63090580041353,0.03216374269005848,0.0,0.0,False,id_169bu2n1892k.wav,b6a3bde6e4b9ea7cd381463b0625f278a29d26be81665b1d4693b577913df904,16000,55040
318,3563.954014153381,325.4732844118041,0.02830188679245283,0.09,0.0,False,id_cwwrk7afoax5.wav,d3656d7c25987d428fbefefa6182a95abf2c2e15eb9f23eccffec2adc578737c,16000,51200
742,3424.7070042559844,99.83585707729422,0.09433962264150944,0.03,0.0,False,id_clg37pla3snz.wav,4257ec61f2dae78fb483d8a9cc5c462b923f601fb1e439236a2ff6d7cfad25d6,16000,119040
342,7008.680193517179,149.70134186502372,0.23391812865497075,0.59,0.0,False,id_4ll3yf4fcq6e.wav,82d71859fb5a74c2c28eac891d0b86c56bb04c270893463a49ffac132758f2ac,16000,55040
446,1843.0966869646313,171.83396975250992,0.0,0.0,0.0,False,id_riz8n3zgu5nc.wav,11a37c5f54cb0e37de617f5966587a24e9ca2a263493e97eb5cb00b24e79e72b,16000,71680
366,5221.977072910221,115.20787419134194,0.0,0.0,0.0,False,id_lbedtehdjc5q.wav,0b3da3ce3e51afbba8f02c7e37c55581792c29effb2936f654071a76608686f9,16000,58880
390,7057.680271519815,216.6773544991846,0.05897435897435897,0.04,0.0,False,id_cqh1v89t7m1t.wav,ce768337ca0c75c30f5a770fe689a019c527fb5f751e527bb8460c1a9a2d5b78,16000,62720
472,7518.922590870317,24.905236360021412,0.847457627118644,1.93,0.6900000000000001,False,id_jo6f1ef6uoqf.wav,a008b5bfb28992b947e8cb5395b5926bfe418c93589d4ffbb4c223fb50e470bc,16000,75776
414,10058.314219838232,81.10110559034351,0.5579710144927537,0.0,0.31,False,id_kc45z2fw8ybh.wav,fb8020b2b74a9094031cd2b1ef59344fbd9aa72ac9ecc4a8cd0e91ebb726dc79,16000,66560
566,6402.3015185947,16.4245852111897,0.8056537102473498,0.0,0.79,False,id_vwpuz4i9vgkx.wav,5c926d799a03b72add9d4ea334a1b945ea25ccd2251d12930fce35a9b6ceeebd,16000,90880
374,4521.27948234789,11.823545953293365,0.8556149732620321,1.35,1.72,False,id_gp32kp3wfhq2.wav,a67dd23c90d1a28e1e48040c9bb5d718c20c8c6f5ed789aa933255a2a23383f6,16000,60160
278,1275.5305592183984,277.3920243857202,0.025179856115107913,0.07,0.0,False,id_ke9iku0q76f1.wav,13a78c26b257bf96a92baec0b43ba2c94643134ddd1a7b41fbfde581f848555f,16000,44800
446,4197.681613700591,30.646274770826622,0.5627802690582959,0.09,0.46,False,id_vvpcrv23uege.wav,5ad3c9330c6022a47273d8f787cf389506f723f6c02122bdd70c38ee35c22570,16000,71680
502,9242.2917634102,73.46842049092339,0.7091633466135459,1.3800000000000001,0.0,False,id_r62xen76u4e6.wav,8538c17a2f2f257448e6ded91d60e468c2b73664c5e571bbbd8688f35e2f9ed4,16000,80640
422,17661.920575421576,138.20963333068,0.6706161137440758,0.4,0.0,False,id_xjd9b7slwb28.wav,6657e042b63b66668ce7ff74cbbca39d746913d1182042edffeaec54a6a17090,16000,67840
302,12523.814619855246,189.0301986849151,0.30132450331125826,0.03,0.01,False,id_r4l5g4992pcl.wav,489ff758c93382b1d98ab04a25a389eef9482d540e963b53de775a2e7ec5e1f7,16000,48640
430,3104.793993166052,84.85346919998976,0.013953488372093023,0.0,0.0,False,id_cabxws6ngycr.wav,ae16f137c0a483df38c864eafd83aa9f7f2bd2b8344fb1867de14c8f7ddf1a78,16000,69120
510,2879.7117650903883,3.6626251296795527,0.8215686274509804,0.18,2.84,False,id_c88d3pdhfaui.wav,2aacbe86efa71f7636ae5454d8cc29adff05e5bd68b1db053b861155b61547b0,16000,81920
334,9907.443342003022,213.33316504546542,0.017964071856287425,0.03,0.0,False,id_gqpoanm55a37.wav,46601409bdce3a996fa8d4c7aa25ef45f1baebbd29a9a1856a380bca60d4b7a6,16000,53760
446,5875.318618806984,33.02358816496891,0.672645739910314,1.26,1.05,False,id_xjqhwid1hgjz.wav,742429fbf11404501a9c70b848643e449c4799e21fc12adb40fe683abc8398a4,16000,71680
422,2491.137141447656,369.7727665491408,0.0,0.0,0.0,False,id_veva5988d6ix.wav,0bee99b8a948824ded646a6d14084644c776de5c6627558e552720c9be3ca0e7,16000,67840
454,1905.3115886909416,29.220226737625275,0.15638766519823788,0.27,0.0,False,id_5dqj1ld511kg.wav,fd8ff385f2ac0dc1f26bd87fa1cc6d854d497b08a86eed5ea2046288b5a0d8e3,16000,72960
420,7006.441732077703,44.19669630133133,0.6404761904761904,0.77,0.23,False,id_8wc1j41bu4p2.wav,af3ba6548266e9499d42a443f478a281185de39576d81f5947502693c1fd201c,16000,67584
414,5008.095071232175,6.6027453417963455,0.855072463768116,1.5,1.8,False,id_c1ea0e51yetr.wav,f58107941a8814c1b0e2e15dcab0484edec0bd3c571a9d942a5395bfdc06b56e,16000,66560
390,6552.480362809186,11.214286604234104,0.782051282051282,1.24,1.81,False,id_m4pmyoplloq9.wav,fbf5951c24e3f9890189eb1a7608c455dc727d04ae2e0965cff7c2cb0e24fba8,16000,62720
374,6021.9720308217975,89.84695230194279,0.03208556149732621,0.12,0.0,False,id_urmnukvuuzu7.wav,86fc2183629cc34e09b57871eaa3e374886fda5c4e6b392fef6571b2a2ad68ed,16000,60160
510,11431.065317698958,20.859430434674344,0.9117647058823529,2.33,2.32,False,id_ar1cbaaq2kw6.wav,e52ffa0b67cc222254c5871d324700a06061d01ed33ef5a1f98bc9e7dfe911cf,16000,81920
510,6412.75809188215,44.7351685993806,0.7294117647058823,0.19,0.65,False,id_uq7fd55jmric.wav,1e011931820e1e1b492061ba56e3894ecd4d827bfb337c104bd2cb37ce283ed2,16000,81920
334,6081.114922240822,201.7675528633705,0.05688622754491018,0.0,0.0,False,id_v8szklm1m4ih.wav,382b87d20ba2fd1a124c0a722f64889a39a7bfcf7b9f476780ccce0c50a6b00b,16000,53760
420,4448.840089562671,27.971531089797075,0.6595238095238095,0.16,1.02,False,id_qfw5p9ufsrvf.wav,0eca93012161539502fc09b6155c8e1febeb5171cf273033360b9aa8923ed61c,16000,67584
356,4999.378046817424,21.60387905942792,0.7528089887640449,1.48,1.06,False,id_f78cls1lk3x9.wav,c4aafa608b7294d972838fb0d28cb516608a1df0772dc8ad886788f01acaeddd,16000,57344
398,2622.354099373309,56.88644760193104,0.07788944723618091,0.23,0.01,False,id_583akl40fz8w.wav,eee546d146d5bbf713a2a74bb766a5c1e4498a24c6de4bb3f85c118c32c24e15,16000,64000
398,5754.330641351781,189.64474983249357,0.12311557788944724,0.04,0.0,False,id_p9h1hg9c7de5.wav,7371c75865cab98fa4772e38cd0a94535f617ebddeb22ff8abe6f076f69dca41,16000,64000
398,4807.232009691232,25.211232560927918,0.6206030150753769,0.02,1.1400000000000001,False,id_3n8b95x59exw.wav,32d54e694ece4a6c45edbc06005b2434f87d38bf5ced213a49be2c9ec7f1074d,16000,64000
694,1586.5973646454856,197.00852771890519,0.0,0.0,0.0,False,id_lduvyw6ck4ea.wav,d12058e13a05359f08c453cea43ed945d3bea702e15b77af78547fbcb1f745d2,16000,111360
622,5268.775989496991,455.43340398645705,0.0,0.0,0.0,False,id_02gnxhol6cek.wav,14ac3febf4cd27aeead554b4b2555fb8a85abf68500b564ed315b000d090b0a4,16000,99840
358,2921.4069465755706,4.54257615312922,0.7905027932960894,1.48,1.35,False,id_1fl8vl27b0ri.wav,ed06896d69ad6c5f25830856dc628e6e9846648fe08e4626c783627fba0cea75,16000,57600
454,1820.8993396121598,16.655626951696092,0.6145374449339207,0.4,0.49,False,id_yogqeztnbkld.wav,f9850c2171be92bf3421f464cbe6f1f4fcde107318699f881864bf70359163f9,16000,72960
318,1287.6628955204076,194.46066672669028,0.02830188679245283,0.09,0.0,False,id_r3lvet993su7.wav,b37b382b2769ce318dec0810b4b7f5b5ff49286f4572de45aff360d3b2a2d3a2,16000,51200
526,3584.11642284399,10.973958503016538,0.876425855513308,2.62,1.3800000000000001,False,id_fcm4kllovl4p.wav,5db59d5ba15e9794c48b7e7b7976ae4d35ac9a687f9ad510a82b63e01a4fbaa1,16000,84480
334,3260.560077655371,26.01053223420399,0.655688622754491,0.32,0.61,False,id_8jyadbv3c4jd.wav,1a5cee482deb7d1d59d7e60839c9a57d80b2ff48697499f3f59715b2e72445d2,16000,53760
497,5432.9159737198215,155.89995189223117,0.0,0.0,0.0,False,id_hme25doaw4n4.wav,01d28a6f59f5c9f05b5c672ae19fbc6c2090d89bbdaa7cffb99efd1b2276a7c0,16000,79872
459,7940.3404577511665,107.55436997165666,0.11546840958605664,0.0,0.0,False,id_u5js6ytxfv3q.wav,a610aa9ca31c1b6a4e55fcfd3cf6effbf71421cec0779cdf56fe34698ae6c9f9,16000,73728
286,2328.048950301518,48.596160674462595,0.04195804195804196,0.1,0.0,False,id_awb9zz35exud.wav,e48bb65420f08ae41a9777566948d161a9082fa7e9c6e63bc728e74d7d326792,16000,46080
369,5631.194594178041,35.62067517608278,0.6314363143631436,0.09,0.45,False,id_nukkm5jjsxxy.wav,823c729c00ae32c8cc23eee516bee5a002905be8164ea73e47826aea67c5e1e6,16000,59392
472,7869.955368837869,30.385450985351902,0.777542372881356,0.03,0.41000000000000003,False,id_sbc61ne4a7ys.wav,e7153a9a9281534efa91864678a668e4a2da7458e5036a57874f1b9f84f667e0,16000,75776
454,8424.085148697157,152.72922314727813,0.20704845814977973,0.0,0.0,False,id_3l6pjwqwtsdm.wav,ecee733bec993ce12abb6363fcf56f826f4ef084ff275a4abcf97f9b35ed76f5,16000,72960
702,3688.9993504336644,21.1181105922888,0.7250712250712251,2.62,0.59,False,id_2aoxj1d8wvqw.wav,ce18a459adccb4117c0d8fc12361bc33f9f835bb6b4d2eabede869c7422a1203,16000,112640
478,11615.15239837601,89.31339417697387,0.5920502092050209,0.6,0.26,False,id_9nhsialypfu5.wav,2d9ec149a3537acf0d0f51c2961fe1d18f23cf9ae36420e636c5fbdb0dc7f197,16000,76800
358,9182.253003484493,10.112978955408106,0.8770949720670391,1.6,1.54,False,id_lie6717iixch.wav,768d54260fcb18473375b788161f7097857b00aa98490dce177367c9ab65c583,16000,57600
342,7644.087670709959,168.80432815374348,0.07894736842105263,0.02,0.0,False,id_mtshmkv0dhps.wav,9bc234cab19498dc363b1bd7e14b14f8d3afa42de1085abc0f175f6bc0d6ab45,16000,55040
550,6831.7295615751655,25.34590595860393,0.8709090909090909,1.28,1.03,False,id_8lyes384sk5h.wav,fb364ee0ecb6d4d6b3e5e78637dea73bf2602d8bced8e43175f7661d88db99ed,16000,88320
326,4186.532453594502,28.327923302018167,0.6441717791411042,0.41000000000000003,1.17,False,id_aqkrqidp0fa8.wav,1a3beacb1583e56fb9b2a4c9d894f85be666645973a8fdfd554d67994a5b5977,16000,52480
614,3220.335719688244,195.4115477465495,0.06351791530944625,0.07,0.0,False,id_z4a8jm21uhmt.wav,63fe8091957a38d8ab7acc9b91b4348cf2a6ba37faef968cf5aadc10c603b1db,16000,98560
430,10206.480142047012,21.927379505112558,0.672093023255814,1.78,0.0,False,id_ju507ixw2fk1.wav,23cd8bfe54173a8a51e4af07498631cc9bcbb962ab381fe7f3e0b80dfcc45066,16000,69120
459,4841.7163119084125,18.31072090333966,0.7429193899782135,0.43,0.0,False,id_jo8wl47wss2k.wav,2142004720ad0683a02a7354293c7c83230a4537c03b64c1eac02209c6146150,16000,73728
366,7169.173328215744,50.55851207825738,0.7431693989071039,0.5700000000000001,0.26,False,id_lndygg9eh83h.wav,bee6334aa4a4a58ca3ac25b573de8b1ee0b766d8f38f0e6cd66ad91ce48c8b64,16000,58880
478,6767.260743831288,59.339473778835256,0.5355648535564853,0.12,0.09,False,id_1oaqtr0qfagr.wav,79f785dad29e6087c9040adb9ea38c929fed36f432013f45f3abb650debc8dde,16000,76800
566,18047.75442568964,45.50741977725637,0.7862190812720848,1.25,0.14,False,id_kx88wgu6tode.wav,1afa1ba0a691d99a48fcafb12283bcad3730e896bb198fdb7213b68fc2b14912,16000,90880
542,4805.046959187808,26.51534621632719,0.6494464944649446,0.0,0.0,False,id_usxah42fmi35.wav,4e8248906171ad7d8b5cec47340fd71e5607a63d5c567395e094e0cc9285f03a,16000,87040
438,2527.938063422441,25.803122477794055,0.4840182648401826,0.0,0.0,False,id_qrk3zkhbygxi.wav,ea2ffd905181a838480ee27e1db072ec5a0a85737453d9712437943a88caf946,16000,70400
550,3149.936188242549,52.89988096249955,0.28545454545454546,0.13,0.1,False,id_54d0c5chzq2v.wav,f0548d11dd2eb1310ba0fec0d5c5ddc09f9e3fc570dd49b59c1ae46dea2cbaf2,16000,88320
334,2044.0657456402912,517.6705253174127,0.0029940119760479044,0.0,0.0,False,id_dym9btiw9dfw.wav,e705b9599095dc732e468d2aea601b679602cadb77fb43fa83e035efa66cdd4a,16000,53760
358,6321.649286380889,8.374439664910621,0.8519553072625698,1.79,1.26,False,id_3gopniagk4ms.wav,e5d3cb6e677c4ebd977c6de56e3f8f5876a40ab4ad7dc56d1481e8ecf5c1835f,16000,57600
438,2869.2227684514146,20.773655586007056,0.8515981735159818,1.35,1.08,False,id_icma48soboev.wav,196e356ecb11604e6c1ada2ef44326910e9a01204d41cadeaaa95f2818cc359b,16000,70400
430,7244.646941017899,1.9127858984307133,0.8930232558139535,1.53,2.3000000000000003,False,id_6cx0xnon41r7.wav,1e1bcdd7a5b499ece7d7e972e166b0129f7f6d6fd4dff5b3a39304ffb47c9e66,16000,69120
366,7918.234931157322,20.243868812367833,0.8360655737704918,1.27,1.6600000000000001,False,id_uumlkzckx9q0.wav,564a576d6e7eebf021d420d15d039809033c31ce14799dedb48a0910ea6b1c32,16000,58880
630,9381.726696882615,234.89350492709548,0.049206349206349205,0.01,0.0,False,id_blovoxmwftrc.wav,33ff044228b73f5361329466113c1008ed8effda56973ccff1daa2b555b67b60,16000,101120
614,4866.773723166098,10.525385856562984,0.8925081433224755,3.09,2.39,False,id_tdo0t77xsntv.wav,7ab50647369cbb21291a028b3a4a58ddb1678af24c47f17f23fd64c583cf65dd,16000,98560
459,2089.5069657696768,46.77018280913599,0.29411764705882354,0.25,0.0,False,id_y9ew39kchshr.wav,9636ebc1ec0a09e5f1c9495bcc526c1df9b965c779142f36e9dbd5e0b628ee31,16000,73728
446,3989.528728433974,55.55514101574805,0.3789237668161435,0.0,0.0,False,id_llyxwan6x9ib.wav,1deb67af499b54924d428c9820dd4fb658ed5502e5c6650d9fc6f8adfedbd47e,16000,71680
395,5040.339626701756,15.039863696190867,0.8075949367088607,0.85,1.78,False,id_vwnpqdg7xz7b.wav,494dac2c502c3936e8e8fc3ebca64ca212f6b244efea2fbe12ec63e6865b8b56,16000,63488
454,9419.970100271019,11.422729475906443,0.8480176211453745,1.19,2.07,False,id_c70hyu9apoag.wav,d649cbbeb0edb32cc7bb4476c6c8bd3651756819143393b0b02c655a93dddb11,16000,72960
782,7982.512218907028,130.94646500717323,0.38491048593350385,0.02,0.1,False,id_qp2exgpeewvo.wav,4834accf258aa70ab00638cc5f93aeec2df1e500d8d0718b5a94bcb394c46bf2,16000,125440
422,8926.185059139207,6.349107224291312,0.8436018957345972,1.8800000000000001,1.68,False,id_gznb39fawkdt.wav,54658cf1aa55e0ce5ac81da60d78640544eff239c49b509ca20edaa8851d9abf,16000,67840
779,4449.0375793535395,33.06894313400415,0.5892169448010269,0.3,0.67,False,id_pxqvkfr01tzv.wav,7c0ca1b4fe43219ee224470095ecfbec37d38b127e76e0f194ce00e71acc736c,16000,124928
454,7614.577910330946,26.068178650561656,0.8612334801762115,0.19,0.81,False,id_6082bqc218pp.wav,dbd1a291637a78fcb2b23fc2cef09ad702d9b81fcb9dc7b62b84d5be87096c18,16000,72960
422,2490.1918415053888,14.846826397872722,0.6943127962085308,0.29,0.18,False,id_pbw5m68y94kn.wav,b978083befb9685c0a31ba4a666f15f79291465913b19e0004809abe790aacf1,16000,67840
382,9218.877772267078,255.21459109923552,0.0,0.0,0.0,False,id_vtdtoem9lcbh.wav,09bc25ee3bfdf550e7e0f52ebf97c617440290e26309d92f2b9456ee935252b4,16000,61440
430,5509.041547084211,222.25396035626812,0.04883720930232558,0.08,0.0,False,id_zxdsbyl606e7.wav,b6a1738273dafe2af10d5ac350212d70ab4d030939b68ca7cca51009eeb5fec9,16000,69120
326,1623.8224194781892,114.1363305020708,0.0,0.0,0.0,False,id_1hoz655dyxuo.wav,aa4573b8ba1e048b083d35a6513164b1cb5d6405bbd9d7409b37362a1d61e443,16000,52480
422,9702.973501587026,109.11953793060474,0.35071090047393366,0.55,0.14,False,id_ungzelxpo587.wav,1aa5ee2d6e95d04fa568fc993035b45190c504b294c359ccae16c8993a342470,16000,67840
382,4009.505599821504,34.68587823374403,0.5706806282722513,0.52,0.05,False,id_2yu4yrcgq4mj.wav,716559e066951dec246d67723417bea0ffd5a96a0f4c327baedd97b56cd85a2e,16000,61440
398,2982.868773932236,0.8261355820929153,0.9020100502512562,1.87,1.72,False,id_6arofv0ed8mt.wav,9665582554c993b61c5e0e282e00fd211e2ee7784b309b91a50844c00bc762f5,16000,64000
550,4146.689404512954,15.012409661442,0.8945454545454545,2.49,0.55,False,id_kxbic8yrn4g7.wav,f76cac69d04a2105802289c057371ea341b758cbd249ba3c9a41abf08a0bf3ca,16000,88320
366,9059.027964964012,65.74394640524949,0.592896174863388,0.43,0.03,False,id_e1vmvfrgrcvs.wav,929ff8052620883b342fa9cb8deee1fbd9b8c71bdea3495ade663c86f5f8bdb9,16000,58880
550,6039.124911566244,310.4809458685423,0.007272727272727273,0.04,0.0,False,id_qp8wte1v4if1.wav,5db42a6a32454b9bb597297dba90543e750ee2c4f74868807f5fc3da0e7a2d86,16000,88320
502,2812.383598924585,80.603243906329,0.035856573705179286,0.18,0.0,False,id_xsh3vh9wqre7.wav,f0efaf30571dc73c838cdfdd7319582362fd916c9100795f2d73f5173196c37d,16000,80640
398,3046.7247278840273,132.24882761399232,0.08542713567839195,0.34,0.0,False,id_f3d68zynnpcj.wav,142b6228331e354fd2c57cd7d435042ee3b1cc0f15c4e9c4ac4e6583bdcf0013,16000,64000
420,5243.894147244012,19.529422401999245,0.7523809523809524,1.94,0.26,False,id_2dd7jya7rdx4.wav,230687ecb119342d11e35ba86bf1a174e00e970b34e4d5fd875009317035a5e7,16000,67584
606,7428.146559876158,18.922944905944604,0.8778877887788779,0.12,1.83,False,id_elyf5s47mwml.wav,fff0880e03b1288614d0b6ccbaea11c097a8d0911d1ed0f67daa2e5dec50df26,16000,97280
406,2194.069914565167,5.436401446585157,0.8522167487684729,0.0,1.75,False,id_i0vmezgoe8sp.wav,a26be9075f50aea3c0bec16405ceffa3e250216f6dc5507d2e2a74dba71f7723,16000,65280
334,6424.211628480182,14.275438733379856,0.8293413173652695,1.54,0.02,False,id_p22oyx200wge.wav,8f2d0a8ee6e9982f4c1fb873effa66047fc62b47e281a7316dd2cde8e5f7c718,16000,53760
502,5725.543674839971,19.75152246696919,0.8585657370517928,1.72,0.74,False,id_4v8ap7315sx9.wav,8287231cac768d7be1a1b166b05adad44921daac68f5287ffb2f4fc36d591611,16000,80640
574,6404.320621268113,79.34926683692441,0.39198606271777003,0.0,0.02,False,id_8oif8t8z45yy.wav,f93de1f57d184b3ced0c45060de7f4ef3e7d4444365b8b628f1b9301daf5fbf2,16000,92160
326,5598.022607135487,84.39055789767357,0.36809815950920244,0.14,0.0,False,id_keo1hrr8cv7l.wav,ed2365501cd6aed693d340290a2d60b5f1c0067d89509985f1cd1d5af2a3b5f6,16000,52480
342,3366.08316890715,4.980067235940342,0.8362573099415205,1.48,1.33,False,id_an1s6i3uc5r7.wav,57ca081b397c468820c0f35ca803d7a69b0b979c24887734a8bf148b7d393ef0,16000,55040
395,4150.019749350598,29.680170147760272,0.6734177215189874,0.27,0.14,False,id_ks2c2rgu4o2r.wav,20595039b98612cece66d3fb7be37680d3b2151a795f1b20faf1d89288104cfa,16000,63488
390,16344.326653001035,8.904275506352423,0.8205128205128205,1.59,1.61,False,id_g5oo1drko5rn.wav,f293898e299838a68f3737e2356d0fb4940cb1e8e25014143693a1531609b5bb,16000,62720
358,7198.102691682024,9.307456581228283,0.8212290502793296,1.62,1.32,False,id_y9f2c398543q.wav,c966e6ecc1fb38db2419e1e6d28dc4ddf7d3085987fc19aa7f6a5e96b590e388,16000,57600
414,3277.3342543902963,19.405099498270317,0.6570048309178744,0.42,0.45,False,id_3u4bhmvilf8t.wav,80f9cf43fb3980c4f9c0d9a69f4eb879ec5ddc97509cc3ab89149fac3a6cb9ae,16000,66560
414,1981.1625116330058,11.811699702532536,0.8019323671497585,0.0,1.56,False,id_83cvn96lvva4.wav,022e3d69b5370a2c58078e762d60099d7a8ce95935cbd93f48ec98a113da4aa2,16000,66560
398,2353.0743045003915,18.558537138022096,0.6155778894472361,0.3,0.06,False,id_y2srjhqtou6c.wav,4fa36f9eb2f76f5266ebf0b8c87f25150c34817454d5d589fa4119fa7fe2cfb5,16000,64000
502,12905.237703254443,18.944820138366197,0.6892430278884463,1.8900000000000001,0.0,False,id_jdew6x7qyanc.wav,6672ddf43acfcb4746f9f4f0a78ceb621cfac94aeccb49005b18348dc6846927,16000,80640
420,3855.1793554256333,25.604637440764385,0.7952380952380952,0.22,1.6,False,id_d1g495f1j6ea.wav,4addf71f4f874ccc8599120a0c03e440a4d3c9fd05182d42055104d5aafa43f2,16000,67584
422,5951.94114701246,18.65113755365298,0.7582938388625592,1.05,1.6,False,id_s110qvr3smzm.wav,3dad56870c5b9bd6a42379ac0b8ecb25b9d966082280ee30844e16a5d6897904,16000,67840
302,1012.6652420716334,69.15134441631542,0.023178807947019868,0.07,0.0,False,id_zho37lfbspm4.wav,5760934067064c1f5c18b45bf5a0a0abeb1e77f8b9b93515d86a26649faee49d,16000,48640
382,3249.7922760539636,20.423294292011814,0.6963350785340314,0.66,0.17,False,id_bsjwdptexybm.wav,43dca40ef16b1ff8f3a6c7a044ec69a9bb213c7b5ab8da63d719889d142f4696,16000,61440
395,2800.9164611783767,19.23343443069906,0.7088607594936709,0.0,0.0,False,id_wi18m323924n.wav,23e7d12db9a478aa62572237bf94dd86528c35bd8921f8d68151b92986371ab2,16000,63488
670,8437.681601304947,49.42664027579542,0.8223880597014925,0.23,3.67,False,id_ckdx4qyac694.wav,fedbbd9d47e6b55f512c6c418d32f0ffc348eb21923ddbd55d12581e91e0585c,16000,107520
414,2466.318606749744,13.34272148806403,0.7053140096618358,1.48,0.0,False,id_a13dy9i8zncc.wav,1001d062fb7ec12e613fe056b0ecae0455d477f4d6fae0ca4d144e7c15b13c1c,16000,66560
358,6283.5249458405115,145.65847818062767,0.18156424581005587,0.0,0.0,False,id_3p4b7mcsyovz.wav,2127d693223dd2eca41a1ba464cbe0fc1fde6555fde7b4c88fa578b758512fb1,16000,57600
414,3544.5916587810225,324.65553102341914,0.021739130434782608,0.09,0.0,False,id_33zb7jvlr24c.wav,437f730ecf572e6592b484a4729e2a7323b475421892619bcfd8161f2ca06240,16000,66560
484,5746.988010253719,85.40094108896018,0.32644628099173556,0.29,0.28,False,id_113b1nm7lrc4.wav,1f81fec4d803f67be3b10fefc667ef6316eebb43b0bac01f87d0e340b8c2153d,16000,77824
662,5606.924313739218,42.87121656953781,0.6299093655589124,0.25,2.2800000000000002,False,id_74nh35tf8ahp.wav,18cd7dd30de1d9e610588c5889a9e1d7aae35a03a9dd1f27a0324279ed249cc1,16000,106240
494,11632.992447990327,18.146073837866926,0.7874493927125507,0.0,0.04,False,id_x0dhreogq9s8.wav,e2d6e95d593c5a908a47c676db5b23c8d7e0fb7577d53e99b04b643d5b7a2afb,16000,79360
654,3971.69107969137,37.08886887869779,0.5474006116207951,0.0,1.11,False,id_ug9366c9nnov.wav,da20171da83599c00c8a7acb66a935487bc356f3606538ac8e290d35d67ce65e,16000,104960
478,3766.4113410513196,37.079221952395365,0.5251046025104602,0.06,0.02,False,id_7oywkfu3rls4.wav,13923a5c7618227a920d85c7d663e8eab8b76f3c73e791d72f7bc7bce927a0c9,16000,76800
726,7010.451004393369,101.48425255446273,0.38016528925619836,0.14,0.08,False,id_p5mczc3rv2wk.wav,826d8ca49d1b3ac35178d2641460022b6e5639bc594cdac19d7a29c07977046c,16000,116480
406,1180.9016481062256,16.873055357484148,0.0665024630541872,0.04,0.0,False,id_1bxrd1cmac6f.wav,385da5d783183ee226f8450ff867b5cba06119fa76841e2f661f87e1060bc2fa,16000,65280
422,8510.704123631605,73.09093603414965,0.5758293838862559,0.35000000000000003,0.0,False,id_gn1ngkljof8s.wav,721a59d0f6ad53939df20736f0d37a6276c886410827e9128e753981f7f99ad1,16000,67840
678,3864.127734366451,17.973137100024474,0.7787610619469026,0.09,4.04,False,id_63zhe51wypf9.wav,4c32e5c75196b2883063b588e0faf01a8d029a143a70b9036fca977218382d75,16000,108800
318,7878.115286983302,197.54924922954118,0.059748427672955975,0.01,0.0,False,id_g3ur6kbf4u3o.wav,d26a9843de6be27dbaa607ab34e5e611c4b639ec12583b404c2128e648e7c388,16000,51200
406,4095.3981311345055,203.97416007855796,0.0049261083743842365,0.02,0.0,False,id_tqsjx3c518rc.wav,b36df34d199a1ffa6630619e96d08244cb4951e4534f49041f8ed976918c3c59,16000,65280
774,5707.424603531789,32.31976837541245,0.8178294573643411,1.27,1.51,False,id_qg33rgusly8w.wav,356b4183769c6dcc986a5e81871d6e8db3f0460140794b5fe4e24bce7da70768,16000,124160
478,3406.191584820208,125.11502362576562,0.21548117154811716,0.0,0.0,False,id_dorl5v6bse1l.wav,ab4109734186c122ac29584f44265ba0a0072be3e3115524b8c05166b20714fc,16000,76800
286,1252.7954032881826,190.44016869838921,0.027972027972027972,0.08,0.0,False,id_d0w5pb0vs9xo.wav,23b52fcea90c94cbdaf2fa66f0f84a53d2f5a0f98e6d41e9c4f7615856e61da4,16000,46080
366,2373.386013167685,0.7905694150420949,0.8907103825136612,1.59,1.67,False,id_8kwro8rp6slb.wav,48e8a404a934775902dde579acada6a6195f1fe5154d0f269dd5e72d27bb08bf,16000,58880
374,1660.9848140485813,147.13702796310275,0.053475935828877004,0.18,0.0,False,id_4l2tt96kaaht.wav,59944fc42cf51ae116e881c0e4c8cff5332a8da6b8fdc6796597c8b89dc6889d,16000,60160
446,3445.0661325292435,6.712935016036611,0.8654708520179372,1.8800000000000001,1.83,False,id_kd6i4g770kdy.wav,4a99e5b1f6f6ee3b34f1777579b57ef1addd78c01dfeb12f89dfa964ec5c465a,16000,71680
438,6531.203260694005,68.23628852316867,0.4863013698630137,0.13,0.0,False,id_vk5godl30rzc.wav,3e6a111323a8eedc9cb6043d72ad0d5e292b105bad0646a41a2d04a093019d38,16000,70400
395,3865.510192717127,26.239616994155995,0.5746835443037974,0.11,0.0,False,id_n044urnv2zuh.wav,8ab97d9fb35225b203945f54435e5663964cfbc52591d4247ed499ec9631aecd,16000,63488
395,1635.1503554719363,9.028427327059791,0.7316455696202532,0.28,0.06,False,id_cpue1ijxno8g.wav,a3b5c6a0c3cf32baf3342b3bc4a597476c40e2ba517f044971a00ec9c15aabfd,16000,63488
582,3264.9188102462826,117.65125769632073,0.04639175257731959,0.06,0.0,False,id_deshokjwh4v0.wav,b43840fb515b92c04905acbadfa81dc1ea31af3b7f7a23e354449873d10ddb8c,16000,93440
414,2328.3205680275214,18.12653395342204,0.5869565217391305,0.0,1.1400000000000001,False,id_itkdpo9yhp1t.wav,babce8a54aef2c599f3dd0c14214f885156e3a7fe6560426e7d41926cbe07319,16000,66560
430,3301.984461653325,12.981812085735726,0.8813953488372093,2.06,1.73,False,id_nxaluujop0qk.wav,8c2507b05089b401577ef370ca2e85fa24e9f6294887adc32f2b4a6894ecc315,16000,69120
766,8230.75701697602,76.00927199377497,0.5600522193211488,0.01,0.0,False,id_dls4ym4mjgu7.wav,8480ba338ada6a27a4150463315f1ba2b7485b7bd702eb276d8ef74c28cc60f7,16000,122880
478,5541.87981148996,462.32216291569523,0.016736401673640166,0.08,0.0,False,id_oiqvisx2vorl.wav,dd98a239e04d40714a0527506c056904e85b0da8ce0e20713f2011e111ca2284,16000,76800
414,8012.0980841474975,56.600642606693754,0.6280193236714976,1.18,0.28,False,id_dqmq2w2ngry0.wav,93547305fefb13786848317d9921f68e81b702be9633b301819100c475a7f44a,16000,66560
462,11120.407941932706,51.066953352412554,0.8528138528138528,1.46,0.16,False,id_1a7ortjxaqj4.wav,04bc9d6e5df588bbdc6fac5914e94daa35899ab8d1c0a8fda41b138d62b77606,16000,74240
534,2188.42045777314,99.46908143240566,0.028089887640449437,0.0,0.0,False,id_amtbp2zrdt2v.wav,1865996fdd582e1fa846cd2e128087807de3f93c7ae9adcc76f687e724a15687,16000,85760
590,3915.651152745862,37.86731192856358,0.5271186440677966,0.3,0.0,False,id_7vspd6lf1hdt.wav,e9252b59f79f2aae83251bab6b3d9ee0c37dcd2dc52a47e4501245fabbc0d169,16000,94720
558,7599.944691410589,176.78303088383936,0.25448028673835127,0.29,0.0,False,id_k14al3oi3dsl.wav,a1bc0d789e13312eb17846bc3e45e74dff9d4fd32bd403ea52e2f89ecd6d2198,16000,89600
606,1727.9791549668648,12.143349099335083,0.6716171617161716,0.73,0.52,False,id_xv0v9zzodpfn.wav,71b3148aba11f8f9e941a1766a0d25c019032897cd14949c1095dca60bc2c5e2,16000,97280
326,10435.222602680788,76.73192709668874,0.6196319018404908,0.05,0.27,False,id_r9lf1obkwslh.wav,6435c3147bfbc59564213e8a2a06a8f6f67f7a3a75ab9f370a69b7ececedc6f6,16000,52480
358,5082.7570756431005,1.5333759680375592,0.8435754189944135,1.59,0.25,False,id_809618hcnonu.wav,f34f184d53f8014b00f7bd418ef14b5dc09e972575862a0045c727a6fe9db0ff,16000,57600
374,2638.9209442497513,47.88203344357315,0.1925133689839572,0.4,0.0,False,id_w5ffja120wyb.wav,91abbaf0ba7e1caa864f5e72ff64e2a8d273e1c01340e89b5a73d94c02d066d2,16000,60160
6206,313.22645162884953,10.606130302146486,0.0,0.0,0.0,False,id_zlfye2qpp812.wav,8ac3b07765fd33a449212462843dcd9e11a504041352589474f38d57e81a83a6,16000,993280
686,7457.612998808667,114.70520622261489,0.2857142857142857,0.05,0.03,False,id_33dxgna8ce62.wav,e9d2de6306f149ad8e661c486c559a63bb22c3fe8c0551d2289f9503b6f96ded,16000,110080
638,4137.647269282388,44.33375978676921,0.47648902821316613,0.22,0.0,False,id_1li2ku75j94g.wav,9169312f2c7f3a070a0e08a743f76bee37cca91f140258e8ced0c6b5720966e1,16000,102400
454,7190.295237679743,52.72896472203597,0.73568281938326,0.51,0.09,False,id_n9jhnmikkyts.wav,c6ef19512ccbabb68f4e0a5329bc872310c0353fe2951d43106a6c3057573c9c,16000,72960
486,9605.609659074222,306.7670743512831,0.102880658436214,0.0,0.0,False,id_vzq0eb74bq4y.wav,99d746cd4f5da673d8ab91b56f0c5d66733c6b4cfe25315e0a1ff9b623a654a4,16000,78080
382,7603.657018501031,24.424269026520562,0.8010471204188482,0.36,0.02,False,id_w5ikop6cxmj6.wav,d91559770e9c28662218917c067a13eb0f08a4ccc557e806abc979f1212ef470,16000,61440
395,4871.556316004157,16.866090240479565,0.8050632911392405,0.07,0.3,False,id_f8ipidfmi08p.wav,93339e0785f690d7401cb8d7ba94d610406786cf89819eadb4b54d56546d7aa2,16000,63488
422,9772.900653465173,23.74557695264047,0.8056872037914692,1.52,1.58,False,id_obvyrc9fhll9.wav,341f193a9a918d8b271b933bf324560df8ed135d8e7c181f28a718a16215dc67,16000,67840
390,872.739987052272,11.739297421109331,0.30512820512820515,0.02,0.0,False,id_gcmpl6zpq0wx.wav,fb577335fdc027e97bb62d516c0ce83c30006b9e9b4d3b07f62202a3a7f8a702,16000,62720
398,7751.931955325717,45.90724576381821,0.7185929648241206,0.02,1.34,False,id_yiajg3i83ef8.wav,3639e4eb538686ebdf3ba62ab84f5c98e36787b9fe618f8728ec62eef80221c4,16000,64000
478,3310.0972580122175,10.726172077581733,0.8556485355648535,1.77,0.53,False,id_uxz0zjj69hy5.wav,55ecd577cf15b887deae3c14853be61594eefc2385f754bc2b7ad32cb9d7069a,16000,76800
374,5092.21790406695,20.219976662823868,0.6737967914438503,0.02,1.06,False,id_on6o0lutuoea.wav,1a6dd9c39a9432775389aa4853c162761f8a9bd56af86683c591d05e1943878f,16000,60160
278,1116.4879276105048,88.21025934904048,0.03597122302158273,0.0,0.0,False,id_n1fcerruuwhq.wav,70658b6cee8ff82eecd56f97ca31c0a9647a87e2c2eda0b4bdf5b2cefe6d95f7,16000,44800
518,5809.060462544697,57.885452184299936,0.5057915057915058,0.2,0.0,False,id_zqvhrxeqf9rn.wav,a334ea7711191d98f24132929dc8aa60507a93c5014de30742e16dfbb0732b7a,16000,83200
526,2496.3455550063577,31.515854309196225,0.3193916349809886,0.13,0.02,False,id_2h0h7uny06df.wav,c5b8472bb05920e76ea70f5e95b1ab954a6d7567dec611a82654b11292d39609,16000,84480
2638,12159.802577139153,146.22943317236246,0.31880212282031845,0.0,0.01,False,id_xlh4nadhrwa1.wav,f4efd13b05cd6c327e56ca1543e1155bcf18c7b25baea2f3f8e830fb67c98dfc,16000,422400
294,4855.992548130609,499.16612007385766,0.006802721088435374,0.02,0.0,False,id_qlqkj5dhp9eq.wav,f8135ab7548976bd6bab67bfde57fc981c32f26f1b53d7491c74809d0353abfe,16000,47360
438,9655.450121434007,219.02824480982915,0.0228310502283105,0.1,0.0,False,id_0drn03ed7y9u.wav,9d26c77f1a4d06e57a6a9229c5acd64c4529db3048b202b744ec193a2ec758d3,16000,70400
390,9955.575824004356,150.33725333327845,0.13333333333333333,0.13,0.0,False,id_6nw7a125aewx.wav,ab248874616c611dbfa44570dfb567ca91f6d0d97d45e7135fde1974aae25adc,16000,62720
278,1668.481841375566,275.4527825008137,0.025179856115107913,0.07,0.0,False,id_c48r08b67dj0.wav,d203d8ca193929d54d53345c68de37d22378a986d9c70e6fe95bff64910efc6b,16000,44800
390,7269.269582977371,166.38961665202152,0.07435897435897436,0.01,0.02,False,id_nxn37xuppti3.wav,d106f9a4236bc80ccd1cc88f57e8f50094e1144f64434a44b16ebbe1e6439e12,16000,62720
270,7144.049291018365,12.63482291043201,0.7592592592592593,0.0,0.62,False,id_n1nd14u7u848.wav,9723d383f1d9466d2637f85ef8cec2eb8092c87949de2575ae9c39ac222b4c6a,16000,43520
358,1943.1123713002291,34.415783328101185,0.10893854748603352,0.14,0.0,False,id_00hqhzl5653c.wav,4b1e46636846d11adf930b672c11d0b69e8628dea0e9aba48afa156740c0e461,16000,57600
470,9074.730183592237,10.776534335193222,0.8319148936170213,1.55,2.27,False,id_s1rtusftdneh.wav,cd867324990deb7ca0888c2ea76a44a804ed57a6d9a1c9d3871a864660814fbe,16000,75520
398,11833.23916865116,64.9824123798742,0.7964824120603015,0.0,1.81,False,id_30cs2stw0ei6.wav,6d2431e414beecc40d13952a37fa1a567cb186633f4a31af81b4f2ff3c3e9a80,16000,64000
414,2082.755295876114,9.275976996131824,0.8188405797101449,0.0,0.29,False,id_6uh0lbu4im4c.wav,ce268331c24d67660579c500da4a41546be8d75a8a9a30f7d660a0ba174d68d0,16000,66560
422,3187.2099593531643,65.73033532086194,0.054502369668246446,0.23,0.0,False,id_tesbm3el5o11.wav,1ae8f84f037efc0a5ad06c985ab37266ef62aa4efd46dc33bf064ced24673c17,16000,67840
430,7384.060950960521,91.45760003201569,0.27674418604651163,0.01,0.19,False,id_v4t4tamrpx8u.wav,d1927c1a06a136e05fe1fa3a01a67cecd7d88c6aee0165b607152650bc80f125,16000,69120
486,2689.36456853659,103.31364252562905,0.051440329218107,0.0,0.0,False,id_ecpb17kbtpar.wav,d15c48310f3a5fd24a915b00334e9d6011b20af38e78f81f7f3add62a553a9ea,16000,78080
366,1243.606742503433,4.3091078767024795,0.7923497267759563,1.5,1.09,False,id_m7p6eekewgfi.wav,8622e617c87f79577e18b0aa2429896f252978a84b0594c1d4b2b1e4c28c5786,16000,58880
510,15720.786762277517,22.85293927418763,0.7549019607843137,2.23,1.5,False,id_ennsxt4prxmu.wav,64640344fd38c723dd0b02775b6d7909a83c7b7b6e60fa67e5fe4c8bb2e19d59,16000,81920
462,1015.1244049376411,7.993276332074132,0.7554112554112554,0.63,0.16,False,id_9vw7pywnhtgg.wav,f9a79faef75ad03b8c33ffa9e154bda5f8528c7ed3a5fe1ba684192ba4464515,16000,74240
574,3477.1196449072613,10.757299222770342,0.8710801393728222,2.69,1.6300000000000001,False,id_zmyo57zfha6s.wav,538f515226a544f1122cd8adcc663493850b9ed8b199b13f9a1ca1aacd79bfdc,16000,92160
590,5984.952776964911,19.53314358136064,0.8389830508474576,1.8,2.44,False,id_47iplmbhbbx2.wav,15f6196b39500c35cfd29331330d4c2eade8394c6660cc0119c7216a417723bd,16000,94720
334,9704.697242830402,192.49768279303157,0.20958083832335328,0.02,0.08,False,id_9bbz7alxy9wb.wav,19e9fcfd9a5852c6c8f133d2070ace0da4b994b6b82f28d2e157d88290a32966,16000,53760
366,6986.035654074491,10.858635709343535,0.7868852459016393,1.61,1.25,False,id_2beg86f1n08p.wav,71cdb5f09662934536c9a1cc10b1c56a822dadc5adcd36061b8e72c65ead24a3,16000,58880
494,2443.382859889133,157.44157666412565,0.0,0.0,0.0,False,id_2ylectoxtr8n.wav,7d2c01e5d2fbe8d2cf25c6c865232a624ecc86617338716a9415845773ec5719,16000,79360
374,6040.341774684608,26.85118670884527,0.8422459893048129,0.4,1.86,False,id_kh70vqs8jxo5.wav,35795150a3600d0fe6759496d01e9282f8c0e6ecac1d51dd47c2fa1ec7029708,16000,60160
294,1944.7697093743516,425.46234244718903,0.023809523809523808,0.07,0.0,False,id_ogeqaemr3bg3.wav,56dd9a24714cb4a95777c6558ab0c2d08685d3087ca6388f3771c302090c4f07,16000,47360
398,3547.537745042327,8.487268912672102,0.8592964824120602,1.57,1.68,False,id_qu639jrlyovk.wav,c65afce31a89b47d26a82327d2c4c4b1696983d3f416e0a673ea32e28a767f43,16000,64000
326,1727.0230535519786,7.468264509715734,0.7300613496932515,0.77,0.0,False,id_yv0wugfsg1ao.wav,ef3d769234df8a4ab3c8e83432a4e4cf1428cdbafb13e8c3c03f5f1b1dc8aaa6,16000,52480
590,13916.404856499397,91.1461479554334,0.6322033898305085,0.35000000000000003,0.14,False,id_twp8kzflzc9b.wav,4d9f9578d9e4258a53087db8d8c49e6c0dc38577b360befd1d4abd0607454010,16000,94720
558,4611.561391763098,169.3637107825446,0.0035842293906810036,0.02,0.0,False,id_1bsffklq1fqu.wav,8593f466f13efab649bde46ebbaf8b6f12d81422121d78c621e67c8dc83f23e4,16000,89600
518,1416.4376345254316,20.575283301006895,0.24324324324324326,1.26,0.0,False,id_buqzbwerrj7l.wav,28818e08e83fe076a681f1f8cc910a8a2f962f4e75cd447435683df865cade75,16000,83200
342,5097.394046471197,516.7813904565692,0.014619883040935672,0.03,0.0,False,id_2b5hydw7ouoi.wav,8f881470aa0c1ad4778f6a1cb8b3fdf4aa45afefb94e1db12197d944e2c0e614,16000,55040
382,2044.4288034803267,0.7937253933193772,0.8691099476439791,1.62,1.67,False,id_ie95geu63t66.wav,dadec3b096fff227b3fac671629b3571a93c34f97c1837771bb2860a78a5c6cf,16000,61440
494,8280.964402018644,73.96549595909629,0.5708502024291497,0.17,0.0,False,id_qmsgjp9f7uxb.wav,b0648dd017c0864396bdaff5978d602d9b45554205d8fd7b18647a352ac44f40,16000,79360
406,6688.760051384711,50.010987904705786,0.729064039408867,0.17,0.0,False,id_kstrzx615274.wav,168f4f82b69524644f2c3790006041a594f2fec13fdfb4497d2ad72a6b1c8dab,16000,65280
406,6604.45181033218,253.06105446302485,0.06896551724137931,0.28,0.0,False,id_7us8kaz1736o.wav,e3cdd71d5dbccd831914a9891837df13f04d6ac18ea66a1198a3aa88f49111af,16000,65280
486,1971.0191031545078,5.50235075674969,0.7592592592592593,1.21,1.1400000000000001,False,id_syqthfv83eu2.wav,16659c941aa5bed23c4204f988d17947099c858507f9c4d02d11252013ee61f4,16000,78080
350,9991.316271893309,67.34959848754995,0.7771428571428571,0.75,0.4,False,id_7wg9jso6qqrw.wav,b56cb196b5140a0e3a7dfed0569c819bbae620da26d8ff533d4dd91ffb4ef9f6,16000,56320
550,5016.306810044617,31.806235618811215,0.7763636363636364,0.24,0.47000000000000003,False,id_arq496wv7nq7.wav,a54492896d5bded4f20ee8d2b12e61fdf43b68b638e185d97096ff71288b31ac,16000,88320
510,2268.5747502562044,59.881793736321164,0.045098039215686274,0.0,0.0,False,id_7jp0zhso80hw.wav,f392531cfdc103b0516b45362e40432ee0467dd47409d3c30755bd241110d957,16000,81920
408,2923.2848813449573,14.389612031626143,0.8333333333333334,0.0,1.41,False,id_8a7i45e13z5d.wav,9275cad148d0ca800520beac7b013bed41fcb02f5507d00923b9aa939bb303e8,16000,65536
430,6100.3317288898315,102.58343619590849,0.03953488372093023,0.08,0.0,False,id_7pmk1x7f1kvk.wav,b646fc192d39238195ca4b97763a86f853bbfcfa579149c79bd18f2813aff542,16000,69120
358,4356.209205260923,16.61501579688279,0.8324022346368715,0.54,1.05,False,id_3k77zd22abns.wav,12202fecc4045337cd00fd32e565c3f1fa6745891e0c8ff67937d25f75a6266f,16000,57600
406,12018.919002139917,258.12602720066343,0.07142857142857142,0.29,0.0,False,id_sj8179j9i6nw.wav,79b11eb72f581831f599fd8b4dc821dd9970dda2b4e9da3d14dd149dcf719605,16000,65280
382,2861.944781088552,36.34954755690245,0.2198952879581152,0.26,0.0,False,id_yjooce1llkg3.wav,2e9a635c662c74391d47f65e735db17f42edc0c5735814cd3571b6122d60b0ed,16000,61440
356,8204.892062208984,22.065654732872503,0.8314606741573034,1.56,0.98,False,id_9fy4way7pj8c.wav,b49c229c3f2527026dd7a159680a79b56d1d1c6bcc10ac4395a8ee6e054c766f,16000,57344
374,3904.8062151021018,12.005824322555455,0.8181818181818182,0.27,1.49,False,id_tw7ylhb8un5p.wav,bd5167d72c3d3cb7ef05d53906885f75f43c16095656ea5ec8bee790ddcd450a,16000,60160
478,2099.4880423569934,20.686922030382718,0.5188284518828452,1.54,0.07,False,id_ae1z3omv3z2i.wav,498e5387c928d14c47719dece50478b8c8bfb2d6727da14496052d34dcf2aa55,16000,76800
614,8042.41835752779,89.00484278726672,0.4234527687296417,0.36,0.0,False,id_tsgy9tt0gzir.wav,b107959dae82c5bcef29ef2788a9c80474d460623b321d7c831256764055646d,16000,98560
398,2230.815045000369,25.56078046193612,0.4472361809045226,0.04,0.09,False,id_2hbi2ir8bed1.wav,4ffc3b85f17555591ca40025348c940e8b6527aa1b28bb6e86fe2e6412c9ebb2,16000,64000
334,1862.5601567466217,7.565668785625229,0.6646706586826348,0.34,0.3,False,id_obekfv4lwcoy.wav,b5cd70ed8cdc9d0e0e42f682249c227fad5452bfcda8e38343342430c057af0a,16000,53760
326,1108.9134975280986,20.19826039108068,0.15950920245398773,0.16,0.08,False,id_98qzlkoo78am.wav,cb7f4d174e6d8841cb0a753e16ee1c138131b1998677013b0cb61f993683e7ef,16000,52480
694,4034.1804124258,34.96473192232953,0.5951008645533141,0.21,0.25,False,id_3de5isyfv5nd.wav,4ebdf0001149ca0c3afc8782415c5d1cc9f2e0957306d1a2ab9f5a73fd88328b,16000,111360
470,7974.639299679955,54.96675027734777,0.7,0.13,0.09,False,id_5qagomuwe6iy.wav,46cc54a44f2b2bd3af485bc9993de71e06e3672dc98da591fcc8281570546460,16000,75520
310,2120.0823203356986,92.33968979789142,0.06774193548387097,0.21,0.0,False,id_93fd8w8p1nxc.wav,ca47d8f8ee3645a02b19910b86a9286a4410b3e2c31be3fb5a9c0bfdc68569f5,16000,49920
406,3830.9478428973684,30.568323937530344,0.7019704433497537,0.13,0.0,False,id_r4fdw6zey6h5.wav,e65b39e1760098ad056f3f58b21cecaca1ab3e941505b0fd2d3865696939ca6d,16000,65280
486,5352.064279556067,34.03183399382796,0.8333333333333334,1.6600000000000001,0.91,False,id_djdwa9dfjf5c.wav,51989bcf9e077fdfe083c55b135a262b7c6d9586af45e90f55601571cd7d34b7,16000,78080
414,1615.9973197688169,35.045707339143604,0.30917874396135264,0.03,0.0,False,id_aru2jpbjdfd2.wav,621cdea8176a090a0f41cbd01d966c4c7dcaab8b48a12cb7df97693e68cf6cab,16000,66560
318,6088.216609977014,26.803817351512194,0.7610062893081762,1.01,1.4000000000000001,False,id_gwbud7tglcla.wav,30da23f0524018b0400a16ae00707493e90b109257e9c27cc4d8e27a9d270a6b,16000,51200
566,4816.968728619691,19.295264480355144,0.8091872791519434,0.9400000000000001,0.0,False,id_3b08magdq64p.wav,a1aa094119a86024216fea9046d1ca714c84701086c0332e2967b7fd49beec30,16000,90880
510,2021.0486053036923,33.23924520652608,0.16470588235294117,0.15,0.0,False,id_pwexletl4g7y.wav,77184d78ab810f73732b2c7c1eb89320ac2d53e7439c7b2ba42e74bf68efc585,16000,81920
459,6321.392903862249,16.471262853831213,0.7952069716775599,1.93,0.0,False,id_ldnjoueud71n.wav,50f9e95ef0e23a95943bc49657f942f4dbf63b3a7524b890ea0b67f5a575fbc5,16000,73728
398,3428.313345145102,50.982515272494894,0.13316582914572864,0.16,0.0,False,id_7o8r82oylpat.wav,91d203b91e262982308bdb3b4ec6a0ee1ede6b955874632fbc020189cf1c00d4,16000,64000
382,2991.842383883215,17.38992157661203,0.6675392670157068,0.07,0.12,False,id_ypaayqws5kqq.wav,7753e67e39a1dca81e3de09be52295690b161f4dfa8119c4ce56757a230f4feb,16000,61440
612,3658.92355618425,29.90323676993836,0.5310457516339869,0.02,0.93,False,id_1a8vrokrnq9z.wav,78fcd282d7aa12ac7a1efe9682b707681ed2f3f00adf1e46afc04944fd4cbb67,16000,98304
342,3415.4555040287087,34.68969993131387,0.49415204678362573,0.21,0.38,False,id_dcomrvno0sa8.wav,35ff1604cfc05fe19ed4f0e1d07001e56a8ccdc0c76d86cd3a061b9fe49eb8f4,16000,55040
406,2443.1061955019477,17.787623495013,0.687192118226601,0.28,1.58,False,id_rutlmifnna08.wav,93723f9d226d15ac6e9f2d0677f8ccb2669b7e043dd10853015ad70bdcb5f3e3,16000,65280
374,6274.743595359097,12.860852483475346,0.7780748663101604,0.77,0.0,False,id_am3s54mtx10h.wav,2df86964f856bab64fd2c8b2933428ea334b4869e01758c81e1be41ea0ab0f46,16000,60160
374,2584.901620468369,3.2054202249220545,0.7941176470588235,0.0,1.04,False,id_uo7uadcn2fvc.wav,474986139330a1debd177759ac032bfdc34e7f2d8500355da88586889f774126,16000,60160
406,11077.009067546167,6.376513324872654,0.8177339901477833,1.74,1.58,False,id_tl1iphni82w6.wav,419ff2961f639b1fde7f8a575c04e25f720dbc7796f903c43de31770a1fd707f,16000,65280
356,2703.382493285033,9.169582626018602,0.8370786516853933,0.0,1.2,False,id_ji9hhxlfd0ms.wav,9cbd82dcbd469d3e1007c5eceb3c54f28eb7ab60fdd07e449d10324cdf7d2a6d,16000,57344
502,2950.4774533115824,11.850685560826701,0.7808764940239044,0.6,1.07,False,id_ox8iukophywm.wav,a5c5b6122e723a2fb24ec575512db0affc72e692d6e4a3cc2358a5391e572d39,16000,80640
406,4355.319047727732,4.771920358542255,0.8645320197044335,1.52,1.77,False,id_31fq4iy1s0lu.wav,44a8baac68ae684db16d0013ca8448951219e66d14963db4f31fee47d0b49b7c,16000,65280
422,8903.8845373803,31.01432536863721,0.7962085308056872,0.24,1.11,False,id_n0iljyx17d9m.wav,d870788894a3807d41301cd2483bc6a55c2caf95489b4149dede14957d7d2e3c,16000,67840
406,15391.664051524773,26.66770656408338,0.8078817733990148,0.79,1.71,False,id_o8aid9a6gs42.wav,8dd73b4dce7b6a3675749e7e917edd1ee616fbb9eff31cc096f299db8594634e,16000,65280
406,2674.523831451124,29.52498348537962,0.4605911330049261,0.0,0.26,False,id_fpfx70rq0fua.wav,2a58e8ede535f71d89f89b7475780ca9085672acd517806313bbb4a94b241462,16000,65280
478,4663.490258379447,7.8981786950834625,0.8682008368200836,1.6500000000000001,1.16,False,id_hc4ufhoqigbe.wav,fb21eff18919f15a79d5b8ac3e2b7695438fb7de81872404c79952634e350752,16000,76800
286,1494.3955282989841,270.1115227953268,0.027972027972027972,0.08,0.0,False,id_6xg9gy9i8036.wav,cd38a96da23213bb9c4a51933da515dfd2eedbabbcaa6a1bf454693b9d27acb0,16000,46080
350,9462.020287840223,87.89712736908922,0.5457142857142857,0.3,0.0,False,id_pfoykf8qs1jc.wav,6747e5259f070c6aeb959a47be6d284c1ed73ea41cf68266a9431a7b59d74abd,16000,56320
430,2601.937940266831,14.779546120200155,0.7976744186046512,0.0,0.84,False,id_h63r8immvqee.wav,70f0a601ac65348eb3e3930d31a673d29227d6c19c36ac270fbd6565a49d1c8f,16000,69120
390,2910.4751957369435,89.10897107376866,0.24358974358974358,0.09,0.0,False,id_7lpdry7n1vtn.wav,3a7332a77b3841ad7bea07c98649a2471cfc92a5dc4109c6adc2581a4379082a,16000,62720
862,7878.099822450843,57.71256765659117,0.6519721577726219,0.04,0.21,False,id_qhlc0l62ld75.wav,7a3881cebc02f1974df0151aacbc326e6569caed711e69f9ba4af7acacfc9a7e,16000,138240
534,1418.1150702605203,4.8773699910293224,0.6835205992509363,1.26,0.17,False,id_1kfdfp4qs9f4.wav,793e6618ef93deb7751e7c18f11251ce2e15db340d13cb842b5a1e803dc7317e,16000,85760
566,17672.205073009423,99.29742563203021,0.6890459363957597,0.53,1.1300000000000001,False,id_t9jt7x4qm8o6.wav,1321a37f5996f4ff38453d0fb58adc6e377fd8938d49e8e28550dac856713b83,16000,90880
614,4687.35811038585,46.20553581072697,0.5195439739413681,0.71,0.0,False,id_xjhuv2qquzni.wav,1a7190e3f55ddbf9401b002dac8b8b5f4183388922a36f2ebac823e442ce5b1a,16000,98560
422,6445.973901979436,8.680434031203925,0.8601895734597157,1.5,1.96,False,id_wu4azm7zz883.wav,d55893fe882dd9680bd839e881b643e0f7c425083b223620cd01a437ce52d6a8,16000,67840
430,2951.9929204691534,20.131846652805187,0.713953488372093,0.09,0.0,False,id_ivnkpymzfw0i.wav,3f0f4ac5ac1ac4741abcc1d3373c60643743b2b5731b2705c89d08bc23f1507b,16000,69120
462,14571.14706517644,114.73721569997522,0.538961038961039,0.1,0.0,False,id_xnpxkrv8hmk1.wav,72d3b608d92ad5078f2ba08e530f0bd02fe3b4ee8ec0961443d8d72e5a9ac4de,16000,74240
406,2748.240385683174,157.18418321576195,0.13793103448275862,0.09,0.0,False,id_eb73xjv2hriy.wav,9e70d524fa12c8c0975639fc8334dd7ced655f1cecd752f67ed4bc6ee9da27c3,16000,65280
438,1929.7943776475254,157.94460866705447,0.0,0.0,0.0,False,id_76btewrp7l5p.wav,8cdb17118d628f81678dfc17b120063bd10723d194501501dbf58e2391d1e23b,16000,70400
614,4616.287273610688,51.51519187914769,0.42996742671009774,0.0,0.0,False,id_xrcgclaw9g8a.wav,fe359744f5fe381b75089df5f87b799fed4f4fe8f2316202983ce66dc4f4439c,16000,98560
430,9879.097402470532,145.03267469917284,0.30930232558139537,0.18,0.0,False,id_p7e7s8evjdzq.wav,571a4b53eed2dd9a16c46a9bb94e6802cdacd524187ca8f6662c565b614dba98,16000,69120
462,8223.248877876675,33.03871346668577,0.8354978354978355,0.18,1.99,False,id_ucrqdczt127i.wav,aeab5a51ba5aabc096f12f90f5944c27c711b5632df3086c0b73d42f5fc6480c,16000,74240
494,8255.1890849029,342.45639589301123,0.0951417004048583,0.17,0.0,False,id_2g1b9imw4uwr.wav,c43a25577524aa8863cd8fac67f78504c6a04c2ada046f0fdbb44d54b7b2717f,16000,79360
390,12180.24019693372,22.865551239532984,0.9025641025641026,1.42,1.92,False,id_6zjkbmw0ia9u.wav,5ac2ac0665f4a21133889b3dd1e013aa052eee0f686b09ff03615fba5bc7ecfb,16000,62720
430,2197.5951082945194,24.473034844265136,0.40930232558139534,0.18,0.08,False,id_1fgmsufxpkdg.wav,8d4c8fb1e88a15e65202b4641c05f9a6bb1c30fd01a652064bdfb7463d058fe5,16000,69120
366,8324.05074963506,13.809633811645556,0.8469945355191257,0.79,0.74,False,id_0uvjq0t8k5r3.wav,8e9169c3ab5a1cdf9fc06adaa30e22e9b1a48bfab4d115e85ae79d487039dec6,16000,58880
438,8267.122248098185,26.461407485144047,0.8493150684931506,1.8,1.92,False,id_pu1lxkz6ie43.wav,95d334e145cf9ef6accb9e5dc74c364c2cd6f28e6b08998e444b6b41376c10a7,16000,70400
523,5970.140233068232,10.290772565750348,0.8508604206500956,1.71,0.36,False,id_ci8wbxcjl7uk.wav,7044eb52eb40a2788a86fc34fa14a7d1fa5837c30c1669cd190ba7da73c953cc,16000,83968
462,6828.51379492639,3.7518305739766884,0.9004329004329005,1.94,2.0300000000000002,False,id_wtquvo9fejk6.wav,238e4f4c4b4347b1847220ed24cfb745b6a3fb5dba8557bb6892a7fec1ca7022,16000,74240
454,2032.0045767664994,68.3361042974015,0.06828193832599119,0.0,0.0,False,id_zsy4euj6cage.wav,68fe7f7ccb38ea9a9d5b9207cd38c0a81bd7f28d90389491821f2aaa37e5a98a,16000,72960
478,4599.899617111226,148.3013439932658,0.016736401673640166,0.07,0.0,False,id_tvg7232jm2no.wav,6c2da9deda5ad58ddece5bbc7632981d56ca1fa340e0189356727ee22a060dff,16000,76800
422,3038.342892926998,13.37464833288254,0.8341232227488151,1.55,1.97,False,id_a89eugiorq3s.wav,bb51ee1502216e0ab485cc708415b425d5c62e34f0e1b643a03cf4dd6d6ea09f,16000,67840
438,2995.3857284997534,13.082763063022949,0.8310502283105022,2.09,0.0,False,id_eaor27mf31c1.wav,13b962beebc29c9c8c8fa652f0b6274f612688644ffe0163d89ec68f9f6c3401,16000,70400
326,8160.263004493177,125.56066138914863,0.23006134969325154,0.03,0.0,False,id_314adm1tgwmv.wav,5d744381b648b8ab05dbd4b795ed6f6a10db287b921ce75e76b645b97df8068a,16000,52480
438,5280.767161123466,15.109269612998785,0.7808219178082192,1.22,0.36,False,id_1hz6e5tmm3k6.wav,468747bac980b0062276cd647c7440de8eacd6b8d5bf12a14aea579822da2732,16000,70400
446,3704.717289146366,11.141418863740064,0.7959641255605381,1.43,0.38,False,id_vv0w6du5o2s4.wav,c90d7bcd3a0c1e4f0a50f96491de348423da3fd76a18e1787414503f892db87d,16000,71680
382,11107.314145530412,25.904520025692822,0.7277486910994765,1.3900000000000001,0.28,False,id_4h4rs31429ji.wav,eccef84c7d18db4f7b6f32b24e0b9bbf6ebe10ec910004a57658c8d2cd700716,16000,61440
526,8406.169846011917,25.73732531379963,0.8250950570342205,1.24,2.2,False,id_busyekledsq4.wav,36f61a8b384385d4d81c19768965164ecee788e6f2f5c625f06f6879f4ba0a52,16000,84480
654,6105.010368746313,21.88422358898775,0.7110091743119266,0.17,0.22,False,id_3bcus7a9626h.wav,7c57e4a707276ab785ef08222ae038cc982c5a294548891a796bf057651e42ff,16000,104960
574,3153.1418557527663,13.461147176447046,0.8101045296167247,0.44,1.68,False,id_yq956kgwu5ha.wav,118eb7e85160657d61786e6a0a9698e2519728e17e8bdb8a0fc25297846ea270,16000,92160
358,9360.916220514955,19.74104144066296,0.8519553072625698,0.09,1.42,False,id_3s4zv1noeplm.wav,5494950d8f61b72ba83bb189d4f0d3f0641e3f0883642be055e79573669f4f3c,16000,57600
526,3394.9830283080946,97.49979681478729,0.04182509505703422,0.19,0.0,False,id_ex9ocja3xj4c.wav,efbcb84897b2578a98dc0ee0d3b157cc719f1c4bd6532d54a1d80b4b9df18f48,16000,84480
406,8085.781647744391,92.8833259015663,0.4630541871921182,0.05,0.0,False,id_52bb55fdl38u.wav,fadccfdd64aa2e6d7d97d9c8c25376945b4a62eeed7c83bbb706ef8eb923c65d,16000,65280
574,16057.472572995415,75.2327471186097,0.7839721254355401,0.01,1.05,False,id_4newl040uzdm.wav,99f8055ec9848266bab874be80abeb4ad79205d8203a44ebc6bea6f5aa72c9ab,16000,92160
350,9103.900148700006,7.890951410463876,0.8114285714285714,1.6,1.24,False,id_0efhgx6golxe.wav,8a3f8925e0aa84f319f1645565a1bf4ecfafba8bd970ea555c2830a443c4efd8,16000,56320
446,8669.573848090804,141.31213248856446,0.033632286995515695,0.0,0.0,False,id_d04ud4dzx8tw.wav,9d512c5261008d96fbe61eab4004cb505a9a12885621952fa2878df13b141498,16000,71680
334,9507.92010707389,127.93200978696643,0.2874251497005988,0.13,0.0,False,id_lfh3kueok74t.wav,e7c3660f9f525edb68053571ca8a2e4a1c425d06523eaf63c8e7e34bc38fb057,16000,53760
374,8013.989399793339,99.65920046376769,0.47058823529411764,0.46,0.0,False,id_yptsj2b0pvt9.wav,4277ff810243f2594a0c73db49c1338dfd52ec9c56b95daf3dcd48ceca8a2d81,16000,60160
542,7998.178931638126,77.71939073892607,0.514760147601476,0.0,0.0,False,id_lobeorpo1d2o.wav,bb5b065ad75f2ca9d79173546b5bcc4bfc867219bf98f8e609f347a9e4f15aee,16000,87040
518,5105.136755758851,13.551149184353456,0.8841698841698842,2.43,2.04,False,id_cl5ogexmcmx2.wav,da1b67fd8434b96bea26db29eba9591dae0bd50c63d45d04b3c2358f1d5f4a06,16000,83200
542,1722.0694890160503,52.363444913041604,0.014760147601476014,0.0,0.0,False,id_lpxte4vh977s.wav,7b361eab7f46631ce8f9fea47aa9be173b3c8b70f97c32aff785adc1c31cdae8,16000,87040
310,2164.597754202845,151.06589381648575,0.04838709677419355,0.15,0.0,False,id_iatzadf2xl3h.wav,d3f920272f800073fef15e5b626222ccb3c133f89d2d891f38d143da9b9c68cc,16000,49920
406,4476.614006981169,146.69212005644903,0.11330049261083744,0.36,0.0,False,id_lv1repukn2id.wav,cd15f99155514b5838f7c64d6440fd844accbe224ef87e2c227fbfafc74c3a2a,16000,65280
286,3828.4491063614782,313.85028588648817,0.0,0.0,0.0,False,id_wctjbg3g8ehv.wav,70a9b34f0a55cf8bfdc35991d63be6ead85638bade0278f3893e3f2eadb7d5e7,16000,46080
406,4107.8936752915115,13.206437747715146,0.854679802955665,1.49,1.71,False,id_o2d2ykoyq88l.wav,6828acb6f990d9bb52bb9e120c9d9c24a28b8624159ffc367be3944d44ac0f7c,16000,65280
382,11219.487327525265,160.18887880817124,0.41361256544502617,0.59,0.0,False,id_z8spxgllon1a.wav,412e6ee56421801e76fc01dee5f50513885cad9da6fcb7d1708257d4fdff7ab8,16000,61440
558,6917.394138510542,35.772403140650795,0.8046594982078853,1.3800000000000001,2.62,False,id_8lifroyelt05.wav,8e6fb204c3b2ecc9cc3a059fc496a8c6620abd1bdd4a7d629d5b8022d287dd02,16000,89600
342,5640.642036151558,4.5889791675051885,0.7456140350877193,1.37,0.0,False,id_7yuo96qvplv9.wav,a819f2942162629e8efb9fa1e1d10ab67dd75b212320a87eca227930861ab03f,16000,55040
350,10435.28353004843,94.04407311561827,0.6228571428571429,0.24,0.0,False,id_jmd85tj1tfdo.wav,7badb842049c90d22dbf4294573c6396ac60fd148c84597040dbfe8908d8e85a,16000,56320
614,3582.1792072005555,13.718754596987377,0.9055374592833876,3.02,2.52,False,id_eqs92upsm27m.wav,21cc4520fde4da4110c8b0ad1b1492fb7d811ab134179f8ee53196beab84eeb9,16000,98560
350,1328.4564567572397,106.22283184657786,0.025714285714285714,0.09,0.0,False,id_nfgdtfnaop6z.wav,cb5b317b70bab0ed286e351551831bffc0445efe8cc29bbf7bc1a4b989084485,16000,56320
318,3907.6117824702083,69.11568090276117,0.07232704402515723,0.18,0.0,False,id_hznjehcuxsqm.wav,f6f3db63518bd112ce1138639b9330bfd4340de156f65702a6d4c0349b486053,16000,51200
350,3931.237311903213,19.90632365168064,0.6685714285714286,0.23,0.08,False,id_ufvabyte3jbh.wav,0b8195cf6e1027b27e7238db566f6d7b74c7f21a08f71035d296c696ca147352,16000,56320
414,2995.7731339338766,42.81569433059799,0.0893719806763285,0.12,0.0,False,id_95ne6kmzq5oc.wav,add4e63df9cc808d364f5ed82bbd5cd8bb35bece843648608763ff6bf8fd0733,16000,66560
462,2427.1071067219095,20.853536549716047,0.6147186147186147,0.0,0.02,False,id_epqgtyozs0rg.wav,6e367ead8f153c5340015b28c68e67524239ec825bfcf5dfb157f757b8d96fe8,16000,74240
398,5453.924865635756,19.83238522145031,0.7713567839195979,0.01,0.04,False,id_je3o5m31have.wav,23515804caf2e73614782094f610bb0e69d04169c9fd4c86ed22940712ea5b9d,16000,64000
342,4086.0517813654783,14.213105756569618,0.8187134502923976,1.51,0.96,False,id_47bea09uwn6e.wav,7ae461f83729bd5c0133cd66b0c4568ddcd0a0c1c7a78a2ee50f5ec268c1dff1,16000,55040
366,2473.0443460439606,232.52141836609067,0.0273224043715847,0.1,0.0,False,id_5diofx211fbs.wav,12b4ba520575f4b1edb74158b8f20c2887b2fa6f754a87db9abf7c3657fe6f5f,16000,58880
358,7185.599268676205,161.83515287683133,0.1340782122905028,0.06,0.0,False,id_gb06ygf9u84i.wav,12a857a478411d6f8179e2d53967ca76bac44500535fe845ab5667b5345bc5e4,16000,57600
318,2682.815562054164,136.64000332464832,0.07547169811320754,0.24,0.0,False,id_zfcfcxzpb39a.wav,0fb3978ad430fe823c91a8ea92eeb9ed9503865d96f7320194c9c2e673b365db,16000,51200
478,5373.03873846076,19.52613380938543,0.7928870292887029,0.34,2.15,False,id_hcjfssfdr83v.wav,79d51cf3d9c9bd36c19867bc60ad34c2b84ae5d7a9e67af0adf80aec60234c96,16000,76800
395,4311.316222744512,17.24209964012504,0.8126582278481013,1.6,1.61,False,id_c0ka8r2msnny.wav,4878fb17eb9ab0d9875018a87d5ff72cd7b0e13fbfb0d0a0deeb9167c6c5b4f2,16000,63488
518,5722.391941531094,132.08792008695383,0.14864864864864866,0.49,0.0,False,id_21t0ejmidxpd.wav,5653eea221841b2d26b01964efefd50ce435e064cf4dfa3afebd7685fc86d18e,16000,83200
374,798.1295164320137,5.337719333474805,0.6684491978609626,0.03,0.33,False,id_71gyc0g9yl6d.wav,877d32aca4f0e266862db2fefd9e207217f1d75c92662de46b1d1e4e358114c9,16000,60160
430,13555.625354534552,222.7049151142133,0.046511627906976744,0.01,0.0,False,id_ncdwjykde21u.wav,a538b06a0121f2c5efaedee3a3f84cf80b2b22ed8eca4f7a96c294e23fc4e75f,16000,69120
478,3194.033167485898,1.0741273953447141,0.899581589958159,2.06,2.24,False,id_wx67mfwgl01s.wav,dd29754ab8fcac4e353f345e342b3a5435f5f4dd5e5c3a8344b8508312c840dc,16000,76800
1112,908.6353105069162,6.2203293103353445,0.9073741007194245,3.9,0.87,False,id_7nfgp5a7fwp3.wav,17094b129b7d4efa9ad9d4d3fbe0b54b2f74a97c1e329c4645180cb14e0d0523,16000,178176
486,892.7920978592945,35.11355592626608,0.00205761316872428,0.01,0.0,False,id_zp6xupyvninu.wav,eb051874b3eb1f4103255e28fcd1dd05bcc80a02a3497cc4cbb7065581f66f91,16000,78080
902,10591.618464380219,334.56288721493485,0.013303769401330377,0.12,0.0,False,id_0w58argnti9a.wav,b1966152ecce30dc5249f924bd4d6e3fb2b36d339d682fa84fc582a7cc5de23e,16000,144640
406,2412.8772078164275,24.159839127419854,0.5,0.09,0.66,False,id_d5r3l2rwmh4k.wav,437daff55f8975527f07da269fe833c12e2729396dc0f022fbc213be8cc8c04b,16000,65280
526,4564.379794670904,168.8677199021552,0.26425855513307983,0.0,0.03,False,id_4rnwar4vznfx.wav,0db064a98a632228d1a989da490675d419c18ef7b6f761ab40138c60ff0bdbeb,16000,84480
502,6089.840605262177,112.53883485859784,0.24701195219123506,0.33,0.0,False,id_xsyirfuip7hn.wav,0a9fddcbd968977e10d66bd0bfa82c5bd8ea44532d1eec436a6d8d33b50215b7,16000,80640
398,1024.7942976519728,23.103509595049793,0.020100502512562814,0.07,0.0,False,id_mt0qfrg47j61.wav,57a0faeddad1b1f4c9af99b2e00ec35ae821f00408a34c03baea0ac71a76b877,16000,64000
358,3628.926297818681,45.231706736355406,0.2206703910614525,0.42,0.0,False,id_hy4bogigkb75.wav,5cbef044ea451e8d0f937c71d753c0193b106da49e3f91fc92392d6793ea906f,16000,57600
406,1960.214955049573,17.374313009945787,0.5566502463054187,1.71,0.04,False,id_i1v3sjf92ewc.wav,eff6c1d365fa87e3fb680969bf11ae7ee37776fe8e45f31e4e75d1764dd0d191,16000,65280
478,5820.971406904521,205.9980562120465,0.016736401673640166,0.06,0.0,False,id_4uribxe3rof4.wav,ea7aa5a8ded560259b55f459b095a5ac71876432e4da3fb2b7b80172a37c91ce,16000,76800
369,3120.4151562732804,20.08818060452464,0.6937669376693767,0.0,0.63,False,id_gt1bu8ij6cpr.wav,1d5dab62f721dbd6d70a90c8466428b1bc04b47b3942d9ece6ba576d82bab939,16000,59392
478,6621.979393844412,21.25208083199672,0.698744769874477,0.03,1.31,False,id_wfmdskugj480.wav,ccf79cfcc48ffbb3b1c2614116fa26cb73e6d997bb72679524c9f17c0483caaa,16000,76800
430,1342.2297456098936,20.76972229265767,0.2534883720930233,0.0,0.0,False,id_dhbq2q0i3ihj.wav,bc693e1df4be8792478d164fcdf4e9fc6ee877d59dada523cc780e51b2633708,16000,69120
534,4126.120365125089,71.44700067498513,0.07303370786516854,0.0,0.0,False,id_3s0lrjmjxcz6.wav,aa2c49c70b22738cee13666e0f6d77eac6b62f0352c8cd1f2dbac03c928c25eb,16000,85760
414,2732.8163430790587,82.3147213611811,0.178743961352657,0.05,0.0,False,id_udywio9i9p0f.wav,c8e23b19c87aa5d15c68776e63a9dd38e0e1e0e01c0e3141a970a27641ae382d,16000,66560
398,5576.775424024174,61.09308177080652,0.4371859296482412,0.43,0.03,False,id_y808coxysvse.wav,5154aa279b8c8c0180748d8129719f68f9a09e9273fdbac085af289ed37e5a2e,16000,64000
558,5855.670380494448,9.620810352024579,0.8673835125448028,0.0,2.58,False,id_wzr55t1o2foz.wav,62425d871aa9edbde1433716bb7954bbe1acfd8186d623de388ba6a3bb37acfb,16000,89600
430,3584.21739540168,40.343834225927885,0.4441860465116279,0.14,0.0,False,id_830ppu4qe9pb.wav,0450d240e216da7908f630d054dddfc545a66121b661790b68c682d2e7e05c6e,16000,69120
310,4026.675376784178,226.16360864514417,0.06774193548387097,0.21,0.0,False,id_gcj0u7afbal2.wav,41aeb547bddc3f4ddd01968318744943ba9a25df8ace933c6538ff201de29bc2,16000,49920
302,3503.0107625441287,21.60170703636877,0.7880794701986755,0.81,1.0,False,id_4b92vxq55fwe.wav,ae60e8d2d82d926de350cc3040c29a8e7adbe363c620a048b924771f7c5b916d,16000,48640
310,1331.284710345612,63.67510240607237,0.08709677419354839,0.27,0.0,False,id_zhi427kmyfjl.wav,287aac6f1685891a7aa39ba51928d2c7832130876fc1b99f682dc114e0978c7a,16000,49920
654,19971.104314671735,41.37609513929195,0.8868501529051988,2.75,3.0300000000000002,False,id_kt0smtnltto1.wav,ea90761ff0d091ce56aa60581c35d9211b11b697e9240431efb958f599e9b3bb,16000,104960
542,2330.2823428717816,16.781273505684354,0.9003690036900369,2.43,0.0,False,id_nkfcrj8g548l.wav,4ff22ce627b22acfc2ba4645742479a5889b6b3024ba262df45dceda087585b8,16000,87040
398,3133.539237826774,22.299802701175842,0.7839195979899497,1.68,0.06,False,id_fcbn4ocnegnw.wav,ef65da10156bb4f2cc733d06ded9d2bb46047be0a0dc5d73358ac0e5494202d9,16000,64000
414,11343.557945040877,35.284256392673335,0.7270531400966184,1.6600000000000001,0.26,False,id_fuxrc1hn1cms.wav,7b952cbef94ce16a532c937b1c9493da8d0f936d9b04bc7cfa1b3ec13aa78b85,16000,66560
390,1649.8332711216608,5.538275863617432,0.8487179487179487,0.18,0.18,False,id_eo2vt8ilokz2.wav,2c66a9efa5b80819d81836c2c62ade957a1a9369d6fb3272388c213689be85ac,16000,62720
390,7667.215291257968,39.00726553608047,0.7025641025641025,0.22,0.19,False,id_nzb6q47aukhy.wav,eb05d7a77ca905fc60f4aa5348497bb2fb7f350b10d9c8fd6b94114b6c9423ce,16000,62720
590,2489.071299701959,26.009629060441085,0.4271186440677966,0.44,0.07,False,id_5gxk79lczo7x.wav,57fd0b71a29185ca8c1cb6a4a26ee03ac5d7bfd10ceab02c23319e6a7b5462f3,16000,94720
502,6946.244103110687,6.83492835197897,0.896414342629482,1.77,2.73,False,id_9h37alvag1li.wav,dbe6691cf8f4cf2c65cb1d497c95d1fad0717167046817455f77f2629f429458,16000,80640
494,3011.584581246225,61.5230845245054,0.15587044534412955,0.03,0.06,False,id_wpp02p120f5f.wav,bb75281f7cbddb95c25643c9acd49e958be166c66ddeeb464102611083c219db,16000,79360
369,2555.8097527985137,33.32911639992876,0.3685636856368564,0.12,0.0,False,id_21vze1ny7etu.wav,4ff1b047d5634fbd1f961383a52381860eced33ecffebe168b539ad6ab18c830,16000,59392
406,1603.100899818848,15.524817110529424,0.5221674876847291,0.02,0.45,False,id_vx1j40rjh5cw.wav,063fcdc18d29ce592b782f958ae17687a53d79b25d6b80229f47206f817f170f,16000,65280
422,5075.163981587196,40.502097026236974,0.6042654028436019,0.32,0.0,False,id_4mozo4mixmgt.wav,2090b659355b43215a001103eba6e4d0ba8161b13ab5b3000e8e11b660a48616,16000,67840
406,6588.363579827695,28.40998897394667,0.8226600985221675,1.67,1.67,False,id_qjom5yjc5lv8.wav,876ba545421b33a74c607ede4eb0634a4729934a19d44b6d902ce5d305ce836a,16000,65280
502,8082.833130468549,69.9222804861102,0.5816733067729084,0.25,0.04,False,id_80inn0wkzb05.wav,347c37d9a532a46775a9c06594d170b59cd19e89333a5571d9a788dd9ba7a70d,16000,80640
438,4962.844684503032,13.664133039697345,0.8584474885844748,1.56,2.04,False,id_xrimnrnvd8wp.wav,0dec95096116462e511dd79ce04c096ab814c1154c5fe9ec8b1347fd24b143b0,16000,70400
366,6757.119201442283,209.90412080335227,0.0,0.0,0.0,False,id_66s905f25psf.wav,dd0fb9179c919e4724c4e2bba3338d488e87539862ab763a6cf577d97de5c05c,16000,58880
486,2293.9227291911993,1.817621780202908,0.8950617283950617,2.11,2.24,False,id_r7ikno16olyy.wav,ce8d37cf5ef19e2e08ddacc544dec3100ff8e96c81e73e93348419957dec7545,16000,78080
462,2435.8912249934315,130.75561989135926,0.14285714285714285,0.66,0.0,False,id_h7d0gfx2wm73.wav,55dd780c998c9644cae93f4ac786932837fe88e6713f9582ad59bad3fab5e817,16000,74240
536,3579.013292794538,10.635424906552739,0.8824626865671642,0.99,2.7800000000000002,False,id_jy8t0gqkbsdr.wav,898ddbf4bd0d811a559d9b5a1a6a20d0d9a361aca989bb134cc519bfa46c44b9,16000,86016
838,19621.718386012984,63.523846568711704,0.8770883054892601,0.96,2.7600000000000002,False,id_r6vvyabasdhf.wav,bd56e1bfd348761bd7d71106eab2a7e22ecd839a0755b666e2cf1f99f6d7795a,16000,134400
446,4421.33360226301,22.478093533601207,0.7600896860986547,0.34,0.5700000000000001,False,id_grz7vwra2oh2.wav,6850c2b8b49522815cb7a9386c8d5a1c2e2d5ec7526dccd94edeefcefb79c175,16000,71680
390,3101.1536438074136,43.78954676134866,0.3717948717948718,0.05,0.0,False,id_mxzyh3l56qs0.wav,802904bbe3de5805e16761e56b798eb2ed7e18720cd3c590aa693313e14c5e87,16000,62720
518,5460.445750577512,10.056745983729748,0.859073359073359,2.06,1.24,False,id_bj6a3ttl4p95.wav,2abc610f5e5e055e9c8add37c318c0bdb8545863a0b7f70a086c71f9371992bc,16000,83200
686,2258.5931146401736,25.430271815607227,0.3469387755102041,0.39,0.0,False,id_dnwj0h38577y.wav,381ac74013591e6efa6c7411584c86c1fc00fbb1cbdbb0bb98615acd5f3aa248,16000,110080
686,3550.043018049218,76.21105996075056,0.0,0.0,0.0,False,id_21l10o79qvdg.wav,a44a3e26adc7b66430da59fbf60e1bb009ce51cd9c5995d699229b6f65857547,16000,110080
478,2265.329167030699,50.64598689980122,0.0,0.0,0.0,False,id_k0y7be0v47lu.wav,2e8fd93794170aefd3079c29397287c3fbdbf5ff84258d181b3931d8091d9a2d,16000,76800
587,4069.428985128012,18.8041883632344,0.838160136286201,2.95,0.05,False,id_mpx19t33vdie.wav,f9725c5d456d8b6d924d0b8396dafaabd858a3cbec1b4b463be4cdc3c728dda4,16000,94208
974,12975.958343124412,127.09980988315974,0.5205338809034907,0.0,0.07,False,id_6h1x1m5ba6jl.wav,9ab8d8b8151517462a2afb7659170899fb5e2434458ffdab0e9525d57c434a37,16000,156160
395,4199.550571192112,34.530602369492485,0.5316455696202531,1.3900000000000001,0.0,False,id_9bz6koh0qbnn.wav,61a4a075eeb19ebf7655b31fb106612b43fba698ea39073d767c7b6318263de8,16000,63488
286,2502.8576342852584,156.86849731070015,0.09090909090909091,0.21,0.0,False,id_zaix54zrc9pz.wav,2996424084c2d80d2fbeb4b1afb1e575a6f8d2bad5f6d053f9c69f33ca93349f,16000,46080
358,3412.7972815565827,43.50350478009622,0.37988826815642457,0.02,0.0,False,id_4ziolasny1wq.wav,22bd569fbe51fc71659128aa1dce52e836683e787e149af4b89c73f384e0b316,16000,57600
420,5908.013292342866,50.444286500476274,0.569047619047619,0.24,0.02,False,id_x62ww6s3iw7y.wav,fbce15f57e7a81a950b706cd0583686fdfd0ee53c6cd91e6fa2223b1c5bc38ec,16000,67584
422,962.1296742123693,14.786649151596775,0.3056872037914692,0.03,0.19,False,id_ufsab9x7ijs1.wav,2d48b52f90efe9b852e54acaeb6c5aba0dd9c02ebc41d23929973451a62e5dca,16000,67840
590,3587.3496156633523,138.8821573926478,0.07966101694915254,0.0,0.0,False,id_xvz93ipnekwa.wav,31ec496eb67a3bef34baf1942fbd4d020b709abb4b33143308a58352aace3d32,16000,94720
422,4507.724047676388,42.25217264266566,0.6137440758293838,0.13,0.05,False,id_ktdrarg1nf58.wav,70aa322ea0e0777a5a1bcf193eefa2a3770be3fdcda312922ccf5c919fe28464,16000,67840
854,4317.534192684523,35.503378894821736,0.6475409836065574,0.28,0.72,False,id_xxafyus12hap.wav,4034c56af274205243c0ae1f4d986c40a6b73b9e4babce9d3a0e9100d3133877,16000,136960
486,4161.968002339759,79.70250428769954,0.03292181069958848,0.15,0.0,False,id_6n5o9fyjrcc0.wav,d26ad5a3499da9425751b48b1a32571a65fc28359c56d29f3d59d5bb4b524b8f,16000,78080
462,3443.899503832828,107.74245721310189,0.12554112554112554,0.14,0.0,False,id_it2qqayqa7ic.wav,6ac2a7f7e3dbd7d2162f8a35e95e2ee0ae4df97d4b420774c0ce804a330c7286,16000,74240
664,11280.420347664354,18.17669072311645,0.9096385542168675,1.9000000000000001,1.12,False,id_mmjvnqhlal0f.wav,4a719f20928142a313de8696f7975de68d9dcc595c7e72f3b4fb933dcf5d1d16,16000,106496
454,5169.459082921539,6.232550722064064,0.8810572687224669,1.27,2.24,False,id_fa4t6dmocv3x.wav,35b339721ed0ce64744d79d790e3f5e29c41683532eaeac753314d39a56f4868,16000,72960
342,5794.520583059482,10.366482988180415,0.8421052631578947,1.7,1.18,False,id_xfdecdyhtewt.wav,6e723afe8af96169d36fadd611d808ef8c1aafb08471b82d1a51746e505a55d4,16000,55040
382,9676.448648910406,14.204312692381329,0.8534031413612565,1.82,1.44,False,id_wxug71xacx49.wav,293658f36584675b88d5d2ff41a6f8299df608f837dd943a547ab4abc18dec3e,16000,61440
342,2522.6920868389784,7.922098300914212,0.7426900584795322,1.3,0.68,False,id_oqy9dhu0sdjd.wav,753c5c17ce19766397eaa003d28cc376d0a4b795b70424f9d56a9acb0b12fcbc,16000,55040
1060,2298.9404129946474,6.414436341733192,0.9443396226415094,2.97,6.9,False,id_4lw49ow7vumq.wav,db3e957aee65bb99001c692ddc08f65ded70cdf0fd50e492dd5396aacd4edb2f,16000,169984
446,2320.4595186083297,33.91839441638144,0.17713004484304934,0.0,0.1,False,id_yuxmgr2iktdd.wav,6df2406de47d9c5453f9f0cf0ef1cd9fc6e8f47ede232fd4246ae9282d161ba1,16000,71680
366,7050.9004423194065,16.893563726922615,0.860655737704918,0.6,1.06,False,id_nu53u7qq2eqq.wav,54b6602fe22ad55e39fc41f6542698bac8f5324732535d4a45cae4030d35c70f,16000,58880
430,12665.545088447634,461.2142406496224,0.01627906976744186,0.05,0.0,False,id_im1q04zeyt3q.wav,6f894a0ef1a8dbe5acce7633db76c14b8dfcea9b37b7f0a53df73767159331fb,16000,69120
310,1518.7108069016958,82.87921327113614,0.025806451612903226,0.08,0.0,False,id_cjut22fbvxig.wav,dd0d47610f17d63c4cbe32922cf9ba81009f12b999743ca18b2fcb5c8b2bb68a,16000,49920
454,800.8756769936267,36.129875924738855,0.006607929515418502,0.03,0.0,False,id_vbda8x3lzr2k.wav,6ff1cc30aa690d128f5fcb420f73e9a489529c99699e459c1c69101b1c2a93d9,16000,72960
814,4641.986958997192,43.06937866111207,0.5675675675675675,0.46,0.17,False,id_uht0pv4wmeq5.wav,2f78e9456317d878e8cb0ebbd02dddd7979b4b7f50ebdaa20e70e4b09cabb737,16000,130560
342,7843.640676369616,87.14253472323719,0.48830409356725146,0.02,0.28,False,id_c5akmij62nz0.wav,ebc3d8e29352cd23bc677e948dfa2dde0edd4a574275cb64ff2ba7547db9f350,16000,55040
414,6344.37466520539,387.61980133949464,0.007246376811594203,0.02,0.0,False,id_u1j2dt03w7ya.wav,5a570e94f7feb1f058085ab626cfdbe93c8e48ccacd15f6d183b68df0b288637,16000,66560
438,4321.739746039782,8.793820965786646,0.7922374429223744,1.99,1.46,False,id_wwrl5i5rre61.wav,fbba1ed536900c68ba6e35ea7ea21594dcb0ac211072a8d030248a606b7faf68,16000,70400
438,8937.775639385898,13.561101016644407,0.8036529680365296,0.78,1.77,False,id_90e66gxmks82.wav,d22b671ab1a9e882e573a2d5fcce66a2f6fb8599b042ec3d5cdd7fcadbbb98e2,16000,70400
438,1745.7992567875608,9.643058124918616,0.7351598173515982,0.23,0.05,False,id_t5ns7s8gocv1.wav,ee73933116a3296550c3ff4c2894d24b553805ac6163fc589219e4748ef580b0,16000,70400
422,4180.715541626816,18.271892827128084,0.8127962085308057,1.6600000000000001,0.68,False,id_ln6f7kkqi1ph.wav,eb0c28181678b4a2ed5cc1ae55e3b315f25a975bfbe91c0f597984be77cf2e6b,16000,67840
366,5806.396311611876,5.417432975737822,0.8333333333333334,0.11,1.51,False,id_3br9ywygak8i.wav,5aaaa79b881d0f67e8d05b6d7ee4d91c3339557210056b5d397bd1dfc91f1dd8,16000,58880
374,10908.075928526534,7.121358380667848,0.8288770053475936,1.53,1.57,False,id_4l6r9gu5n95q.wav,9f689f883f36a9593142615993d2d877d5f4dce33e4b6dae95c2e2d322f36ddf,16000,60160
390,1886.602894092978,0.8440971508067067,0.8794871794871795,1.68,1.73,False,id_911lynxylm7x.wav,0558724dfbffce9ff1775ed0f3e44bac87f6d02a87118e30b9b7cf93332db134,16000,62720
408,4696.536079388723,28.058465243998064,0.7279411764705882,1.3800000000000001,0.0,False,id_kbgspb4u23am.wav,729d2ccd5ab917b8ec12e7a044d710840a1960a3f45fe72eebc8c5f7a6109316,16000,65536
446,1664.250021030494,1.7517847678036111,0.8968609865470852,1.6500000000000001,2.06,False,id_kbykqygrrlc1.wav,f062d8e4ab489fc2d6d47f8b14b807665112c5f2cf0115802ed63fd9a65144a2,16000,71680
366,7680.466362630592,18.106524927935826,0.8169398907103825,1.53,1.43,False,id_otzzy6j70pof.wav,673ff84e04d40269ef336a9c4d3f346f8adc5b045b6ddb44694729804448e024,16000,58880
350,9325.850396210524,230.11539494687995,0.08,0.11,0.0,False,id_psbldvgikbdu.wav,d7401c226b2a859c675007a789334337306f3f7b75e8860af73572df9ae898ad,16000,56320
414,13575.344639087436,282.88038498721556,0.01932367149758454,0.01,0.0,False,id_3kz5c76ij12f.wav,e9de8176e8e84411e880cdceb885dcd246fc31a23fb51057546fd2b5511bc237,16000,66560
502,11085.166125390273,37.63296206914274,0.5697211155378487,1.9100000000000001,0.0,False,id_1vj58svc9f5k.wav,c1ffeca50edb38ef63de4f77f8f684889e68a22b40f515f4b9408a1a2e521737,16000,80640
350,3459.462583986131,10.18535430445774,0.8342857142857143,0.23,1.7,False,id_fyph68glunfr.wav,6bb466302ca9ebbe10e0ad7fcb0f992cd9454a7982db7d7136346cb852d57104,16000,56320
446,4808.589352398476,16.994712114880198,0.8385650224215246,0.58,0.42,False,id_pt66o3770eaa.wav,cb791fb3f30fbfbccf03c6f58130a2a878385fdbb40bf80cbb17231bf21a3d00,16000,71680
600,5684.280055996537,134.5678540694878,0.006666666666666667,0.0,0.0,False,id_11zmo0d4aw2g.wav,0e5ba781313a8fd17483e5f703e439cffe4d356af7c638cf45336e54939ca882,16000,96256
494,6923.399480565888,97.68605707023997,0.1396761133603239,0.17,0.0,False,id_55r05fkcat7s.wav,e7dc29919fce153da33bbcbc1bbafeb397d8a0832d2ede2eb3fd6d994e2ec6b4,16000,79360
446,5771.997732804475,32.810535557674974,0.8587443946188341,1.95,1.8800000000000001,False,id_qnjrd5zv0ijl.wav,89a9fa2f3d344bee55efa5de1588d9eb72324526e59a796dc61fcbf40b1a874c,16000,71680
395,4865.349821698333,19.54731439354266,0.830379746835443,1.54,0.8,False,id_7s76g8y0glcs.wav,f5f307b192b90f8ead3f2d0fa0c350e6d3104e68eeeeacf4b5ccc0eac5900585,16000,63488
350,7759.742814520337,230.9939332147193,0.04,0.01,0.0,False,id_t68f3zo98m7z.wav,9175248b065f8b16ae9d2071573c4b8cc0954dbdb75e0d21addc97914a0974a6,16000,56320
478,9616.902730869228,3.8245864401414735,0.8744769874476988,1.8900000000000001,2.08,False,id_vr2qhdz3trwj.wav,9ee1205d8a2079475fdd643297c24d390b01f18bd6514e2c1a266df69d675cf8,16000,76800
670,4713.532669346846,88.80477879487015,0.007462686567164179,0.01,0.0,False,id_ml8mhgdy000a.wav,17c47876ab04a82762128a8a1539051a12c3c866ef2a86e8cabf725e7c8c4cad,16000,107520
470,2587.639176933291,126.23882354186543,0.006382978723404255,0.03,0.0,False,id_97duco365yv4.wav,d2e98e3da477c61c73750f4e85b36a9036879309e9dd8946cdb97797dbfc1567,16000,75520
438,2369.0881341773675,15.673035520128352,0.7077625570776256,0.0,1.61,False,id_3txe9ba7hdse.wav,03f859bcb6846994414cb6e54f9fa4476aa47db2351acab25d2ed4558b1230f1,16000,70400
438,7707.313573645489,111.55467125590184,0.3059360730593607,0.29,0.0,False,id_yj1mu48v0pe6.wav,9e5f8713ce54a05ffcb9b2de24ab6cb2f7a39e2d2fa075e4ded552d6a1b132e8,16000,70400
766,3971.995033984811,28.678279760821653,0.685378590078329,0.36,0.15,False,id_m4yhk99zpkip.wav,c988e5aaa1933bc98a06d01b8c73f26d75abe822e482e5b27e346bcf3bcd2c13,16000,122880
454,5756.248487513373,25.663672547090982,0.8590308370044053,1.83,1.68,False,id_a55sm8i3xinu.wav,1196b160b6c89284d6f2db55fb3fcccec6734dea654367c493ad28343e977c5b,16000,72960
438,1635.0620156434434,7.327772428956352,0.815068493150685,0.55,1.7,False,id_hwcylsded1zs.wav,d7306af43428f2aca045c40b043fe98b4af03d9cc14b0a54017ea9320ca8aced,16000,70400
534,2498.140350340629,37.790868527612886,0.35580524344569286,0.22,0.0,False,id_yy05g7f5fnhc.wav,d61a520eb5f1da3fee645ccb26d78890a52f233f3ccafe12166eb3efc0ce2cb8,16000,85760
302,3518.9046410069145,286.30905919604527,0.08278145695364239,0.25,0.0,False,id_i73xsvg81glx.wav,9a6c9138501bdfff60f7f3f84d74b11599e156f254fdebd151356103b6b65f47,16000,48640
358,6862.5061007258855,160.2541929604088,0.1005586592178771,0.18,0.0,False,id_awvtf007cadg.wav,074ad8bdbe6f906155c90952a834f406623309579d3e4e5f61d2ad7c832cfe82,16000,57600
318,7026.464614761822,113.3329028456798,0.3742138364779874,0.03,0.0,False,id_nnwkroqumwrc.wav,97bb41c8cae1f3609956527c201ec5585f3c49f37322ecde58c8c8e81c5d3a16,16000,51200
526,10744.660622955944,24.654512608014265,0.8688212927756654,1.43,2.62,False,id_t336k41v6kqx.wav,e2ae59f190b95d8bc782071282977953a9a8df8029b71aa4c8f059be9385e388,16000,84480
702,4175.042528825305,17.07856829046208,0.8817663817663818,3.17,1.33,False,id_l34eftmdblak.wav,efdab4aeebdb91e87eb62b1edb42eeb257253f60893880d7bad07d8080d95ffd,16000,112640
510,11122.523810268962,113.51371739303727,0.492156862745098,0.45,0.0,False,id_fqdz384k2sd3.wav,87eefb4e1ab95b75a635d4ea8e42602dd3b8661b8b7d0a6b7fb406e57c000109,16000,81920
486,5270.343726219382,251.86404595558218,0.00411522633744856,0.02,0.0,False,id_bgbgyftdfuh7.wav,61498c400c253941c7e35cd1a97136ce43ae7864165eacc61f7eb5006c477057,16000,78080
534,6858.336827540625,22.507252586733884,0.8352059925093633,1.95,1.09,False,id_0wny30qmrtxb.wav,6100389175ed980990767d0edd83d4e0b50b6303308db0c805fb9cb9871f837a,16000,85760
358,2009.7746248024926,0.9519714118424525,0.8854748603351955,1.59,1.58,False,id_k68znvqp81u1.wav,037da36c804efae03ab865eb8390e2cf7e11f49675782c97cfdbf4edcf26c2f2,16000,57600
406,9980.402350231177,45.81627661560721,0.7266009852216748,1.4000000000000001,0.0,False,id_rl6c1vmp6wqa.wav,4c160a9caef92ba1495d0d38586058150590d3469da266d5c98302e02e8168ce,16000,65280
958,11952.515559391672,12.853925875024826,0.9133611691022965,0.55,0.16,False,id_4nl29x8w67uo.wav,6bea92d663b485d6a59478c4045279b299ca3dfbc9e9a758768f615f58dc8d99,16000,153600
534,2814.5988008950762,13.101227636312084,0.6479400749063671,1.3900000000000001,1.02,False,id_vrkbukotyb0k.wav,53af4f4c60a0e9ea71029eb576f16e54333e79e40a6030fa90222566f4b9f482,16000,85760
382,15539.627220673603,18.996616553929762,0.8664921465968587,0.09,0.21,False,id_2r0hv1ciwxsf.wav,609aa7c87a4f6eb5f7ad276debc56cd80bcfeebc454d021149003edce9483b1c,16000,61440
454,8808.278399182214,56.62220684994162,0.6916299559471366,0.33,2.23,False,id_147wp83monha.wav,91f9ab2cb365f09e59088dfaf81e2d78308971d5a82b2e17cdedd831c440225e,16000,72960
548,6283.224584160588,16.753096037432215,0.8321167883211679,2.2600000000000002,1.9000000000000001,False,id_nkdzdhkud9tr.wav,341f891958282d7a5a178f304d965743feda2563dd77130c43712a8d7b4ae4a2,16000,88064
358,8026.8555490303925,25.92589442377819,0.8268156424581006,0.2,0.53,False,id_yp4i2tgqlboh.wav,0490f2ddcb7da571ccdb732b5de1835d65cb0b5a9331fc2ced6fe6a208af59e4,16000,57600
686,5268.843718739435,292.6286675443318,0.0,0.0,0.0,False,id_2rsigmjls3mf.wav,9134ce3b6186902a7088b2e31a15a8efadf28b9f60f16d31c7f968e4433ba4e8,16000,110080
398,8016.030567556489,30.439273847108797,0.7562814070351759,0.71,0.79,False,id_cebrzevrcrmw.wav,5ec3de0085de5beb65d0a51752a7c8fa5d5cf94e01b6b2d3c5bbf407198a6b66,16000,64000
390,7725.583672124715,118.98511606857107,0.2948717948717949,0.04,0.0,False,id_84ej9ape6585.wav,99c8ae703bdaaba67821273fef057807ec753cf2cee972fc5ca8e9d9811bd331,16000,62720
390,3619.768779563137,36.38541817221245,0.5,0.3,0.12,False,id_yjb9rb0t14zh.wav,378a9e77ccacf2c4cecc17d998602f1be8174394e79b7202b0ca2675576de8fe,16000,62720
382,2057.40584231697,22.488750496001714,0.45287958115183247,0.01,0.1,False,id_3ge0o9n759gr.wav,96bfe5de46cee85240527d6eec66b76df41535e06ae09ec11b7e1897e2f5b22e,16000,61440
3846,8244.317748910458,282.46609033740566,0.004160166406656267,0.0,0.0,False,id_wjpl612o72y5.wav,0c31a4ef6c9bdd2cd81da9d1ed7fc90a101d981ebeb01aa7bda2a273155ee1f5,16000,615680
510,11344.487068065264,25.65876903022965,0.9019607843137255,1.8800000000000001,2.72,False,id_wco8qwdflw2y.wav,9877840c5ed925dd07840db350251e80ebbb7537ea985165cf4441162bd17c12,16000,81920
422,2513.005094503392,8.987560826402955,0.8436018957345972,0.25,2.21,False,id_valwyz0tev6c.wav,5d3f26c931d26502fc7acedea20d2c4a5154541d5bf5da8a7b2e8c862859e5ec,16000,67840
398,9295.324845991128,35.49825396561422,0.8065326633165829,0.28,1.09,False,id_cepshfarm82r.wav,3b04b86f4ee761c0fe74a394ac774b9f49e72a1ef6ae865ffb46c040386dc8c4,16000,64000
318,12555.647956298391,16.0135401184166,0.8333333333333334,1.3900000000000001,1.26,False,id_ft9cmucoefyl.wav,e4940072415ef712450b8a7d85a158f3eb64f3bd43b9febabe5c5191baf4dc32,16000,51200
366,5232.872992916989,140.37471097687202,0.04371584699453552,0.09,0.0,False,id_yqrg05qt73gq.wav,6032a81b2053fd89178cf13d96f0fd4614fc3c639f933f9e9afa6def53ef55b8,16000,58880
790,1538.5207205299512,78.95517694852418,0.06329113924050633,0.04,0.0,False,id_tjgfktz61l8h.wav,12ac9f1ea6044f43a845e48d27f530fe073f9a4064db762cd9b5a9a0bdb7a7c3,16000,126720
414,8969.330047723743,4.035157941909127,0.855072463768116,1.74,1.8,False,id_3sbzf7fgk62n.wav,c1a19db596d55ff1c4cf3498f07924b797174023bb44fb2bb401c3d8ec204e9a,16000,66560
374,2929.3867549369443,0.8100922199116375,0.8716577540106952,1.54,1.72,False,id_mxfuhffl8tjk.wav,7e43f8717b7b4bde1de7943313156e71514304f817fd41b169dcc449226875cb,16000,60160
342,6300.038115559302,15.640052636497105,0.8304093567251462,0.0,1.4000000000000001,False,id_oe8353w2xjb6.wav,510b0be1c478d6371cb3ab736bb2fc04f1d3fa604e283cf37438f3ea5ddde81c,16000,55040
382,4180.37899687337,15.901161479376615,0.7879581151832461,0.75,0.12,False,id_sc7fyp1thu2x.wav,e25adb18184035716e43b7587b37f6f8e1dff6abb9e8e61f571aa44bb6e43f04,16000,61440
278,1031.6955837358228,131.75367312689045,0.025179856115107913,0.07,0.0,False,id_r9lsj1i4qk7n.wav,226deffc74e99eab3e20beaf55d0a1552754e24d13b3bcfb2e67ae96ebfc3d6a,16000,44800
382,5744.343030321223,266.60182966459246,0.18586387434554974,0.0,0.0,False,id_qruwwpigk99v.wav,06161642b01b2c9558fece2fa67fa18a841088ad3971b1e4184398c67054247d,16000,61440
358,1530.9983254399726,0.8477909273643639,0.9078212290502793,1.57,1.68,False,id_shnlv8xplqhr.wav,0255a09af8c0eccd0ecfd8d03c7bbb758d86bb7ae4899514742d3ce6cff4596d,16000,57600
454,3993.886837718365,55.269624276920226,0.29295154185022027,0.23,0.0,False,id_mg0q6mk6ph61.wav,8cf5336ac227569e2d382aea813d63ea9fe0154e39c781c47a979f4712c3706b,16000,72960
358,4282.681195524598,7.3095816932289654,0.8770949720670391,1.51,1.6300000000000001,False,id_fmtxcqrzkgx9.wav,f3b3c4b5d208690472a776c8a323906f8ecfa16ed354c6b982a10656f40cec55,16000,57600
454,7588.708433257929,122.66909326969895,0.16740088105726872,0.24,0.02,False,id_e1lwnbrrqmzc.wav,ae0844921f20b7b25bda742440916a543e1bdcb7157b24d3c26275047fa0ff2f,16000,72960
374,3757.6478088027357,10.457217605156863,0.7914438502673797,0.1,1.57,False,id_o8gqo553qcr7.wav,2a50dee45d6adfce6bcd63db5af9f94ecca88d833d2193a1a6427be7a8822cea,16000,60160
398,1250.4274928999282,77.85093618625692,0.020100502512562814,0.08,0.0,False,id_hd3s5nzfdcxp.wav,e998b41f612f1f381caeae14d0cb7a5f810cd293c23b2e7a01519ba14f4bf84f,16000,64000
518,1837.899727950358,28.634152521445614,0.17567567567567569,0.26,0.0,False,id_114ti264bsme.wav,87f57954a414882c01898478308b207c5892a6cf2123cc689560edd88816d8a5,16000,83200
606,3833.3278264453197,23.087913587644532,0.6039603960396039,0.24,1.24,False,id_km6w1onj8u1y.wav,34fedfc25a84c4ecde298d20145f430030be1de3d8d1d4027c60d4fccf9ba7cf,16000,97280
382,4301.9642318945425,18.335607600265103,0.774869109947644,0.18,1.1400000000000001,False,id_j1wpyjh99p63.wav,369740727d4f42168baf228779f2b16ec2ce331870f009a763b90909f6731cd7,16000,61440
390,8042.152345454542,0.898608961123159,0.9,1.01,1.92,False,id_36qc0pvoftt5.wav,cfd0c7868cafa0b33ab52942fe97421488edffd4ee749a41638556a6e318c60c,16000,62720
406,7590.954361112968,18.69685956893039,0.8004926108374384,1.96,0.02,False,id_9al9p94omqq1.wav,2c768032d4552b0931ca22c3abd6d8158c96afc440a28834bc4eb69795740285,16000,65280
366,3142.1254689302273,23.466651307282657,0.6939890710382514,0.17,0.37,False,id_q4wpcd1ulq9p.wav,4606b77294c684ad3a95655c6ecd31045b3402a84a601357bfa85bd653282383,16000,58880
574,7044.862855301017,349.8441092664466,0.0,0.0,0.0,False,id_x9oxwwxkb96i.wav,1925c4c9f0968d5896728282189a0dea7b4084a9be03864931f5d0dee298604b,16000,92160
1398,9272.289360238927,66.69753914288803,0.6208869814020028,0.13,0.0,False,id_g6hsdfwl8kga.wav,b28a4542281735b7b8b7533c328d5e7cd4febdedf26e8d16398809651020fd79,16000,224000
342,8278.238920960182,90.31412459007868,0.45614035087719296,0.05,0.22,False,id_7okeviz8z41u.wav,d291cd8403f1abad23ca74ffc40e47182ddbf80ff20be75ad03790e4360507a4,16000,55040
446,3443.03911501162,14.11457215702081,0.8789237668161435,2.23,1.69,False,id_h3bzrmh0w9ws.wav,87906c023a194b58720e6af73d9524df91d5dcef539e16f39b60c6cc7a8aea50,16000,71680
382,3442.8714643448425,28.818766401585357,0.5209424083769634,0.17,0.42,False,id_gkywu3tot95q.wav,f2f80823e98f340b57067f6817e2c1be496d823926dd90a39789d48e6264581f,16000,61440
382,1556.5639675259092,17.96273503664826,0.3769633507853403,0.0,0.17,False,id_xyuak5kp2zw0.wav,508a5fa7e3e517ce3b98a89236747ab1fbd8859d8b81a712761df164dde621c3,16000,61440
446,7796.588594859934,122.99481041494457,0.07847533632286996,0.13,0.0,False,id_9jxwbn315bsj.wav,63a54f3647112609ca83bb3950540bd36a87d4685b77d363221cf86130778518,16000,71680
582,1153.0236402606843,2.9261704876078385,0.8883161512027491,0.0,3.16,False,id_z2wzpoehg6wd.wav,74b649e22e90e3a96e1a3dacc7d39879db405a514c856cb7b9a74ead4ce69444,16000,93440
398,1725.6786520091161,19.69289303654316,0.46733668341708545,0.0,0.0,False,id_c119s0f3per0.wav,3e8c18c546ff9818a6cbeef2e6953dbabc8cf31afd5d476dd9ef5c35659bce52,16000,64000
420,4383.350899996486,54.33028893533853,0.44047619047619047,0.2,0.02,False,id_07ppov73yl2q.wav,5226d646e576209731e0792f41ee712c883a08f9a43a1faa3c8f8242af4dcea4,16000,67584
414,10877.240731913585,237.360250362864,0.07004830917874397,0.29,0.0,False,id_lrm9r4zt8dx5.wav,70dbbfeae30671f6f0bc535e92328de601f0c8cc981e13b22e1cf18cde0c62d7,16000,66560
406,4253.347736195572,5.2301999746482135,0.8596059113300493,1.8900000000000001,0.18,False,id_dgw9k7271xc6.wav,c21b59e7742e063efcbbdd5820ab6a6ff51a8951adaf85e8314978737c2e1708,16000,65280
286,2690.6323322780463,129.2649430258073,0.11538461538461539,0.33,0.0,False,id_c212wiqpm06r.wav,42120f255d6be8d076bae1f57b90cb10c280c2153f58bdbd2ff0988e691ee6e5,16000,46080
430,2319.956164995365,28.583516725307234,0.40930232558139534,0.0,0.0,False,id_di9m2gmyyirj.wav,5fa5c9b780770a5b2a668b1d12b438319136e69594c23f6e3b6075bdc0d8a458,16000,69120
894,5053.508426825862,75.30605757159304,0.3624161073825503,0.0,0.0,False,id_c07vhos3x6bi.wav,ac49d23013381395486bbc0abef969cf712cafd00f11bc17c9cc55b6215c1999,16000,143360
342,7089.039028493213,211.08539144336592,0.06725146198830409,0.07,0.0,False,id_eerks9ydf157.wav,a2183c7c2578466e8c96222ab7897a69302ef45e61f8690b8366d6ddd3e030c4,16000,55040
486,4565.937932396804,118.6227320484988,0.0,0.0,0.0,False,id_tos5mfzs0el5.wav,b3dc3719d92bbd24ea926b1822724e8f410d6bd022ff61d13c2148bb984940bf,16000,78080
582,9598.24937501626,18.30661688528936,0.8865979381443299,1.56,1.18,False,id_9n3k3cvsdv3m.wav,c52acbd42055923d6f7840f015f9ff2a6cdc088add229f42573e5cf8de42c6fe,16000,93440
395,7206.122372850742,75.38267373873123,0.4379746835443038,0.0,0.0,False,id_r6fcvel443af.wav,76757e7d00a5f5e5d0208fbb10d15fda4d8dacdd59f911e44003a9078d970fc6,16000,63488
510,4345.198349903028,18.980812096117475,0.8352941176470589,0.28,1.24,False,id_v18edoedvr25.wav,5ecd17f183c82312644950ddd7f44ade22c7b32dc1564f67c75bd8755fa99645,16000,81920
342,1010.4909908059547,0.7810249675906654,0.8771929824561403,1.46,1.54,False,id_e0zjft3pbce2.wav,7f748a1d0ab9873cc081a0fe31c2b72c0f1722eb3f5cb0b8847a0db5f7ca9785,16000,55040
390,11149.929467714135,28.01479196673767,0.735897435897436,0.19,1.3,False,id_and08mbfx80v.wav,def83030ec48e71adbcbaabd7f1a957aed810cea16969f7c108869e69b802f0a,16000,62720
302,2190.9044935825023,122.70953783245363,0.046357615894039736,0.14,0.0,False,id_mwk9grio9q1i.wav,9ab9edf3947882bffed73e5e0f6240dd0877b32acfb9784f19d48ece9ac8507b,16000,48640
478,5841.674025696743,7.539709147978993,0.8765690376569037,1.83,2.15,False,id_24u2mnvjarao.wav,0f02e26e415113b0e8551aab7e1264f3b28d8a92000e8ea36337b90203209db2,16000,76800
342,4463.6669482612615,25.58878825654164,0.631578947368421,0.05,0.1,False,id_rdhuhqjarmwr.wav,96c9b96e594f686c1994c10ac16dfdff683a1a4777d3ca267901a24407abfa0c,16000,55040
326,2463.82243678395,29.488530438298195,0.4785276073619632,0.18,0.73,False,id_5f97oz7530f8.wav,539fd72bc8af31f74b22bf268f0bc66d3989011ac728d8bfd6c5cceb05254ae5,16000,52480
358,8123.542925503625,321.4158271948112,0.025139664804469275,0.05,0.0,False,id_px2ztm1zqb0h.wav,a6659bf182516f8f4101ad712163608b3d8391c2f1a0b6e5956f347cbd1ba922,16000,57600
478,4998.291512106912,195.9312749227306,0.006276150627615063,0.03,0.0,False,id_fd8c3kmi6tq2.wav,3bb31c6f3bcb84963ea37ee19bb92e6aa100568ef6908aa83c3766d41c9b2cf5,16000,76800
676,6999.4734168007235,94.67602486711496,0.17899408284023668,0.0,0.03,False,id_cvy3mgkj4fci.wav,1e26f1b6d59e72b7f3632220db4086ea124f14cbbd082331663839483381c2af,16000,108544
430,3740.467829697243,39.56171536572507,0.4744186046511628,0.04,0.75,False,id_esewddw9abqg.wav,4c66dcfc21037b032ffbc6ba874705cbc493eacbfec808e545f1da5c8cda6291,16000,69120
502,3652.575382178991,95.88712497715322,0.0099601593625498,0.05,0.0,False,id_sgah2mvdos4g.wav,361756e62cd71dfba85d30d4475625c1f432340ffbabe944c621108dd049e160,16000,80640
430,4623.5863407099905,66.6889662299333,0.1883720930232558,0.14,0.0,False,id_0ofmn0pdceyk.wav,9a274b3f496d97bbd4eabde6cc6eff924e3af0d12b31eaed99df1d31e6d10b08,16000,69120
382,7826.759072566371,117.39135006188808,0.2801047120418848,0.18,0.0,False,id_xkm0zav0dwxh.wav,ccc8f6053f39a7dbbac3f71c6261600c0c9657c632272a8ea8ad48f0d5655791,16000,61440
395,3802.0022277742028,14.961534012259571,0.8202531645569621,1.69,0.64,False,id_z3q4ayf8otdd.wav,9501e6a438d39c93eac033d122a4d374a83602b00ecbf2a01dc3c3d1cabcabce,16000,63488
1134,7340.517769714886,35.02198703498557,0.8756613756613757,4.14,0.0,False,id_k0jhodnxx8up.wav,415ce1fad0056daf380abac9e03c6d97cc7f361c3344ef3fa85709668ddb2fb3,16000,181760
382,9094.708142650868,23.220651489317415,0.8089005235602095,1.33,1.51,False,id_x2x84ew9n8dj.wav,2275af283e7633f71eb42fb4d862aba144066665c09e575ea7e6779f47433bc2,16000,61440
518,2373.302314286994,8.72187770991753,0.8706563706563707,2.83,0.99,False,id_lduiuihp9mn1.wav,8e6531a9c76814e72f7ff18cf0c7fc22f2942e7c648819ac46da61692cf8318d,16000,83200
326,5923.760079755088,24.812039321535593,0.8220858895705522,0.09,1.36,False,id_qe4yriwwemjb.wav,3f7ce4fccdcf3f23970f39e8e5f19825b0e08419a3844db24401241ccb3535cf,16000,52480
278,508.86944789405464,104.07667746373025,0.025179856115107913,0.07,0.0,False,id_qabftx74t6nn.wav,6ac3a9ea485de93adcf9b47afea4ea287e8dc724731236b7458ff60bc64dc790,16000,44800
702,8313.571122117137,60.03093707947301,0.5911680911680912,0.0,0.37,False,id_x47gshlfcoy9.wav,d6bcf160b2522494878825851a415bebce7859fdd8627b48dafd12f7d8d7a9fb,16000,112640
408,3940.932783301436,17.19843672929219,0.7769607843137255,0.09,1.1300000000000001,False,id_svvmrw52ryba.wav,27945ef2ae54107e965e54706552ed15ff0fb009cd8bfcbdb9a462f8015cec82,16000,65536
454,2845.6095023737885,65.96712367965372,0.11233480176211454,0.0,0.0,False,id_ne64zembd7cv.wav,7929def12347801515b313798068625ecf5718bf696a473a7c1306d3d781a975,16000,72960
454,4018.1967743628484,7.220873213006863,0.8127753303964758,0.0,2.52,False,id_kt4wzpw4p4k3.wav,25e5ee14be9bcdac88bbe39199b749fda54368e8c72a866f982fa230c84854d9,16000,72960
422,11141.780981400594,46.89567244765464,0.7417061611374408,0.16,1.08,False,id_5dbep6fghf0d.wav,c411058e9e79c7521630081e2ea2426df10b239ae8ef893e808d4a3add27a405,16000,67840
374,1632.6683374157778,0.8344129376943688,0.8983957219251337,1.4000000000000001,1.96,False,id_ykr571uwh9g2.wav,f6af976aea29afd69bd2dbac48d17eac90718af8fb5f4a1294672b8ceb1eb737,16000,60160
318,1656.3555702203557,102.4615573135314,0.0660377358490566,0.21,0.0,False,id_9tru1lc6krfs.wav,9844be49f97a2fdbed8495e3c5d5d6712c57e914036f721e590f50caa1fd0b76,16000,51200
358,6874.514687961617,286.55196267898975,0.002793296089385475,0.01,0.0,False,id_kwld6ki8gw59.wav,c259df25ceb3e329185f04e41a76033dc6ffce7921ef44cfc387a8e7a58f25fb,16000,57600
390,12236.342169639585,25.64680674459357,0.8564102564102564,1.1400000000000001,1.92,False,id_ppmuayh78q4r.wav,1d5719479079e6b8b19867b64cbaac9850aa0f03622af9c6f7dd455316d72de4,16000,62720
334,525.0251827293621,80.66633544738241,0.014970059880239521,0.0,0.0,False,id_pjf3ebnxl7w7.wav,c92230be8d49a0b21948b3435f70b517c08093d1d88f711e91eb6f639fd53e1e,16000,53760
622,4334.110145693116,29.891049325270764,0.8408360128617364,0.56,0.22,False,id_10oyhhl4td1t.wav,a8cd7c9851e1a3240097ef3793ea17843f487e306218df735dc9874556330aae,16000,99840
550,6753.798664085272,20.403454735020524,0.7363636363636363,0.2,2.2600000000000002,False,id_c7x9v4n2b1eo.wav,536f3dea0323df905a5562bea76a12f603892a8a5ce0da37e37fe083a6174415,16000,88320
534,2103.2731045919836,19.875172692296882,0.5318352059925093,0.03,0.05,False,id_jzbwfn4leg6r.wav,4dcee40e6a21d71f0268f84bae846844e50988a500e01f95458854f54ab5f01e,16000,85760
462,4651.595311825826,197.77860868266936,0.06060606060606061,0.05,0.0,False,id_rogb5vjxpgin.wav,b0f08b1a5afb411deb1d1a6c9ac5b75ef65cbd678be19ac3f94ead242e3be6f8,16000,74240
334,7729.022215972729,122.12864944150645,0.005988023952095809,0.0,0.0,False,id_0lm65eqfuoso.wav,59325efb8b1831c794bd099fd47d0f8c61c38db01fe6d68196ea04e49407438e,16000,53760
686,4286.421124901285,45.56107228547633,0.48250728862973763,0.0,0.44,False,id_j5s1s1n87gi2.wav,3f42eca464c30193001d2da77020c81d143190c8ffff439f5642a8695fbe1e82,16000,110080
694,1560.379325676933,51.69912725213052,0.2478386167146974,0.39,0.0,False,id_rkmz3jwfq6iv.wav,acdaabc515a57517b836fcd18c738c955e9b11b036cd68f685571746a3ee3c9d,16000,111360
390,5012.084534901622,16.65723161014369,0.8384615384615385,1.24,1.73,False,id_m97bwbyl24wp.wav,09bf06e42804eeb656171dbeb936dea34176595edf2dc0abf0ee263ef45edff0,16000,62720
430,4405.466689239632,10.359617861370662,0.8418604651162791,1.92,1.6300000000000001,False,id_fhf58s7p19xu.wav,3b158396ee52faf30794e685c173c8ecd98b245b8071d207d3b7f66bf6900483,16000,69120
470,12298.169136603221,270.5244181000252,0.023404255319148935,0.09,0.0,False,id_j1ds1oh516ff.wav,5c4daaeb2a72aff870f7a99c58904768a8b7ad37a16fc2a29805a9705bb71c20,16000,75520
390,3518.2391359172843,44.037054104129695,0.32051282051282054,0.2,0.0,False,id_qxduad839ssf.wav,a00d6198388456f810f52fdd87a6f137e1ef16482fac864c708a4bb1bf28babf,16000,62720
470,6030.889226100908,116.68487185552145,0.1,0.26,0.0,False,id_m2jhmyeg3ip3.wav,becdde75c5db4befe42e53e6455ce7db6e5eb5b78527d915de5518832903e27c,16000,75520
382,12687.490093099581,29.91189985702828,0.8350785340314136,1.69,1.5,False,id_a72xaeqdggbp.wav,a08d31117522368552ee8d64361461c89540c7dba00b69050e7b1ebd2474bc68,16000,61440
414,3903.459984103846,29.813105299964352,0.5845410628019324,0.04,0.34,False,id_c23nzio7o6sz.wav,4382a780f76d83ab7487b9329af8cebb177d6dbdcad4e0ee419764a3f1e67ec2,16000,66560
950,4061.071661212099,72.35549232005422,0.02,0.19,0.0,False,id_4v4m9q50zgne.wav,87749a0ee5892a13cc839a5b07e190ffa0a102c9dbe54feee635d8b5a1bd075d,16000,152320
398,2989.9156263179066,14.582125684650595,0.8241206030150754,0.49,0.03,False,id_y5e78yfphuaq.wav,1b878af05e5af6fa9b91711b6558695999203db424e38082e1010e73dcb94778,16000,64000
342,3230.1466437299714,123.77209216421109,0.011695906432748537,0.04,0.0,False,id_fk10kj62cdhb.wav,987744f4b6d9aaa9785e82da73edd90ac85a87a55b1a06914f5991c6051c60cb,16000,55040
398,4095.7088232685683,53.63971718527222,0.3743718592964824,0.67,0.0,False,id_5juf26o9qcz4.wav,9056b71a09a3174b45bf6c97b7909c92a94f2265a3ee4112621492b0c5564c1e,16000,64000
369,2566.9942739515413,22.763182993597358,0.5853658536585366,0.0,1.24,False,id_yh044925gjg4.wav,5bfc0273934845238ee2999db1bb8a05a47a89c22f7632c4a78d512af29f3758,16000,59392
523,4643.205957633152,420.28621200320146,0.0019120458891013384,0.01,0.0,False,id_sm1xmusbsa1s.wav,1f75cc67fce44f8493b56b1910920172dba05fb7505ec90ba9544b9ca18833c6,16000,83968
358,7398.774019727863,99.15993104402939,0.3100558659217877,0.2,0.0,False,id_fsmbvj2a9li0.wav,2d64a1e0036f97040fcda45b5396a27b24d0e121254023483dbdbc8f7bd8fcfa,16000,57600
462,15416.204721898966,148.76207121750457,0.5151515151515151,0.73,0.29,False,id_44do3yp9e6za.wav,3af7d29bf576bd32f1518251d82f04a0f642aa261f558a9fd3a3cc166b367564,16000,74240
430,16324.357919532395,15.515487078855692,0.8744186046511628,1.96,1.72,False,id_l24uz8blnacg.wav,b35049ae0cb9b9dc6990824fcb273110a2839af3b6fdd57b5a7e4bf598db3b4c,16000,69120
390,1933.8831835196252,13.24662250554276,0.5538461538461539,0.07,0.0,False,id_96cgw74ix4vo.wav,00d9a495aff361d4b3545d5e36585c3d51f46727ecc789a1b62404a868cde0e9,16000,62720
318,7872.529043928641,144.749671865014,0.0031446540880503146,0.0,0.0,False,id_gihhag12fo40.wav,91a89f7ba17ad3960db206e3bb233d6a287f84a62e11b14aaef13ac5004e0d74,16000,51200
750,4654.07963323577,22.74890069908245,0.8933333333333333,1.49,0.0,False,id_d6xmsr50qx6z.wav,eef12b0ac037dc042f4b302c08c265147ad802f61e4e6e5ec375e1a5346e5559,16000,120320
774,13348.007308583556,88.03476631235301,0.6188630490956072,0.12,0.0,False,id_tr8wep93h1go.wav,ae594cd2b902589c35e57441a685bec30e2f3d4da608ff7babc4b56d211177e1,16000,124160
1150,1765.9785276157806,6.417748752607358,0.9417391304347826,2.33,8.5,False,id_nkqgf0m08luw.wav,c9bfab6cdbfa246d88845b1cb441cada4213af7b0539974f3add89c52769a427,16000,184320
996,3489.2075017115276,13.178960177293163,0.7228915662650602,0.02,1.51,False,id_n7bjha09a4tc.wav,c187e61a0007d4bb418ae6408e799f12e0002fca0443fa570116b5ff49ff4022,16000,159744
342,1796.9342169372812,4.554076134956781,0.8011695906432749,0.98,1.23,False,id_83u0k9aadjrt.wav,78a12e393b727aa1b0bb4f0698a61ed8ec163b0d93a198bfc53036c890fc7017,16000,55040
454,3262.7267890523717,18.444334749217887,0.7422907488986784,0.28,0.62,False,id_dfosg9ga8wa0.wav,c94f353ccf02abdabd2ee099daf2b2e472a6daa982b8d1f88b802bc54d9a3008,16000,72960
446,611.6019947645691,12.900431515096615,0.15022421524663676,0.11,0.01,False,id_ggxbrl6mikyu.wav,370869c104c92399b320a51eb3556a050ba94048846f5ba661c622f575f095b6,16000,71680
326,11284.739969201772,107.32826856984396,0.5214723926380368,0.05,0.0,False,id_tni2ofukv2em.wav,057f63c4a3d729abe8cfba8bcafe740b2005a732ddb2abdd46faca725a93a84b,16000,52480
438,9401.719875506822,64.65678314017447,0.821917808219178,2.15,0.03,False,id_92erc1f10vr5.wav,5d18ef28cf50c31dec4a8a6ad966f17bf98e03d81daa4dc7109379cc509100a4,16000,70400
646,8079.0401145495,83.37545220753809,0.4582043343653251,0.04,0.2,False,id_in82kcbokkrh.wav,08e05b53c73a7dcf05e088412e1f8e994fc974e40caaf5d0f28f14e0419618d0,16000,103680
472,7314.512196312206,19.75780028280833,0.7648305084745762,1.86,1.05,False,id_1pkxdu6vecda.wav,2bac74b1c9d2f0e00713b593d36feab3920657d7e8c993e75188be1449415bd5,16000,75776
395,3547.22000762569,39.02611305267282,0.4759493670886076,0.12,0.03,False,id_gqpfoayeryxp.wav,45d0a16e396e7d291a88748c71019243e9aeafc9d75f208da685507e317464dd,16000,63488
638,4479.941419538876,2.5142075404663826,0.8338557993730408,0.35000000000000003,3.5700000000000003,False,id_zfsva8itxhyl.wav,c0b887d22c17ad473f1b28333ce8298553ba42e31ef9e250a9f5d0c4738e77cc,16000,102400
398,1708.5582401545462,0.8093207028119322,0.9095477386934674,1.74,1.8800000000000001,False,id_mjzp90gyx144.wav,3e3c7c606a122640a8cdce8cb17339e30c09cd71f409aeb02cbf9aadbdc1fe44,16000,64000
366,8033.432842813837,133.83230062125045,0.23224043715846995,0.05,0.0,False,id_ivrdzdabiw5u.wav,5b13d6e88f12ea83719705015eef64c6030b5bc127245a79cb8946f84fa03317,16000,58880
478,10975.434101209847,8.9388161529728,0.8472803347280334,1.97,2.06,False,id_ll43h9imb92l.wav,f986e753307435054b9b7ed75d2850362d116acaf5579d95af4271f384b20dc6,16000,76800
606,1745.4101745721548,17.93227900187088,0.4900990099009901,0.0,0.0,False,id_jsmbviiz2gcl.wav,31dad178d49c73725f598fd809ff10f0ae0f9fd7184a9bf6c8edd2ce543d6a38,16000,97280
382,2530.1651724739236,7.026628473619805,0.7460732984293194,1.3900000000000001,1.21,False,id_69xkivr12erg.wav,b568467a7cfd1a212a24adc0ee381aaf9042d1eda2dcd1ed4a12e781f5a0936a,16000,61440
654,2823.4446807047593,105.56250054771971,0.027522935779816515,0.15,0.0,False,id_si00lptmee4a.wav,ee9e19a3f501e89011133fc383b798c3a72f150ba7adb84d96342f4e81e8cdab,16000,104960
406,6559.820741643784,96.46237392291704,0.1206896551724138,0.33,0.0,False,id_148urbd8geyv.wav,84ec89f63fd4388746b0eda64b843e4ce8879457e3a5d585b580b52d9fc5c95f,16000,65280
1590,14879.16780241758,52.03752147578885,0.8308176100628931,1.49,0.48,False,id_hdpgh6aa1a8r.wav,7468562d2e202e800e72277b6664f76b1ccdf7738e1f2153d3f20f9b3d160d65,16000,254720
454,1888.9845737856094,19.894362370858484,0.4669603524229075,1.6,0.0,False,id_2cisrs45gr57.wav,5b6a6fee3f1030fc1c08a783a97f22c4cfdfcdb9817d1259bdfda92dc29f48ab,16000,72960
438,4124.869531876129,1.755348932043184,0.865296803652968,1.76,2.0300000000000002,False,id_66a5bv4weyig.wav,0dbfe18302dd0b84cb9cf4e6e202fd8bd7db06e9bbc7d99e94f68c16ddb1b2dc,16000,70400
374,8612.586328594913,21.566963791745163,0.820855614973262,1.4000000000000001,0.24,False,id_4j93jbtsx7ll.wav,6f0b84f18d14235ea1d63bf6a7f58645ff5a11c1affc8a839da53c032d881599,16000,60160
726,13245.759266742696,69.82587068201325,0.837465564738292,0.8300000000000001,3.14,False,id_m0qlwegzlw4f.wav,c710f8bb96aeae3995605198b194815f60ec6b471fdd60eb59f008ecc48b90b8,16000,116480
646,4834.782722884245,46.20739929088228,0.56656346749226,0.2,0.11,False,id_balmqcytnz5m.wav,0a9274a78f8762f950abf9759662f2eb9e7e08a7e156a8e049e5e87344f455db,16000,103680
398,1923.2162813890693,0.8717797887081347,0.914572864321608,1.68,1.96,False,id_sd3xkhisixog.wav,e1e844919736bac66cbd2fc1e68d674456974e52ba2d8b29f44856980f3c772a,16000,64000
582,11464.013908967487,32.10163473248613,0.9140893470790378,2.49,2.71,False,id_l27bqrjt6c8e.wav,255cc15a698d3da7e771947dcbfda5c394a8a6f76c8a6b31dd2546101fc9ad83,16000,93440
462,4028.382717667228,28.181354602526127,0.5757575757575758,0.74,0.0,False,id_e3upi7uuq9am.wav,b903257cad5ff2ae37c8aff7119509bebc994fd751cec35515c2281f735d2388,16000,74240
438,4436.306310152625,13.742224504928904,0.8356164383561644,1.68,1.6300000000000001,False,id_sw82slpwez0b.wav,1ca3c793bcf473a953c335fc05bbfbf20ed68771e77dc93eebc4773bed4fc784,16000,70400
374,1368.7390611435037,29.386524708529443,0.06684491978609626,0.12,0.0,False,id_nl0kptzpgf66.wav,e8d45b1f495da551524ea57fc14a19336fec7b8693120730ba561759a3f4cab8,16000,60160
278,1466.8551990568121,180.503529243611,0.03237410071942446,0.09,0.0,False,id_yyum1ouoy9e3.wav,65b8b343d60e7c0fae6effde1a57971941f6f106035aed8e0a3b61c3fd29d0be,16000,44800
374,5919.182634452159,79.72370551690737,0.4037433155080214,0.01,0.19,False,id_gzz3vgwnzues.wav,984b4432ba6765cccc5dcca262eac106849232f1beefc31e9c607d04f83d8c21,16000,60160
406,3571.155839500707,14.991324205355856,0.8251231527093597,1.53,1.07,False,id_50v358k5td9t.wav,26ef269861170f891b5f52e7c584bc280edb7296a87b30388a9b3e7f9ea46f89,16000,65280
526,7257.628962512482,67.30647437091818,0.526615969581749,0.25,0.09,False,id_brjz2juc6iy7.wav,2120f5d587268b6747f137557469e3ec19eff1a300c6cb30e1320dfbc401075b,16000,84480
470,4709.636688217043,14.618110720144436,0.8085106382978723,0.39,2.07,False,id_l1vys4o6s8g7.wav,69073cf953c165e17383b086e1db21bd1ca431c9e5ad86638b4442e0a6d76614,16000,75520
470,9841.321763741902,10.152277180813368,0.8340425531914893,0.08,2.24,False,id_ewtwnduwce0d.wav,8b613ae5a938b938ff8a4e1382fcac89578035ff155c7844b4c7521ec29f0606,16000,75520
350,7997.774708629895,221.7943523831206,0.08857142857142856,0.01,0.04,False,id_z4bsgktw3vgy.wav,65644d1129eccc7b16f402aad8c33d1a202c4598fe0360a40d3066f8a45fbe9b,16000,56320
438,5000.795034292048,47.10371430119659,0.5388127853881278,0.1,0.0,False,id_cglmmworvjz3.wav,b0950c19befb66acaf1a23eea64c5e6bc0ba4d84834ead0d5c4ff66a02a2c17d,16000,70400
366,3937.9957218107793,2.188889266634643,0.8442622950819673,0.0,1.58,False,id_uwdxt01nijrd.wav,64a353dbd0bfbfdf86d69a992dbe1c89cdc9af4eb69885ec533c0df80b876539,16000,58880
326,1847.5645245836477,14.706216325540323,0.6257668711656442,0.39,0.24,False,id_9gpcweccf0ow.wav,331278de73e077609472885b182ebab8bd03836b8f80a4f3c2a74b37f08d018b,16000,52480
422,10220.519554675291,13.482190370531896,0.6445497630331753,1.5,0.0,False,id_p7tuke75432u.wav,8fbfb6f6e4d91e22f824204c2e5f36f3a3fdd3ea92953adb36c473c5dca3c3c2,16000,67840
590,2350.8223917386867,121.01302748374502,0.003389830508474576,0.02,0.0,False,id_hidk630o4ecb.wav,d5b54fb8c3b421257323944eaa423e3c6ed00c036daccb8744a019da3df635f6,16000,94720
438,2951.350529418693,83.82882514818061,0.0136986301369863,0.0,0.0,False,id_2m9ph18qwdno.wav,9d3b77236ffdb37ea9d897d84b1f2399bf7d1665c2e501a1875cba178c063ea2,16000,70400
366,3181.0915752301125,100.2625926671096,0.01366120218579235,0.05,0.0,False,id_6kkiyywdojk0.wav,5616bc2199ba8efef7ee47c59f04d331130b6090dc0283892ffaeca6445b97fc,16000,58880
398,2651.5028248146373,17.254739549317698,0.7060301507537688,0.7000000000000001,0.22,False,id_9admbsm917ox.wav,67d9c3322e6b18c30401135816562374874fc7206dc6a4ad473ca4917b238e95,16000,64000
622,7795.314781007884,3.943348371959522,0.9228295819935691,2.35,3.39,False,id_sm8hu9hx958c.wav,93affc59bcc4950fa7287d32b16a457acfd56ac50ba2efbe48cacd6983360f45,16000,99840
390,7115.989680114776,331.1098829540903,0.020512820512820513,0.0,0.0,False,id_p5t8c0p0zs9g.wav,5174859d83439ff4bfa6fe6389563e06a693828393a9f8239b15476ae93311fa,16000,62720
334,5804.637452072266,11.911356773396303,0.7395209580838323,1.57,0.9,False,id_u9a6x5nrkmpr.wav,88e09ad38987500b337b7c89759d3e24d53305b15d3920d08b2de6f2d5aeacb7,16000,53760
414,4102.888261944261,9.26282793492232,0.8429951690821256,1.55,1.72,False,id_c6bufq7d7dil.wav,ed3bcf62fd996551087aef26139469411ae45ea76d472995166f28a863431579,16000,66560
382,13399.945653154717,49.87659747380335,0.8612565445026178,1.85,1.09,False,id_rucidftsjcch.wav,98a977d23b24e2e1ab6105488d498828cbfedbba68f3ecdcd46a9c93780d265c,16000,61440
342,3117.5901137737783,144.38115948313327,0.029239766081871343,0.1,0.0,False,id_fg7f3pkfb7fz.wav,dec8d3d4a69c4f10f1a38507b033b68d60d47c893f684203b6355e476446d68a,16000,55040
374,8742.73601111231,82.8593357777525,0.5026737967914439,0.36,0.0,False,id_g8uheoyxf3ql.wav,a1b8399ba9bb4c7824016533bf351cdcd57a51f71d66b786274fa3e419c5d7db,16000,60160
494,10393.819215524196,21.3257386830216,0.7530364372469636,0.0,0.93,False,id_0apfh5fz93v1.wav,737443c5b8e5665faef1ea58b3cfb4f1eb6cc0058d422e2ca09c884e98c80ce8,16000,79360
726,2098.951131517835,8.846750053221928,0.8457300275482094,0.68,1.76,False,id_2cheerkplmrs.wav,317302e1894f576e6f316cf63589bb3c7d9b4cd6b0b87acff42b77f3d14c4af6,16000,116480
342,1677.5150997830094,84.58609049315655,0.0847953216374269,0.29,0.0,False,id_xrjhw4ixl9ux.wav,a0a831058795a5f69b6a295e4b5feee063caaffe07e64f70ec83d5fc03b4737c,16000,55040
374,6987.430599476463,223.64854898567302,0.008021390374331552,0.0,0.0,False,id_xixoot3gzbug.wav,dc65ac8547e25a010f14671ee077e68b54bea847c73a1b5e0fd1e15d766851d4,16000,60160
779,3444.399625841926,6.698320685067265,0.9242618741976893,2.2800000000000002,3.3200000000000003,False,id_6j8ocos8wr2v.wav,2c6ee86328c1e6c80a1b260f5b5cdf221508d5921d00ea13d951bfc5e2380fbd,16000,124928
382,5384.072969184203,19.592304656224318,0.7801047120418848,0.35000000000000003,1.41,False,id_mrbo2ohkkhp7.wav,f57e6ad8fd53d3f02a76fc0000bb000967e5f0a312d89ab28dae3d782b5a5398,16000,61440
342,5742.784814225586,174.59076160917414,0.07017543859649122,0.01,0.0,False,id_a4bjnljx52gs.wav,a13e4b984517eb5f136225f486ff849adb53b058ef5f0287c6bef86c6c9d5c78,16000,55040
382,1863.522755428546,4.4236538167894555,0.8141361256544503,0.0,1.81,False,id_k8oeyydl6ft1.wav,53562e7b4050a446da6feed448f41aff5f6ef11080d4e38b8fdeb5854cfc106a,16000,61440
430,4549.449042191813,18.722606561311796,0.8860465116279069,1.6300000000000001,1.83,False,id_dr6nwp236t8d.wav,b54ac47335914a8d8761bd26c06f06e5e58e54143ae3d4cc35d8744c969b0f65,16000,69120
526,5645.946721985605,20.782722786952142,0.8060836501901141,1.47,0.64,False,id_vc6kbety3bjt.wav,69a29f1f3583c5e57facfbcce1ca387046da420a9f0da4d667f22d80404b849b,16000,84480
486,4779.316747977686,29.03228794316274,0.7818930041152263,0.63,0.0,False,id_qiht1h7di40h.wav,3cdf1359a48a2e89354075aa015ea33dc8be5828549d3d4d3cdc0103858491aa,16000,78080
390,9464.67066727628,10.100123742661832,0.8641025641025641,1.86,1.51,False,id_kn3y2hrbnmic.wav,9482a3c0ad9c59aa3135196e5fad54e2f2143138b981652915a658bae93c9ddf,16000,62720
414,2066.4853017865867,39.12520043119393,0.0748792270531401,0.0,0.0,False,id_6ya7d8qx6r46.wav,7a44950c00efbd090fb5bf4755206aab32c64d5c302d4c4c411829bf66ebacfb,16000,66560
702,2436.394290750165,20.977457694787958,0.6951566951566952,0.33,0.7000000000000001,False,id_h4539oe0nhuj.wav,3896e7c8c9fd3857ca0ca5ed53f66217a5823fb7fa3514c3c50885b099617732,16000,112640
395,5244.324982302298,17.617462927447868,0.8177215189873418,1.67,1.1300000000000001,False,id_bc6knk7ndbat.wav,f404c04d32c359f82e6aa4038d2b34d7868166b70ae450bb6950e38ee611b855,16000,63488
408,4193.531897458275,21.454697706306423,0.8333333333333334,1.07,0.77,False,id_wpm7kgqpm9vc.wav,853142cd101d602d4c2996dd1ab84dd19f54168d3c58ff8fbbc8cd4d49ad5f6f,16000,65536
395,3803.7423917110896,20.08426000628353,0.7493670886075949,0.35000000000000003,0.2,False,id_6yd23ej5rwwt.wav,52076605251e3e33fbca448ca4faf1ac07f13bf70ed82041c96c1ffe47a0252f,16000,63488
398,1034.5305662473197,3.321509457882416,0.8768844221105527,1.54,1.95,False,id_blg760fw1b03.wav,84597a5d0a36aea34224fcd6d1731cdd9ef9747c771e22baef0874545010aea6,16000,64000
318,1990.50420371322,125.43657793192742,0.09748427672955975,0.31,0.0,False,id_cjhl0l8iaj31.wav,359c73f5f43dd5e090e9c09d0879bb3df16a9f1349ab9b6ad391c2fed0aa11bf,16000,51200
390,6712.484102029591,38.0378342427252,0.7512820512820513,1.34,0.0,False,id_1w90rczhccbe.wav,50ca7155717a5426e663145bc630b3cbd64894ac4fcae7ff2521faba96077168,16000,62720
510,2771.436035704234,28.41137794281124,0.4843137254901961,0.0,0.05,False,id_qi5e6fbf32o9.wav,9a1742a9b283dd0828ec15414f452f595a96ec7bee37f63b9ed732863ce1db81,16000,81920
350,5660.44397485745,10.506124005527242,0.8428571428571429,1.45,0.17,False,id_3nb0rzd5q4v1.wav,fede1161231c5855b386d3c56b9cfc7f08eb04235c651fa0733eb72edda6537f,16000,56320
486,5775.401264414448,6.056192417744555,0.8559670781893004,0.41000000000000003,2.1,False,id_wcse2kt25c3r.wav,6b620e45d4b0a0e5dd201528e258c1f3570ad5ed8d9df820abbd1ad4aac1ece1,16000,78080
430,6632.741108508608,78.77451026237131,0.34418604651162793,0.06,0.0,False,id_hjzezzou5ghi.wav,207fd44715e07357231a04413810a40f4be84b301dfb466b9482553e4b3f6ee6,16000,69120
438,16457.760652956404,85.52584614981384,0.7534246575342466,0.75,0.19,False,id_iw13i7v50p4w.wav,11ff954638ec0f6b1759c5d1e1738868858a65ff0acc42cdcc80fe04256e267b,16000,70400
942,1085.9959898636828,22.30056052656346,0.0,0.0,0.0,False,id_iay9ew99uvq5.wav,4ac7ee893085526e8bd5d011e0c0658e88a317783bf1cf7312d4bda29ca68053,16000,151040
502,2935.034975089735,9.045786279940842,0.8685258964143426,1.8800000000000001,2.45,False,id_zrke864qaqoy.wav,f6d4a054caf31d1dac7ea197d5efbe5c2a5a5799654161abced87707a99fd1a1,16000,80640
430,9298.944609067203,89.525671334979,0.5465116279069767,0.27,0.44,False,id_c2nyjorbv6i6.wav,51ea5116d3f1e74e56064c90ab73c6a6b8d2b1a0648b698eb9c974eed202692d,16000,69120
702,5011.598806768156,187.2753247499275,0.04843304843304843,0.11,0.0,False,id_897k2sutr4qg.wav,a0920f1cff15cf2431a15957e68b80d96a26458c676339585319de16b4be7c2a,16000,112640
462,9513.065555592477,168.68512863222026,0.08658008658008658,0.15,0.0,False,id_zr0xk1egf1gr.wav,ce543f310a7ce8d23ae17e2a9cfa3a81bfcb586119aa99ac003fda83362cdfe3,16000,74240
406,2668.588053634356,38.27114034465876,0.3694581280788177,0.0,0.03,False,id_b9frf8txj79m.wav,dadb415af8656807a81c4e4047327459db6df38dd68c38db3cbcf0b7874f9d02,16000,65280
382,8133.89851885306,7.4920791130573345,0.8586387434554974,1.42,1.86,False,id_20aa99xgs0ed.wav,eae2ef8003937352df3f8d23023105f0b2992f8d5a23073d77fc4b0b4135f59c,16000,61440
523,3248.7948757962545,64.81747449569446,0.3326959847036329,0.33,0.31,False,id_35mkfss6bmju.wav,8c3fe2b23fc765f01e2140987e7698f5125ca9172c69ae66d04d5580b6b65873,16000,83968
651,5675.529296682381,27.84833926825799,0.8033794162826421,0.61,1.95,False,id_n5vyz0fatyit.wav,768db7cc4306f5ac80dc841be1d15edeb0500270a72abc6179a7466c0ed34571,16000,104448
574,21750.131901726483,50.38673332369292,0.5993031358885017,2.74,0.0,False,id_ouk7d4bzddpb.wav,02da07c005bc82efaec4e341616a6230431857727c469c5c800be3015a2b5a48,16000,92160
526,4672.812713987155,121.68037887719096,0.0019011406844106464,0.01,0.0,False,id_kfv40u5w74aq.wav,28841fbf30b3b31cdbb1154c4025135cd7e3b2cd04ebe035827f67730b17e38b,16000,84480
438,7462.953740644518,83.6652447368098,0.4452054794520548,0.09,0.98,False,id_f7t6usmdf20t.wav,f9049395962fb37fd07c76bf4fed743cdd94cff8c6042c01907c14dfc6b8192e,16000,70400
430,11725.191819433061,182.3049615829895,0.27906976744186046,0.05,0.0,False,id_ab4x9ik79fkq.wav,6a04053b381930d0e3749b2225835878a32c82da3331c928bcabec64134cfe0a,16000,69120
430,4071.858008022873,27.776158195082886,0.6837209302325581,0.4,0.0,False,id_qwmvhyhrw40w.wav,9e89bd87adff1494843bd666d2ce1f3eff1b48dbcb767b10b2377cf640e1bc6c,16000,69120
510,2645.5576297824246,14.160773270488956,0.6058823529411764,0.19,2.2,False,id_hs38evfn32te.wav,ca0fcaf569ed0628e458cf389a774012cdc2e89e8be0f2dca3f2d135b2f10644,16000,81920
470,11323.536170847869,35.27565212493259,0.8127659574468085,1.9000000000000001,1.82,False,id_ghw5t3ugn304.wav,31c5df4282a46f75f23bac80ed6d39027d91f07ab2b0f1b7dc70453b779617d5,16000,75520
459,4864.525520798508,16.07373634224476,0.840958605664488,2.05,0.63,False,id_v3gvrpshlz1i.wav,4ca48dcc671e8a3fa09e8b557975b5b350148c77db6f3c16fb9e8c75a8a21465,16000,73728
558,2019.3014776154648,16.633633029251676,0.6075268817204301,0.36,0.0,False,id_mn67jkfzp4yh.wav,6cf87b715fa0c7d019a2c91eb8e8ab0ff442e125335422343e0ab383e07e297a,16000,89600
398,3046.4790357066304,22.34146381291976,0.5979899497487438,0.11,0.65,False,id_5b7k6uetwazw.wav,a6b447a4afb437ee9ac1dfc4faa216d36fa0830bed052cf0e8ce949f7d8af6d7,16000,64000
470,1736.1241912662815,18.955902747041435,0.2851063829787234,0.21,0.0,False,id_x3c05ax2lwp1.wav,e1415134a1976bb6ad6224f4c2f766476b778c9ca729e9ea13af24efe53de442,16000,75520
286,3422.206795694848,101.93153570459566,0.10839160839160839,0.31,0.0,False,id_6hq0l1h5mc7n.wav,9a471007fc9ac06463a9fcd5f6e071e9cd307bd8884067bdf16ccc01c599d698,16000,46080
478,2007.885527738073,28.25984847496229,0.18410041841004185,0.05,0.01,False,id_c3hs7plhuxw5.wav,296dfb3ac0eb240e08d26091c72c64761d6aac150cddd0eca501b18715344a03,16000,76800
470,3622.788525431756,16.380323202173287,0.8765957446808511,1.6,2.3000000000000003,False,id_gdcykjk52ifs.wav,225223d66b6f05abc22bf3f8eb016b1488e099ff7b0676d9994a43fe3c1fba5f,16000,75520
494,7198.114041538936,12.970829364740595,0.8846153846153846,0.0,1.83,False,id_9av7kxwofkic.wav,e9986bd84d89cbe18772c7ee4166fcc5e8445e3085f82a199ffd3b14f7832946,16000,79360
494,15066.375829392415,15.039840307574506,0.8481781376518218,1.68,2.5100000000000002,False,id_8qd1c7jidopb.wav,60be18e847317d3968652e91d687b6b8759e2a8cad2f016035404710e4f712f9,16000,79360
382,2217.828656028233,12.841866728104332,0.7015706806282722,0.29,0.11,False,id_htxhsuv9r31s.wav,5680f9ebfe1419912131a852e2a01b954954c3b8cf00c0f7d33694c0d49d1d3b,16000,61440
438,3714.150477228945,392.843792356608,0.02511415525114155,0.06,0.0,False,id_dop3zy41jru9.wav,a4889c8893c669e8e9f85b1e259b2e0dc0051401b401e3219343a88fd385b94a,16000,70400
502,3058.5991577027544,72.53789262367505,0.061752988047808766,0.0,0.0,False,id_x6sqwv9570uh.wav,f8189e2e9bb3417fed53ad598708aaf3de87ef7c4cb65d7e96d677d29d241def,16000,80640
422,11915.454700094328,322.1396901703599,0.030805687203791468,0.13,0.0,False,id_g5qhz1fuoax2.wav,3505f2d1e54961d49ca13eb8cb6b50de44e00f0c51c375b1fcadd21b95fc586d,16000,67840
382,9119.35074799736,15.937639753484838,0.8115183246073299,1.8,1.1400000000000001,False,id_t3kfs6wdmlgf.wav,b3cb7b634147a9d0de6fc1bf714607928019aa662a7e523a4b10764ae2d81b67,16000,61440
462,1788.2780998770857,5.205524824473963,0.8008658008658008,0.27,2.34,False,id_1pca3ef7fyf6.wav,51b141d0f9d2e70cc862cd9fac6fc310087fc2835c1d9ad6f19fbb26fe0d90b7,16000,74240
566,6916.444222647935,302.5610294773607,0.00530035335689046,0.03,0.0,False,id_2occ7idp9d4l.wav,9219d6eb99e03cefbc1655626d0f4a5477941ab99c47eca9b10b584397f8e9d2,16000,90880
510,6609.340537829777,1.5791607233669303,0.8411764705882353,1.82,2.41,False,id_x1at41lbsfe1.wav,1d55a40b8c9beffdd8ee4e3e32925552d1634b6a64263492e595035a9d83dc89,16000,81920
390,5479.665269430241,26.6919696468889,0.8205128205128205,0.18,0.1,False,id_x9r3i4q1ifx3.wav,f9940477cd38b552b2501baf6232ee82750d4b0d52b7970218b65740e53fe4f7,16000,62720
462,5831.971356668344,9.275348289533152,0.854978354978355,0.19,1.84,False,id_g99sykosd3kc.wav,d1495abf24b9bb1f7034a08e9940c4a215c290c5d340cd5657d4a541ad8ef481,16000,74240
454,5642.915474513153,21.427594774259347,0.7863436123348018,0.0,0.32,False,id_t0cm4ldlfg06.wav,2e5107d73a57fde8c026e9ca217c5e642365bccb621c269b6d62615dcdb9fd2c,16000,72960
366,3726.276705036812,9.606373132408773,0.8060109289617486,1.43,1.45,False,id_dorriamaiglw.wav,f406f0b543aa871c885eec33d9a937fa772fbc7842d22e1f26a6e8b4585f4734,16000,58880
382,5882.925762110211,137.30053307823528,0.034031413612565446,0.01,0.0,False,id_28k805vrmada.wav,27dca8a7cd07957fbacfe90db0159b2aff8f855b81359d522667282ad1ce935a,16000,61440
414,6250.968726525513,1.4878675423390366,0.8526570048309179,1.6600000000000001,1.87,False,id_x6ci9uzmk8jg.wav,31fc4df3b5aa758e0735d17b4ee39fa54559b2e417a477ba9da6dae7fc8b8f75,16000,66560
406,10046.22284144643,4.533466384875836,0.9014778325123153,1.53,1.94,False,id_1nq31kkysp7o.wav,5c9ed9782745d24d02c7f4a1118ea985193432ed75833d4e20458f99b8dec63e,16000,65280
398,4661.770235382692,9.920244260374368,0.8040201005025126,1.73,1.44,False,id_nibuyjvbt2fr.wav,f4b91c9105a8ae1631e2d8cc82a4e42c4c99aea081b5d469f530bae5a449386c,16000,64000
606,2832.4275414386157,16.82015154528237,0.8118811881188119,1.97,0.88,False,id_lcsg6a1tmg5o.wav,8182e7fa039b22da163aea2f278c4e583865242d3e757f3f98c162c3ba07348c,16000,97280
510,2433.770339411671,7.012302446880503,0.9117647058823529,2.2600000000000002,1.0,False,id_xrenfkv7z0sw.wav,d61b0335624947b62fc2ca0761f50cd99a8bff55ff35fff9d6cd01e43c5cf7e1,16000,81920
662,2983.7928471996847,23.649494320689904,0.8081570996978852,1.45,0.34,False,id_6n998o93irht.wav,2539bfc2c31680c5e853da5ad475bd38d9b4177632b8e48360cc452fa6c43018,16000,106240
558,9195.820620260054,3.303407331831786,0.8888888888888888,2.09,2.87,False,id_fvptzbxp6hjw.wav,305237433ba2b0fceabfb321ded870c361156d7497f284ba9afb3366bacd0cc6,16000,89600
406,3131.2085298651064,84.31730784310439,0.0024630541871921183,0.01,0.0,False,id_2un0jtpxujn1.wav,eb569e1b86f1b32df47327e173df5ebe740caf8d4d66702ba3eee704cc91e21d,16000,65280
310,2221.8091220894744,201.77984248454015,0.0032258064516129032,0.01,0.0,False,id_3vhme6rkljk8.wav,7f16b6a679191f734621bc50493c3d685be3e11fb73a6a4424718f99cd3deb68,16000,49920
390,1426.0200436880261,16.70860116608175,0.41025641025641024,0.27,0.27,False,id_j17ljcaix0g1.wav,fa21f359e1d78f4a2ead5b65ddb74bfe698700f16b5f8fbd8218cfd7242ca38a,16000,62720
678,9108.783222390353,101.59223438700941,0.41297935103244837,0.32,0.04,False,id_my7w7efc4eiz.wav,9111900f31e965fbc07c8e56865579c6a31d6ba4c1ec7b1446b89c5385522ba1,16000,108800
518,4351.119753867963,77.22316662711393,0.032818532818532815,0.1,0.0,False,id_kthw5ut3g0de.wav,aa1b69dd270e2e1e5f8310e6c7d1f6f52bc1b41f4b9a11be00e59b7773239d89,16000,83200
702,4410.64633727303,15.13976537927482,0.896011396011396,0.0,3.17,False,id_1qwsrg5xrwbt.wav,7b6d59e8257c03b3481ee78bde68340224aca8d06b758e218d5943b4d3bd409e,16000,112640
366,6470.9429463564275,27.585707180434316,0.7759562841530054,0.02,0.28,False,id_70x85j2o35xj.wav,dab42a67746bc3c51f9c830cd1c2ed6b3d3d6c024150fb84402cdd7b7da9a462,16000,58880
510,2320.159377068739,4.070933507547035,0.7823529411764706,1.75,1.05,False,id_pivoq0nilir7.wav,15e8beea056178342e9bf428155d58d4f38ab494a7a063898dc72e7bd9083875,16000,81920
478,3415.001109809483,14.009249207556469,0.7426778242677824,0.25,2.13,False,id_p7a9mnxtqs1h.wav,ad8a3054b9031a651df70714b5d97fb7fb416dac35a205490b5cf866f69325aa,16000,76800
470,808.2077548501994,65.83340760187886,0.0,0.0,0.0,False,id_4pr1papm4jrp.wav,953141cd7e87e0079bb6b5ce332b525a4453266789e19ac8036bddd952c5ea85,16000,75520
342,2525.084275821304,208.15269122469465,0.049707602339181284,0.17,0.0,False,id_htc6xgkh7j3w.wav,5f770bee819266ac62a1fb95d26b914359d81b37fdb8f3339a3f0a1c34c4521c,16000,55040
582,4794.248667674634,281.11051057801444,0.010309278350515464,0.06,0.0,False,id_9nz95vww3z65.wav,227eabe91be4d09edba06f90789e0c18aab7ffb7f734ec93378e4cea7d0fc42a,16000,93440
438,4498.308610466827,55.27410214008481,0.4223744292237443,0.24,0.0,False,id_o0lguw8prifq.wav,1b277bdb2b666bf5e477e7b5a77ac7573519f7b0043763d1fd1ab74c576e7d4e,16000,70400
438,2721.62242054257,29.946757408974864,0.4178082191780822,0.22,0.02,False,id_b0mkkachwws5.wav,9223910a0cacc42c15844cd1581012208700861a48c5bbc50aacd1be57d544df,16000,70400
430,3996.8157269256235,138.55323779558373,0.009302325581395349,0.04,0.0,False,id_xredagzoivgw.wav,244d587921bdb5cdf76a2b9f7cedbf017a0306fd347afff16243b63be5f3f126,16000,69120
395,2987.9393852620237,17.268468374467957,0.7367088607594937,0.0,0.5,False,id_b5wzl170se21.wav,f9152390dc96ba7b41cfd692e9b67c23049cde2e307e142baa6164a5c1636833,16000,63488
366,8585.017901262641,185.91298029342357,0.12295081967213115,0.01,0.0,False,id_5i0jv5c3sgov.wav,30f259aed83b363c21630e5e8612744778567fb9b0eb93f17df43a7241564c45,16000,58880
430,4758.215956900233,8.395588178054329,0.8488372093023255,1.7,0.78,False,id_m4ol1zenm2fs.wav,7bcb36aedf806bd9e63cc0bb9447a73307b68bdfeb7449331c8ea70479a44971,16000,69120
382,2531.2688715345907,14.971345140779373,0.7984293193717278,0.0,1.12,False,id_0f143sjn7gvz.wav,e9277fe679d222be89de6ff6c6915856da66199c87944317567eef09805e8c79,16000,61440
454,7789.780086112829,327.181909919743,0.024229074889867842,0.11,0.0,False,id_spg3uty9rjv0.wav,50f5d4d56c94c34ef9821043bc616475120abf76168addc16a68744055817113,16000,72960
382,1694.965620595297,6.248998226373181,0.7879581151832461,1.48,0.76,False,id_9rwzpfy73jjx.wav,6489a276d3d2165bd4da2392691210e16b92201742021266b73213c219aac80f,16000,61440
494,7256.9106691484085,105.37931853443476,0.2813765182186235,0.28,0.0,False,id_5xp2lpro2luu.wav,cc1ee1b7b74ba0f59f65c78299107c9b9e0bcee3b9980aed0b73145658597a20,16000,79360
494,2045.7450586522261,69.58760244695344,0.012145748987854251,0.0,0.0,False,id_w88o3s1h3t8w.wav,0333e603ac6159cb997c8318a55ffbbe6f2b71b8ee0f453c9736690d98851fe9,16000,79360
470,3267.045061290095,27.1680509750173,0.5723404255319149,0.0,0.05,False,id_4exzt57o1u9i.wav,4b668e931e55c5a3414b52144aaf7c0788ee26289af0af6f6985b72dcd3ed191,16000,75520
446,2901.7620487386625,104.49153001810832,0.28475336322869954,0.01,0.25,False,id_led9ljp0mzx2.wav,0eb1d00a19ed4c9a0a3200542b39cf63d565f832cd6f04fda07be89276ec5aa2,16000,71680
342,9281.004443350947,36.05670749128845,0.8011695906432749,1.18,0.81,False,id_wx9gvqmlk7pd.wav,455d6c398ad09089a7eb526d591968ccd0dc97e3ec8cd003eb259e6cc12e16f3,16000,55040
470,2795.3723249327627,6.889661960784707,0.8212765957446808,1.83,0.53,False,id_ukaqjv4y4t5b.wav,fbfbd4b2cd3cb82864b89bd74bac5655c4d20ed83db87dd82bfe6ecc7b2db67b,16000,75520
715,8213.533351578966,88.52626728830262,0.406993006993007,0.0,0.08,False,id_f4itqyv6ztb3.wav,552a3998e71d5c2862a5fbdd4a3df4f11173e23d03b73a1044ec637d879d9044,16000,114688
438,3406.1976498729487,46.52133078327414,0.273972602739726,0.0,0.0,False,id_6znz10z453pe.wav,6dfe92c2511be1e6dcda34269e92c67ec1b89ffa057d856684f252bfb9832f28,16000,70400
382,7412.598235268117,64.54368587003067,0.5654450261780105,0.0,0.0,False,id_m9784h87c2ce.wav,47a79eacf5d54f33172c439927b7a083611781c8226e15dfd75c036f32f04806,16000,61440
854,4667.163398146673,331.9178435391036,0.0,0.0,0.0,False,id_i91g3zjsxsjp.wav,7f13e9a752f8539ce649640fa15fa8b708a921f83add119995b76c5056678545,16000,136960
326,8498.566365570136,130.19147164923723,0.27300613496932513,0.03,0.0,False,id_dpa1d6eqs7h6.wav,7a3f1011e2d70853f3e213d3bb72aa179e00d4267f950c1f115b92d71044c9bf,16000,52480
561,7349.348982563013,205.72039276649264,0.0481283422459893,0.0,0.0,False,id_r09h8q2w6pup.wav,0ea5d2b812b985d6545d88ed402cd999a10c568c5bf3bb25b3a491f66dcb7804,16000,90112
406,2462.5683757004595,4.220456562160377,0.8719211822660099,0.0,1.69,False,id_b77niqs9exzl.wav,e9cfa985c5384216cde4b132654628b84422f5aaaf5d4260c1ae24ff50f45cac,16000,65280
798,8771.237789502688,17.174470400884566,0.8233082706766918,3.0,2.4,False,id_dwmc7pfey5xa.wav,28accbc134bc0680547c5d99046df4fb959fcc3fb2355197407de8256811f5b3,16000,128000
358,2292.4614495122923,20.97984264872321,0.5726256983240223,0.07,0.01,False,id_izn1krl8uf63.wav,57740c4d4712972d6c5b6e4a47b2f096c49875df7b1b910d8b6c2741e421c294,16000,57600
510,4374.162856764709,11.373818523201502,0.8607843137254902,0.89,3.5,False,id_cwwsj03y1851.wav,ad65ca95b28c3131f26581de8623bbb1078dc95378181145839420afa3d00c0b,16000,81920
350,6816.928712037408,192.18695174421714,0.13714285714285715,0.03,0.02,False,id_r8eyxt0o34dz.wav,5b3edbab755f80790817a41e884a2d0c1c60b314b45ec2863c7f77db2ed693ce,16000,56320
446,3384.6989057374067,1.7029380038116433,0.8542600896860987,2.0300000000000002,1.12,False,id_k4cxz85lpmvw.wav,afb0c74dc097ee2fffd50cf9ca1df75aeb59b09c3529b1e2ae4be47c7043044f,16000,71680
294,3212.727494279588,232.6620628142569,0.017006802721088437,0.05,0.0,False,id_pvaegwba4i1n.wav,470259f6cdf3327f8057508b0a8c3eed2412ff147a111e08e0e2fd18bda0bd73,16000,47360
408,4306.9106271200935,18.329654838074934,0.7990196078431373,0.45,0.61,False,id_rv7mss7eff3w.wav,c8fe1ae0120a421ebd40c7dc1e865dcc0e0c2e6f5847c8271ddfecc30f3def16,16000,65536
1278,9415.323941984152,104.82371434540335,0.30125195618153366,0.0,0.0,False,id_4fp88jjoe6w6.wav,a27d9527602bb927d28181e479d975cae65664bc7ad086974ea38acb830ea741,16000,204800
358,1756.5046954107468,3.11086545100785,0.8687150837988827,1.7,1.41,False,id_s9z00rs1tgwi.wav,97f2b9527dec0315de7db303f423f007a8e09ddb2aad95c94818d578df49cd27,16000,57600
262,1167.549187400685,93.25685814490265,0.03435114503816794,0.09,0.0,False,id_cw1r7kyuwj89.wav,9c0995b320ca4f24fe4bf73895ce484b9a3920b67861526b0cc259b53972c680,16000,42240
518,3808.7870474076126,34.28926970817682,0.6447876447876448,0.91,0.0,False,id_emr9xgqd8gb1.wav,62f07ef9743139ad200b12288611994010720f91f943b9de50783f918539977f,16000,83200
518,8418.751599108979,94.48927430858409,0.37258687258687256,0.32,0.0,False,id_64kk8s8b9uix.wav,1be9fdc540eeec1c272af2cbf451192c89ebf299284a687c6dd6c7910cbdbf43,16000,83200
870,5983.812425828537,19.064514515657258,0.8310344827586207,4.34,0.59,False,id_s46d8g93t7w4.wav,ac5a1dd2ac89c67f6fff352dca7a67ec4b2f63ac718cc674bb2929b2d74cfc73,16000,139520
497,3691.147046989594,20.92558242917028,0.6720321931589537,1.6400000000000001,0.0,False,id_f0od7ojamlgk.wav,bce0860c3865fc196428d7f18dd870de8fd3527e774d48a8df41d221e8a99d76,16000,79872
494,4760.002253675937,27.417341130326285,0.8319838056680162,0.64,0.5,False,id_czg40sjj6nfi.wav,d3eacab225a6c26d18f9140d203b16e2008ea97d8d5d1dbdf5a3882b45740669,16000,79360
534,1850.3137652841476,24.49629189931916,0.449438202247191,0.4,0.47000000000000003,False,id_p08md7qbnzlz.wav,1e921e404f36652e3169ea636405c921f0d4ee277d7ad1fe91858380acc54225,16000,85760
390,6106.485138973156,6.353277030199065,0.8,0.37,1.28,False,id_i9trh96vpuwj.wav,7cf3c36d9e982fecbb457aec36d44451cc32f6ade92dbaae19b748160ab35acf,16000,62720
4184,5475.70138566741,6.489029203201354,0.9825525812619503,1.92,39.19,False,id_78tuhlpzyz6s.wav,277f190d41d75f9ab6b17b299a083ee7bb7ced4d310039667b69284e2acb7cd2,16000,669696
414,9910.474590679298,20.8388159403937,0.7463768115942029,0.0,1.07,False,id_0u3he8gafuba.wav,d5b3d6901639684e62dec4170d78ba57be06496023049e59d770cc7fd825b850,16000,66560
406,2166.7095652163443,32.84193536251252,0.27832512315270935,0.0,0.0,False,id_1rzmvzdyl0z6.wav,bee1cf4886d7459c90d60882b1dfce32809f6e0e30231c8dbdfa3b46f149ff8d,16000,65280
342,2119.331775583993,1.7825508987074472,0.7748538011695907,0.11,1.59,False,id_ac7em7b36j7h.wav,bbca3471a59e7fc0caa706c83969fcd8c5163d3ff5873f8ea41074a8ba5b5b25,16000,55040
326,8831.177820370282,160.6252521281325,0.2116564417177914,0.03,0.0,False,id_tklp027cg45a.wav,4b16966908c1baef62c3c7a6d3b3ef590f2c6ecc5dc8fd9504693cfd436dd9fe,16000,52480
486,13815.008208738062,128.99364290465923,0.551440329218107,0.14,0.0,False,id_1hry8typiri8.wav,3dacfa8948a54f5f0053f63e2d516a91c49ffbc8d743279814db00871f49995d,16000,78080
398,4610.816155248439,40.42028311055161,0.6984924623115578,0.61,0.06,False,id_u37s6o9yqmbi.wav,5c6368423269a84bd03f72581610ce06b2e116d974969590c56d05f3e845ad68,16000,64000
366,1691.7725667181153,56.68675875513754,0.00546448087431694,0.0,0.0,False,id_fz05q7xhg5p2.wav,12dde96c922598b729013a37f2a880fda96444bd2f6954b7a5a2acbd2bb1e05b,16000,58880
502,6671.487393752611,14.539440909781865,0.9163346613545816,2.09,2.5100000000000002,False,id_b5xxavk54wvk.wav,d95221c69d7f72baa5a058823e87d2e915c6c655517072a88895b8b1f7e64ebd,16000,80640
420,4379.430653920666,22.434515364313334,0.8238095238095238,0.51,1.16,False,id_obzs20f08uw2.wav,fb36a6f21c1ce532f345d6bf13cb158d9a17f167ecae3c925748f55e236bfe16,16000,67584
958,4255.046387526228,68.6358272996926,0.19102296450939457,0.0,0.0,False,id_yk7atyg8eb05.wav,b71e3ed5e48ba69c76f43861c499bcfb99cb3e6788c1e3a28cf569efbd7a1123,16000,153600
438,3911.354743883505,34.53458552878939,0.54337899543379,0.29,0.0,False,id_kwcbtws099ob.wav,9ee6955df88a05775e7980c99b2668f96c0c428df160ee6c94e1830fcd7d2b7a,16000,70400
478,10193.344907708166,30.8065490057999,0.7866108786610879,0.92,2.35,False,id_399n3njaduqv.wav,b32678ebda43dfdb1c9db657c1a78dc9e6ea52ff7264a928166317c7c015026d,16000,76800
502,6725.684324289983,151.23304450066814,0.03187250996015936,0.16,0.0,False,id_vhifg7bybgzp.wav,4748dbd16326158c82c8be1f1c754401a0e30e224751608d61cfe97017a0b204,16000,80640
422,9838.2632228712,6.036936027916166,0.8483412322274881,1.61,1.27,False,id_xl69bckh7f6x.wav,3e9062e555de102b1fcbeb13dd1abbac48eab6653df640e91a390c39e68356c1,16000,67840
710,4812.117668449099,25.886525345144783,0.9169014084507042,2.02,4.3100000000000005,False,id_2cx3w18g1j9x.wav,fb7fb26296307a0d2b8077b09535f439c6321c3637a00d9d9222cfb16a6312a8,16000,113920
414,1064.3866367537692,21.470997829539257,0.028985507246376812,0.12,0.0,False,id_3xv3kz7gtlqk.wav,d6c124973801bf621f20407adefb289755e304426292c23a337b13e3abb243b8,16000,66560
398,11439.707480307352,167.37125844762707,0.20854271356783918,0.29,0.0,False,id_omofagxhys5k.wav,0480b7da5b829003c624fb2671203b9889e20b2716e43af5641ffce774b50430,16000,64000
358,1582.522373459535,18.726282389940884,0.44972067039106145,0.0,0.0,False,id_lceaoj1aylbg.wav,6fadca3bbabd32d439a117a617a96130c52810237f90b3a1c5677a8ef62556a9,16000,57600
470,7300.870506145141,173.12077783366644,0.09361702127659574,0.0,0.11,False,id_85d70ik8be29.wav,1fecda9c7ddfebab9b34de3993325886b1a9f6b2735b735ffb6baf25e4114306,16000,75520
750,4746.876246016953,23.57422657212139,0.8706666666666667,3.24,2.62,False,id_hvdq6hy01dfp.wav,fb06cf9bc0565b3cb8611999c8b60dcdec9cba9d548e0a706eed697e371876cd,16000,120320
422,6341.692508904858,46.508369080431635,0.6516587677725119,0.18,0.08,False,id_jvrlydd3ubvx.wav,414778148351170ab6bd0ef2e5e549feec9c5c06b11e0a3f33bf7f98ad600146,16000,67840
446,17439.86240628062,329.5837697519719,0.19506726457399104,0.19,0.0,False,id_fm8cnoes4cy6.wav,674f77084b3f6ce6fe53a84aa507730ed230c61c5e2a1c228d96d41756ab6300,16000,71680
358,9281.62216519828,44.004537066716935,0.7821229050279329,0.28,0.0,False,id_a7dlo0ek2q8r.wav,a5084c590987cdbd28dd0fb001b0c68455642c9b5686268471e6747d81a9f5db,16000,57600
472,2936.13296446193,8.529649158137346,0.8008474576271186,2.07,0.5700000000000001,False,id_qzpivo6d0led.wav,1776a90fb85a354dc5d3be8655ead482630152a040b1d0cc1c08b598b4ca432b,16000,75776
446,3665.6994994134475,33.47757636176162,0.5246636771300448,0.98,0.0,False,id_3he1kbmy8v2n.wav,172368787a823775286848b845de27fccf494bc5b56d4927879648bffa9a1c64,16000,71680
406,3912.6156522842875,8.341296558064116,0.7807881773399015,0.4,0.18,False,id_ho8aqa3s42zp.wav,0f007da9988218ef36c7cfcd4f16d49c350c05af561301548275302f6f6fb1a3,16000,65280
358,1228.3561026835825,0.8470537173048708,0.9050279329608939,1.5,1.7,False,id_3lhkgf9dqr4c.wav,b86bb746949916d8fb839c6f4be5058eb2439ea9b4b997363eee1259f6f9ac64,16000,57600
414,4687.6489008350445,196.25259549677122,0.10628019323671498,0.06,0.0,False,id_ixb7vv4i0zct.wav,2151266fe50f4d1d7b0ba46fca1f826a5b0da63d6aa09e53b1efa3eba47c8a72,16000,66560
342,8249.821886713677,166.03718490709534,0.11695906432748537,0.05,0.0,False,id_7tboov3kavg4.wav,fd84b68bfedb87fca766b359c81f16edef3e34febd918d0d016dac64c366bd00,16000,55040
350,8094.095866278086,238.27383739213445,0.005714285714285714,0.02,0.0,False,id_de7l1v9qibbc.wav,adb569279cf93d40d77ed95ce1b26fd49a82f2978a6d4f40e6505e53d2615099,16000,56320
